solid systemedu
facet normal 0 0 0
 outer loop
  vertex 48.314544677734375 -29.778104782104492 0
  vertex 48.29999923706055 -30 0
  vertex -48.29999923706055 -30 0
 endloop
endfacet
facet normal 0 0 0
 outer loop
  vertex -48.29999923706055 -30 0
  vertex 48.29999923706055 -30 0
  vertex 48.314544677734375 -30.221895217895508 0
 endloop
endfacet
facet normal 0 0 0
 outer loop
  vertex -65 -45 0
  vertex -51.70000076293945 -30 0
  vertex -51.685455322265625 -30.221895217895508 0
 endloop
endfacet
facet normal 0 0 0
 outer loop
  vertex -41.70000076293945 -2.0818995170458873e-16 0
  vertex -65 -45 0
  vertex -65 45 0
 endloop
endfacet
facet normal 0 0 0
 outer loop
  vertex -1.7000000476837158 -2.0818995170458873e-16 0
  vertex -38.314544677734375 -0.2218945324420929 0
  vertex -38.29999923706055 0 0
 endloop
endfacet
facet normal 0 0 0
 outer loop
  vertex 38.29999923706055 -2.0818995170458873e-16 0
  vertex 1.6854562759399414 -0.2218945324420929 0
  vertex 1.7000000476837158 0 0
 endloop
endfacet
facet normal 0 0 0
 outer loop
  vertex 1.6854562759399414 -0.2218945324420929 0
  vertex 38.29999923706055 -2.0818995170458873e-16 0
  vertex 38.314544677734375 -0.2218945324420929 0
 endloop
endfacet
facet normal 0 0 0
 outer loop
  vertex -38.314544677734375 -0.2218945324420929 0
  vertex -1.7000000476837158 -2.0818995170458873e-16 0
  vertex -1.6854562759399414 -0.2218945324420929 0
 endloop
endfacet
facet normal 0 0 0
 outer loop
  vertex -65 -45 0
  vertex -41.70000076293945 -2.0818995170458873e-16 0
  vertex -41.685455322265625 -0.2218945324420929 0
 endloop
endfacet
facet normal 0 0 0
 outer loop
  vertex -51.685455322265625 -29.778104782104492 0
  vertex -51.70000076293945 -30 0
  vertex -65 -45 0
 endloop
endfacet
facet normal 0 0 0
 outer loop
  vertex 48.314544677734375 -29.778104782104492 0
  vertex -48.29999923706055 -30 0
  vertex -48.314544677734375 -29.778104782104492 0
 endloop
endfacet
facet normal 0 0 0
 outer loop
  vertex -48.29999923706055 -30 0
  vertex 48.314544677734375 -30.221895217895508 0
  vertex 48.35792541503906 -30.439992904663086 0
 endloop
endfacet
facet normal 0 0 0
 outer loop
  vertex -65 -45 0
  vertex -51.685455322265625 -30.221895217895508 0
  vertex -51.64207458496094 -30.439992904663086 0
 endloop
endfacet
facet normal 0 0 0
 outer loop
  vertex -41.685455322265625 0.2218945324420929 0
  vertex -41.70000076293945 -2.0818995170458873e-16 0
  vertex -65 45 0
 endloop
endfacet
facet normal 0 0 0
 outer loop
  vertex -1.7000000476837158 -2.0818995170458873e-16 0
  vertex -38.29999923706055 0 0
  vertex -38.314544677734375 0.2218945324420929 0
 endloop
endfacet
facet normal 0 0 0
 outer loop
  vertex 38.29999923706055 -2.0818995170458873e-16 0
  vertex 1.7000000476837158 0 0
  vertex 1.6854562759399414 0.2218945324420929 0
 endloop
endfacet
facet normal 0 0 0
 outer loop
  vertex 1.6854562759399414 -0.2218945324420929 0
  vertex 38.314544677734375 -0.2218945324420929 0
  vertex 38.35792541503906 -0.43999236822128296 0
 endloop
endfacet
facet normal 0 0 0
 outer loop
  vertex -38.314544677734375 -0.2218945324420929 0
  vertex -1.6854562759399414 -0.2218945324420929 0
  vertex -1.6420738697052002 -0.43999236822128296 0
 endloop
endfacet
facet normal 0 0 0
 outer loop
  vertex -65 -45 0
  vertex -41.685455322265625 -0.2218945324420929 0
  vertex -41.64207458496094 -0.43999236822128296 0
 endloop
endfacet
facet normal 0 0 0
 outer loop
  vertex -51.64207458496094 -29.560007095336914 0
  vertex -51.685455322265625 -29.778104782104492 0
  vertex -65 -45 0
 endloop
endfacet
facet normal 0 0 0
 outer loop
  vertex 48.314544677734375 -29.778104782104492 0
  vertex -48.314544677734375 -29.778104782104492 0
  vertex -48.35792541503906 -29.560007095336914 0
 endloop
endfacet
facet normal 0 0 0
 outer loop
  vertex -48.29999923706055 -30 0
  vertex 48.35792541503906 -30.439992904663086 0
  vertex 48.429405212402344 -30.650562286376953 0
 endloop
endfacet
facet normal 0 0 0
 outer loop
  vertex -65 -45 0
  vertex -51.64207458496094 -30.439992904663086 0
  vertex -51.570594787597656 -30.650562286376953 0
 endloop
endfacet
facet normal 0 0 0
 outer loop
  vertex -41.64207458496094 0.43999236822128296 0
  vertex -41.685455322265625 0.2218945324420929 0
  vertex -65 45 0
 endloop
endfacet
facet normal 0 0 0
 outer loop
  vertex -1.7000000476837158 -2.0818995170458873e-16 0
  vertex -38.314544677734375 0.2218945324420929 0
  vertex -38.35792541503906 0.43999236822128296 0
 endloop
endfacet
facet normal 0 0 0
 outer loop
  vertex 38.29999923706055 -2.0818995170458873e-16 0
  vertex 1.6854562759399414 0.2218945324420929 0
  vertex 1.6420738697052002 0.43999236822128296 0
 endloop
endfacet
facet normal 0 0 0
 outer loop
  vertex 1.6854562759399414 -0.2218945324420929 0
  vertex 38.35792541503906 -0.43999236822128296 0
  vertex 38.429405212402344 -0.6505618095397949 0
 endloop
endfacet
facet normal 0 0 0
 outer loop
  vertex -38.314544677734375 -0.2218945324420929 0
  vertex -1.6420738697052002 -0.43999236822128296 0
  vertex -1.5705952644348145 -0.6505618095397949 0
 endloop
endfacet
facet normal 0 0 0
 outer loop
  vertex -65 -45 0
  vertex -41.64207458496094 -0.43999236822128296 0
  vertex -41.570594787597656 -0.6505618095397949 0
 endloop
endfacet
facet normal 0 0 0
 outer loop
  vertex -51.570594787597656 -29.349437713623047 0
  vertex -51.64207458496094 -29.560007095336914 0
  vertex -65 -45 0
 endloop
endfacet
facet normal 0 0 0
 outer loop
  vertex 48.314544677734375 -29.778104782104492 0
  vertex -48.35792541503906 -29.560007095336914 0
  vertex -48.429405212402344 -29.349437713623047 0
 endloop
endfacet
facet normal 0 0 0
 outer loop
  vertex -48.29999923706055 -30 0
  vertex 48.429405212402344 -30.650562286376953 0
  vertex 48.52775573730469 -30.850000381469727 0
 endloop
endfacet
facet normal 0 0 0
 outer loop
  vertex -65 -45 0
  vertex -51.570594787597656 -30.650562286376953 0
  vertex -51.47224426269531 -30.850000381469727 0
 endloop
endfacet
facet normal 0 0 0
 outer loop
  vertex -41.570594787597656 0.6505618095397949 0
  vertex -41.64207458496094 0.43999236822128296 0
  vertex -65 45 0
 endloop
endfacet
facet normal 0 0 0
 outer loop
  vertex -1.7000000476837158 -2.0818995170458873e-16 0
  vertex -38.35792541503906 0.43999236822128296 0
  vertex -38.429405212402344 0.6505618095397949 0
 endloop
endfacet
facet normal 0 0 0
 outer loop
  vertex 38.29999923706055 -2.0818995170458873e-16 0
  vertex 1.6420738697052002 0.43999236822128296 0
  vertex 1.5705952644348145 0.6505618095397949 0
 endloop
endfacet
facet normal 0 0 0
 outer loop
  vertex 1.6854562759399414 -0.2218945324420929 0
  vertex 38.429405212402344 -0.6505618095397949 0
  vertex 38.52775573730469 -0.8500000238418579 0
 endloop
endfacet
facet normal 0 0 0
 outer loop
  vertex -38.314544677734375 -0.2218945324420929 0
  vertex -1.5705952644348145 -0.6505618095397949 0
  vertex -1.4722431898117065 -0.8500000238418579 0
 endloop
endfacet
facet normal 0 0 0
 outer loop
  vertex -65 -45 0
  vertex -41.570594787597656 -0.6505618095397949 0
  vertex -41.47224426269531 -0.8500000238418579 0
 endloop
endfacet
facet normal 0 0 0
 outer loop
  vertex -51.47224426269531 -29.149999618530273 0
  vertex -51.570594787597656 -29.349437713623047 0
  vertex -65 -45 0
 endloop
endfacet
facet normal 0 0 0
 outer loop
  vertex 48.314544677734375 -29.778104782104492 0
  vertex -48.429405212402344 -29.349437713623047 0
  vertex -48.52775573730469 -29.149999618530273 0
 endloop
endfacet
facet normal 0 0 0
 outer loop
  vertex -48.29999923706055 -30 0
  vertex 48.52775573730469 -30.850000381469727 0
  vertex 48.65129852294922 -31.034894943237305 0
 endloop
endfacet
facet normal 0 0 0
 outer loop
  vertex -65 -45 0
  vertex -51.47224426269531 -30.850000381469727 0
  vertex -51.34870147705078 -31.034894943237305 0
 endloop
endfacet
facet normal 0 0 0
 outer loop
  vertex -41.47224426269531 0.8500000238418579 0
  vertex -41.570594787597656 0.6505618095397949 0
  vertex -65 45 0
 endloop
endfacet
facet normal 0 0 0
 outer loop
  vertex -1.7000000476837158 -2.0818995170458873e-16 0
  vertex -38.429405212402344 0.6505618095397949 0
  vertex -38.52775573730469 0.8500000238418579 0
 endloop
endfacet
facet normal 0 0 0
 outer loop
  vertex 38.29999923706055 -2.0818995170458873e-16 0
  vertex 1.5705952644348145 0.6505618095397949 0
  vertex 1.4722431898117065 0.8500000238418579 0
 endloop
endfacet
facet normal 0 0 0
 outer loop
  vertex 1.6854562759399414 -0.2218945324420929 0
  vertex 38.52775573730469 -0.8500000238418579 0
  vertex 38.65129852294922 -1.0348944664001465 0
 endloop
endfacet
facet normal 0 0 0
 outer loop
  vertex -38.314544677734375 -0.2218945324420929 0
  vertex -1.4722431898117065 -0.8500000238418579 0
  vertex -1.3487006425857544 -1.0348944664001465 0
 endloop
endfacet
facet normal 0 0 0
 outer loop
  vertex -65 -45 0
  vertex -41.47224426269531 -0.8500000238418579 0
  vertex -41.34870147705078 -1.0348944664001465 0
 endloop
endfacet
facet normal 0 0 0
 outer loop
  vertex -51.34870147705078 -28.965105056762695 0
  vertex -51.47224426269531 -29.149999618530273 0
  vertex -65 -45 0
 endloop
endfacet
facet normal 0 0 0
 outer loop
  vertex 48.314544677734375 -29.778104782104492 0
  vertex -48.52775573730469 -29.149999618530273 0
  vertex -48.65129852294922 -28.965105056762695 0
 endloop
endfacet
facet normal 0 0 0
 outer loop
  vertex -48.29999923706055 -30 0
  vertex 48.65129852294922 -31.034894943237305 0
  vertex 48.79792022705078 -31.20208168029785 0
 endloop
endfacet
facet normal 0 0 0
 outer loop
  vertex -65 -45 0
  vertex -51.34870147705078 -31.034894943237305 0
  vertex -51.20207977294922 -31.20208168029785 0
 endloop
endfacet
facet normal 0 0 0
 outer loop
  vertex -41.34870147705078 1.0348944664001465 0
  vertex -41.47224426269531 0.8500000238418579 0
  vertex -65 45 0
 endloop
endfacet
facet normal 0 0 0
 outer loop
  vertex -1.7000000476837158 -2.0818995170458873e-16 0
  vertex -38.52775573730469 0.8500000238418579 0
  vertex -38.65129852294922 1.0348944664001465 0
 endloop
endfacet
facet normal 0 0 0
 outer loop
  vertex 38.29999923706055 -2.0818995170458873e-16 0
  vertex 1.4722431898117065 0.8500000238418579 0
  vertex 1.3487006425857544 1.0348944664001465 0
 endloop
endfacet
facet normal 0 0 0
 outer loop
  vertex 1.6854562759399414 -0.2218945324420929 0
  vertex 38.65129852294922 -1.0348944664001465 0
  vertex 38.79792022705078 -1.202081561088562 0
 endloop
endfacet
facet normal 0 0 0
 outer loop
  vertex -38.314544677734375 -0.2218945324420929 0
  vertex -1.3487006425857544 -1.0348944664001465 0
  vertex -1.202081561088562 -1.202081561088562 0
 endloop
endfacet
facet normal 0 0 0
 outer loop
  vertex -65 -45 0
  vertex -41.34870147705078 -1.0348944664001465 0
  vertex -41.20207977294922 -1.202081561088562 0
 endloop
endfacet
facet normal 0 0 0
 outer loop
  vertex 48.314544677734375 -29.778104782104492 0
  vertex -48.65129852294922 -28.965105056762695 0
  vertex -48.79792022705078 -28.79791831970215 0
 endloop
endfacet
facet normal 0 0 0
 outer loop
  vertex -48.29999923706055 -30 0
  vertex 48.79792022705078 -31.20208168029785 0
  vertex 48.96510696411133 -31.34870147705078 0
 endloop
endfacet
facet normal 0 0 0
 outer loop
  vertex -65 -45 0
  vertex -51.20207977294922 -31.20208168029785 0
  vertex -51.03489303588867 -31.34870147705078 0
 endloop
endfacet
facet normal 0 0 0
 outer loop
  vertex -41.20207977294922 1.202081561088562 0
  vertex -41.34870147705078 1.0348944664001465 0
  vertex -65 45 0
 endloop
endfacet
facet normal 0 0 0
 outer loop
  vertex -1.7000000476837158 -2.0818995170458873e-16 0
  vertex -38.65129852294922 1.0348944664001465 0
  vertex -38.79792022705078 1.202081561088562 0
 endloop
endfacet
facet normal 0 0 0
 outer loop
  vertex 38.29999923706055 -2.0818995170458873e-16 0
  vertex 1.3487006425857544 1.0348944664001465 0
  vertex 1.202081561088562 1.202081561088562 0
 endloop
endfacet
facet normal 0 0 0
 outer loop
  vertex 1.6854562759399414 -0.2218945324420929 0
  vertex 38.79792022705078 -1.202081561088562 0
  vertex 38.96510696411133 -1.3487006425857544 0
 endloop
endfacet
facet normal 0 0 0
 outer loop
  vertex -38.314544677734375 -0.2218945324420929 0
  vertex -1.202081561088562 -1.202081561088562 0
  vertex -1.0348944664001465 -1.3487006425857544 0
 endloop
endfacet
facet normal 0 0 0
 outer loop
  vertex -65 -45 0
  vertex -41.20207977294922 -1.202081561088562 0
  vertex -41.03489303588867 -1.3487006425857544 0
 endloop
endfacet
facet normal 0 0 0
 outer loop
  vertex 48.314544677734375 -29.778104782104492 0
  vertex -48.79792022705078 -28.79791831970215 0
  vertex -48.96510696411133 -28.65129852294922 0
 endloop
endfacet
facet normal 0 0 0
 outer loop
  vertex -48.29999923706055 -30 0
  vertex 48.96510696411133 -31.34870147705078 0
  vertex 49.150001525878906 -31.47224235534668 0
 endloop
endfacet
facet normal 0 0 0
 outer loop
  vertex -65 -45 0
  vertex -51.03489303588867 -31.34870147705078 0
  vertex -50.849998474121094 -31.47224235534668 0
 endloop
endfacet
facet normal 0 0 0
 outer loop
  vertex -41.03489303588867 1.3487006425857544 0
  vertex -41.20207977294922 1.202081561088562 0
  vertex -65 45 0
 endloop
endfacet
facet normal 0 0 0
 outer loop
  vertex -1.7000000476837158 -2.0818995170458873e-16 0
  vertex -38.79792022705078 1.202081561088562 0
  vertex -38.96510696411133 1.3487006425857544 0
 endloop
endfacet
facet normal 0 0 0
 outer loop
  vertex 38.29999923706055 -2.0818995170458873e-16 0
  vertex 1.202081561088562 1.202081561088562 0
  vertex 1.0348944664001465 1.3487006425857544 0
 endloop
endfacet
facet normal 0 0 0
 outer loop
  vertex 1.6854562759399414 -0.2218945324420929 0
  vertex 38.96510696411133 -1.3487006425857544 0
  vertex 39.150001525878906 -1.4722431898117065 0
 endloop
endfacet
facet normal 0 0 0
 outer loop
  vertex -38.314544677734375 -0.2218945324420929 0
  vertex -1.0348944664001465 -1.3487006425857544 0
  vertex -0.8500000238418579 -1.4722431898117065 0
 endloop
endfacet
facet normal 0 0 0
 outer loop
  vertex -65 -45 0
  vertex -41.03489303588867 -1.3487006425857544 0
  vertex -40.849998474121094 -1.4722431898117065 0
 endloop
endfacet
facet normal 0 0 0
 outer loop
  vertex 48.314544677734375 -29.778104782104492 0
  vertex -48.96510696411133 -28.65129852294922 0
  vertex -49.150001525878906 -28.52775764465332 0
 endloop
endfacet
facet normal 0 0 0
 outer loop
  vertex -48.29999923706055 -30 0
  vertex 49.150001525878906 -31.47224235534668 0
  vertex 49.34943771362305 -31.570594787597656 0
 endloop
endfacet
facet normal 0 0 0
 outer loop
  vertex -65 -45 0
  vertex -50.849998474121094 -31.47224235534668 0
  vertex -50.65056228637695 -31.570594787597656 0
 endloop
endfacet
facet normal 0 0 0
 outer loop
  vertex -40.849998474121094 1.4722431898117065 0
  vertex -41.03489303588867 1.3487006425857544 0
  vertex -65 45 0
 endloop
endfacet
facet normal 0 0 0
 outer loop
  vertex -1.7000000476837158 -2.0818995170458873e-16 0
  vertex -38.96510696411133 1.3487006425857544 0
  vertex -39.150001525878906 1.4722431898117065 0
 endloop
endfacet
facet normal 0 0 0
 outer loop
  vertex 38.29999923706055 -2.0818995170458873e-16 0
  vertex 1.0348944664001465 1.3487006425857544 0
  vertex 0.8500000238418579 1.4722431898117065 0
 endloop
endfacet
facet normal 0 0 0
 outer loop
  vertex 1.6854562759399414 -0.2218945324420929 0
  vertex 39.150001525878906 -1.4722431898117065 0
  vertex 39.34943771362305 -1.5705952644348145 0
 endloop
endfacet
facet normal 0 0 0
 outer loop
  vertex -38.314544677734375 -0.2218945324420929 0
  vertex -0.8500000238418579 -1.4722431898117065 0
  vertex -0.6505618095397949 -1.5705952644348145 0
 endloop
endfacet
facet normal 0 0 0
 outer loop
  vertex -65 -45 0
  vertex -40.849998474121094 -1.4722431898117065 0
  vertex -40.65056228637695 -1.5705952644348145 0
 endloop
endfacet
facet normal 0 0 0
 outer loop
  vertex 48.314544677734375 -29.778104782104492 0
  vertex -49.150001525878906 -28.52775764465332 0
  vertex -49.34943771362305 -28.429405212402344 0
 endloop
endfacet
facet normal 0 0 0
 outer loop
  vertex -48.29999923706055 -30 0
  vertex 49.34943771362305 -31.570594787597656 0
  vertex 49.56000900268555 -31.642074584960938 0
 endloop
endfacet
facet normal 0 0 0
 outer loop
  vertex -65 -45 0
  vertex -50.65056228637695 -31.570594787597656 0
  vertex -50.43999099731445 -31.642074584960938 0
 endloop
endfacet
facet normal 0 0 0
 outer loop
  vertex -40.65056228637695 1.5705952644348145 0
  vertex -40.849998474121094 1.4722431898117065 0
  vertex -65 45 0
 endloop
endfacet
facet normal 0 0 0
 outer loop
  vertex -1.7000000476837158 -2.0818995170458873e-16 0
  vertex -39.150001525878906 1.4722431898117065 0
  vertex -39.34943771362305 1.5705952644348145 0
 endloop
endfacet
facet normal 0 0 0
 outer loop
  vertex 38.29999923706055 -2.0818995170458873e-16 0
  vertex 0.8500000238418579 1.4722431898117065 0
  vertex 0.6505618095397949 1.5705952644348145 0
 endloop
endfacet
facet normal 0 0 0
 outer loop
  vertex 1.6854562759399414 -0.2218945324420929 0
  vertex 39.34943771362305 -1.5705952644348145 0
  vertex 39.56000900268555 -1.6420738697052002 0
 endloop
endfacet
facet normal 0 0 0
 outer loop
  vertex -38.314544677734375 -0.2218945324420929 0
  vertex -0.6505618095397949 -1.5705952644348145 0
  vertex -0.43999236822128296 -1.6420738697052002 0
 endloop
endfacet
facet normal 0 0 0
 outer loop
  vertex -65 -45 0
  vertex -40.65056228637695 -1.5705952644348145 0
  vertex -40.43999099731445 -1.6420738697052002 0
 endloop
endfacet
facet normal 0 0 0
 outer loop
  vertex 48.314544677734375 -29.778104782104492 0
  vertex -49.34943771362305 -28.429405212402344 0
  vertex -49.56000900268555 -28.357925415039062 0
 endloop
endfacet
facet normal 0 0 0
 outer loop
  vertex -48.29999923706055 -30 0
  vertex 49.56000900268555 -31.642074584960938 0
  vertex 49.778106689453125 -31.685455322265625 0
 endloop
endfacet
facet normal 0 0 0
 outer loop
  vertex -65 -45 0
  vertex -50.43999099731445 -31.642074584960938 0
  vertex -50.221893310546875 -31.685455322265625 0
 endloop
endfacet
facet normal 0 0 0
 outer loop
  vertex -40.65056228637695 1.5705952644348145 0
  vertex -65 45 0
  vertex 65 45 0
 endloop
endfacet
facet normal 0 0 0
 outer loop
  vertex -1.7000000476837158 -2.0818995170458873e-16 0
  vertex -39.34943771362305 1.5705952644348145 0
  vertex -39.56000900268555 1.6420738697052002 0
 endloop
endfacet
facet normal 0 0 0
 outer loop
  vertex 38.29999923706055 -2.0818995170458873e-16 0
  vertex 0.6505618095397949 1.5705952644348145 0
  vertex 0.43999236822128296 1.6420738697052002 0
 endloop
endfacet
facet normal 0 0 0
 outer loop
  vertex 1.6854562759399414 -0.2218945324420929 0
  vertex 39.56000900268555 -1.6420738697052002 0
  vertex 39.778106689453125 -1.6854562759399414 0
 endloop
endfacet
facet normal 0 0 0
 outer loop
  vertex -38.314544677734375 -0.2218945324420929 0
  vertex -0.43999236822128296 -1.6420738697052002 0
  vertex -0.2218945324420929 -1.6854562759399414 0
 endloop
endfacet
facet normal 0 0 0
 outer loop
  vertex -65 -45 0
  vertex -40.43999099731445 -1.6420738697052002 0
  vertex -40.221893310546875 -1.6854562759399414 0
 endloop
endfacet
facet normal 0 0 0
 outer loop
  vertex 48.314544677734375 -29.778104782104492 0
  vertex -49.56000900268555 -28.357925415039062 0
  vertex -49.778106689453125 -28.314544677734375 0
 endloop
endfacet
facet normal 0 0 0
 outer loop
  vertex -48.29999923706055 -30 0
  vertex 49.778106689453125 -31.685455322265625 0
  vertex 50 -31.700000762939453 0
 endloop
endfacet
facet normal 0 0 0
 outer loop
  vertex -65 -45 0
  vertex -50.221893310546875 -31.685455322265625 0
  vertex -50 -31.700000762939453 0
 endloop
endfacet
facet normal 0 0 0
 outer loop
  vertex -40.43999099731445 1.6420738697052002 0
  vertex -40.65056228637695 1.5705952644348145 0
  vertex 65 45 0
 endloop
endfacet
facet normal 0 0 0
 outer loop
  vertex -1.7000000476837158 -2.0818995170458873e-16 0
  vertex -39.56000900268555 1.6420738697052002 0
  vertex -39.778106689453125 1.6854562759399414 0
 endloop
endfacet
facet normal 0 0 0
 outer loop
  vertex 38.29999923706055 -2.0818995170458873e-16 0
  vertex 0.43999236822128296 1.6420738697052002 0
  vertex 0.2218945324420929 1.6854562759399414 0
 endloop
endfacet
facet normal 0 0 0
 outer loop
  vertex 1.6854562759399414 -0.2218945324420929 0
  vertex 39.778106689453125 -1.6854562759399414 0
  vertex 40 -1.7000000476837158 0
 endloop
endfacet
facet normal 0 0 0
 outer loop
  vertex -38.314544677734375 -0.2218945324420929 0
  vertex -0.2218945324420929 -1.6854562759399414 0
  vertex 1.0409497585229437e-16 -1.7000000476837158 0
 endloop
endfacet
facet normal 0 0 0
 outer loop
  vertex -65 -45 0
  vertex -40.221893310546875 -1.6854562759399414 0
  vertex -40 -1.7000000476837158 0
 endloop
endfacet
facet normal 0 0 0
 outer loop
  vertex 48.314544677734375 -29.778104782104492 0
  vertex -49.778106689453125 -28.314544677734375 0
  vertex -50 -28.299999237060547 0
 endloop
endfacet
facet normal 0 0 0
 outer loop
  vertex -48.314544677734375 -30.221895217895508 0
  vertex -48.29999923706055 -30 0
  vertex 50 -31.700000762939453 0
 endloop
endfacet
facet normal 0 0 0
 outer loop
  vertex -65 -45 0
  vertex -50 -31.700000762939453 0
  vertex -49.778106689453125 -31.685455322265625 0
 endloop
endfacet
facet normal 0 0 0
 outer loop
  vertex -40.221893310546875 1.6854562759399414 0
  vertex -40.43999099731445 1.6420738697052002 0
  vertex 65 45 0
 endloop
endfacet
facet normal 0 0 0
 outer loop
  vertex -1.7000000476837158 -2.0818995170458873e-16 0
  vertex -39.778106689453125 1.6854562759399414 0
  vertex -40 1.7000000476837158 0
 endloop
endfacet
facet normal 0 0 0
 outer loop
  vertex 38.29999923706055 -2.0818995170458873e-16 0
  vertex 0.2218945324420929 1.6854562759399414 0
  vertex -3.122849275568831e-16 1.7000000476837158 0
 endloop
endfacet
facet normal 0 0 0
 outer loop
  vertex 1.6420738697052002 -0.43999236822128296 0
  vertex 1.6854562759399414 -0.2218945324420929 0
  vertex 40 -1.7000000476837158 0
 endloop
endfacet
facet normal 0 0 0
 outer loop
  vertex -38.35792541503906 -0.43999236822128296 0
  vertex -38.314544677734375 -0.2218945324420929 0
  vertex 1.0409497585229437e-16 -1.7000000476837158 0
 endloop
endfacet
facet normal 0 0 0
 outer loop
  vertex -65 -45 0
  vertex -40 -1.7000000476837158 0
  vertex -39.778106689453125 -1.6854562759399414 0
 endloop
endfacet
facet normal 0 0 0
 outer loop
  vertex 48.35792541503906 -29.560007095336914 0
  vertex 48.314544677734375 -29.778104782104492 0
  vertex -50 -28.299999237060547 0
 endloop
endfacet
facet normal 0 0 0
 outer loop
  vertex -48.35792541503906 -30.439992904663086 0
  vertex -48.314544677734375 -30.221895217895508 0
  vertex 50 -31.700000762939453 0
 endloop
endfacet
facet normal 0 0 0
 outer loop
  vertex -65 -45 0
  vertex -49.778106689453125 -31.685455322265625 0
  vertex -49.56000900268555 -31.642074584960938 0
 endloop
endfacet
facet normal 0 0 0
 outer loop
  vertex -40 1.7000000476837158 0
  vertex -40.221893310546875 1.6854562759399414 0
  vertex 65 45 0
 endloop
endfacet
facet normal 0 0 0
 outer loop
  vertex -1.6854562759399414 0.2218945324420929 0
  vertex -1.7000000476837158 -2.0818995170458873e-16 0
  vertex -40 1.7000000476837158 0
 endloop
endfacet
facet normal 0 0 0
 outer loop
  vertex 38.314544677734375 0.2218945324420929 0
  vertex 38.29999923706055 -2.0818995170458873e-16 0
  vertex -3.122849275568831e-16 1.7000000476837158 0
 endloop
endfacet
facet normal 0 0 0
 outer loop
  vertex 1.5705952644348145 -0.6505618095397949 0
  vertex 1.6420738697052002 -0.43999236822128296 0
  vertex 40 -1.7000000476837158 0
 endloop
endfacet
facet normal 0 0 0
 outer loop
  vertex -38.429405212402344 -0.6505618095397949 0
  vertex -38.35792541503906 -0.43999236822128296 0
  vertex 1.0409497585229437e-16 -1.7000000476837158 0
 endloop
endfacet
facet normal 0 0 0
 outer loop
  vertex -65 -45 0
  vertex -39.778106689453125 -1.6854562759399414 0
  vertex -39.56000900268555 -1.6420738697052002 0
 endloop
endfacet
facet normal 0 0 0
 outer loop
  vertex 48.429405212402344 -29.349437713623047 0
  vertex 48.35792541503906 -29.560007095336914 0
  vertex -50 -28.299999237060547 0
 endloop
endfacet
facet normal 0 0 0
 outer loop
  vertex -48.429405212402344 -30.650562286376953 0
  vertex -48.35792541503906 -30.439992904663086 0
  vertex 50 -31.700000762939453 0
 endloop
endfacet
facet normal 0 0 0
 outer loop
  vertex -65 -45 0
  vertex -49.56000900268555 -31.642074584960938 0
  vertex -49.34943771362305 -31.570594787597656 0
 endloop
endfacet
facet normal 0 0 0
 outer loop
  vertex -1.6420738697052002 0.43999236822128296 0
  vertex -1.6854562759399414 0.2218945324420929 0
  vertex -40 1.7000000476837158 0
 endloop
endfacet
facet normal 0 0 0
 outer loop
  vertex 38.35792541503906 0.43999236822128296 0
  vertex 38.314544677734375 0.2218945324420929 0
  vertex -3.122849275568831e-16 1.7000000476837158 0
 endloop
endfacet
facet normal 0 0 0
 outer loop
  vertex 1.4722431898117065 -0.8500000238418579 0
  vertex 1.5705952644348145 -0.6505618095397949 0
  vertex 40 -1.7000000476837158 0
 endloop
endfacet
facet normal 0 0 0
 outer loop
  vertex -38.52775573730469 -0.8500000238418579 0
  vertex -38.429405212402344 -0.6505618095397949 0
  vertex 1.0409497585229437e-16 -1.7000000476837158 0
 endloop
endfacet
facet normal 0 0 0
 outer loop
  vertex -65 -45 0
  vertex -39.56000900268555 -1.6420738697052002 0
  vertex -39.34943771362305 -1.5705952644348145 0
 endloop
endfacet
facet normal 0 0 0
 outer loop
  vertex 48.52775573730469 -29.149999618530273 0
  vertex 48.429405212402344 -29.349437713623047 0
  vertex -50 -28.299999237060547 0
 endloop
endfacet
facet normal 0 0 0
 outer loop
  vertex -48.52775573730469 -30.850000381469727 0
  vertex -48.429405212402344 -30.650562286376953 0
  vertex 50 -31.700000762939453 0
 endloop
endfacet
facet normal 0 0 0
 outer loop
  vertex -65 -45 0
  vertex -49.34943771362305 -31.570594787597656 0
  vertex -49.150001525878906 -31.47224235534668 0
 endloop
endfacet
facet normal 0 0 0
 outer loop
  vertex -1.5705952644348145 0.6505618095397949 0
  vertex -1.6420738697052002 0.43999236822128296 0
  vertex -40 1.7000000476837158 0
 endloop
endfacet
facet normal 0 0 0
 outer loop
  vertex 38.429405212402344 0.6505618095397949 0
  vertex 38.35792541503906 0.43999236822128296 0
  vertex -3.122849275568831e-16 1.7000000476837158 0
 endloop
endfacet
facet normal 0 0 0
 outer loop
  vertex 1.3487006425857544 -1.0348944664001465 0
  vertex 1.4722431898117065 -0.8500000238418579 0
  vertex 40 -1.7000000476837158 0
 endloop
endfacet
facet normal 0 0 0
 outer loop
  vertex -38.65129852294922 -1.0348944664001465 0
  vertex -38.52775573730469 -0.8500000238418579 0
  vertex 1.0409497585229437e-16 -1.7000000476837158 0
 endloop
endfacet
facet normal 0 0 0
 outer loop
  vertex -65 -45 0
  vertex -39.34943771362305 -1.5705952644348145 0
  vertex -39.150001525878906 -1.4722431898117065 0
 endloop
endfacet
facet normal 0 0 0
 outer loop
  vertex 48.65129852294922 -28.965105056762695 0
  vertex 48.52775573730469 -29.149999618530273 0
  vertex -50 -28.299999237060547 0
 endloop
endfacet
facet normal 0 0 0
 outer loop
  vertex -48.65129852294922 -31.034894943237305 0
  vertex -48.52775573730469 -30.850000381469727 0
  vertex 50 -31.700000762939453 0
 endloop
endfacet
facet normal 0 0 0
 outer loop
  vertex -65 -45 0
  vertex -49.150001525878906 -31.47224235534668 0
  vertex -48.96510696411133 -31.34870147705078 0
 endloop
endfacet
facet normal 0 0 0
 outer loop
  vertex -1.4722431898117065 0.8500000238418579 0
  vertex -1.5705952644348145 0.6505618095397949 0
  vertex -40 1.7000000476837158 0
 endloop
endfacet
facet normal 0 0 0
 outer loop
  vertex 38.52775573730469 0.8500000238418579 0
  vertex 38.429405212402344 0.6505618095397949 0
  vertex -3.122849275568831e-16 1.7000000476837158 0
 endloop
endfacet
facet normal 0 0 0
 outer loop
  vertex 1.202081561088562 -1.202081561088562 0
  vertex 1.3487006425857544 -1.0348944664001465 0
  vertex 40 -1.7000000476837158 0
 endloop
endfacet
facet normal 0 0 0
 outer loop
  vertex -38.79792022705078 -1.202081561088562 0
  vertex -38.65129852294922 -1.0348944664001465 0
  vertex 1.0409497585229437e-16 -1.7000000476837158 0
 endloop
endfacet
facet normal 0 0 0
 outer loop
  vertex -65 -45 0
  vertex -39.150001525878906 -1.4722431898117065 0
  vertex -38.96510696411133 -1.3487006425857544 0
 endloop
endfacet
facet normal 0 0 0
 outer loop
  vertex 48.79792022705078 -28.79791831970215 0
  vertex 48.65129852294922 -28.965105056762695 0
  vertex -50 -28.299999237060547 0
 endloop
endfacet
facet normal 0 0 0
 outer loop
  vertex -48.79792022705078 -31.20208168029785 0
  vertex -48.65129852294922 -31.034894943237305 0
  vertex 50 -31.700000762939453 0
 endloop
endfacet
facet normal 0 0 0
 outer loop
  vertex 65 -45 0
  vertex -65 -45 0
  vertex -48.96510696411133 -31.34870147705078 0
 endloop
endfacet
facet normal 0 0 0
 outer loop
  vertex -1.3487006425857544 1.0348944664001465 0
  vertex -1.4722431898117065 0.8500000238418579 0
  vertex -40 1.7000000476837158 0
 endloop
endfacet
facet normal 0 0 0
 outer loop
  vertex 38.65129852294922 1.0348944664001465 0
  vertex 38.52775573730469 0.8500000238418579 0
  vertex -3.122849275568831e-16 1.7000000476837158 0
 endloop
endfacet
facet normal 0 0 0
 outer loop
  vertex 1.0348944664001465 -1.3487006425857544 0
  vertex 1.202081561088562 -1.202081561088562 0
  vertex 40 -1.7000000476837158 0
 endloop
endfacet
facet normal 0 0 0
 outer loop
  vertex -38.96510696411133 -1.3487006425857544 0
  vertex -38.79792022705078 -1.202081561088562 0
  vertex 1.0409497585229437e-16 -1.7000000476837158 0
 endloop
endfacet
facet normal 0 0 0
 outer loop
  vertex -51.34870147705078 -28.965105056762695 0
  vertex -65 -45 0
  vertex -38.96510696411133 -1.3487006425857544 0
 endloop
endfacet
facet normal 0 0 0
 outer loop
  vertex 48.96510696411133 -28.65129852294922 0
  vertex 48.79792022705078 -28.79791831970215 0
  vertex -50 -28.299999237060547 0
 endloop
endfacet
facet normal 0 0 0
 outer loop
  vertex -48.96510696411133 -31.34870147705078 0
  vertex -48.79792022705078 -31.20208168029785 0
  vertex 50 -31.700000762939453 0
 endloop
endfacet
facet normal 0 0 0
 outer loop
  vertex -1.202081561088562 1.202081561088562 0
  vertex -1.3487006425857544 1.0348944664001465 0
  vertex -40 1.7000000476837158 0
 endloop
endfacet
facet normal 0 0 0
 outer loop
  vertex 38.79792022705078 1.202081561088562 0
  vertex 38.65129852294922 1.0348944664001465 0
  vertex -3.122849275568831e-16 1.7000000476837158 0
 endloop
endfacet
facet normal 0 0 0
 outer loop
  vertex 0.8500000238418579 -1.4722431898117065 0
  vertex 1.0348944664001465 -1.3487006425857544 0
  vertex 40 -1.7000000476837158 0
 endloop
endfacet
facet normal 0 0 0
 outer loop
  vertex -51.20207977294922 -28.79791831970215 0
  vertex -51.34870147705078 -28.965105056762695 0
  vertex -38.96510696411133 -1.3487006425857544 0
 endloop
endfacet
facet normal 0 0 0
 outer loop
  vertex 49.150001525878906 -28.52775764465332 0
  vertex 48.96510696411133 -28.65129852294922 0
  vertex -50 -28.299999237060547 0
 endloop
endfacet
facet normal 0 0 0
 outer loop
  vertex 65 -45 0
  vertex -48.96510696411133 -31.34870147705078 0
  vertex 50 -31.700000762939453 0
 endloop
endfacet
facet normal 0 0 0
 outer loop
  vertex -1.0348944664001465 1.3487006425857544 0
  vertex -1.202081561088562 1.202081561088562 0
  vertex -40 1.7000000476837158 0
 endloop
endfacet
facet normal 0 0 0
 outer loop
  vertex 38.96510696411133 1.3487006425857544 0
  vertex 38.79792022705078 1.202081561088562 0
  vertex -3.122849275568831e-16 1.7000000476837158 0
 endloop
endfacet
facet normal 0 0 0
 outer loop
  vertex 0.6505618095397949 -1.5705952644348145 0
  vertex 0.8500000238418579 -1.4722431898117065 0
  vertex 40 -1.7000000476837158 0
 endloop
endfacet
facet normal 0 0 0
 outer loop
  vertex -51.03489303588867 -28.65129852294922 0
  vertex -51.20207977294922 -28.79791831970215 0
  vertex -38.96510696411133 -1.3487006425857544 0
 endloop
endfacet
facet normal 0 0 0
 outer loop
  vertex 49.34943771362305 -28.429405212402344 0
  vertex 49.150001525878906 -28.52775764465332 0
  vertex -50 -28.299999237060547 0
 endloop
endfacet
facet normal 0 0 0
 outer loop
  vertex 65 -45 0
  vertex 50 -31.700000762939453 0
  vertex 50.221893310546875 -31.685455322265625 0
 endloop
endfacet
facet normal 0 0 0
 outer loop
  vertex -0.8500000238418579 1.4722431898117065 0
  vertex -1.0348944664001465 1.3487006425857544 0
  vertex -40 1.7000000476837158 0
 endloop
endfacet
facet normal 0 0 0
 outer loop
  vertex 39.150001525878906 1.4722431898117065 0
  vertex 38.96510696411133 1.3487006425857544 0
  vertex -3.122849275568831e-16 1.7000000476837158 0
 endloop
endfacet
facet normal 0 0 0
 outer loop
  vertex 0.43999236822128296 -1.6420738697052002 0
  vertex 0.6505618095397949 -1.5705952644348145 0
  vertex 40 -1.7000000476837158 0
 endloop
endfacet
facet normal 0 0 0
 outer loop
  vertex -50.849998474121094 -28.52775764465332 0
  vertex -51.03489303588867 -28.65129852294922 0
  vertex -38.96510696411133 -1.3487006425857544 0
 endloop
endfacet
facet normal 0 0 0
 outer loop
  vertex 49.56000900268555 -28.357925415039062 0
  vertex 49.34943771362305 -28.429405212402344 0
  vertex -50 -28.299999237060547 0
 endloop
endfacet
facet normal 0 0 0
 outer loop
  vertex 65 -45 0
  vertex 50.221893310546875 -31.685455322265625 0
  vertex 50.43999099731445 -31.642074584960938 0
 endloop
endfacet
facet normal 0 0 0
 outer loop
  vertex -0.8500000238418579 1.4722431898117065 0
  vertex -40 1.7000000476837158 0
  vertex 65 45 0
 endloop
endfacet
facet normal 0 0 0
 outer loop
  vertex 39.34943771362305 1.5705952644348145 0
  vertex 39.150001525878906 1.4722431898117065 0
  vertex -3.122849275568831e-16 1.7000000476837158 0
 endloop
endfacet
facet normal 0 0 0
 outer loop
  vertex 0.2218945324420929 -1.6854562759399414 0
  vertex 0.43999236822128296 -1.6420738697052002 0
  vertex 40 -1.7000000476837158 0
 endloop
endfacet
facet normal 0 0 0
 outer loop
  vertex -50.849998474121094 -28.52775764465332 0
  vertex -38.96510696411133 -1.3487006425857544 0
  vertex 1.0409497585229437e-16 -1.7000000476837158 0
 endloop
endfacet
facet normal 0 0 0
 outer loop
  vertex 49.778106689453125 -28.314544677734375 0
  vertex 49.56000900268555 -28.357925415039062 0
  vertex -50 -28.299999237060547 0
 endloop
endfacet
facet normal 0 0 0
 outer loop
  vertex 65 -45 0
  vertex 50.43999099731445 -31.642074584960938 0
  vertex 50.65056228637695 -31.570594787597656 0
 endloop
endfacet
facet normal 0 0 0
 outer loop
  vertex -0.6505618095397949 1.5705952644348145 0
  vertex -0.8500000238418579 1.4722431898117065 0
  vertex 65 45 0
 endloop
endfacet
facet normal 0 0 0
 outer loop
  vertex 39.56000900268555 1.6420738697052002 0
  vertex 39.34943771362305 1.5705952644348145 0
  vertex -3.122849275568831e-16 1.7000000476837158 0
 endloop
endfacet
facet normal 0 0 0
 outer loop
  vertex 1.0409497585229437e-16 -1.7000000476837158 0
  vertex 0.2218945324420929 -1.6854562759399414 0
  vertex 40 -1.7000000476837158 0
 endloop
endfacet
facet normal 0 0 0
 outer loop
  vertex -50.65056228637695 -28.429405212402344 0
  vertex -50.849998474121094 -28.52775764465332 0
  vertex 1.0409497585229437e-16 -1.7000000476837158 0
 endloop
endfacet
facet normal 0 0 0
 outer loop
  vertex 50 -28.299999237060547 0
  vertex 49.778106689453125 -28.314544677734375 0
  vertex -50 -28.299999237060547 0
 endloop
endfacet
facet normal 0 0 0
 outer loop
  vertex 65 -45 0
  vertex 50.65056228637695 -31.570594787597656 0
  vertex 50.849998474121094 -31.47224235534668 0
 endloop
endfacet
facet normal 0 0 0
 outer loop
  vertex -0.43999236822128296 1.6420738697052002 0
  vertex -0.6505618095397949 1.5705952644348145 0
  vertex 65 45 0
 endloop
endfacet
facet normal 0 0 0
 outer loop
  vertex 39.778106689453125 1.6854562759399414 0
  vertex 39.56000900268555 1.6420738697052002 0
  vertex -3.122849275568831e-16 1.7000000476837158 0
 endloop
endfacet
facet normal 0 0 0
 outer loop
  vertex -50.43999099731445 -28.357925415039062 0
  vertex -50.65056228637695 -28.429405212402344 0
  vertex 1.0409497585229437e-16 -1.7000000476837158 0
 endloop
endfacet
facet normal 0 0 0
 outer loop
  vertex 65 -45 0
  vertex 50.849998474121094 -31.47224235534668 0
  vertex 51.03489303588867 -31.34870147705078 0
 endloop
endfacet
facet normal 0 0 0
 outer loop
  vertex -0.2218945324420929 1.6854562759399414 0
  vertex -0.43999236822128296 1.6420738697052002 0
  vertex 65 45 0
 endloop
endfacet
facet normal 0 0 0
 outer loop
  vertex 40 1.7000000476837158 0
  vertex 39.778106689453125 1.6854562759399414 0
  vertex -3.122849275568831e-16 1.7000000476837158 0
 endloop
endfacet
facet normal 0 0 0
 outer loop
  vertex -50.43999099731445 -28.357925415039062 0
  vertex 1.0409497585229437e-16 -1.7000000476837158 0
  vertex 40 -1.7000000476837158 0
 endloop
endfacet
facet normal 0 0 0
 outer loop
  vertex 65 -45 0
  vertex 51.03489303588867 -31.34870147705078 0
  vertex 51.20207977294922 -31.20208168029785 0
 endloop
endfacet
facet normal 0 0 0
 outer loop
  vertex -3.122849275568831e-16 1.7000000476837158 0
  vertex -0.2218945324420929 1.6854562759399414 0
  vertex 65 45 0
 endloop
endfacet
facet normal 0 0 0
 outer loop
  vertex -50.43999099731445 -28.357925415039062 0
  vertex 40 -1.7000000476837158 0
  vertex 40.221893310546875 -1.6854562759399414 0
 endloop
endfacet
facet normal 0 0 0
 outer loop
  vertex 65 -45 0
  vertex 51.20207977294922 -31.20208168029785 0
  vertex 51.34870147705078 -31.034894943237305 0
 endloop
endfacet
facet normal 0 0 0
 outer loop
  vertex 40 1.7000000476837158 0
  vertex -3.122849275568831e-16 1.7000000476837158 0
  vertex 65 45 0
 endloop
endfacet
facet normal 0 0 0
 outer loop
  vertex -50.43999099731445 -28.357925415039062 0
  vertex 40.221893310546875 -1.6854562759399414 0
  vertex 40.43999099731445 -1.6420738697052002 0
 endloop
endfacet
facet normal 0 0 0
 outer loop
  vertex 65 -45 0
  vertex 51.34870147705078 -31.034894943237305 0
  vertex 51.47224426269531 -30.850000381469727 0
 endloop
endfacet
facet normal 0 0 0
 outer loop
  vertex 40.221893310546875 1.6854562759399414 0
  vertex 40 1.7000000476837158 0
  vertex 65 45 0
 endloop
endfacet
facet normal 0 0 0
 outer loop
  vertex -50.221893310546875 -28.314544677734375 0
  vertex -50.43999099731445 -28.357925415039062 0
  vertex 40.43999099731445 -1.6420738697052002 0
 endloop
endfacet
facet normal 0 0 0
 outer loop
  vertex 65 -45 0
  vertex 51.47224426269531 -30.850000381469727 0
  vertex 51.570594787597656 -30.650562286376953 0
 endloop
endfacet
facet normal 0 0 0
 outer loop
  vertex 40.43999099731445 1.6420738697052002 0
  vertex 40.221893310546875 1.6854562759399414 0
  vertex 65 45 0
 endloop
endfacet
facet normal 0 0 0
 outer loop
  vertex -50 -28.299999237060547 0
  vertex -50.221893310546875 -28.314544677734375 0
  vertex 40.43999099731445 -1.6420738697052002 0
 endloop
endfacet
facet normal 0 0 0
 outer loop
  vertex 65 -45 0
  vertex 51.570594787597656 -30.650562286376953 0
  vertex 51.64207458496094 -30.439992904663086 0
 endloop
endfacet
facet normal 0 0 0
 outer loop
  vertex 40.65056228637695 1.5705952644348145 0
  vertex 40.43999099731445 1.6420738697052002 0
  vertex 65 45 0
 endloop
endfacet
facet normal 0 0 0
 outer loop
  vertex 50 -28.299999237060547 0
  vertex -50 -28.299999237060547 0
  vertex 40.43999099731445 -1.6420738697052002 0
 endloop
endfacet
facet normal 0 0 0
 outer loop
  vertex 65 -45 0
  vertex 51.64207458496094 -30.439992904663086 0
  vertex 51.685455322265625 -30.221895217895508 0
 endloop
endfacet
facet normal 0 0 0
 outer loop
  vertex 40.849998474121094 1.4722431898117065 0
  vertex 40.65056228637695 1.5705952644348145 0
  vertex 65 45 0
 endloop
endfacet
facet normal 0 0 0
 outer loop
  vertex 50 -28.299999237060547 0
  vertex 40.43999099731445 -1.6420738697052002 0
  vertex 40.65056228637695 -1.5705952644348145 0
 endloop
endfacet
facet normal 0 0 0
 outer loop
  vertex 65 -45 0
  vertex 51.685455322265625 -30.221895217895508 0
  vertex 51.70000076293945 -30 0
 endloop
endfacet
facet normal 0 0 0
 outer loop
  vertex 41.03489303588867 1.3487006425857544 0
  vertex 40.849998474121094 1.4722431898117065 0
  vertex 65 45 0
 endloop
endfacet
facet normal 0 0 0
 outer loop
  vertex 50 -28.299999237060547 0
  vertex 40.65056228637695 -1.5705952644348145 0
  vertex 40.849998474121094 -1.4722431898117065 0
 endloop
endfacet
facet normal 0 0 0
 outer loop
  vertex 65 -45 0
  vertex 51.70000076293945 -30 0
  vertex 51.685455322265625 -29.778104782104492 0
 endloop
endfacet
facet normal 0 0 0
 outer loop
  vertex 41.20207977294922 1.202081561088562 0
  vertex 41.03489303588867 1.3487006425857544 0
  vertex 65 45 0
 endloop
endfacet
facet normal 0 0 0
 outer loop
  vertex 50 -28.299999237060547 0
  vertex 40.849998474121094 -1.4722431898117065 0
  vertex 41.03489303588867 -1.3487006425857544 0
 endloop
endfacet
facet normal 0 0 0
 outer loop
  vertex 65 -45 0
  vertex 51.685455322265625 -29.778104782104492 0
  vertex 51.64207458496094 -29.560007095336914 0
 endloop
endfacet
facet normal 0 0 0
 outer loop
  vertex 41.34870147705078 1.0348944664001465 0
  vertex 41.20207977294922 1.202081561088562 0
  vertex 65 45 0
 endloop
endfacet
facet normal 0 0 0
 outer loop
  vertex 50 -28.299999237060547 0
  vertex 41.03489303588867 -1.3487006425857544 0
  vertex 41.20207977294922 -1.202081561088562 0
 endloop
endfacet
facet normal 0 0 0
 outer loop
  vertex 65 -45 0
  vertex 51.64207458496094 -29.560007095336914 0
  vertex 51.570594787597656 -29.349437713623047 0
 endloop
endfacet
facet normal 0 0 0
 outer loop
  vertex 41.47224426269531 0.8500000238418579 0
  vertex 41.34870147705078 1.0348944664001465 0
  vertex 65 45 0
 endloop
endfacet
facet normal 0 0 0
 outer loop
  vertex 50 -28.299999237060547 0
  vertex 41.20207977294922 -1.202081561088562 0
  vertex 41.34870147705078 -1.0348944664001465 0
 endloop
endfacet
facet normal 0 0 0
 outer loop
  vertex 65 -45 0
  vertex 51.570594787597656 -29.349437713623047 0
  vertex 51.47224426269531 -29.149999618530273 0
 endloop
endfacet
facet normal 0 0 0
 outer loop
  vertex 41.47224426269531 0.8500000238418579 0
  vertex 65 45 0
  vertex 65 -45 0
 endloop
endfacet
facet normal 0 0 0
 outer loop
  vertex 50 -28.299999237060547 0
  vertex 41.34870147705078 -1.0348944664001465 0
  vertex 41.47224426269531 -0.8500000238418579 0
 endloop
endfacet
facet normal 0 0 0
 outer loop
  vertex 65 -45 0
  vertex 51.47224426269531 -29.149999618530273 0
  vertex 51.34870147705078 -28.965105056762695 0
 endloop
endfacet
facet normal 0 0 0
 outer loop
  vertex 41.570594787597656 0.6505618095397949 0
  vertex 41.47224426269531 0.8500000238418579 0
  vertex 65 -45 0
 endloop
endfacet
facet normal 0 0 0
 outer loop
  vertex 50 -28.299999237060547 0
  vertex 41.47224426269531 -0.8500000238418579 0
  vertex 41.570594787597656 -0.6505618095397949 0
 endloop
endfacet
facet normal 0 0 0
 outer loop
  vertex 41.64207458496094 0.43999236822128296 0
  vertex 41.570594787597656 0.6505618095397949 0
  vertex 65 -45 0
 endloop
endfacet
facet normal 0 0 0
 outer loop
  vertex 50 -28.299999237060547 0
  vertex 41.570594787597656 -0.6505618095397949 0
  vertex 41.64207458496094 -0.43999236822128296 0
 endloop
endfacet
facet normal 0 0 0
 outer loop
  vertex 41.64207458496094 0.43999236822128296 0
  vertex 65 -45 0
  vertex 51.34870147705078 -28.965105056762695 0
 endloop
endfacet
facet normal 0 0 0
 outer loop
  vertex 50 -28.299999237060547 0
  vertex 41.64207458496094 -0.43999236822128296 0
  vertex 41.685455322265625 -0.2218945324420929 0
 endloop
endfacet
facet normal 0 0 0
 outer loop
  vertex 41.64207458496094 0.43999236822128296 0
  vertex 51.34870147705078 -28.965105056762695 0
  vertex 51.20207977294922 -28.79791831970215 0
 endloop
endfacet
facet normal 0 0 0
 outer loop
  vertex 50 -28.299999237060547 0
  vertex 41.685455322265625 -0.2218945324420929 0
  vertex 41.70000076293945 0 0
 endloop
endfacet
facet normal 0 0 0
 outer loop
  vertex 41.64207458496094 0.43999236822128296 0
  vertex 51.20207977294922 -28.79791831970215 0
  vertex 51.03489303588867 -28.65129852294922 0
 endloop
endfacet
facet normal 0 0 0
 outer loop
  vertex 50 -28.299999237060547 0
  vertex 41.70000076293945 0 0
  vertex 41.685455322265625 0.2218945324420929 0
 endloop
endfacet
facet normal 0 0 0
 outer loop
  vertex 41.64207458496094 0.43999236822128296 0
  vertex 51.03489303588867 -28.65129852294922 0
  vertex 50.849998474121094 -28.52775764465332 0
 endloop
endfacet
facet normal 0 0 0
 outer loop
  vertex 50 -28.299999237060547 0
  vertex 41.685455322265625 0.2218945324420929 0
  vertex 41.64207458496094 0.43999236822128296 0
 endloop
endfacet
facet normal 0 0 0
 outer loop
  vertex 41.64207458496094 0.43999236822128296 0
  vertex 50.849998474121094 -28.52775764465332 0
  vertex 50.65056228637695 -28.429405212402344 0
 endloop
endfacet
facet normal 0 0 0
 outer loop
  vertex 50.221893310546875 -28.314544677734375 0
  vertex 50 -28.299999237060547 0
  vertex 41.64207458496094 0.43999236822128296 0
 endloop
endfacet
facet normal 0 0 0
 outer loop
  vertex 41.64207458496094 0.43999236822128296 0
  vertex 50.65056228637695 -28.429405212402344 0
  vertex 50.43999099731445 -28.357925415039062 0
 endloop
endfacet
facet normal 0 0 0
 outer loop
  vertex 50.43999099731445 -28.357925415039062 0
  vertex 50.221893310546875 -28.314544677734375 0
  vertex 41.64207458496094 0.43999236822128296 0
 endloop
endfacet
facet normal 0 0 0
 outer loop
  vertex -48.29999923706055 -30 4
  vertex 48.29999923706055 -30 4
  vertex 48.314544677734375 -29.778104782104492 4
 endloop
endfacet
facet normal 0 0 0
 outer loop
  vertex 48.314544677734375 -30.221895217895508 4
  vertex 48.29999923706055 -30 4
  vertex -48.29999923706055 -30 4
 endloop
endfacet
facet normal 0 0 0
 outer loop
  vertex -51.685455322265625 -30.221895217895508 4
  vertex -51.70000076293945 -30 4
  vertex -65 -45 4
 endloop
endfacet
facet normal 0 0 0
 outer loop
  vertex -65 45 4
  vertex -65 -45 4
  vertex -41.70000076293945 -2.0818995170458873e-16 4
 endloop
endfacet
facet normal 0 0 0
 outer loop
  vertex -38.29999923706055 0 4
  vertex -38.314544677734375 -0.2218945324420929 4
  vertex -1.7000000476837158 -2.0818995170458873e-16 4
 endloop
endfacet
facet normal 0 0 0
 outer loop
  vertex 1.7000000476837158 0 4
  vertex 1.6854562759399414 -0.2218945324420929 4
  vertex 38.29999923706055 -2.0818995170458873e-16 4
 endloop
endfacet
facet normal 0 0 0
 outer loop
  vertex 38.314544677734375 -0.2218945324420929 4
  vertex 38.29999923706055 -2.0818995170458873e-16 4
  vertex 1.6854562759399414 -0.2218945324420929 4
 endloop
endfacet
facet normal 0 0 0
 outer loop
  vertex -1.6854562759399414 -0.2218945324420929 4
  vertex -1.7000000476837158 -2.0818995170458873e-16 4
  vertex -38.314544677734375 -0.2218945324420929 4
 endloop
endfacet
facet normal 0 0 0
 outer loop
  vertex -41.685455322265625 -0.2218945324420929 4
  vertex -41.70000076293945 -2.0818995170458873e-16 4
  vertex -65 -45 4
 endloop
endfacet
facet normal 0 0 0
 outer loop
  vertex -65 -45 4
  vertex -51.70000076293945 -30 4
  vertex -51.685455322265625 -29.778104782104492 4
 endloop
endfacet
facet normal 0 0 0
 outer loop
  vertex -48.314544677734375 -29.778104782104492 4
  vertex -48.29999923706055 -30 4
  vertex 48.314544677734375 -29.778104782104492 4
 endloop
endfacet
facet normal 0 0 0
 outer loop
  vertex 48.35792541503906 -30.439992904663086 4
  vertex 48.314544677734375 -30.221895217895508 4
  vertex -48.29999923706055 -30 4
 endloop
endfacet
facet normal 0 0 0
 outer loop
  vertex -51.64207458496094 -30.439992904663086 4
  vertex -51.685455322265625 -30.221895217895508 4
  vertex -65 -45 4
 endloop
endfacet
facet normal 0 0 0
 outer loop
  vertex -65 45 4
  vertex -41.70000076293945 -2.0818995170458873e-16 4
  vertex -41.685455322265625 0.2218945324420929 4
 endloop
endfacet
facet normal 0 0 0
 outer loop
  vertex -38.314544677734375 0.2218945324420929 4
  vertex -38.29999923706055 0 4
  vertex -1.7000000476837158 -2.0818995170458873e-16 4
 endloop
endfacet
facet normal 0 0 0
 outer loop
  vertex 1.6854562759399414 0.2218945324420929 4
  vertex 1.7000000476837158 0 4
  vertex 38.29999923706055 -2.0818995170458873e-16 4
 endloop
endfacet
facet normal 0 0 0
 outer loop
  vertex 38.35792541503906 -0.43999236822128296 4
  vertex 38.314544677734375 -0.2218945324420929 4
  vertex 1.6854562759399414 -0.2218945324420929 4
 endloop
endfacet
facet normal 0 0 0
 outer loop
  vertex -1.6420738697052002 -0.43999236822128296 4
  vertex -1.6854562759399414 -0.2218945324420929 4
  vertex -38.314544677734375 -0.2218945324420929 4
 endloop
endfacet
facet normal 0 0 0
 outer loop
  vertex -41.64207458496094 -0.43999236822128296 4
  vertex -41.685455322265625 -0.2218945324420929 4
  vertex -65 -45 4
 endloop
endfacet
facet normal 0 0 0
 outer loop
  vertex -65 -45 4
  vertex -51.685455322265625 -29.778104782104492 4
  vertex -51.64207458496094 -29.560007095336914 4
 endloop
endfacet
facet normal 0 0 0
 outer loop
  vertex -48.35792541503906 -29.560007095336914 4
  vertex -48.314544677734375 -29.778104782104492 4
  vertex 48.314544677734375 -29.778104782104492 4
 endloop
endfacet
facet normal 0 0 0
 outer loop
  vertex 48.429405212402344 -30.650562286376953 4
  vertex 48.35792541503906 -30.439992904663086 4
  vertex -48.29999923706055 -30 4
 endloop
endfacet
facet normal 0 0 0
 outer loop
  vertex -51.570594787597656 -30.650562286376953 4
  vertex -51.64207458496094 -30.439992904663086 4
  vertex -65 -45 4
 endloop
endfacet
facet normal 0 0 0
 outer loop
  vertex -65 45 4
  vertex -41.685455322265625 0.2218945324420929 4
  vertex -41.64207458496094 0.43999236822128296 4
 endloop
endfacet
facet normal 0 0 0
 outer loop
  vertex -38.35792541503906 0.43999236822128296 4
  vertex -38.314544677734375 0.2218945324420929 4
  vertex -1.7000000476837158 -2.0818995170458873e-16 4
 endloop
endfacet
facet normal 0 0 0
 outer loop
  vertex 1.6420738697052002 0.43999236822128296 4
  vertex 1.6854562759399414 0.2218945324420929 4
  vertex 38.29999923706055 -2.0818995170458873e-16 4
 endloop
endfacet
facet normal 0 0 0
 outer loop
  vertex 38.429405212402344 -0.6505618095397949 4
  vertex 38.35792541503906 -0.43999236822128296 4
  vertex 1.6854562759399414 -0.2218945324420929 4
 endloop
endfacet
facet normal 0 0 0
 outer loop
  vertex -1.5705952644348145 -0.6505618095397949 4
  vertex -1.6420738697052002 -0.43999236822128296 4
  vertex -38.314544677734375 -0.2218945324420929 4
 endloop
endfacet
facet normal 0 0 0
 outer loop
  vertex -41.570594787597656 -0.6505618095397949 4
  vertex -41.64207458496094 -0.43999236822128296 4
  vertex -65 -45 4
 endloop
endfacet
facet normal 0 0 0
 outer loop
  vertex -65 -45 4
  vertex -51.64207458496094 -29.560007095336914 4
  vertex -51.570594787597656 -29.349437713623047 4
 endloop
endfacet
facet normal 0 0 0
 outer loop
  vertex -48.429405212402344 -29.349437713623047 4
  vertex -48.35792541503906 -29.560007095336914 4
  vertex 48.314544677734375 -29.778104782104492 4
 endloop
endfacet
facet normal 0 0 0
 outer loop
  vertex 48.52775573730469 -30.850000381469727 4
  vertex 48.429405212402344 -30.650562286376953 4
  vertex -48.29999923706055 -30 4
 endloop
endfacet
facet normal 0 0 0
 outer loop
  vertex -51.47224426269531 -30.850000381469727 4
  vertex -51.570594787597656 -30.650562286376953 4
  vertex -65 -45 4
 endloop
endfacet
facet normal 0 0 0
 outer loop
  vertex -65 45 4
  vertex -41.64207458496094 0.43999236822128296 4
  vertex -41.570594787597656 0.6505618095397949 4
 endloop
endfacet
facet normal 0 0 0
 outer loop
  vertex -38.429405212402344 0.6505618095397949 4
  vertex -38.35792541503906 0.43999236822128296 4
  vertex -1.7000000476837158 -2.0818995170458873e-16 4
 endloop
endfacet
facet normal 0 0 0
 outer loop
  vertex 1.5705952644348145 0.6505618095397949 4
  vertex 1.6420738697052002 0.43999236822128296 4
  vertex 38.29999923706055 -2.0818995170458873e-16 4
 endloop
endfacet
facet normal 0 0 0
 outer loop
  vertex 38.52775573730469 -0.8500000238418579 4
  vertex 38.429405212402344 -0.6505618095397949 4
  vertex 1.6854562759399414 -0.2218945324420929 4
 endloop
endfacet
facet normal 0 0 0
 outer loop
  vertex -1.4722431898117065 -0.8500000238418579 4
  vertex -1.5705952644348145 -0.6505618095397949 4
  vertex -38.314544677734375 -0.2218945324420929 4
 endloop
endfacet
facet normal 0 0 0
 outer loop
  vertex -41.47224426269531 -0.8500000238418579 4
  vertex -41.570594787597656 -0.6505618095397949 4
  vertex -65 -45 4
 endloop
endfacet
facet normal 0 0 0
 outer loop
  vertex -65 -45 4
  vertex -51.570594787597656 -29.349437713623047 4
  vertex -51.47224426269531 -29.149999618530273 4
 endloop
endfacet
facet normal 0 0 0
 outer loop
  vertex -48.52775573730469 -29.149999618530273 4
  vertex -48.429405212402344 -29.349437713623047 4
  vertex 48.314544677734375 -29.778104782104492 4
 endloop
endfacet
facet normal 0 0 0
 outer loop
  vertex 48.65129852294922 -31.034894943237305 4
  vertex 48.52775573730469 -30.850000381469727 4
  vertex -48.29999923706055 -30 4
 endloop
endfacet
facet normal 0 0 0
 outer loop
  vertex -51.34870147705078 -31.034894943237305 4
  vertex -51.47224426269531 -30.850000381469727 4
  vertex -65 -45 4
 endloop
endfacet
facet normal 0 0 0
 outer loop
  vertex -65 45 4
  vertex -41.570594787597656 0.6505618095397949 4
  vertex -41.47224426269531 0.8500000238418579 4
 endloop
endfacet
facet normal 0 0 0
 outer loop
  vertex -38.52775573730469 0.8500000238418579 4
  vertex -38.429405212402344 0.6505618095397949 4
  vertex -1.7000000476837158 -2.0818995170458873e-16 4
 endloop
endfacet
facet normal 0 0 0
 outer loop
  vertex 1.4722431898117065 0.8500000238418579 4
  vertex 1.5705952644348145 0.6505618095397949 4
  vertex 38.29999923706055 -2.0818995170458873e-16 4
 endloop
endfacet
facet normal 0 0 0
 outer loop
  vertex 38.65129852294922 -1.0348944664001465 4
  vertex 38.52775573730469 -0.8500000238418579 4
  vertex 1.6854562759399414 -0.2218945324420929 4
 endloop
endfacet
facet normal 0 0 0
 outer loop
  vertex -1.3487006425857544 -1.0348944664001465 4
  vertex -1.4722431898117065 -0.8500000238418579 4
  vertex -38.314544677734375 -0.2218945324420929 4
 endloop
endfacet
facet normal 0 0 0
 outer loop
  vertex -41.34870147705078 -1.0348944664001465 4
  vertex -41.47224426269531 -0.8500000238418579 4
  vertex -65 -45 4
 endloop
endfacet
facet normal 0 0 0
 outer loop
  vertex -65 -45 4
  vertex -51.47224426269531 -29.149999618530273 4
  vertex -51.34870147705078 -28.965105056762695 4
 endloop
endfacet
facet normal 0 0 0
 outer loop
  vertex -48.65129852294922 -28.965105056762695 4
  vertex -48.52775573730469 -29.149999618530273 4
  vertex 48.314544677734375 -29.778104782104492 4
 endloop
endfacet
facet normal 0 0 0
 outer loop
  vertex 48.79792022705078 -31.20208168029785 4
  vertex 48.65129852294922 -31.034894943237305 4
  vertex -48.29999923706055 -30 4
 endloop
endfacet
facet normal 0 0 0
 outer loop
  vertex -51.20207977294922 -31.20208168029785 4
  vertex -51.34870147705078 -31.034894943237305 4
  vertex -65 -45 4
 endloop
endfacet
facet normal 0 0 0
 outer loop
  vertex -65 45 4
  vertex -41.47224426269531 0.8500000238418579 4
  vertex -41.34870147705078 1.0348944664001465 4
 endloop
endfacet
facet normal 0 0 0
 outer loop
  vertex -38.65129852294922 1.0348944664001465 4
  vertex -38.52775573730469 0.8500000238418579 4
  vertex -1.7000000476837158 -2.0818995170458873e-16 4
 endloop
endfacet
facet normal 0 0 0
 outer loop
  vertex 1.3487006425857544 1.0348944664001465 4
  vertex 1.4722431898117065 0.8500000238418579 4
  vertex 38.29999923706055 -2.0818995170458873e-16 4
 endloop
endfacet
facet normal 0 0 0
 outer loop
  vertex 38.79792022705078 -1.202081561088562 4
  vertex 38.65129852294922 -1.0348944664001465 4
  vertex 1.6854562759399414 -0.2218945324420929 4
 endloop
endfacet
facet normal 0 0 0
 outer loop
  vertex -1.202081561088562 -1.202081561088562 4
  vertex -1.3487006425857544 -1.0348944664001465 4
  vertex -38.314544677734375 -0.2218945324420929 4
 endloop
endfacet
facet normal 0 0 0
 outer loop
  vertex -41.20207977294922 -1.202081561088562 4
  vertex -41.34870147705078 -1.0348944664001465 4
  vertex -65 -45 4
 endloop
endfacet
facet normal 0 0 0
 outer loop
  vertex -48.79792022705078 -28.79791831970215 4
  vertex -48.65129852294922 -28.965105056762695 4
  vertex 48.314544677734375 -29.778104782104492 4
 endloop
endfacet
facet normal 0 0 0
 outer loop
  vertex 48.96510696411133 -31.34870147705078 4
  vertex 48.79792022705078 -31.20208168029785 4
  vertex -48.29999923706055 -30 4
 endloop
endfacet
facet normal 0 0 0
 outer loop
  vertex -51.03489303588867 -31.34870147705078 4
  vertex -51.20207977294922 -31.20208168029785 4
  vertex -65 -45 4
 endloop
endfacet
facet normal 0 0 0
 outer loop
  vertex -65 45 4
  vertex -41.34870147705078 1.0348944664001465 4
  vertex -41.20207977294922 1.202081561088562 4
 endloop
endfacet
facet normal 0 0 0
 outer loop
  vertex -38.79792022705078 1.202081561088562 4
  vertex -38.65129852294922 1.0348944664001465 4
  vertex -1.7000000476837158 -2.0818995170458873e-16 4
 endloop
endfacet
facet normal 0 0 0
 outer loop
  vertex 1.202081561088562 1.202081561088562 4
  vertex 1.3487006425857544 1.0348944664001465 4
  vertex 38.29999923706055 -2.0818995170458873e-16 4
 endloop
endfacet
facet normal 0 0 0
 outer loop
  vertex 38.96510696411133 -1.3487006425857544 4
  vertex 38.79792022705078 -1.202081561088562 4
  vertex 1.6854562759399414 -0.2218945324420929 4
 endloop
endfacet
facet normal 0 0 0
 outer loop
  vertex -1.0348944664001465 -1.3487006425857544 4
  vertex -1.202081561088562 -1.202081561088562 4
  vertex -38.314544677734375 -0.2218945324420929 4
 endloop
endfacet
facet normal 0 0 0
 outer loop
  vertex -41.03489303588867 -1.3487006425857544 4
  vertex -41.20207977294922 -1.202081561088562 4
  vertex -65 -45 4
 endloop
endfacet
facet normal 0 0 0
 outer loop
  vertex -48.96510696411133 -28.65129852294922 4
  vertex -48.79792022705078 -28.79791831970215 4
  vertex 48.314544677734375 -29.778104782104492 4
 endloop
endfacet
facet normal 0 0 0
 outer loop
  vertex 49.150001525878906 -31.47224235534668 4
  vertex 48.96510696411133 -31.34870147705078 4
  vertex -48.29999923706055 -30 4
 endloop
endfacet
facet normal 0 0 0
 outer loop
  vertex -50.849998474121094 -31.47224235534668 4
  vertex -51.03489303588867 -31.34870147705078 4
  vertex -65 -45 4
 endloop
endfacet
facet normal 0 0 0
 outer loop
  vertex -65 45 4
  vertex -41.20207977294922 1.202081561088562 4
  vertex -41.03489303588867 1.3487006425857544 4
 endloop
endfacet
facet normal 0 0 0
 outer loop
  vertex -38.96510696411133 1.3487006425857544 4
  vertex -38.79792022705078 1.202081561088562 4
  vertex -1.7000000476837158 -2.0818995170458873e-16 4
 endloop
endfacet
facet normal 0 0 0
 outer loop
  vertex 1.0348944664001465 1.3487006425857544 4
  vertex 1.202081561088562 1.202081561088562 4
  vertex 38.29999923706055 -2.0818995170458873e-16 4
 endloop
endfacet
facet normal 0 0 0
 outer loop
  vertex 39.150001525878906 -1.4722431898117065 4
  vertex 38.96510696411133 -1.3487006425857544 4
  vertex 1.6854562759399414 -0.2218945324420929 4
 endloop
endfacet
facet normal 0 0 0
 outer loop
  vertex -0.8500000238418579 -1.4722431898117065 4
  vertex -1.0348944664001465 -1.3487006425857544 4
  vertex -38.314544677734375 -0.2218945324420929 4
 endloop
endfacet
facet normal 0 0 0
 outer loop
  vertex -40.849998474121094 -1.4722431898117065 4
  vertex -41.03489303588867 -1.3487006425857544 4
  vertex -65 -45 4
 endloop
endfacet
facet normal 0 0 0
 outer loop
  vertex -49.150001525878906 -28.52775764465332 4
  vertex -48.96510696411133 -28.65129852294922 4
  vertex 48.314544677734375 -29.778104782104492 4
 endloop
endfacet
facet normal 0 0 0
 outer loop
  vertex 49.34943771362305 -31.570594787597656 4
  vertex 49.150001525878906 -31.47224235534668 4
  vertex -48.29999923706055 -30 4
 endloop
endfacet
facet normal 0 0 0
 outer loop
  vertex -50.65056228637695 -31.570594787597656 4
  vertex -50.849998474121094 -31.47224235534668 4
  vertex -65 -45 4
 endloop
endfacet
facet normal 0 0 0
 outer loop
  vertex -65 45 4
  vertex -41.03489303588867 1.3487006425857544 4
  vertex -40.849998474121094 1.4722431898117065 4
 endloop
endfacet
facet normal 0 0 0
 outer loop
  vertex -39.150001525878906 1.4722431898117065 4
  vertex -38.96510696411133 1.3487006425857544 4
  vertex -1.7000000476837158 -2.0818995170458873e-16 4
 endloop
endfacet
facet normal 0 0 0
 outer loop
  vertex 0.8500000238418579 1.4722431898117065 4
  vertex 1.0348944664001465 1.3487006425857544 4
  vertex 38.29999923706055 -2.0818995170458873e-16 4
 endloop
endfacet
facet normal 0 0 0
 outer loop
  vertex 39.34943771362305 -1.5705952644348145 4
  vertex 39.150001525878906 -1.4722431898117065 4
  vertex 1.6854562759399414 -0.2218945324420929 4
 endloop
endfacet
facet normal 0 0 0
 outer loop
  vertex -0.6505618095397949 -1.5705952644348145 4
  vertex -0.8500000238418579 -1.4722431898117065 4
  vertex -38.314544677734375 -0.2218945324420929 4
 endloop
endfacet
facet normal 0 0 0
 outer loop
  vertex -40.65056228637695 -1.5705952644348145 4
  vertex -40.849998474121094 -1.4722431898117065 4
  vertex -65 -45 4
 endloop
endfacet
facet normal 0 0 0
 outer loop
  vertex -49.34943771362305 -28.429405212402344 4
  vertex -49.150001525878906 -28.52775764465332 4
  vertex 48.314544677734375 -29.778104782104492 4
 endloop
endfacet
facet normal 0 0 0
 outer loop
  vertex 49.56000900268555 -31.642074584960938 4
  vertex 49.34943771362305 -31.570594787597656 4
  vertex -48.29999923706055 -30 4
 endloop
endfacet
facet normal 0 0 0
 outer loop
  vertex -50.43999099731445 -31.642074584960938 4
  vertex -50.65056228637695 -31.570594787597656 4
  vertex -65 -45 4
 endloop
endfacet
facet normal 0 0 0
 outer loop
  vertex -65 45 4
  vertex -40.849998474121094 1.4722431898117065 4
  vertex -40.65056228637695 1.5705952644348145 4
 endloop
endfacet
facet normal 0 0 0
 outer loop
  vertex -39.34943771362305 1.5705952644348145 4
  vertex -39.150001525878906 1.4722431898117065 4
  vertex -1.7000000476837158 -2.0818995170458873e-16 4
 endloop
endfacet
facet normal 0 0 0
 outer loop
  vertex 0.6505618095397949 1.5705952644348145 4
  vertex 0.8500000238418579 1.4722431898117065 4
  vertex 38.29999923706055 -2.0818995170458873e-16 4
 endloop
endfacet
facet normal 0 0 0
 outer loop
  vertex 39.56000900268555 -1.6420738697052002 4
  vertex 39.34943771362305 -1.5705952644348145 4
  vertex 1.6854562759399414 -0.2218945324420929 4
 endloop
endfacet
facet normal 0 0 0
 outer loop
  vertex -0.43999236822128296 -1.6420738697052002 4
  vertex -0.6505618095397949 -1.5705952644348145 4
  vertex -38.314544677734375 -0.2218945324420929 4
 endloop
endfacet
facet normal 0 0 0
 outer loop
  vertex -40.43999099731445 -1.6420738697052002 4
  vertex -40.65056228637695 -1.5705952644348145 4
  vertex -65 -45 4
 endloop
endfacet
facet normal 0 0 0
 outer loop
  vertex -49.56000900268555 -28.357925415039062 4
  vertex -49.34943771362305 -28.429405212402344 4
  vertex 48.314544677734375 -29.778104782104492 4
 endloop
endfacet
facet normal 0 0 0
 outer loop
  vertex 49.778106689453125 -31.685455322265625 4
  vertex 49.56000900268555 -31.642074584960938 4
  vertex -48.29999923706055 -30 4
 endloop
endfacet
facet normal 0 0 0
 outer loop
  vertex -50.221893310546875 -31.685455322265625 4
  vertex -50.43999099731445 -31.642074584960938 4
  vertex -65 -45 4
 endloop
endfacet
facet normal 0 0 0
 outer loop
  vertex 65 45 4
  vertex -65 45 4
  vertex -40.65056228637695 1.5705952644348145 4
 endloop
endfacet
facet normal 0 0 0
 outer loop
  vertex -39.56000900268555 1.6420738697052002 4
  vertex -39.34943771362305 1.5705952644348145 4
  vertex -1.7000000476837158 -2.0818995170458873e-16 4
 endloop
endfacet
facet normal 0 0 0
 outer loop
  vertex 0.43999236822128296 1.6420738697052002 4
  vertex 0.6505618095397949 1.5705952644348145 4
  vertex 38.29999923706055 -2.0818995170458873e-16 4
 endloop
endfacet
facet normal 0 0 0
 outer loop
  vertex 39.778106689453125 -1.6854562759399414 4
  vertex 39.56000900268555 -1.6420738697052002 4
  vertex 1.6854562759399414 -0.2218945324420929 4
 endloop
endfacet
facet normal 0 0 0
 outer loop
  vertex -0.2218945324420929 -1.6854562759399414 4
  vertex -0.43999236822128296 -1.6420738697052002 4
  vertex -38.314544677734375 -0.2218945324420929 4
 endloop
endfacet
facet normal 0 0 0
 outer loop
  vertex -40.221893310546875 -1.6854562759399414 4
  vertex -40.43999099731445 -1.6420738697052002 4
  vertex -65 -45 4
 endloop
endfacet
facet normal 0 0 0
 outer loop
  vertex -49.778106689453125 -28.314544677734375 4
  vertex -49.56000900268555 -28.357925415039062 4
  vertex 48.314544677734375 -29.778104782104492 4
 endloop
endfacet
facet normal 0 0 0
 outer loop
  vertex 50 -31.700000762939453 4
  vertex 49.778106689453125 -31.685455322265625 4
  vertex -48.29999923706055 -30 4
 endloop
endfacet
facet normal 0 0 0
 outer loop
  vertex -50 -31.700000762939453 4
  vertex -50.221893310546875 -31.685455322265625 4
  vertex -65 -45 4
 endloop
endfacet
facet normal 0 0 0
 outer loop
  vertex 65 45 4
  vertex -40.65056228637695 1.5705952644348145 4
  vertex -40.43999099731445 1.6420738697052002 4
 endloop
endfacet
facet normal 0 0 0
 outer loop
  vertex -39.778106689453125 1.6854562759399414 4
  vertex -39.56000900268555 1.6420738697052002 4
  vertex -1.7000000476837158 -2.0818995170458873e-16 4
 endloop
endfacet
facet normal 0 0 0
 outer loop
  vertex 0.2218945324420929 1.6854562759399414 4
  vertex 0.43999236822128296 1.6420738697052002 4
  vertex 38.29999923706055 -2.0818995170458873e-16 4
 endloop
endfacet
facet normal 0 0 0
 outer loop
  vertex 40 -1.7000000476837158 4
  vertex 39.778106689453125 -1.6854562759399414 4
  vertex 1.6854562759399414 -0.2218945324420929 4
 endloop
endfacet
facet normal 0 0 0
 outer loop
  vertex 1.0409497585229437e-16 -1.7000000476837158 4
  vertex -0.2218945324420929 -1.6854562759399414 4
  vertex -38.314544677734375 -0.2218945324420929 4
 endloop
endfacet
facet normal 0 0 0
 outer loop
  vertex -40 -1.7000000476837158 4
  vertex -40.221893310546875 -1.6854562759399414 4
  vertex -65 -45 4
 endloop
endfacet
facet normal 0 0 0
 outer loop
  vertex -50 -28.299999237060547 4
  vertex -49.778106689453125 -28.314544677734375 4
  vertex 48.314544677734375 -29.778104782104492 4
 endloop
endfacet
facet normal 0 0 0
 outer loop
  vertex 50 -31.700000762939453 4
  vertex -48.29999923706055 -30 4
  vertex -48.314544677734375 -30.221895217895508 4
 endloop
endfacet
facet normal 0 0 0
 outer loop
  vertex -49.778106689453125 -31.685455322265625 4
  vertex -50 -31.700000762939453 4
  vertex -65 -45 4
 endloop
endfacet
facet normal 0 0 0
 outer loop
  vertex 65 45 4
  vertex -40.43999099731445 1.6420738697052002 4
  vertex -40.221893310546875 1.6854562759399414 4
 endloop
endfacet
facet normal 0 0 0
 outer loop
  vertex -40 1.7000000476837158 4
  vertex -39.778106689453125 1.6854562759399414 4
  vertex -1.7000000476837158 -2.0818995170458873e-16 4
 endloop
endfacet
facet normal 0 0 0
 outer loop
  vertex -3.122849275568831e-16 1.7000000476837158 4
  vertex 0.2218945324420929 1.6854562759399414 4
  vertex 38.29999923706055 -2.0818995170458873e-16 4
 endloop
endfacet
facet normal 0 0 0
 outer loop
  vertex 40 -1.7000000476837158 4
  vertex 1.6854562759399414 -0.2218945324420929 4
  vertex 1.6420738697052002 -0.43999236822128296 4
 endloop
endfacet
facet normal 0 0 0
 outer loop
  vertex 1.0409497585229437e-16 -1.7000000476837158 4
  vertex -38.314544677734375 -0.2218945324420929 4
  vertex -38.35792541503906 -0.43999236822128296 4
 endloop
endfacet
facet normal 0 0 0
 outer loop
  vertex -39.778106689453125 -1.6854562759399414 4
  vertex -40 -1.7000000476837158 4
  vertex -65 -45 4
 endloop
endfacet
facet normal 0 0 0
 outer loop
  vertex -50 -28.299999237060547 4
  vertex 48.314544677734375 -29.778104782104492 4
  vertex 48.35792541503906 -29.560007095336914 4
 endloop
endfacet
facet normal 0 0 0
 outer loop
  vertex 50 -31.700000762939453 4
  vertex -48.314544677734375 -30.221895217895508 4
  vertex -48.35792541503906 -30.439992904663086 4
 endloop
endfacet
facet normal 0 0 0
 outer loop
  vertex -49.56000900268555 -31.642074584960938 4
  vertex -49.778106689453125 -31.685455322265625 4
  vertex -65 -45 4
 endloop
endfacet
facet normal 0 0 0
 outer loop
  vertex 65 45 4
  vertex -40.221893310546875 1.6854562759399414 4
  vertex -40 1.7000000476837158 4
 endloop
endfacet
facet normal 0 0 0
 outer loop
  vertex -40 1.7000000476837158 4
  vertex -1.7000000476837158 -2.0818995170458873e-16 4
  vertex -1.6854562759399414 0.2218945324420929 4
 endloop
endfacet
facet normal 0 0 0
 outer loop
  vertex -3.122849275568831e-16 1.7000000476837158 4
  vertex 38.29999923706055 -2.0818995170458873e-16 4
  vertex 38.314544677734375 0.2218945324420929 4
 endloop
endfacet
facet normal 0 0 0
 outer loop
  vertex 40 -1.7000000476837158 4
  vertex 1.6420738697052002 -0.43999236822128296 4
  vertex 1.5705952644348145 -0.6505618095397949 4
 endloop
endfacet
facet normal 0 0 0
 outer loop
  vertex 1.0409497585229437e-16 -1.7000000476837158 4
  vertex -38.35792541503906 -0.43999236822128296 4
  vertex -38.429405212402344 -0.6505618095397949 4
 endloop
endfacet
facet normal 0 0 0
 outer loop
  vertex -39.56000900268555 -1.6420738697052002 4
  vertex -39.778106689453125 -1.6854562759399414 4
  vertex -65 -45 4
 endloop
endfacet
facet normal 0 0 0
 outer loop
  vertex -50 -28.299999237060547 4
  vertex 48.35792541503906 -29.560007095336914 4
  vertex 48.429405212402344 -29.349437713623047 4
 endloop
endfacet
facet normal 0 0 0
 outer loop
  vertex 50 -31.700000762939453 4
  vertex -48.35792541503906 -30.439992904663086 4
  vertex -48.429405212402344 -30.650562286376953 4
 endloop
endfacet
facet normal 0 0 0
 outer loop
  vertex -49.34943771362305 -31.570594787597656 4
  vertex -49.56000900268555 -31.642074584960938 4
  vertex -65 -45 4
 endloop
endfacet
facet normal 0 0 0
 outer loop
  vertex -40 1.7000000476837158 4
  vertex -1.6854562759399414 0.2218945324420929 4
  vertex -1.6420738697052002 0.43999236822128296 4
 endloop
endfacet
facet normal 0 0 0
 outer loop
  vertex -3.122849275568831e-16 1.7000000476837158 4
  vertex 38.314544677734375 0.2218945324420929 4
  vertex 38.35792541503906 0.43999236822128296 4
 endloop
endfacet
facet normal 0 0 0
 outer loop
  vertex 40 -1.7000000476837158 4
  vertex 1.5705952644348145 -0.6505618095397949 4
  vertex 1.4722431898117065 -0.8500000238418579 4
 endloop
endfacet
facet normal 0 0 0
 outer loop
  vertex 1.0409497585229437e-16 -1.7000000476837158 4
  vertex -38.429405212402344 -0.6505618095397949 4
  vertex -38.52775573730469 -0.8500000238418579 4
 endloop
endfacet
facet normal 0 0 0
 outer loop
  vertex -39.34943771362305 -1.5705952644348145 4
  vertex -39.56000900268555 -1.6420738697052002 4
  vertex -65 -45 4
 endloop
endfacet
facet normal 0 0 0
 outer loop
  vertex -50 -28.299999237060547 4
  vertex 48.429405212402344 -29.349437713623047 4
  vertex 48.52775573730469 -29.149999618530273 4
 endloop
endfacet
facet normal 0 0 0
 outer loop
  vertex 50 -31.700000762939453 4
  vertex -48.429405212402344 -30.650562286376953 4
  vertex -48.52775573730469 -30.850000381469727 4
 endloop
endfacet
facet normal 0 0 0
 outer loop
  vertex -49.150001525878906 -31.47224235534668 4
  vertex -49.34943771362305 -31.570594787597656 4
  vertex -65 -45 4
 endloop
endfacet
facet normal 0 0 0
 outer loop
  vertex -40 1.7000000476837158 4
  vertex -1.6420738697052002 0.43999236822128296 4
  vertex -1.5705952644348145 0.6505618095397949 4
 endloop
endfacet
facet normal 0 0 0
 outer loop
  vertex -3.122849275568831e-16 1.7000000476837158 4
  vertex 38.35792541503906 0.43999236822128296 4
  vertex 38.429405212402344 0.6505618095397949 4
 endloop
endfacet
facet normal 0 0 0
 outer loop
  vertex 40 -1.7000000476837158 4
  vertex 1.4722431898117065 -0.8500000238418579 4
  vertex 1.3487006425857544 -1.0348944664001465 4
 endloop
endfacet
facet normal 0 0 0
 outer loop
  vertex 1.0409497585229437e-16 -1.7000000476837158 4
  vertex -38.52775573730469 -0.8500000238418579 4
  vertex -38.65129852294922 -1.0348944664001465 4
 endloop
endfacet
facet normal 0 0 0
 outer loop
  vertex -39.150001525878906 -1.4722431898117065 4
  vertex -39.34943771362305 -1.5705952644348145 4
  vertex -65 -45 4
 endloop
endfacet
facet normal 0 0 0
 outer loop
  vertex -50 -28.299999237060547 4
  vertex 48.52775573730469 -29.149999618530273 4
  vertex 48.65129852294922 -28.965105056762695 4
 endloop
endfacet
facet normal 0 0 0
 outer loop
  vertex 50 -31.700000762939453 4
  vertex -48.52775573730469 -30.850000381469727 4
  vertex -48.65129852294922 -31.034894943237305 4
 endloop
endfacet
facet normal 0 0 0
 outer loop
  vertex -48.96510696411133 -31.34870147705078 4
  vertex -49.150001525878906 -31.47224235534668 4
  vertex -65 -45 4
 endloop
endfacet
facet normal 0 0 0
 outer loop
  vertex -40 1.7000000476837158 4
  vertex -1.5705952644348145 0.6505618095397949 4
  vertex -1.4722431898117065 0.8500000238418579 4
 endloop
endfacet
facet normal 0 0 0
 outer loop
  vertex -3.122849275568831e-16 1.7000000476837158 4
  vertex 38.429405212402344 0.6505618095397949 4
  vertex 38.52775573730469 0.8500000238418579 4
 endloop
endfacet
facet normal 0 0 0
 outer loop
  vertex 40 -1.7000000476837158 4
  vertex 1.3487006425857544 -1.0348944664001465 4
  vertex 1.202081561088562 -1.202081561088562 4
 endloop
endfacet
facet normal 0 0 0
 outer loop
  vertex 1.0409497585229437e-16 -1.7000000476837158 4
  vertex -38.65129852294922 -1.0348944664001465 4
  vertex -38.79792022705078 -1.202081561088562 4
 endloop
endfacet
facet normal 0 0 0
 outer loop
  vertex -38.96510696411133 -1.3487006425857544 4
  vertex -39.150001525878906 -1.4722431898117065 4
  vertex -65 -45 4
 endloop
endfacet
facet normal 0 0 0
 outer loop
  vertex -50 -28.299999237060547 4
  vertex 48.65129852294922 -28.965105056762695 4
  vertex 48.79792022705078 -28.79791831970215 4
 endloop
endfacet
facet normal 0 0 0
 outer loop
  vertex 50 -31.700000762939453 4
  vertex -48.65129852294922 -31.034894943237305 4
  vertex -48.79792022705078 -31.20208168029785 4
 endloop
endfacet
facet normal 0 0 0
 outer loop
  vertex -48.96510696411133 -31.34870147705078 4
  vertex -65 -45 4
  vertex 65 -45 4
 endloop
endfacet
facet normal 0 0 0
 outer loop
  vertex -40 1.7000000476837158 4
  vertex -1.4722431898117065 0.8500000238418579 4
  vertex -1.3487006425857544 1.0348944664001465 4
 endloop
endfacet
facet normal 0 0 0
 outer loop
  vertex -3.122849275568831e-16 1.7000000476837158 4
  vertex 38.52775573730469 0.8500000238418579 4
  vertex 38.65129852294922 1.0348944664001465 4
 endloop
endfacet
facet normal 0 0 0
 outer loop
  vertex 40 -1.7000000476837158 4
  vertex 1.202081561088562 -1.202081561088562 4
  vertex 1.0348944664001465 -1.3487006425857544 4
 endloop
endfacet
facet normal 0 0 0
 outer loop
  vertex 1.0409497585229437e-16 -1.7000000476837158 4
  vertex -38.79792022705078 -1.202081561088562 4
  vertex -38.96510696411133 -1.3487006425857544 4
 endloop
endfacet
facet normal 0 0 0
 outer loop
  vertex -38.96510696411133 -1.3487006425857544 4
  vertex -65 -45 4
  vertex -51.34870147705078 -28.965105056762695 4
 endloop
endfacet
facet normal 0 0 0
 outer loop
  vertex -50 -28.299999237060547 4
  vertex 48.79792022705078 -28.79791831970215 4
  vertex 48.96510696411133 -28.65129852294922 4
 endloop
endfacet
facet normal 0 0 0
 outer loop
  vertex 50 -31.700000762939453 4
  vertex -48.79792022705078 -31.20208168029785 4
  vertex -48.96510696411133 -31.34870147705078 4
 endloop
endfacet
facet normal 0 0 0
 outer loop
  vertex -40 1.7000000476837158 4
  vertex -1.3487006425857544 1.0348944664001465 4
  vertex -1.202081561088562 1.202081561088562 4
 endloop
endfacet
facet normal 0 0 0
 outer loop
  vertex -3.122849275568831e-16 1.7000000476837158 4
  vertex 38.65129852294922 1.0348944664001465 4
  vertex 38.79792022705078 1.202081561088562 4
 endloop
endfacet
facet normal 0 0 0
 outer loop
  vertex 40 -1.7000000476837158 4
  vertex 1.0348944664001465 -1.3487006425857544 4
  vertex 0.8500000238418579 -1.4722431898117065 4
 endloop
endfacet
facet normal 0 0 0
 outer loop
  vertex -38.96510696411133 -1.3487006425857544 4
  vertex -51.34870147705078 -28.965105056762695 4
  vertex -51.20207977294922 -28.79791831970215 4
 endloop
endfacet
facet normal 0 0 0
 outer loop
  vertex -50 -28.299999237060547 4
  vertex 48.96510696411133 -28.65129852294922 4
  vertex 49.150001525878906 -28.52775764465332 4
 endloop
endfacet
facet normal 0 0 0
 outer loop
  vertex 50 -31.700000762939453 4
  vertex -48.96510696411133 -31.34870147705078 4
  vertex 65 -45 4
 endloop
endfacet
facet normal 0 0 0
 outer loop
  vertex -40 1.7000000476837158 4
  vertex -1.202081561088562 1.202081561088562 4
  vertex -1.0348944664001465 1.3487006425857544 4
 endloop
endfacet
facet normal 0 0 0
 outer loop
  vertex -3.122849275568831e-16 1.7000000476837158 4
  vertex 38.79792022705078 1.202081561088562 4
  vertex 38.96510696411133 1.3487006425857544 4
 endloop
endfacet
facet normal 0 0 0
 outer loop
  vertex 40 -1.7000000476837158 4
  vertex 0.8500000238418579 -1.4722431898117065 4
  vertex 0.6505618095397949 -1.5705952644348145 4
 endloop
endfacet
facet normal 0 0 0
 outer loop
  vertex -38.96510696411133 -1.3487006425857544 4
  vertex -51.20207977294922 -28.79791831970215 4
  vertex -51.03489303588867 -28.65129852294922 4
 endloop
endfacet
facet normal 0 0 0
 outer loop
  vertex -50 -28.299999237060547 4
  vertex 49.150001525878906 -28.52775764465332 4
  vertex 49.34943771362305 -28.429405212402344 4
 endloop
endfacet
facet normal 0 0 0
 outer loop
  vertex 50.221893310546875 -31.685455322265625 4
  vertex 50 -31.700000762939453 4
  vertex 65 -45 4
 endloop
endfacet
facet normal 0 0 0
 outer loop
  vertex -40 1.7000000476837158 4
  vertex -1.0348944664001465 1.3487006425857544 4
  vertex -0.8500000238418579 1.4722431898117065 4
 endloop
endfacet
facet normal 0 0 0
 outer loop
  vertex -3.122849275568831e-16 1.7000000476837158 4
  vertex 38.96510696411133 1.3487006425857544 4
  vertex 39.150001525878906 1.4722431898117065 4
 endloop
endfacet
facet normal 0 0 0
 outer loop
  vertex 40 -1.7000000476837158 4
  vertex 0.6505618095397949 -1.5705952644348145 4
  vertex 0.43999236822128296 -1.6420738697052002 4
 endloop
endfacet
facet normal 0 0 0
 outer loop
  vertex -38.96510696411133 -1.3487006425857544 4
  vertex -51.03489303588867 -28.65129852294922 4
  vertex -50.849998474121094 -28.52775764465332 4
 endloop
endfacet
facet normal 0 0 0
 outer loop
  vertex -50 -28.299999237060547 4
  vertex 49.34943771362305 -28.429405212402344 4
  vertex 49.56000900268555 -28.357925415039062 4
 endloop
endfacet
facet normal 0 0 0
 outer loop
  vertex 50.43999099731445 -31.642074584960938 4
  vertex 50.221893310546875 -31.685455322265625 4
  vertex 65 -45 4
 endloop
endfacet
facet normal 0 0 0
 outer loop
  vertex 65 45 4
  vertex -40 1.7000000476837158 4
  vertex -0.8500000238418579 1.4722431898117065 4
 endloop
endfacet
facet normal 0 0 0
 outer loop
  vertex -3.122849275568831e-16 1.7000000476837158 4
  vertex 39.150001525878906 1.4722431898117065 4
  vertex 39.34943771362305 1.5705952644348145 4
 endloop
endfacet
facet normal 0 0 0
 outer loop
  vertex 40 -1.7000000476837158 4
  vertex 0.43999236822128296 -1.6420738697052002 4
  vertex 0.2218945324420929 -1.6854562759399414 4
 endloop
endfacet
facet normal 0 0 0
 outer loop
  vertex 1.0409497585229437e-16 -1.7000000476837158 4
  vertex -38.96510696411133 -1.3487006425857544 4
  vertex -50.849998474121094 -28.52775764465332 4
 endloop
endfacet
facet normal 0 0 0
 outer loop
  vertex -50 -28.299999237060547 4
  vertex 49.56000900268555 -28.357925415039062 4
  vertex 49.778106689453125 -28.314544677734375 4
 endloop
endfacet
facet normal 0 0 0
 outer loop
  vertex 50.65056228637695 -31.570594787597656 4
  vertex 50.43999099731445 -31.642074584960938 4
  vertex 65 -45 4
 endloop
endfacet
facet normal 0 0 0
 outer loop
  vertex 65 45 4
  vertex -0.8500000238418579 1.4722431898117065 4
  vertex -0.6505618095397949 1.5705952644348145 4
 endloop
endfacet
facet normal 0 0 0
 outer loop
  vertex -3.122849275568831e-16 1.7000000476837158 4
  vertex 39.34943771362305 1.5705952644348145 4
  vertex 39.56000900268555 1.6420738697052002 4
 endloop
endfacet
facet normal 0 0 0
 outer loop
  vertex 40 -1.7000000476837158 4
  vertex 0.2218945324420929 -1.6854562759399414 4
  vertex 1.0409497585229437e-16 -1.7000000476837158 4
 endloop
endfacet
facet normal 0 0 0
 outer loop
  vertex 1.0409497585229437e-16 -1.7000000476837158 4
  vertex -50.849998474121094 -28.52775764465332 4
  vertex -50.65056228637695 -28.429405212402344 4
 endloop
endfacet
facet normal 0 0 0
 outer loop
  vertex -50 -28.299999237060547 4
  vertex 49.778106689453125 -28.314544677734375 4
  vertex 50 -28.299999237060547 4
 endloop
endfacet
facet normal 0 0 0
 outer loop
  vertex 50.849998474121094 -31.47224235534668 4
  vertex 50.65056228637695 -31.570594787597656 4
  vertex 65 -45 4
 endloop
endfacet
facet normal 0 0 0
 outer loop
  vertex 65 45 4
  vertex -0.6505618095397949 1.5705952644348145 4
  vertex -0.43999236822128296 1.6420738697052002 4
 endloop
endfacet
facet normal 0 0 0
 outer loop
  vertex -3.122849275568831e-16 1.7000000476837158 4
  vertex 39.56000900268555 1.6420738697052002 4
  vertex 39.778106689453125 1.6854562759399414 4
 endloop
endfacet
facet normal 0 0 0
 outer loop
  vertex 1.0409497585229437e-16 -1.7000000476837158 4
  vertex -50.65056228637695 -28.429405212402344 4
  vertex -50.43999099731445 -28.357925415039062 4
 endloop
endfacet
facet normal 0 0 0
 outer loop
  vertex 51.03489303588867 -31.34870147705078 4
  vertex 50.849998474121094 -31.47224235534668 4
  vertex 65 -45 4
 endloop
endfacet
facet normal 0 0 0
 outer loop
  vertex 65 45 4
  vertex -0.43999236822128296 1.6420738697052002 4
  vertex -0.2218945324420929 1.6854562759399414 4
 endloop
endfacet
facet normal 0 0 0
 outer loop
  vertex -3.122849275568831e-16 1.7000000476837158 4
  vertex 39.778106689453125 1.6854562759399414 4
  vertex 40 1.7000000476837158 4
 endloop
endfacet
facet normal 0 0 0
 outer loop
  vertex 40 -1.7000000476837158 4
  vertex 1.0409497585229437e-16 -1.7000000476837158 4
  vertex -50.43999099731445 -28.357925415039062 4
 endloop
endfacet
facet normal 0 0 0
 outer loop
  vertex 51.20207977294922 -31.20208168029785 4
  vertex 51.03489303588867 -31.34870147705078 4
  vertex 65 -45 4
 endloop
endfacet
facet normal 0 0 0
 outer loop
  vertex 65 45 4
  vertex -0.2218945324420929 1.6854562759399414 4
  vertex -3.122849275568831e-16 1.7000000476837158 4
 endloop
endfacet
facet normal 0 0 0
 outer loop
  vertex 40.221893310546875 -1.6854562759399414 4
  vertex 40 -1.7000000476837158 4
  vertex -50.43999099731445 -28.357925415039062 4
 endloop
endfacet
facet normal 0 0 0
 outer loop
  vertex 51.34870147705078 -31.034894943237305 4
  vertex 51.20207977294922 -31.20208168029785 4
  vertex 65 -45 4
 endloop
endfacet
facet normal 0 0 0
 outer loop
  vertex 65 45 4
  vertex -3.122849275568831e-16 1.7000000476837158 4
  vertex 40 1.7000000476837158 4
 endloop
endfacet
facet normal 0 0 0
 outer loop
  vertex 40.43999099731445 -1.6420738697052002 4
  vertex 40.221893310546875 -1.6854562759399414 4
  vertex -50.43999099731445 -28.357925415039062 4
 endloop
endfacet
facet normal 0 0 0
 outer loop
  vertex 51.47224426269531 -30.850000381469727 4
  vertex 51.34870147705078 -31.034894943237305 4
  vertex 65 -45 4
 endloop
endfacet
facet normal 0 0 0
 outer loop
  vertex 65 45 4
  vertex 40 1.7000000476837158 4
  vertex 40.221893310546875 1.6854562759399414 4
 endloop
endfacet
facet normal 0 0 0
 outer loop
  vertex 40.43999099731445 -1.6420738697052002 4
  vertex -50.43999099731445 -28.357925415039062 4
  vertex -50.221893310546875 -28.314544677734375 4
 endloop
endfacet
facet normal 0 0 0
 outer loop
  vertex 51.570594787597656 -30.650562286376953 4
  vertex 51.47224426269531 -30.850000381469727 4
  vertex 65 -45 4
 endloop
endfacet
facet normal 0 0 0
 outer loop
  vertex 65 45 4
  vertex 40.221893310546875 1.6854562759399414 4
  vertex 40.43999099731445 1.6420738697052002 4
 endloop
endfacet
facet normal 0 0 0
 outer loop
  vertex 40.43999099731445 -1.6420738697052002 4
  vertex -50.221893310546875 -28.314544677734375 4
  vertex -50 -28.299999237060547 4
 endloop
endfacet
facet normal 0 0 0
 outer loop
  vertex 51.64207458496094 -30.439992904663086 4
  vertex 51.570594787597656 -30.650562286376953 4
  vertex 65 -45 4
 endloop
endfacet
facet normal 0 0 0
 outer loop
  vertex 65 45 4
  vertex 40.43999099731445 1.6420738697052002 4
  vertex 40.65056228637695 1.5705952644348145 4
 endloop
endfacet
facet normal 0 0 0
 outer loop
  vertex 40.43999099731445 -1.6420738697052002 4
  vertex -50 -28.299999237060547 4
  vertex 50 -28.299999237060547 4
 endloop
endfacet
facet normal 0 0 0
 outer loop
  vertex 51.685455322265625 -30.221895217895508 4
  vertex 51.64207458496094 -30.439992904663086 4
  vertex 65 -45 4
 endloop
endfacet
facet normal 0 0 0
 outer loop
  vertex 65 45 4
  vertex 40.65056228637695 1.5705952644348145 4
  vertex 40.849998474121094 1.4722431898117065 4
 endloop
endfacet
facet normal 0 0 0
 outer loop
  vertex 40.65056228637695 -1.5705952644348145 4
  vertex 40.43999099731445 -1.6420738697052002 4
  vertex 50 -28.299999237060547 4
 endloop
endfacet
facet normal 0 0 0
 outer loop
  vertex 51.70000076293945 -30 4
  vertex 51.685455322265625 -30.221895217895508 4
  vertex 65 -45 4
 endloop
endfacet
facet normal 0 0 0
 outer loop
  vertex 65 45 4
  vertex 40.849998474121094 1.4722431898117065 4
  vertex 41.03489303588867 1.3487006425857544 4
 endloop
endfacet
facet normal 0 0 0
 outer loop
  vertex 40.849998474121094 -1.4722431898117065 4
  vertex 40.65056228637695 -1.5705952644348145 4
  vertex 50 -28.299999237060547 4
 endloop
endfacet
facet normal 0 0 0
 outer loop
  vertex 51.685455322265625 -29.778104782104492 4
  vertex 51.70000076293945 -30 4
  vertex 65 -45 4
 endloop
endfacet
facet normal 0 0 0
 outer loop
  vertex 65 45 4
  vertex 41.03489303588867 1.3487006425857544 4
  vertex 41.20207977294922 1.202081561088562 4
 endloop
endfacet
facet normal 0 0 0
 outer loop
  vertex 41.03489303588867 -1.3487006425857544 4
  vertex 40.849998474121094 -1.4722431898117065 4
  vertex 50 -28.299999237060547 4
 endloop
endfacet
facet normal 0 0 0
 outer loop
  vertex 51.64207458496094 -29.560007095336914 4
  vertex 51.685455322265625 -29.778104782104492 4
  vertex 65 -45 4
 endloop
endfacet
facet normal 0 0 0
 outer loop
  vertex 65 45 4
  vertex 41.20207977294922 1.202081561088562 4
  vertex 41.34870147705078 1.0348944664001465 4
 endloop
endfacet
facet normal 0 0 0
 outer loop
  vertex 41.20207977294922 -1.202081561088562 4
  vertex 41.03489303588867 -1.3487006425857544 4
  vertex 50 -28.299999237060547 4
 endloop
endfacet
facet normal 0 0 0
 outer loop
  vertex 51.570594787597656 -29.349437713623047 4
  vertex 51.64207458496094 -29.560007095336914 4
  vertex 65 -45 4
 endloop
endfacet
facet normal 0 0 0
 outer loop
  vertex 65 45 4
  vertex 41.34870147705078 1.0348944664001465 4
  vertex 41.47224426269531 0.8500000238418579 4
 endloop
endfacet
facet normal 0 0 0
 outer loop
  vertex 41.34870147705078 -1.0348944664001465 4
  vertex 41.20207977294922 -1.202081561088562 4
  vertex 50 -28.299999237060547 4
 endloop
endfacet
facet normal 0 0 0
 outer loop
  vertex 51.47224426269531 -29.149999618530273 4
  vertex 51.570594787597656 -29.349437713623047 4
  vertex 65 -45 4
 endloop
endfacet
facet normal 0 0 0
 outer loop
  vertex 65 -45 4
  vertex 65 45 4
  vertex 41.47224426269531 0.8500000238418579 4
 endloop
endfacet
facet normal 0 0 0
 outer loop
  vertex 41.47224426269531 -0.8500000238418579 4
  vertex 41.34870147705078 -1.0348944664001465 4
  vertex 50 -28.299999237060547 4
 endloop
endfacet
facet normal 0 0 0
 outer loop
  vertex 51.34870147705078 -28.965105056762695 4
  vertex 51.47224426269531 -29.149999618530273 4
  vertex 65 -45 4
 endloop
endfacet
facet normal 0 0 0
 outer loop
  vertex 65 -45 4
  vertex 41.47224426269531 0.8500000238418579 4
  vertex 41.570594787597656 0.6505618095397949 4
 endloop
endfacet
facet normal 0 0 0
 outer loop
  vertex 41.570594787597656 -0.6505618095397949 4
  vertex 41.47224426269531 -0.8500000238418579 4
  vertex 50 -28.299999237060547 4
 endloop
endfacet
facet normal 0 0 0
 outer loop
  vertex 65 -45 4
  vertex 41.570594787597656 0.6505618095397949 4
  vertex 41.64207458496094 0.43999236822128296 4
 endloop
endfacet
facet normal 0 0 0
 outer loop
  vertex 41.64207458496094 -0.43999236822128296 4
  vertex 41.570594787597656 -0.6505618095397949 4
  vertex 50 -28.299999237060547 4
 endloop
endfacet
facet normal 0 0 0
 outer loop
  vertex 51.34870147705078 -28.965105056762695 4
  vertex 65 -45 4
  vertex 41.64207458496094 0.43999236822128296 4
 endloop
endfacet
facet normal 0 0 0
 outer loop
  vertex 41.685455322265625 -0.2218945324420929 4
  vertex 41.64207458496094 -0.43999236822128296 4
  vertex 50 -28.299999237060547 4
 endloop
endfacet
facet normal 0 0 0
 outer loop
  vertex 51.20207977294922 -28.79791831970215 4
  vertex 51.34870147705078 -28.965105056762695 4
  vertex 41.64207458496094 0.43999236822128296 4
 endloop
endfacet
facet normal 0 0 0
 outer loop
  vertex 41.70000076293945 0 4
  vertex 41.685455322265625 -0.2218945324420929 4
  vertex 50 -28.299999237060547 4
 endloop
endfacet
facet normal 0 0 0
 outer loop
  vertex 51.03489303588867 -28.65129852294922 4
  vertex 51.20207977294922 -28.79791831970215 4
  vertex 41.64207458496094 0.43999236822128296 4
 endloop
endfacet
facet normal 0 0 0
 outer loop
  vertex 41.685455322265625 0.2218945324420929 4
  vertex 41.70000076293945 0 4
  vertex 50 -28.299999237060547 4
 endloop
endfacet
facet normal 0 0 0
 outer loop
  vertex 50.849998474121094 -28.52775764465332 4
  vertex 51.03489303588867 -28.65129852294922 4
  vertex 41.64207458496094 0.43999236822128296 4
 endloop
endfacet
facet normal 0 0 0
 outer loop
  vertex 41.64207458496094 0.43999236822128296 4
  vertex 41.685455322265625 0.2218945324420929 4
  vertex 50 -28.299999237060547 4
 endloop
endfacet
facet normal 0 0 0
 outer loop
  vertex 50.65056228637695 -28.429405212402344 4
  vertex 50.849998474121094 -28.52775764465332 4
  vertex 41.64207458496094 0.43999236822128296 4
 endloop
endfacet
facet normal 0 0 0
 outer loop
  vertex 41.64207458496094 0.43999236822128296 4
  vertex 50 -28.299999237060547 4
  vertex 50.221893310546875 -28.314544677734375 4
 endloop
endfacet
facet normal 0 0 0
 outer loop
  vertex 50.43999099731445 -28.357925415039062 4
  vertex 50.65056228637695 -28.429405212402344 4
  vertex 41.64207458496094 0.43999236822128296 4
 endloop
endfacet
facet normal 0 0 0
 outer loop
  vertex 41.64207458496094 0.43999236822128296 4
  vertex 50.221893310546875 -28.314544677734375 4
  vertex 50.43999099731445 -28.357925415039062 4
 endloop
endfacet
facet normal 0 0 0
 outer loop
  vertex -65 -45 0
  vertex 65 -45 0
  vertex -65 -45 4
 endloop
endfacet
facet normal 0 0 0
 outer loop
  vertex 65 -45 0
  vertex 65 -45 4
  vertex -65 -45 4
 endloop
endfacet
facet normal 0 0 0
 outer loop
  vertex 65 -45 0
  vertex 65 45 0
  vertex 65 -45 4
 endloop
endfacet
facet normal 0 0 0
 outer loop
  vertex 65 45 0
  vertex 65 45 4
  vertex 65 -45 4
 endloop
endfacet
facet normal 0 0 0
 outer loop
  vertex 65 45 0
  vertex -65 45 0
  vertex 65 45 4
 endloop
endfacet
facet normal 0 0 0
 outer loop
  vertex -65 45 0
  vertex -65 45 4
  vertex 65 45 4
 endloop
endfacet
facet normal 0 0 0
 outer loop
  vertex -65 45 0
  vertex -65 -45 0
  vertex -65 45 4
 endloop
endfacet
facet normal 0 0 0
 outer loop
  vertex -65 -45 0
  vertex -65 -45 4
  vertex -65 45 4
 endloop
endfacet
facet normal 0 0 0
 outer loop
  vertex -38.29999923706055 0 0
  vertex -38.314544677734375 -0.2218945324420929 0
  vertex -38.29999923706055 0 4
 endloop
endfacet
facet normal 0 0 0
 outer loop
  vertex -38.314544677734375 -0.2218945324420929 0
  vertex -38.314544677734375 -0.2218945324420929 4
  vertex -38.29999923706055 0 4
 endloop
endfacet
facet normal 0 0 0
 outer loop
  vertex -38.314544677734375 -0.2218945324420929 0
  vertex -38.35792541503906 -0.43999236822128296 0
  vertex -38.314544677734375 -0.2218945324420929 4
 endloop
endfacet
facet normal 0 0 0
 outer loop
  vertex -38.35792541503906 -0.43999236822128296 0
  vertex -38.35792541503906 -0.43999236822128296 4
  vertex -38.314544677734375 -0.2218945324420929 4
 endloop
endfacet
facet normal 0 0 0
 outer loop
  vertex -38.35792541503906 -0.43999236822128296 0
  vertex -38.429405212402344 -0.6505618095397949 0
  vertex -38.35792541503906 -0.43999236822128296 4
 endloop
endfacet
facet normal 0 0 0
 outer loop
  vertex -38.429405212402344 -0.6505618095397949 0
  vertex -38.429405212402344 -0.6505618095397949 4
  vertex -38.35792541503906 -0.43999236822128296 4
 endloop
endfacet
facet normal 0 0 0
 outer loop
  vertex -38.429405212402344 -0.6505618095397949 0
  vertex -38.52775573730469 -0.8500000238418579 0
  vertex -38.429405212402344 -0.6505618095397949 4
 endloop
endfacet
facet normal 0 0 0
 outer loop
  vertex -38.52775573730469 -0.8500000238418579 0
  vertex -38.52775573730469 -0.8500000238418579 4
  vertex -38.429405212402344 -0.6505618095397949 4
 endloop
endfacet
facet normal 0 0 0
 outer loop
  vertex -38.52775573730469 -0.8500000238418579 0
  vertex -38.65129852294922 -1.0348944664001465 0
  vertex -38.52775573730469 -0.8500000238418579 4
 endloop
endfacet
facet normal 0 0 0
 outer loop
  vertex -38.65129852294922 -1.0348944664001465 0
  vertex -38.65129852294922 -1.0348944664001465 4
  vertex -38.52775573730469 -0.8500000238418579 4
 endloop
endfacet
facet normal 0 0 0
 outer loop
  vertex -38.65129852294922 -1.0348944664001465 0
  vertex -38.79792022705078 -1.202081561088562 0
  vertex -38.65129852294922 -1.0348944664001465 4
 endloop
endfacet
facet normal 0 0 0
 outer loop
  vertex -38.79792022705078 -1.202081561088562 0
  vertex -38.79792022705078 -1.202081561088562 4
  vertex -38.65129852294922 -1.0348944664001465 4
 endloop
endfacet
facet normal 0 0 0
 outer loop
  vertex -38.79792022705078 -1.202081561088562 0
  vertex -38.96510696411133 -1.3487006425857544 0
  vertex -38.79792022705078 -1.202081561088562 4
 endloop
endfacet
facet normal 0 0 0
 outer loop
  vertex -38.96510696411133 -1.3487006425857544 0
  vertex -38.96510696411133 -1.3487006425857544 4
  vertex -38.79792022705078 -1.202081561088562 4
 endloop
endfacet
facet normal 0 0 0
 outer loop
  vertex -38.96510696411133 -1.3487006425857544 0
  vertex -39.150001525878906 -1.4722431898117065 0
  vertex -38.96510696411133 -1.3487006425857544 4
 endloop
endfacet
facet normal 0 0 0
 outer loop
  vertex -39.150001525878906 -1.4722431898117065 0
  vertex -39.150001525878906 -1.4722431898117065 4
  vertex -38.96510696411133 -1.3487006425857544 4
 endloop
endfacet
facet normal 0 0 0
 outer loop
  vertex -39.150001525878906 -1.4722431898117065 0
  vertex -39.34943771362305 -1.5705952644348145 0
  vertex -39.150001525878906 -1.4722431898117065 4
 endloop
endfacet
facet normal 0 0 0
 outer loop
  vertex -39.34943771362305 -1.5705952644348145 0
  vertex -39.34943771362305 -1.5705952644348145 4
  vertex -39.150001525878906 -1.4722431898117065 4
 endloop
endfacet
facet normal 0 0 0
 outer loop
  vertex -39.34943771362305 -1.5705952644348145 0
  vertex -39.56000900268555 -1.6420738697052002 0
  vertex -39.34943771362305 -1.5705952644348145 4
 endloop
endfacet
facet normal 0 0 0
 outer loop
  vertex -39.56000900268555 -1.6420738697052002 0
  vertex -39.56000900268555 -1.6420738697052002 4
  vertex -39.34943771362305 -1.5705952644348145 4
 endloop
endfacet
facet normal 0 0 0
 outer loop
  vertex -39.56000900268555 -1.6420738697052002 0
  vertex -39.778106689453125 -1.6854562759399414 0
  vertex -39.56000900268555 -1.6420738697052002 4
 endloop
endfacet
facet normal 0 0 0
 outer loop
  vertex -39.778106689453125 -1.6854562759399414 0
  vertex -39.778106689453125 -1.6854562759399414 4
  vertex -39.56000900268555 -1.6420738697052002 4
 endloop
endfacet
facet normal 0 0 0
 outer loop
  vertex -39.778106689453125 -1.6854562759399414 0
  vertex -40 -1.7000000476837158 0
  vertex -39.778106689453125 -1.6854562759399414 4
 endloop
endfacet
facet normal 0 0 0
 outer loop
  vertex -40 -1.7000000476837158 0
  vertex -40 -1.7000000476837158 4
  vertex -39.778106689453125 -1.6854562759399414 4
 endloop
endfacet
facet normal 0 0 0
 outer loop
  vertex -40 -1.7000000476837158 0
  vertex -40.221893310546875 -1.6854562759399414 0
  vertex -40 -1.7000000476837158 4
 endloop
endfacet
facet normal 0 0 0
 outer loop
  vertex -40.221893310546875 -1.6854562759399414 0
  vertex -40.221893310546875 -1.6854562759399414 4
  vertex -40 -1.7000000476837158 4
 endloop
endfacet
facet normal 0 0 0
 outer loop
  vertex -40.221893310546875 -1.6854562759399414 0
  vertex -40.43999099731445 -1.6420738697052002 0
  vertex -40.221893310546875 -1.6854562759399414 4
 endloop
endfacet
facet normal 0 0 0
 outer loop
  vertex -40.43999099731445 -1.6420738697052002 0
  vertex -40.43999099731445 -1.6420738697052002 4
  vertex -40.221893310546875 -1.6854562759399414 4
 endloop
endfacet
facet normal 0 0 0
 outer loop
  vertex -40.43999099731445 -1.6420738697052002 0
  vertex -40.65056228637695 -1.5705952644348145 0
  vertex -40.43999099731445 -1.6420738697052002 4
 endloop
endfacet
facet normal 0 0 0
 outer loop
  vertex -40.65056228637695 -1.5705952644348145 0
  vertex -40.65056228637695 -1.5705952644348145 4
  vertex -40.43999099731445 -1.6420738697052002 4
 endloop
endfacet
facet normal 0 0 0
 outer loop
  vertex -40.65056228637695 -1.5705952644348145 0
  vertex -40.849998474121094 -1.4722431898117065 0
  vertex -40.65056228637695 -1.5705952644348145 4
 endloop
endfacet
facet normal 0 0 0
 outer loop
  vertex -40.849998474121094 -1.4722431898117065 0
  vertex -40.849998474121094 -1.4722431898117065 4
  vertex -40.65056228637695 -1.5705952644348145 4
 endloop
endfacet
facet normal 0 0 0
 outer loop
  vertex -40.849998474121094 -1.4722431898117065 0
  vertex -41.03489303588867 -1.3487006425857544 0
  vertex -40.849998474121094 -1.4722431898117065 4
 endloop
endfacet
facet normal 0 0 0
 outer loop
  vertex -41.03489303588867 -1.3487006425857544 0
  vertex -41.03489303588867 -1.3487006425857544 4
  vertex -40.849998474121094 -1.4722431898117065 4
 endloop
endfacet
facet normal 0 0 0
 outer loop
  vertex -41.03489303588867 -1.3487006425857544 0
  vertex -41.20207977294922 -1.202081561088562 0
  vertex -41.03489303588867 -1.3487006425857544 4
 endloop
endfacet
facet normal 0 0 0
 outer loop
  vertex -41.20207977294922 -1.202081561088562 0
  vertex -41.20207977294922 -1.202081561088562 4
  vertex -41.03489303588867 -1.3487006425857544 4
 endloop
endfacet
facet normal 0 0 0
 outer loop
  vertex -41.20207977294922 -1.202081561088562 0
  vertex -41.34870147705078 -1.0348944664001465 0
  vertex -41.20207977294922 -1.202081561088562 4
 endloop
endfacet
facet normal 0 0 0
 outer loop
  vertex -41.34870147705078 -1.0348944664001465 0
  vertex -41.34870147705078 -1.0348944664001465 4
  vertex -41.20207977294922 -1.202081561088562 4
 endloop
endfacet
facet normal 0 0 0
 outer loop
  vertex -41.34870147705078 -1.0348944664001465 0
  vertex -41.47224426269531 -0.8500000238418579 0
  vertex -41.34870147705078 -1.0348944664001465 4
 endloop
endfacet
facet normal 0 0 0
 outer loop
  vertex -41.47224426269531 -0.8500000238418579 0
  vertex -41.47224426269531 -0.8500000238418579 4
  vertex -41.34870147705078 -1.0348944664001465 4
 endloop
endfacet
facet normal 0 0 0
 outer loop
  vertex -41.47224426269531 -0.8500000238418579 0
  vertex -41.570594787597656 -0.6505618095397949 0
  vertex -41.47224426269531 -0.8500000238418579 4
 endloop
endfacet
facet normal 0 0 0
 outer loop
  vertex -41.570594787597656 -0.6505618095397949 0
  vertex -41.570594787597656 -0.6505618095397949 4
  vertex -41.47224426269531 -0.8500000238418579 4
 endloop
endfacet
facet normal 0 0 0
 outer loop
  vertex -41.570594787597656 -0.6505618095397949 0
  vertex -41.64207458496094 -0.43999236822128296 0
  vertex -41.570594787597656 -0.6505618095397949 4
 endloop
endfacet
facet normal 0 0 0
 outer loop
  vertex -41.64207458496094 -0.43999236822128296 0
  vertex -41.64207458496094 -0.43999236822128296 4
  vertex -41.570594787597656 -0.6505618095397949 4
 endloop
endfacet
facet normal 0 0 0
 outer loop
  vertex -41.64207458496094 -0.43999236822128296 0
  vertex -41.685455322265625 -0.2218945324420929 0
  vertex -41.64207458496094 -0.43999236822128296 4
 endloop
endfacet
facet normal 0 0 0
 outer loop
  vertex -41.685455322265625 -0.2218945324420929 0
  vertex -41.685455322265625 -0.2218945324420929 4
  vertex -41.64207458496094 -0.43999236822128296 4
 endloop
endfacet
facet normal 0 0 0
 outer loop
  vertex -41.685455322265625 -0.2218945324420929 0
  vertex -41.70000076293945 -2.0818995170458873e-16 0
  vertex -41.685455322265625 -0.2218945324420929 4
 endloop
endfacet
facet normal 0 0 0
 outer loop
  vertex -41.70000076293945 -2.0818995170458873e-16 0
  vertex -41.70000076293945 -2.0818995170458873e-16 4
  vertex -41.685455322265625 -0.2218945324420929 4
 endloop
endfacet
facet normal 0 0 0
 outer loop
  vertex -41.70000076293945 -2.0818995170458873e-16 0
  vertex -41.685455322265625 0.2218945324420929 0
  vertex -41.70000076293945 -2.0818995170458873e-16 4
 endloop
endfacet
facet normal 0 0 0
 outer loop
  vertex -41.685455322265625 0.2218945324420929 0
  vertex -41.685455322265625 0.2218945324420929 4
  vertex -41.70000076293945 -2.0818995170458873e-16 4
 endloop
endfacet
facet normal 0 0 0
 outer loop
  vertex -41.685455322265625 0.2218945324420929 0
  vertex -41.64207458496094 0.43999236822128296 0
  vertex -41.685455322265625 0.2218945324420929 4
 endloop
endfacet
facet normal 0 0 0
 outer loop
  vertex -41.64207458496094 0.43999236822128296 0
  vertex -41.64207458496094 0.43999236822128296 4
  vertex -41.685455322265625 0.2218945324420929 4
 endloop
endfacet
facet normal 0 0 0
 outer loop
  vertex -41.64207458496094 0.43999236822128296 0
  vertex -41.570594787597656 0.6505618095397949 0
  vertex -41.64207458496094 0.43999236822128296 4
 endloop
endfacet
facet normal 0 0 0
 outer loop
  vertex -41.570594787597656 0.6505618095397949 0
  vertex -41.570594787597656 0.6505618095397949 4
  vertex -41.64207458496094 0.43999236822128296 4
 endloop
endfacet
facet normal 0 0 0
 outer loop
  vertex -41.570594787597656 0.6505618095397949 0
  vertex -41.47224426269531 0.8500000238418579 0
  vertex -41.570594787597656 0.6505618095397949 4
 endloop
endfacet
facet normal 0 0 0
 outer loop
  vertex -41.47224426269531 0.8500000238418579 0
  vertex -41.47224426269531 0.8500000238418579 4
  vertex -41.570594787597656 0.6505618095397949 4
 endloop
endfacet
facet normal 0 0 0
 outer loop
  vertex -41.47224426269531 0.8500000238418579 0
  vertex -41.34870147705078 1.0348944664001465 0
  vertex -41.47224426269531 0.8500000238418579 4
 endloop
endfacet
facet normal 0 0 0
 outer loop
  vertex -41.34870147705078 1.0348944664001465 0
  vertex -41.34870147705078 1.0348944664001465 4
  vertex -41.47224426269531 0.8500000238418579 4
 endloop
endfacet
facet normal 0 0 0
 outer loop
  vertex -41.34870147705078 1.0348944664001465 0
  vertex -41.20207977294922 1.202081561088562 0
  vertex -41.34870147705078 1.0348944664001465 4
 endloop
endfacet
facet normal 0 0 0
 outer loop
  vertex -41.20207977294922 1.202081561088562 0
  vertex -41.20207977294922 1.202081561088562 4
  vertex -41.34870147705078 1.0348944664001465 4
 endloop
endfacet
facet normal 0 0 0
 outer loop
  vertex -41.20207977294922 1.202081561088562 0
  vertex -41.03489303588867 1.3487006425857544 0
  vertex -41.20207977294922 1.202081561088562 4
 endloop
endfacet
facet normal 0 0 0
 outer loop
  vertex -41.03489303588867 1.3487006425857544 0
  vertex -41.03489303588867 1.3487006425857544 4
  vertex -41.20207977294922 1.202081561088562 4
 endloop
endfacet
facet normal 0 0 0
 outer loop
  vertex -41.03489303588867 1.3487006425857544 0
  vertex -40.849998474121094 1.4722431898117065 0
  vertex -41.03489303588867 1.3487006425857544 4
 endloop
endfacet
facet normal 0 0 0
 outer loop
  vertex -40.849998474121094 1.4722431898117065 0
  vertex -40.849998474121094 1.4722431898117065 4
  vertex -41.03489303588867 1.3487006425857544 4
 endloop
endfacet
facet normal 0 0 0
 outer loop
  vertex -40.849998474121094 1.4722431898117065 0
  vertex -40.65056228637695 1.5705952644348145 0
  vertex -40.849998474121094 1.4722431898117065 4
 endloop
endfacet
facet normal 0 0 0
 outer loop
  vertex -40.65056228637695 1.5705952644348145 0
  vertex -40.65056228637695 1.5705952644348145 4
  vertex -40.849998474121094 1.4722431898117065 4
 endloop
endfacet
facet normal 0 0 0
 outer loop
  vertex -40.65056228637695 1.5705952644348145 0
  vertex -40.43999099731445 1.6420738697052002 0
  vertex -40.65056228637695 1.5705952644348145 4
 endloop
endfacet
facet normal 0 0 0
 outer loop
  vertex -40.43999099731445 1.6420738697052002 0
  vertex -40.43999099731445 1.6420738697052002 4
  vertex -40.65056228637695 1.5705952644348145 4
 endloop
endfacet
facet normal 0 0 0
 outer loop
  vertex -40.43999099731445 1.6420738697052002 0
  vertex -40.221893310546875 1.6854562759399414 0
  vertex -40.43999099731445 1.6420738697052002 4
 endloop
endfacet
facet normal 0 0 0
 outer loop
  vertex -40.221893310546875 1.6854562759399414 0
  vertex -40.221893310546875 1.6854562759399414 4
  vertex -40.43999099731445 1.6420738697052002 4
 endloop
endfacet
facet normal 0 0 0
 outer loop
  vertex -40.221893310546875 1.6854562759399414 0
  vertex -40 1.7000000476837158 0
  vertex -40.221893310546875 1.6854562759399414 4
 endloop
endfacet
facet normal 0 0 0
 outer loop
  vertex -40 1.7000000476837158 0
  vertex -40 1.7000000476837158 4
  vertex -40.221893310546875 1.6854562759399414 4
 endloop
endfacet
facet normal 0 0 0
 outer loop
  vertex -40 1.7000000476837158 0
  vertex -39.778106689453125 1.6854562759399414 0
  vertex -40 1.7000000476837158 4
 endloop
endfacet
facet normal 0 0 0
 outer loop
  vertex -39.778106689453125 1.6854562759399414 0
  vertex -39.778106689453125 1.6854562759399414 4
  vertex -40 1.7000000476837158 4
 endloop
endfacet
facet normal 0 0 0
 outer loop
  vertex -39.778106689453125 1.6854562759399414 0
  vertex -39.56000900268555 1.6420738697052002 0
  vertex -39.778106689453125 1.6854562759399414 4
 endloop
endfacet
facet normal 0 0 0
 outer loop
  vertex -39.56000900268555 1.6420738697052002 0
  vertex -39.56000900268555 1.6420738697052002 4
  vertex -39.778106689453125 1.6854562759399414 4
 endloop
endfacet
facet normal 0 0 0
 outer loop
  vertex -39.56000900268555 1.6420738697052002 0
  vertex -39.34943771362305 1.5705952644348145 0
  vertex -39.56000900268555 1.6420738697052002 4
 endloop
endfacet
facet normal 0 0 0
 outer loop
  vertex -39.34943771362305 1.5705952644348145 0
  vertex -39.34943771362305 1.5705952644348145 4
  vertex -39.56000900268555 1.6420738697052002 4
 endloop
endfacet
facet normal 0 0 0
 outer loop
  vertex -39.34943771362305 1.5705952644348145 0
  vertex -39.150001525878906 1.4722431898117065 0
  vertex -39.34943771362305 1.5705952644348145 4
 endloop
endfacet
facet normal 0 0 0
 outer loop
  vertex -39.150001525878906 1.4722431898117065 0
  vertex -39.150001525878906 1.4722431898117065 4
  vertex -39.34943771362305 1.5705952644348145 4
 endloop
endfacet
facet normal 0 0 0
 outer loop
  vertex -39.150001525878906 1.4722431898117065 0
  vertex -38.96510696411133 1.3487006425857544 0
  vertex -39.150001525878906 1.4722431898117065 4
 endloop
endfacet
facet normal 0 0 0
 outer loop
  vertex -38.96510696411133 1.3487006425857544 0
  vertex -38.96510696411133 1.3487006425857544 4
  vertex -39.150001525878906 1.4722431898117065 4
 endloop
endfacet
facet normal 0 0 0
 outer loop
  vertex -38.96510696411133 1.3487006425857544 0
  vertex -38.79792022705078 1.202081561088562 0
  vertex -38.96510696411133 1.3487006425857544 4
 endloop
endfacet
facet normal 0 0 0
 outer loop
  vertex -38.79792022705078 1.202081561088562 0
  vertex -38.79792022705078 1.202081561088562 4
  vertex -38.96510696411133 1.3487006425857544 4
 endloop
endfacet
facet normal 0 0 0
 outer loop
  vertex -38.79792022705078 1.202081561088562 0
  vertex -38.65129852294922 1.0348944664001465 0
  vertex -38.79792022705078 1.202081561088562 4
 endloop
endfacet
facet normal 0 0 0
 outer loop
  vertex -38.65129852294922 1.0348944664001465 0
  vertex -38.65129852294922 1.0348944664001465 4
  vertex -38.79792022705078 1.202081561088562 4
 endloop
endfacet
facet normal 0 0 0
 outer loop
  vertex -38.65129852294922 1.0348944664001465 0
  vertex -38.52775573730469 0.8500000238418579 0
  vertex -38.65129852294922 1.0348944664001465 4
 endloop
endfacet
facet normal 0 0 0
 outer loop
  vertex -38.52775573730469 0.8500000238418579 0
  vertex -38.52775573730469 0.8500000238418579 4
  vertex -38.65129852294922 1.0348944664001465 4
 endloop
endfacet
facet normal 0 0 0
 outer loop
  vertex -38.52775573730469 0.8500000238418579 0
  vertex -38.429405212402344 0.6505618095397949 0
  vertex -38.52775573730469 0.8500000238418579 4
 endloop
endfacet
facet normal 0 0 0
 outer loop
  vertex -38.429405212402344 0.6505618095397949 0
  vertex -38.429405212402344 0.6505618095397949 4
  vertex -38.52775573730469 0.8500000238418579 4
 endloop
endfacet
facet normal 0 0 0
 outer loop
  vertex -38.429405212402344 0.6505618095397949 0
  vertex -38.35792541503906 0.43999236822128296 0
  vertex -38.429405212402344 0.6505618095397949 4
 endloop
endfacet
facet normal 0 0 0
 outer loop
  vertex -38.35792541503906 0.43999236822128296 0
  vertex -38.35792541503906 0.43999236822128296 4
  vertex -38.429405212402344 0.6505618095397949 4
 endloop
endfacet
facet normal 0 0 0
 outer loop
  vertex -38.35792541503906 0.43999236822128296 0
  vertex -38.314544677734375 0.2218945324420929 0
  vertex -38.35792541503906 0.43999236822128296 4
 endloop
endfacet
facet normal 0 0 0
 outer loop
  vertex -38.314544677734375 0.2218945324420929 0
  vertex -38.314544677734375 0.2218945324420929 4
  vertex -38.35792541503906 0.43999236822128296 4
 endloop
endfacet
facet normal 0 0 0
 outer loop
  vertex -38.314544677734375 0.2218945324420929 0
  vertex -38.29999923706055 0 0
  vertex -38.314544677734375 0.2218945324420929 4
 endloop
endfacet
facet normal 0 0 0
 outer loop
  vertex -38.29999923706055 0 0
  vertex -38.29999923706055 0 4
  vertex -38.314544677734375 0.2218945324420929 4
 endloop
endfacet
facet normal 0 0 0
 outer loop
  vertex 41.70000076293945 0 0
  vertex 41.685455322265625 -0.2218945324420929 0
  vertex 41.70000076293945 0 4
 endloop
endfacet
facet normal 0 0 0
 outer loop
  vertex 41.685455322265625 -0.2218945324420929 0
  vertex 41.685455322265625 -0.2218945324420929 4
  vertex 41.70000076293945 0 4
 endloop
endfacet
facet normal 0 0 0
 outer loop
  vertex 41.685455322265625 -0.2218945324420929 0
  vertex 41.64207458496094 -0.43999236822128296 0
  vertex 41.685455322265625 -0.2218945324420929 4
 endloop
endfacet
facet normal 0 0 0
 outer loop
  vertex 41.64207458496094 -0.43999236822128296 0
  vertex 41.64207458496094 -0.43999236822128296 4
  vertex 41.685455322265625 -0.2218945324420929 4
 endloop
endfacet
facet normal 0 0 0
 outer loop
  vertex 41.64207458496094 -0.43999236822128296 0
  vertex 41.570594787597656 -0.6505618095397949 0
  vertex 41.64207458496094 -0.43999236822128296 4
 endloop
endfacet
facet normal 0 0 0
 outer loop
  vertex 41.570594787597656 -0.6505618095397949 0
  vertex 41.570594787597656 -0.6505618095397949 4
  vertex 41.64207458496094 -0.43999236822128296 4
 endloop
endfacet
facet normal 0 0 0
 outer loop
  vertex 41.570594787597656 -0.6505618095397949 0
  vertex 41.47224426269531 -0.8500000238418579 0
  vertex 41.570594787597656 -0.6505618095397949 4
 endloop
endfacet
facet normal 0 0 0
 outer loop
  vertex 41.47224426269531 -0.8500000238418579 0
  vertex 41.47224426269531 -0.8500000238418579 4
  vertex 41.570594787597656 -0.6505618095397949 4
 endloop
endfacet
facet normal 0 0 0
 outer loop
  vertex 41.47224426269531 -0.8500000238418579 0
  vertex 41.34870147705078 -1.0348944664001465 0
  vertex 41.47224426269531 -0.8500000238418579 4
 endloop
endfacet
facet normal 0 0 0
 outer loop
  vertex 41.34870147705078 -1.0348944664001465 0
  vertex 41.34870147705078 -1.0348944664001465 4
  vertex 41.47224426269531 -0.8500000238418579 4
 endloop
endfacet
facet normal 0 0 0
 outer loop
  vertex 41.34870147705078 -1.0348944664001465 0
  vertex 41.20207977294922 -1.202081561088562 0
  vertex 41.34870147705078 -1.0348944664001465 4
 endloop
endfacet
facet normal 0 0 0
 outer loop
  vertex 41.20207977294922 -1.202081561088562 0
  vertex 41.20207977294922 -1.202081561088562 4
  vertex 41.34870147705078 -1.0348944664001465 4
 endloop
endfacet
facet normal 0 0 0
 outer loop
  vertex 41.20207977294922 -1.202081561088562 0
  vertex 41.03489303588867 -1.3487006425857544 0
  vertex 41.20207977294922 -1.202081561088562 4
 endloop
endfacet
facet normal 0 0 0
 outer loop
  vertex 41.03489303588867 -1.3487006425857544 0
  vertex 41.03489303588867 -1.3487006425857544 4
  vertex 41.20207977294922 -1.202081561088562 4
 endloop
endfacet
facet normal 0 0 0
 outer loop
  vertex 41.03489303588867 -1.3487006425857544 0
  vertex 40.849998474121094 -1.4722431898117065 0
  vertex 41.03489303588867 -1.3487006425857544 4
 endloop
endfacet
facet normal 0 0 0
 outer loop
  vertex 40.849998474121094 -1.4722431898117065 0
  vertex 40.849998474121094 -1.4722431898117065 4
  vertex 41.03489303588867 -1.3487006425857544 4
 endloop
endfacet
facet normal 0 0 0
 outer loop
  vertex 40.849998474121094 -1.4722431898117065 0
  vertex 40.65056228637695 -1.5705952644348145 0
  vertex 40.849998474121094 -1.4722431898117065 4
 endloop
endfacet
facet normal 0 0 0
 outer loop
  vertex 40.65056228637695 -1.5705952644348145 0
  vertex 40.65056228637695 -1.5705952644348145 4
  vertex 40.849998474121094 -1.4722431898117065 4
 endloop
endfacet
facet normal 0 0 0
 outer loop
  vertex 40.65056228637695 -1.5705952644348145 0
  vertex 40.43999099731445 -1.6420738697052002 0
  vertex 40.65056228637695 -1.5705952644348145 4
 endloop
endfacet
facet normal 0 0 0
 outer loop
  vertex 40.43999099731445 -1.6420738697052002 0
  vertex 40.43999099731445 -1.6420738697052002 4
  vertex 40.65056228637695 -1.5705952644348145 4
 endloop
endfacet
facet normal 0 0 0
 outer loop
  vertex 40.43999099731445 -1.6420738697052002 0
  vertex 40.221893310546875 -1.6854562759399414 0
  vertex 40.43999099731445 -1.6420738697052002 4
 endloop
endfacet
facet normal 0 0 0
 outer loop
  vertex 40.221893310546875 -1.6854562759399414 0
  vertex 40.221893310546875 -1.6854562759399414 4
  vertex 40.43999099731445 -1.6420738697052002 4
 endloop
endfacet
facet normal 0 0 0
 outer loop
  vertex 40.221893310546875 -1.6854562759399414 0
  vertex 40 -1.7000000476837158 0
  vertex 40.221893310546875 -1.6854562759399414 4
 endloop
endfacet
facet normal 0 0 0
 outer loop
  vertex 40 -1.7000000476837158 0
  vertex 40 -1.7000000476837158 4
  vertex 40.221893310546875 -1.6854562759399414 4
 endloop
endfacet
facet normal 0 0 0
 outer loop
  vertex 40 -1.7000000476837158 0
  vertex 39.778106689453125 -1.6854562759399414 0
  vertex 40 -1.7000000476837158 4
 endloop
endfacet
facet normal 0 0 0
 outer loop
  vertex 39.778106689453125 -1.6854562759399414 0
  vertex 39.778106689453125 -1.6854562759399414 4
  vertex 40 -1.7000000476837158 4
 endloop
endfacet
facet normal 0 0 0
 outer loop
  vertex 39.778106689453125 -1.6854562759399414 0
  vertex 39.56000900268555 -1.6420738697052002 0
  vertex 39.778106689453125 -1.6854562759399414 4
 endloop
endfacet
facet normal 0 0 0
 outer loop
  vertex 39.56000900268555 -1.6420738697052002 0
  vertex 39.56000900268555 -1.6420738697052002 4
  vertex 39.778106689453125 -1.6854562759399414 4
 endloop
endfacet
facet normal 0 0 0
 outer loop
  vertex 39.56000900268555 -1.6420738697052002 0
  vertex 39.34943771362305 -1.5705952644348145 0
  vertex 39.56000900268555 -1.6420738697052002 4
 endloop
endfacet
facet normal 0 0 0
 outer loop
  vertex 39.34943771362305 -1.5705952644348145 0
  vertex 39.34943771362305 -1.5705952644348145 4
  vertex 39.56000900268555 -1.6420738697052002 4
 endloop
endfacet
facet normal 0 0 0
 outer loop
  vertex 39.34943771362305 -1.5705952644348145 0
  vertex 39.150001525878906 -1.4722431898117065 0
  vertex 39.34943771362305 -1.5705952644348145 4
 endloop
endfacet
facet normal 0 0 0
 outer loop
  vertex 39.150001525878906 -1.4722431898117065 0
  vertex 39.150001525878906 -1.4722431898117065 4
  vertex 39.34943771362305 -1.5705952644348145 4
 endloop
endfacet
facet normal 0 0 0
 outer loop
  vertex 39.150001525878906 -1.4722431898117065 0
  vertex 38.96510696411133 -1.3487006425857544 0
  vertex 39.150001525878906 -1.4722431898117065 4
 endloop
endfacet
facet normal 0 0 0
 outer loop
  vertex 38.96510696411133 -1.3487006425857544 0
  vertex 38.96510696411133 -1.3487006425857544 4
  vertex 39.150001525878906 -1.4722431898117065 4
 endloop
endfacet
facet normal 0 0 0
 outer loop
  vertex 38.96510696411133 -1.3487006425857544 0
  vertex 38.79792022705078 -1.202081561088562 0
  vertex 38.96510696411133 -1.3487006425857544 4
 endloop
endfacet
facet normal 0 0 0
 outer loop
  vertex 38.79792022705078 -1.202081561088562 0
  vertex 38.79792022705078 -1.202081561088562 4
  vertex 38.96510696411133 -1.3487006425857544 4
 endloop
endfacet
facet normal 0 0 0
 outer loop
  vertex 38.79792022705078 -1.202081561088562 0
  vertex 38.65129852294922 -1.0348944664001465 0
  vertex 38.79792022705078 -1.202081561088562 4
 endloop
endfacet
facet normal 0 0 0
 outer loop
  vertex 38.65129852294922 -1.0348944664001465 0
  vertex 38.65129852294922 -1.0348944664001465 4
  vertex 38.79792022705078 -1.202081561088562 4
 endloop
endfacet
facet normal 0 0 0
 outer loop
  vertex 38.65129852294922 -1.0348944664001465 0
  vertex 38.52775573730469 -0.8500000238418579 0
  vertex 38.65129852294922 -1.0348944664001465 4
 endloop
endfacet
facet normal 0 0 0
 outer loop
  vertex 38.52775573730469 -0.8500000238418579 0
  vertex 38.52775573730469 -0.8500000238418579 4
  vertex 38.65129852294922 -1.0348944664001465 4
 endloop
endfacet
facet normal 0 0 0
 outer loop
  vertex 38.52775573730469 -0.8500000238418579 0
  vertex 38.429405212402344 -0.6505618095397949 0
  vertex 38.52775573730469 -0.8500000238418579 4
 endloop
endfacet
facet normal 0 0 0
 outer loop
  vertex 38.429405212402344 -0.6505618095397949 0
  vertex 38.429405212402344 -0.6505618095397949 4
  vertex 38.52775573730469 -0.8500000238418579 4
 endloop
endfacet
facet normal 0 0 0
 outer loop
  vertex 38.429405212402344 -0.6505618095397949 0
  vertex 38.35792541503906 -0.43999236822128296 0
  vertex 38.429405212402344 -0.6505618095397949 4
 endloop
endfacet
facet normal 0 0 0
 outer loop
  vertex 38.35792541503906 -0.43999236822128296 0
  vertex 38.35792541503906 -0.43999236822128296 4
  vertex 38.429405212402344 -0.6505618095397949 4
 endloop
endfacet
facet normal 0 0 0
 outer loop
  vertex 38.35792541503906 -0.43999236822128296 0
  vertex 38.314544677734375 -0.2218945324420929 0
  vertex 38.35792541503906 -0.43999236822128296 4
 endloop
endfacet
facet normal 0 0 0
 outer loop
  vertex 38.314544677734375 -0.2218945324420929 0
  vertex 38.314544677734375 -0.2218945324420929 4
  vertex 38.35792541503906 -0.43999236822128296 4
 endloop
endfacet
facet normal 0 0 0
 outer loop
  vertex 38.314544677734375 -0.2218945324420929 0
  vertex 38.29999923706055 -2.0818995170458873e-16 0
  vertex 38.314544677734375 -0.2218945324420929 4
 endloop
endfacet
facet normal 0 0 0
 outer loop
  vertex 38.29999923706055 -2.0818995170458873e-16 0
  vertex 38.29999923706055 -2.0818995170458873e-16 4
  vertex 38.314544677734375 -0.2218945324420929 4
 endloop
endfacet
facet normal 0 0 0
 outer loop
  vertex 38.29999923706055 -2.0818995170458873e-16 0
  vertex 38.314544677734375 0.2218945324420929 0
  vertex 38.29999923706055 -2.0818995170458873e-16 4
 endloop
endfacet
facet normal 0 0 0
 outer loop
  vertex 38.314544677734375 0.2218945324420929 0
  vertex 38.314544677734375 0.2218945324420929 4
  vertex 38.29999923706055 -2.0818995170458873e-16 4
 endloop
endfacet
facet normal 0 0 0
 outer loop
  vertex 38.314544677734375 0.2218945324420929 0
  vertex 38.35792541503906 0.43999236822128296 0
  vertex 38.314544677734375 0.2218945324420929 4
 endloop
endfacet
facet normal 0 0 0
 outer loop
  vertex 38.35792541503906 0.43999236822128296 0
  vertex 38.35792541503906 0.43999236822128296 4
  vertex 38.314544677734375 0.2218945324420929 4
 endloop
endfacet
facet normal 0 0 0
 outer loop
  vertex 38.35792541503906 0.43999236822128296 0
  vertex 38.429405212402344 0.6505618095397949 0
  vertex 38.35792541503906 0.43999236822128296 4
 endloop
endfacet
facet normal 0 0 0
 outer loop
  vertex 38.429405212402344 0.6505618095397949 0
  vertex 38.429405212402344 0.6505618095397949 4
  vertex 38.35792541503906 0.43999236822128296 4
 endloop
endfacet
facet normal 0 0 0
 outer loop
  vertex 38.429405212402344 0.6505618095397949 0
  vertex 38.52775573730469 0.8500000238418579 0
  vertex 38.429405212402344 0.6505618095397949 4
 endloop
endfacet
facet normal 0 0 0
 outer loop
  vertex 38.52775573730469 0.8500000238418579 0
  vertex 38.52775573730469 0.8500000238418579 4
  vertex 38.429405212402344 0.6505618095397949 4
 endloop
endfacet
facet normal 0 0 0
 outer loop
  vertex 38.52775573730469 0.8500000238418579 0
  vertex 38.65129852294922 1.0348944664001465 0
  vertex 38.52775573730469 0.8500000238418579 4
 endloop
endfacet
facet normal 0 0 0
 outer loop
  vertex 38.65129852294922 1.0348944664001465 0
  vertex 38.65129852294922 1.0348944664001465 4
  vertex 38.52775573730469 0.8500000238418579 4
 endloop
endfacet
facet normal 0 0 0
 outer loop
  vertex 38.65129852294922 1.0348944664001465 0
  vertex 38.79792022705078 1.202081561088562 0
  vertex 38.65129852294922 1.0348944664001465 4
 endloop
endfacet
facet normal 0 0 0
 outer loop
  vertex 38.79792022705078 1.202081561088562 0
  vertex 38.79792022705078 1.202081561088562 4
  vertex 38.65129852294922 1.0348944664001465 4
 endloop
endfacet
facet normal 0 0 0
 outer loop
  vertex 38.79792022705078 1.202081561088562 0
  vertex 38.96510696411133 1.3487006425857544 0
  vertex 38.79792022705078 1.202081561088562 4
 endloop
endfacet
facet normal 0 0 0
 outer loop
  vertex 38.96510696411133 1.3487006425857544 0
  vertex 38.96510696411133 1.3487006425857544 4
  vertex 38.79792022705078 1.202081561088562 4
 endloop
endfacet
facet normal 0 0 0
 outer loop
  vertex 38.96510696411133 1.3487006425857544 0
  vertex 39.150001525878906 1.4722431898117065 0
  vertex 38.96510696411133 1.3487006425857544 4
 endloop
endfacet
facet normal 0 0 0
 outer loop
  vertex 39.150001525878906 1.4722431898117065 0
  vertex 39.150001525878906 1.4722431898117065 4
  vertex 38.96510696411133 1.3487006425857544 4
 endloop
endfacet
facet normal 0 0 0
 outer loop
  vertex 39.150001525878906 1.4722431898117065 0
  vertex 39.34943771362305 1.5705952644348145 0
  vertex 39.150001525878906 1.4722431898117065 4
 endloop
endfacet
facet normal 0 0 0
 outer loop
  vertex 39.34943771362305 1.5705952644348145 0
  vertex 39.34943771362305 1.5705952644348145 4
  vertex 39.150001525878906 1.4722431898117065 4
 endloop
endfacet
facet normal 0 0 0
 outer loop
  vertex 39.34943771362305 1.5705952644348145 0
  vertex 39.56000900268555 1.6420738697052002 0
  vertex 39.34943771362305 1.5705952644348145 4
 endloop
endfacet
facet normal 0 0 0
 outer loop
  vertex 39.56000900268555 1.6420738697052002 0
  vertex 39.56000900268555 1.6420738697052002 4
  vertex 39.34943771362305 1.5705952644348145 4
 endloop
endfacet
facet normal 0 0 0
 outer loop
  vertex 39.56000900268555 1.6420738697052002 0
  vertex 39.778106689453125 1.6854562759399414 0
  vertex 39.56000900268555 1.6420738697052002 4
 endloop
endfacet
facet normal 0 0 0
 outer loop
  vertex 39.778106689453125 1.6854562759399414 0
  vertex 39.778106689453125 1.6854562759399414 4
  vertex 39.56000900268555 1.6420738697052002 4
 endloop
endfacet
facet normal 0 0 0
 outer loop
  vertex 39.778106689453125 1.6854562759399414 0
  vertex 40 1.7000000476837158 0
  vertex 39.778106689453125 1.6854562759399414 4
 endloop
endfacet
facet normal 0 0 0
 outer loop
  vertex 40 1.7000000476837158 0
  vertex 40 1.7000000476837158 4
  vertex 39.778106689453125 1.6854562759399414 4
 endloop
endfacet
facet normal 0 0 0
 outer loop
  vertex 40 1.7000000476837158 0
  vertex 40.221893310546875 1.6854562759399414 0
  vertex 40 1.7000000476837158 4
 endloop
endfacet
facet normal 0 0 0
 outer loop
  vertex 40.221893310546875 1.6854562759399414 0
  vertex 40.221893310546875 1.6854562759399414 4
  vertex 40 1.7000000476837158 4
 endloop
endfacet
facet normal 0 0 0
 outer loop
  vertex 40.221893310546875 1.6854562759399414 0
  vertex 40.43999099731445 1.6420738697052002 0
  vertex 40.221893310546875 1.6854562759399414 4
 endloop
endfacet
facet normal 0 0 0
 outer loop
  vertex 40.43999099731445 1.6420738697052002 0
  vertex 40.43999099731445 1.6420738697052002 4
  vertex 40.221893310546875 1.6854562759399414 4
 endloop
endfacet
facet normal 0 0 0
 outer loop
  vertex 40.43999099731445 1.6420738697052002 0
  vertex 40.65056228637695 1.5705952644348145 0
  vertex 40.43999099731445 1.6420738697052002 4
 endloop
endfacet
facet normal 0 0 0
 outer loop
  vertex 40.65056228637695 1.5705952644348145 0
  vertex 40.65056228637695 1.5705952644348145 4
  vertex 40.43999099731445 1.6420738697052002 4
 endloop
endfacet
facet normal 0 0 0
 outer loop
  vertex 40.65056228637695 1.5705952644348145 0
  vertex 40.849998474121094 1.4722431898117065 0
  vertex 40.65056228637695 1.5705952644348145 4
 endloop
endfacet
facet normal 0 0 0
 outer loop
  vertex 40.849998474121094 1.4722431898117065 0
  vertex 40.849998474121094 1.4722431898117065 4
  vertex 40.65056228637695 1.5705952644348145 4
 endloop
endfacet
facet normal 0 0 0
 outer loop
  vertex 40.849998474121094 1.4722431898117065 0
  vertex 41.03489303588867 1.3487006425857544 0
  vertex 40.849998474121094 1.4722431898117065 4
 endloop
endfacet
facet normal 0 0 0
 outer loop
  vertex 41.03489303588867 1.3487006425857544 0
  vertex 41.03489303588867 1.3487006425857544 4
  vertex 40.849998474121094 1.4722431898117065 4
 endloop
endfacet
facet normal 0 0 0
 outer loop
  vertex 41.03489303588867 1.3487006425857544 0
  vertex 41.20207977294922 1.202081561088562 0
  vertex 41.03489303588867 1.3487006425857544 4
 endloop
endfacet
facet normal 0 0 0
 outer loop
  vertex 41.20207977294922 1.202081561088562 0
  vertex 41.20207977294922 1.202081561088562 4
  vertex 41.03489303588867 1.3487006425857544 4
 endloop
endfacet
facet normal 0 0 0
 outer loop
  vertex 41.20207977294922 1.202081561088562 0
  vertex 41.34870147705078 1.0348944664001465 0
  vertex 41.20207977294922 1.202081561088562 4
 endloop
endfacet
facet normal 0 0 0
 outer loop
  vertex 41.34870147705078 1.0348944664001465 0
  vertex 41.34870147705078 1.0348944664001465 4
  vertex 41.20207977294922 1.202081561088562 4
 endloop
endfacet
facet normal 0 0 0
 outer loop
  vertex 41.34870147705078 1.0348944664001465 0
  vertex 41.47224426269531 0.8500000238418579 0
  vertex 41.34870147705078 1.0348944664001465 4
 endloop
endfacet
facet normal 0 0 0
 outer loop
  vertex 41.47224426269531 0.8500000238418579 0
  vertex 41.47224426269531 0.8500000238418579 4
  vertex 41.34870147705078 1.0348944664001465 4
 endloop
endfacet
facet normal 0 0 0
 outer loop
  vertex 41.47224426269531 0.8500000238418579 0
  vertex 41.570594787597656 0.6505618095397949 0
  vertex 41.47224426269531 0.8500000238418579 4
 endloop
endfacet
facet normal 0 0 0
 outer loop
  vertex 41.570594787597656 0.6505618095397949 0
  vertex 41.570594787597656 0.6505618095397949 4
  vertex 41.47224426269531 0.8500000238418579 4
 endloop
endfacet
facet normal 0 0 0
 outer loop
  vertex 41.570594787597656 0.6505618095397949 0
  vertex 41.64207458496094 0.43999236822128296 0
  vertex 41.570594787597656 0.6505618095397949 4
 endloop
endfacet
facet normal 0 0 0
 outer loop
  vertex 41.64207458496094 0.43999236822128296 0
  vertex 41.64207458496094 0.43999236822128296 4
  vertex 41.570594787597656 0.6505618095397949 4
 endloop
endfacet
facet normal 0 0 0
 outer loop
  vertex 41.64207458496094 0.43999236822128296 0
  vertex 41.685455322265625 0.2218945324420929 0
  vertex 41.64207458496094 0.43999236822128296 4
 endloop
endfacet
facet normal 0 0 0
 outer loop
  vertex 41.685455322265625 0.2218945324420929 0
  vertex 41.685455322265625 0.2218945324420929 4
  vertex 41.64207458496094 0.43999236822128296 4
 endloop
endfacet
facet normal 0 0 0
 outer loop
  vertex 41.685455322265625 0.2218945324420929 0
  vertex 41.70000076293945 0 0
  vertex 41.685455322265625 0.2218945324420929 4
 endloop
endfacet
facet normal 0 0 0
 outer loop
  vertex 41.70000076293945 0 0
  vertex 41.70000076293945 0 4
  vertex 41.685455322265625 0.2218945324420929 4
 endloop
endfacet
facet normal 0 0 0
 outer loop
  vertex 1.7000000476837158 0 0
  vertex 1.6854562759399414 -0.2218945324420929 0
  vertex 1.7000000476837158 0 4
 endloop
endfacet
facet normal 0 0 0
 outer loop
  vertex 1.6854562759399414 -0.2218945324420929 0
  vertex 1.6854562759399414 -0.2218945324420929 4
  vertex 1.7000000476837158 0 4
 endloop
endfacet
facet normal 0 0 0
 outer loop
  vertex 1.6854562759399414 -0.2218945324420929 0
  vertex 1.6420738697052002 -0.43999236822128296 0
  vertex 1.6854562759399414 -0.2218945324420929 4
 endloop
endfacet
facet normal 0 0 0
 outer loop
  vertex 1.6420738697052002 -0.43999236822128296 0
  vertex 1.6420738697052002 -0.43999236822128296 4
  vertex 1.6854562759399414 -0.2218945324420929 4
 endloop
endfacet
facet normal 0 0 0
 outer loop
  vertex 1.6420738697052002 -0.43999236822128296 0
  vertex 1.5705952644348145 -0.6505618095397949 0
  vertex 1.6420738697052002 -0.43999236822128296 4
 endloop
endfacet
facet normal 0 0 0
 outer loop
  vertex 1.5705952644348145 -0.6505618095397949 0
  vertex 1.5705952644348145 -0.6505618095397949 4
  vertex 1.6420738697052002 -0.43999236822128296 4
 endloop
endfacet
facet normal 0 0 0
 outer loop
  vertex 1.5705952644348145 -0.6505618095397949 0
  vertex 1.4722431898117065 -0.8500000238418579 0
  vertex 1.5705952644348145 -0.6505618095397949 4
 endloop
endfacet
facet normal 0 0 0
 outer loop
  vertex 1.4722431898117065 -0.8500000238418579 0
  vertex 1.4722431898117065 -0.8500000238418579 4
  vertex 1.5705952644348145 -0.6505618095397949 4
 endloop
endfacet
facet normal 0 0 0
 outer loop
  vertex 1.4722431898117065 -0.8500000238418579 0
  vertex 1.3487006425857544 -1.0348944664001465 0
  vertex 1.4722431898117065 -0.8500000238418579 4
 endloop
endfacet
facet normal 0 0 0
 outer loop
  vertex 1.3487006425857544 -1.0348944664001465 0
  vertex 1.3487006425857544 -1.0348944664001465 4
  vertex 1.4722431898117065 -0.8500000238418579 4
 endloop
endfacet
facet normal 0 0 0
 outer loop
  vertex 1.3487006425857544 -1.0348944664001465 0
  vertex 1.202081561088562 -1.202081561088562 0
  vertex 1.3487006425857544 -1.0348944664001465 4
 endloop
endfacet
facet normal 0 0 0
 outer loop
  vertex 1.202081561088562 -1.202081561088562 0
  vertex 1.202081561088562 -1.202081561088562 4
  vertex 1.3487006425857544 -1.0348944664001465 4
 endloop
endfacet
facet normal 0 0 0
 outer loop
  vertex 1.202081561088562 -1.202081561088562 0
  vertex 1.0348944664001465 -1.3487006425857544 0
  vertex 1.202081561088562 -1.202081561088562 4
 endloop
endfacet
facet normal 0 0 0
 outer loop
  vertex 1.0348944664001465 -1.3487006425857544 0
  vertex 1.0348944664001465 -1.3487006425857544 4
  vertex 1.202081561088562 -1.202081561088562 4
 endloop
endfacet
facet normal 0 0 0
 outer loop
  vertex 1.0348944664001465 -1.3487006425857544 0
  vertex 0.8500000238418579 -1.4722431898117065 0
  vertex 1.0348944664001465 -1.3487006425857544 4
 endloop
endfacet
facet normal 0 0 0
 outer loop
  vertex 0.8500000238418579 -1.4722431898117065 0
  vertex 0.8500000238418579 -1.4722431898117065 4
  vertex 1.0348944664001465 -1.3487006425857544 4
 endloop
endfacet
facet normal 0 0 0
 outer loop
  vertex 0.8500000238418579 -1.4722431898117065 0
  vertex 0.6505618095397949 -1.5705952644348145 0
  vertex 0.8500000238418579 -1.4722431898117065 4
 endloop
endfacet
facet normal 0 0 0
 outer loop
  vertex 0.6505618095397949 -1.5705952644348145 0
  vertex 0.6505618095397949 -1.5705952644348145 4
  vertex 0.8500000238418579 -1.4722431898117065 4
 endloop
endfacet
facet normal 0 0 0
 outer loop
  vertex 0.6505618095397949 -1.5705952644348145 0
  vertex 0.43999236822128296 -1.6420738697052002 0
  vertex 0.6505618095397949 -1.5705952644348145 4
 endloop
endfacet
facet normal 0 0 0
 outer loop
  vertex 0.43999236822128296 -1.6420738697052002 0
  vertex 0.43999236822128296 -1.6420738697052002 4
  vertex 0.6505618095397949 -1.5705952644348145 4
 endloop
endfacet
facet normal 0 0 0
 outer loop
  vertex 0.43999236822128296 -1.6420738697052002 0
  vertex 0.2218945324420929 -1.6854562759399414 0
  vertex 0.43999236822128296 -1.6420738697052002 4
 endloop
endfacet
facet normal 0 0 0
 outer loop
  vertex 0.2218945324420929 -1.6854562759399414 0
  vertex 0.2218945324420929 -1.6854562759399414 4
  vertex 0.43999236822128296 -1.6420738697052002 4
 endloop
endfacet
facet normal 0 0 0
 outer loop
  vertex 0.2218945324420929 -1.6854562759399414 0
  vertex 1.0409497585229437e-16 -1.7000000476837158 0
  vertex 0.2218945324420929 -1.6854562759399414 4
 endloop
endfacet
facet normal 0 0 0
 outer loop
  vertex 1.0409497585229437e-16 -1.7000000476837158 0
  vertex 1.0409497585229437e-16 -1.7000000476837158 4
  vertex 0.2218945324420929 -1.6854562759399414 4
 endloop
endfacet
facet normal 0 0 0
 outer loop
  vertex 1.0409497585229437e-16 -1.7000000476837158 0
  vertex -0.2218945324420929 -1.6854562759399414 0
  vertex 1.0409497585229437e-16 -1.7000000476837158 4
 endloop
endfacet
facet normal 0 0 0
 outer loop
  vertex -0.2218945324420929 -1.6854562759399414 0
  vertex -0.2218945324420929 -1.6854562759399414 4
  vertex 1.0409497585229437e-16 -1.7000000476837158 4
 endloop
endfacet
facet normal 0 0 0
 outer loop
  vertex -0.2218945324420929 -1.6854562759399414 0
  vertex -0.43999236822128296 -1.6420738697052002 0
  vertex -0.2218945324420929 -1.6854562759399414 4
 endloop
endfacet
facet normal 0 0 0
 outer loop
  vertex -0.43999236822128296 -1.6420738697052002 0
  vertex -0.43999236822128296 -1.6420738697052002 4
  vertex -0.2218945324420929 -1.6854562759399414 4
 endloop
endfacet
facet normal 0 0 0
 outer loop
  vertex -0.43999236822128296 -1.6420738697052002 0
  vertex -0.6505618095397949 -1.5705952644348145 0
  vertex -0.43999236822128296 -1.6420738697052002 4
 endloop
endfacet
facet normal 0 0 0
 outer loop
  vertex -0.6505618095397949 -1.5705952644348145 0
  vertex -0.6505618095397949 -1.5705952644348145 4
  vertex -0.43999236822128296 -1.6420738697052002 4
 endloop
endfacet
facet normal 0 0 0
 outer loop
  vertex -0.6505618095397949 -1.5705952644348145 0
  vertex -0.8500000238418579 -1.4722431898117065 0
  vertex -0.6505618095397949 -1.5705952644348145 4
 endloop
endfacet
facet normal 0 0 0
 outer loop
  vertex -0.8500000238418579 -1.4722431898117065 0
  vertex -0.8500000238418579 -1.4722431898117065 4
  vertex -0.6505618095397949 -1.5705952644348145 4
 endloop
endfacet
facet normal 0 0 0
 outer loop
  vertex -0.8500000238418579 -1.4722431898117065 0
  vertex -1.0348944664001465 -1.3487006425857544 0
  vertex -0.8500000238418579 -1.4722431898117065 4
 endloop
endfacet
facet normal 0 0 0
 outer loop
  vertex -1.0348944664001465 -1.3487006425857544 0
  vertex -1.0348944664001465 -1.3487006425857544 4
  vertex -0.8500000238418579 -1.4722431898117065 4
 endloop
endfacet
facet normal 0 0 0
 outer loop
  vertex -1.0348944664001465 -1.3487006425857544 0
  vertex -1.202081561088562 -1.202081561088562 0
  vertex -1.0348944664001465 -1.3487006425857544 4
 endloop
endfacet
facet normal 0 0 0
 outer loop
  vertex -1.202081561088562 -1.202081561088562 0
  vertex -1.202081561088562 -1.202081561088562 4
  vertex -1.0348944664001465 -1.3487006425857544 4
 endloop
endfacet
facet normal 0 0 0
 outer loop
  vertex -1.202081561088562 -1.202081561088562 0
  vertex -1.3487006425857544 -1.0348944664001465 0
  vertex -1.202081561088562 -1.202081561088562 4
 endloop
endfacet
facet normal 0 0 0
 outer loop
  vertex -1.3487006425857544 -1.0348944664001465 0
  vertex -1.3487006425857544 -1.0348944664001465 4
  vertex -1.202081561088562 -1.202081561088562 4
 endloop
endfacet
facet normal 0 0 0
 outer loop
  vertex -1.3487006425857544 -1.0348944664001465 0
  vertex -1.4722431898117065 -0.8500000238418579 0
  vertex -1.3487006425857544 -1.0348944664001465 4
 endloop
endfacet
facet normal 0 0 0
 outer loop
  vertex -1.4722431898117065 -0.8500000238418579 0
  vertex -1.4722431898117065 -0.8500000238418579 4
  vertex -1.3487006425857544 -1.0348944664001465 4
 endloop
endfacet
facet normal 0 0 0
 outer loop
  vertex -1.4722431898117065 -0.8500000238418579 0
  vertex -1.5705952644348145 -0.6505618095397949 0
  vertex -1.4722431898117065 -0.8500000238418579 4
 endloop
endfacet
facet normal 0 0 0
 outer loop
  vertex -1.5705952644348145 -0.6505618095397949 0
  vertex -1.5705952644348145 -0.6505618095397949 4
  vertex -1.4722431898117065 -0.8500000238418579 4
 endloop
endfacet
facet normal 0 0 0
 outer loop
  vertex -1.5705952644348145 -0.6505618095397949 0
  vertex -1.6420738697052002 -0.43999236822128296 0
  vertex -1.5705952644348145 -0.6505618095397949 4
 endloop
endfacet
facet normal 0 0 0
 outer loop
  vertex -1.6420738697052002 -0.43999236822128296 0
  vertex -1.6420738697052002 -0.43999236822128296 4
  vertex -1.5705952644348145 -0.6505618095397949 4
 endloop
endfacet
facet normal 0 0 0
 outer loop
  vertex -1.6420738697052002 -0.43999236822128296 0
  vertex -1.6854562759399414 -0.2218945324420929 0
  vertex -1.6420738697052002 -0.43999236822128296 4
 endloop
endfacet
facet normal 0 0 0
 outer loop
  vertex -1.6854562759399414 -0.2218945324420929 0
  vertex -1.6854562759399414 -0.2218945324420929 4
  vertex -1.6420738697052002 -0.43999236822128296 4
 endloop
endfacet
facet normal 0 0 0
 outer loop
  vertex -1.6854562759399414 -0.2218945324420929 0
  vertex -1.7000000476837158 -2.0818995170458873e-16 0
  vertex -1.6854562759399414 -0.2218945324420929 4
 endloop
endfacet
facet normal 0 0 0
 outer loop
  vertex -1.7000000476837158 -2.0818995170458873e-16 0
  vertex -1.7000000476837158 -2.0818995170458873e-16 4
  vertex -1.6854562759399414 -0.2218945324420929 4
 endloop
endfacet
facet normal 0 0 0
 outer loop
  vertex -1.7000000476837158 -2.0818995170458873e-16 0
  vertex -1.6854562759399414 0.2218945324420929 0
  vertex -1.7000000476837158 -2.0818995170458873e-16 4
 endloop
endfacet
facet normal 0 0 0
 outer loop
  vertex -1.6854562759399414 0.2218945324420929 0
  vertex -1.6854562759399414 0.2218945324420929 4
  vertex -1.7000000476837158 -2.0818995170458873e-16 4
 endloop
endfacet
facet normal 0 0 0
 outer loop
  vertex -1.6854562759399414 0.2218945324420929 0
  vertex -1.6420738697052002 0.43999236822128296 0
  vertex -1.6854562759399414 0.2218945324420929 4
 endloop
endfacet
facet normal 0 0 0
 outer loop
  vertex -1.6420738697052002 0.43999236822128296 0
  vertex -1.6420738697052002 0.43999236822128296 4
  vertex -1.6854562759399414 0.2218945324420929 4
 endloop
endfacet
facet normal 0 0 0
 outer loop
  vertex -1.6420738697052002 0.43999236822128296 0
  vertex -1.5705952644348145 0.6505618095397949 0
  vertex -1.6420738697052002 0.43999236822128296 4
 endloop
endfacet
facet normal 0 0 0
 outer loop
  vertex -1.5705952644348145 0.6505618095397949 0
  vertex -1.5705952644348145 0.6505618095397949 4
  vertex -1.6420738697052002 0.43999236822128296 4
 endloop
endfacet
facet normal 0 0 0
 outer loop
  vertex -1.5705952644348145 0.6505618095397949 0
  vertex -1.4722431898117065 0.8500000238418579 0
  vertex -1.5705952644348145 0.6505618095397949 4
 endloop
endfacet
facet normal 0 0 0
 outer loop
  vertex -1.4722431898117065 0.8500000238418579 0
  vertex -1.4722431898117065 0.8500000238418579 4
  vertex -1.5705952644348145 0.6505618095397949 4
 endloop
endfacet
facet normal 0 0 0
 outer loop
  vertex -1.4722431898117065 0.8500000238418579 0
  vertex -1.3487006425857544 1.0348944664001465 0
  vertex -1.4722431898117065 0.8500000238418579 4
 endloop
endfacet
facet normal 0 0 0
 outer loop
  vertex -1.3487006425857544 1.0348944664001465 0
  vertex -1.3487006425857544 1.0348944664001465 4
  vertex -1.4722431898117065 0.8500000238418579 4
 endloop
endfacet
facet normal 0 0 0
 outer loop
  vertex -1.3487006425857544 1.0348944664001465 0
  vertex -1.202081561088562 1.202081561088562 0
  vertex -1.3487006425857544 1.0348944664001465 4
 endloop
endfacet
facet normal 0 0 0
 outer loop
  vertex -1.202081561088562 1.202081561088562 0
  vertex -1.202081561088562 1.202081561088562 4
  vertex -1.3487006425857544 1.0348944664001465 4
 endloop
endfacet
facet normal 0 0 0
 outer loop
  vertex -1.202081561088562 1.202081561088562 0
  vertex -1.0348944664001465 1.3487006425857544 0
  vertex -1.202081561088562 1.202081561088562 4
 endloop
endfacet
facet normal 0 0 0
 outer loop
  vertex -1.0348944664001465 1.3487006425857544 0
  vertex -1.0348944664001465 1.3487006425857544 4
  vertex -1.202081561088562 1.202081561088562 4
 endloop
endfacet
facet normal 0 0 0
 outer loop
  vertex -1.0348944664001465 1.3487006425857544 0
  vertex -0.8500000238418579 1.4722431898117065 0
  vertex -1.0348944664001465 1.3487006425857544 4
 endloop
endfacet
facet normal 0 0 0
 outer loop
  vertex -0.8500000238418579 1.4722431898117065 0
  vertex -0.8500000238418579 1.4722431898117065 4
  vertex -1.0348944664001465 1.3487006425857544 4
 endloop
endfacet
facet normal 0 0 0
 outer loop
  vertex -0.8500000238418579 1.4722431898117065 0
  vertex -0.6505618095397949 1.5705952644348145 0
  vertex -0.8500000238418579 1.4722431898117065 4
 endloop
endfacet
facet normal 0 0 0
 outer loop
  vertex -0.6505618095397949 1.5705952644348145 0
  vertex -0.6505618095397949 1.5705952644348145 4
  vertex -0.8500000238418579 1.4722431898117065 4
 endloop
endfacet
facet normal 0 0 0
 outer loop
  vertex -0.6505618095397949 1.5705952644348145 0
  vertex -0.43999236822128296 1.6420738697052002 0
  vertex -0.6505618095397949 1.5705952644348145 4
 endloop
endfacet
facet normal 0 0 0
 outer loop
  vertex -0.43999236822128296 1.6420738697052002 0
  vertex -0.43999236822128296 1.6420738697052002 4
  vertex -0.6505618095397949 1.5705952644348145 4
 endloop
endfacet
facet normal 0 0 0
 outer loop
  vertex -0.43999236822128296 1.6420738697052002 0
  vertex -0.2218945324420929 1.6854562759399414 0
  vertex -0.43999236822128296 1.6420738697052002 4
 endloop
endfacet
facet normal 0 0 0
 outer loop
  vertex -0.2218945324420929 1.6854562759399414 0
  vertex -0.2218945324420929 1.6854562759399414 4
  vertex -0.43999236822128296 1.6420738697052002 4
 endloop
endfacet
facet normal 0 0 0
 outer loop
  vertex -0.2218945324420929 1.6854562759399414 0
  vertex -3.122849275568831e-16 1.7000000476837158 0
  vertex -0.2218945324420929 1.6854562759399414 4
 endloop
endfacet
facet normal 0 0 0
 outer loop
  vertex -3.122849275568831e-16 1.7000000476837158 0
  vertex -3.122849275568831e-16 1.7000000476837158 4
  vertex -0.2218945324420929 1.6854562759399414 4
 endloop
endfacet
facet normal 0 0 0
 outer loop
  vertex -3.122849275568831e-16 1.7000000476837158 0
  vertex 0.2218945324420929 1.6854562759399414 0
  vertex -3.122849275568831e-16 1.7000000476837158 4
 endloop
endfacet
facet normal 0 0 0
 outer loop
  vertex 0.2218945324420929 1.6854562759399414 0
  vertex 0.2218945324420929 1.6854562759399414 4
  vertex -3.122849275568831e-16 1.7000000476837158 4
 endloop
endfacet
facet normal 0 0 0
 outer loop
  vertex 0.2218945324420929 1.6854562759399414 0
  vertex 0.43999236822128296 1.6420738697052002 0
  vertex 0.2218945324420929 1.6854562759399414 4
 endloop
endfacet
facet normal 0 0 0
 outer loop
  vertex 0.43999236822128296 1.6420738697052002 0
  vertex 0.43999236822128296 1.6420738697052002 4
  vertex 0.2218945324420929 1.6854562759399414 4
 endloop
endfacet
facet normal 0 0 0
 outer loop
  vertex 0.43999236822128296 1.6420738697052002 0
  vertex 0.6505618095397949 1.5705952644348145 0
  vertex 0.43999236822128296 1.6420738697052002 4
 endloop
endfacet
facet normal 0 0 0
 outer loop
  vertex 0.6505618095397949 1.5705952644348145 0
  vertex 0.6505618095397949 1.5705952644348145 4
  vertex 0.43999236822128296 1.6420738697052002 4
 endloop
endfacet
facet normal 0 0 0
 outer loop
  vertex 0.6505618095397949 1.5705952644348145 0
  vertex 0.8500000238418579 1.4722431898117065 0
  vertex 0.6505618095397949 1.5705952644348145 4
 endloop
endfacet
facet normal 0 0 0
 outer loop
  vertex 0.8500000238418579 1.4722431898117065 0
  vertex 0.8500000238418579 1.4722431898117065 4
  vertex 0.6505618095397949 1.5705952644348145 4
 endloop
endfacet
facet normal 0 0 0
 outer loop
  vertex 0.8500000238418579 1.4722431898117065 0
  vertex 1.0348944664001465 1.3487006425857544 0
  vertex 0.8500000238418579 1.4722431898117065 4
 endloop
endfacet
facet normal 0 0 0
 outer loop
  vertex 1.0348944664001465 1.3487006425857544 0
  vertex 1.0348944664001465 1.3487006425857544 4
  vertex 0.8500000238418579 1.4722431898117065 4
 endloop
endfacet
facet normal 0 0 0
 outer loop
  vertex 1.0348944664001465 1.3487006425857544 0
  vertex 1.202081561088562 1.202081561088562 0
  vertex 1.0348944664001465 1.3487006425857544 4
 endloop
endfacet
facet normal 0 0 0
 outer loop
  vertex 1.202081561088562 1.202081561088562 0
  vertex 1.202081561088562 1.202081561088562 4
  vertex 1.0348944664001465 1.3487006425857544 4
 endloop
endfacet
facet normal 0 0 0
 outer loop
  vertex 1.202081561088562 1.202081561088562 0
  vertex 1.3487006425857544 1.0348944664001465 0
  vertex 1.202081561088562 1.202081561088562 4
 endloop
endfacet
facet normal 0 0 0
 outer loop
  vertex 1.3487006425857544 1.0348944664001465 0
  vertex 1.3487006425857544 1.0348944664001465 4
  vertex 1.202081561088562 1.202081561088562 4
 endloop
endfacet
facet normal 0 0 0
 outer loop
  vertex 1.3487006425857544 1.0348944664001465 0
  vertex 1.4722431898117065 0.8500000238418579 0
  vertex 1.3487006425857544 1.0348944664001465 4
 endloop
endfacet
facet normal 0 0 0
 outer loop
  vertex 1.4722431898117065 0.8500000238418579 0
  vertex 1.4722431898117065 0.8500000238418579 4
  vertex 1.3487006425857544 1.0348944664001465 4
 endloop
endfacet
facet normal 0 0 0
 outer loop
  vertex 1.4722431898117065 0.8500000238418579 0
  vertex 1.5705952644348145 0.6505618095397949 0
  vertex 1.4722431898117065 0.8500000238418579 4
 endloop
endfacet
facet normal 0 0 0
 outer loop
  vertex 1.5705952644348145 0.6505618095397949 0
  vertex 1.5705952644348145 0.6505618095397949 4
  vertex 1.4722431898117065 0.8500000238418579 4
 endloop
endfacet
facet normal 0 0 0
 outer loop
  vertex 1.5705952644348145 0.6505618095397949 0
  vertex 1.6420738697052002 0.43999236822128296 0
  vertex 1.5705952644348145 0.6505618095397949 4
 endloop
endfacet
facet normal 0 0 0
 outer loop
  vertex 1.6420738697052002 0.43999236822128296 0
  vertex 1.6420738697052002 0.43999236822128296 4
  vertex 1.5705952644348145 0.6505618095397949 4
 endloop
endfacet
facet normal 0 0 0
 outer loop
  vertex 1.6420738697052002 0.43999236822128296 0
  vertex 1.6854562759399414 0.2218945324420929 0
  vertex 1.6420738697052002 0.43999236822128296 4
 endloop
endfacet
facet normal 0 0 0
 outer loop
  vertex 1.6854562759399414 0.2218945324420929 0
  vertex 1.6854562759399414 0.2218945324420929 4
  vertex 1.6420738697052002 0.43999236822128296 4
 endloop
endfacet
facet normal 0 0 0
 outer loop
  vertex 1.6854562759399414 0.2218945324420929 0
  vertex 1.7000000476837158 0 0
  vertex 1.6854562759399414 0.2218945324420929 4
 endloop
endfacet
facet normal 0 0 0
 outer loop
  vertex 1.7000000476837158 0 0
  vertex 1.7000000476837158 0 4
  vertex 1.6854562759399414 0.2218945324420929 4
 endloop
endfacet
facet normal 0 0 0
 outer loop
  vertex -48.29999923706055 -30 0
  vertex -48.314544677734375 -30.221895217895508 0
  vertex -48.29999923706055 -30 4
 endloop
endfacet
facet normal 0 0 0
 outer loop
  vertex -48.314544677734375 -30.221895217895508 0
  vertex -48.314544677734375 -30.221895217895508 4
  vertex -48.29999923706055 -30 4
 endloop
endfacet
facet normal 0 0 0
 outer loop
  vertex -48.314544677734375 -30.221895217895508 0
  vertex -48.35792541503906 -30.439992904663086 0
  vertex -48.314544677734375 -30.221895217895508 4
 endloop
endfacet
facet normal 0 0 0
 outer loop
  vertex -48.35792541503906 -30.439992904663086 0
  vertex -48.35792541503906 -30.439992904663086 4
  vertex -48.314544677734375 -30.221895217895508 4
 endloop
endfacet
facet normal 0 0 0
 outer loop
  vertex -48.35792541503906 -30.439992904663086 0
  vertex -48.429405212402344 -30.650562286376953 0
  vertex -48.35792541503906 -30.439992904663086 4
 endloop
endfacet
facet normal 0 0 0
 outer loop
  vertex -48.429405212402344 -30.650562286376953 0
  vertex -48.429405212402344 -30.650562286376953 4
  vertex -48.35792541503906 -30.439992904663086 4
 endloop
endfacet
facet normal 0 0 0
 outer loop
  vertex -48.429405212402344 -30.650562286376953 0
  vertex -48.52775573730469 -30.850000381469727 0
  vertex -48.429405212402344 -30.650562286376953 4
 endloop
endfacet
facet normal 0 0 0
 outer loop
  vertex -48.52775573730469 -30.850000381469727 0
  vertex -48.52775573730469 -30.850000381469727 4
  vertex -48.429405212402344 -30.650562286376953 4
 endloop
endfacet
facet normal 0 0 0
 outer loop
  vertex -48.52775573730469 -30.850000381469727 0
  vertex -48.65129852294922 -31.034894943237305 0
  vertex -48.52775573730469 -30.850000381469727 4
 endloop
endfacet
facet normal 0 0 0
 outer loop
  vertex -48.65129852294922 -31.034894943237305 0
  vertex -48.65129852294922 -31.034894943237305 4
  vertex -48.52775573730469 -30.850000381469727 4
 endloop
endfacet
facet normal 0 0 0
 outer loop
  vertex -48.65129852294922 -31.034894943237305 0
  vertex -48.79792022705078 -31.20208168029785 0
  vertex -48.65129852294922 -31.034894943237305 4
 endloop
endfacet
facet normal 0 0 0
 outer loop
  vertex -48.79792022705078 -31.20208168029785 0
  vertex -48.79792022705078 -31.20208168029785 4
  vertex -48.65129852294922 -31.034894943237305 4
 endloop
endfacet
facet normal 0 0 0
 outer loop
  vertex -48.79792022705078 -31.20208168029785 0
  vertex -48.96510696411133 -31.34870147705078 0
  vertex -48.79792022705078 -31.20208168029785 4
 endloop
endfacet
facet normal 0 0 0
 outer loop
  vertex -48.96510696411133 -31.34870147705078 0
  vertex -48.96510696411133 -31.34870147705078 4
  vertex -48.79792022705078 -31.20208168029785 4
 endloop
endfacet
facet normal 0 0 0
 outer loop
  vertex -48.96510696411133 -31.34870147705078 0
  vertex -49.150001525878906 -31.47224235534668 0
  vertex -48.96510696411133 -31.34870147705078 4
 endloop
endfacet
facet normal 0 0 0
 outer loop
  vertex -49.150001525878906 -31.47224235534668 0
  vertex -49.150001525878906 -31.47224235534668 4
  vertex -48.96510696411133 -31.34870147705078 4
 endloop
endfacet
facet normal 0 0 0
 outer loop
  vertex -49.150001525878906 -31.47224235534668 0
  vertex -49.34943771362305 -31.570594787597656 0
  vertex -49.150001525878906 -31.47224235534668 4
 endloop
endfacet
facet normal 0 0 0
 outer loop
  vertex -49.34943771362305 -31.570594787597656 0
  vertex -49.34943771362305 -31.570594787597656 4
  vertex -49.150001525878906 -31.47224235534668 4
 endloop
endfacet
facet normal 0 0 0
 outer loop
  vertex -49.34943771362305 -31.570594787597656 0
  vertex -49.56000900268555 -31.642074584960938 0
  vertex -49.34943771362305 -31.570594787597656 4
 endloop
endfacet
facet normal 0 0 0
 outer loop
  vertex -49.56000900268555 -31.642074584960938 0
  vertex -49.56000900268555 -31.642074584960938 4
  vertex -49.34943771362305 -31.570594787597656 4
 endloop
endfacet
facet normal 0 0 0
 outer loop
  vertex -49.56000900268555 -31.642074584960938 0
  vertex -49.778106689453125 -31.685455322265625 0
  vertex -49.56000900268555 -31.642074584960938 4
 endloop
endfacet
facet normal 0 0 0
 outer loop
  vertex -49.778106689453125 -31.685455322265625 0
  vertex -49.778106689453125 -31.685455322265625 4
  vertex -49.56000900268555 -31.642074584960938 4
 endloop
endfacet
facet normal 0 0 0
 outer loop
  vertex -49.778106689453125 -31.685455322265625 0
  vertex -50 -31.700000762939453 0
  vertex -49.778106689453125 -31.685455322265625 4
 endloop
endfacet
facet normal 0 0 0
 outer loop
  vertex -50 -31.700000762939453 0
  vertex -50 -31.700000762939453 4
  vertex -49.778106689453125 -31.685455322265625 4
 endloop
endfacet
facet normal 0 0 0
 outer loop
  vertex -50 -31.700000762939453 0
  vertex -50.221893310546875 -31.685455322265625 0
  vertex -50 -31.700000762939453 4
 endloop
endfacet
facet normal 0 0 0
 outer loop
  vertex -50.221893310546875 -31.685455322265625 0
  vertex -50.221893310546875 -31.685455322265625 4
  vertex -50 -31.700000762939453 4
 endloop
endfacet
facet normal 0 0 0
 outer loop
  vertex -50.221893310546875 -31.685455322265625 0
  vertex -50.43999099731445 -31.642074584960938 0
  vertex -50.221893310546875 -31.685455322265625 4
 endloop
endfacet
facet normal 0 0 0
 outer loop
  vertex -50.43999099731445 -31.642074584960938 0
  vertex -50.43999099731445 -31.642074584960938 4
  vertex -50.221893310546875 -31.685455322265625 4
 endloop
endfacet
facet normal 0 0 0
 outer loop
  vertex -50.43999099731445 -31.642074584960938 0
  vertex -50.65056228637695 -31.570594787597656 0
  vertex -50.43999099731445 -31.642074584960938 4
 endloop
endfacet
facet normal 0 0 0
 outer loop
  vertex -50.65056228637695 -31.570594787597656 0
  vertex -50.65056228637695 -31.570594787597656 4
  vertex -50.43999099731445 -31.642074584960938 4
 endloop
endfacet
facet normal 0 0 0
 outer loop
  vertex -50.65056228637695 -31.570594787597656 0
  vertex -50.849998474121094 -31.47224235534668 0
  vertex -50.65056228637695 -31.570594787597656 4
 endloop
endfacet
facet normal 0 0 0
 outer loop
  vertex -50.849998474121094 -31.47224235534668 0
  vertex -50.849998474121094 -31.47224235534668 4
  vertex -50.65056228637695 -31.570594787597656 4
 endloop
endfacet
facet normal 0 0 0
 outer loop
  vertex -50.849998474121094 -31.47224235534668 0
  vertex -51.03489303588867 -31.34870147705078 0
  vertex -50.849998474121094 -31.47224235534668 4
 endloop
endfacet
facet normal 0 0 0
 outer loop
  vertex -51.03489303588867 -31.34870147705078 0
  vertex -51.03489303588867 -31.34870147705078 4
  vertex -50.849998474121094 -31.47224235534668 4
 endloop
endfacet
facet normal 0 0 0
 outer loop
  vertex -51.03489303588867 -31.34870147705078 0
  vertex -51.20207977294922 -31.20208168029785 0
  vertex -51.03489303588867 -31.34870147705078 4
 endloop
endfacet
facet normal 0 0 0
 outer loop
  vertex -51.20207977294922 -31.20208168029785 0
  vertex -51.20207977294922 -31.20208168029785 4
  vertex -51.03489303588867 -31.34870147705078 4
 endloop
endfacet
facet normal 0 0 0
 outer loop
  vertex -51.20207977294922 -31.20208168029785 0
  vertex -51.34870147705078 -31.034894943237305 0
  vertex -51.20207977294922 -31.20208168029785 4
 endloop
endfacet
facet normal 0 0 0
 outer loop
  vertex -51.34870147705078 -31.034894943237305 0
  vertex -51.34870147705078 -31.034894943237305 4
  vertex -51.20207977294922 -31.20208168029785 4
 endloop
endfacet
facet normal 0 0 0
 outer loop
  vertex -51.34870147705078 -31.034894943237305 0
  vertex -51.47224426269531 -30.850000381469727 0
  vertex -51.34870147705078 -31.034894943237305 4
 endloop
endfacet
facet normal 0 0 0
 outer loop
  vertex -51.47224426269531 -30.850000381469727 0
  vertex -51.47224426269531 -30.850000381469727 4
  vertex -51.34870147705078 -31.034894943237305 4
 endloop
endfacet
facet normal 0 0 0
 outer loop
  vertex -51.47224426269531 -30.850000381469727 0
  vertex -51.570594787597656 -30.650562286376953 0
  vertex -51.47224426269531 -30.850000381469727 4
 endloop
endfacet
facet normal 0 0 0
 outer loop
  vertex -51.570594787597656 -30.650562286376953 0
  vertex -51.570594787597656 -30.650562286376953 4
  vertex -51.47224426269531 -30.850000381469727 4
 endloop
endfacet
facet normal 0 0 0
 outer loop
  vertex -51.570594787597656 -30.650562286376953 0
  vertex -51.64207458496094 -30.439992904663086 0
  vertex -51.570594787597656 -30.650562286376953 4
 endloop
endfacet
facet normal 0 0 0
 outer loop
  vertex -51.64207458496094 -30.439992904663086 0
  vertex -51.64207458496094 -30.439992904663086 4
  vertex -51.570594787597656 -30.650562286376953 4
 endloop
endfacet
facet normal 0 0 0
 outer loop
  vertex -51.64207458496094 -30.439992904663086 0
  vertex -51.685455322265625 -30.221895217895508 0
  vertex -51.64207458496094 -30.439992904663086 4
 endloop
endfacet
facet normal 0 0 0
 outer loop
  vertex -51.685455322265625 -30.221895217895508 0
  vertex -51.685455322265625 -30.221895217895508 4
  vertex -51.64207458496094 -30.439992904663086 4
 endloop
endfacet
facet normal 0 0 0
 outer loop
  vertex -51.685455322265625 -30.221895217895508 0
  vertex -51.70000076293945 -30 0
  vertex -51.685455322265625 -30.221895217895508 4
 endloop
endfacet
facet normal 0 0 0
 outer loop
  vertex -51.70000076293945 -30 0
  vertex -51.70000076293945 -30 4
  vertex -51.685455322265625 -30.221895217895508 4
 endloop
endfacet
facet normal 0 0 0
 outer loop
  vertex -51.70000076293945 -30 0
  vertex -51.685455322265625 -29.778104782104492 0
  vertex -51.70000076293945 -30 4
 endloop
endfacet
facet normal 0 0 0
 outer loop
  vertex -51.685455322265625 -29.778104782104492 0
  vertex -51.685455322265625 -29.778104782104492 4
  vertex -51.70000076293945 -30 4
 endloop
endfacet
facet normal 0 0 0
 outer loop
  vertex -51.685455322265625 -29.778104782104492 0
  vertex -51.64207458496094 -29.560007095336914 0
  vertex -51.685455322265625 -29.778104782104492 4
 endloop
endfacet
facet normal 0 0 0
 outer loop
  vertex -51.64207458496094 -29.560007095336914 0
  vertex -51.64207458496094 -29.560007095336914 4
  vertex -51.685455322265625 -29.778104782104492 4
 endloop
endfacet
facet normal 0 0 0
 outer loop
  vertex -51.64207458496094 -29.560007095336914 0
  vertex -51.570594787597656 -29.349437713623047 0
  vertex -51.64207458496094 -29.560007095336914 4
 endloop
endfacet
facet normal 0 0 0
 outer loop
  vertex -51.570594787597656 -29.349437713623047 0
  vertex -51.570594787597656 -29.349437713623047 4
  vertex -51.64207458496094 -29.560007095336914 4
 endloop
endfacet
facet normal 0 0 0
 outer loop
  vertex -51.570594787597656 -29.349437713623047 0
  vertex -51.47224426269531 -29.149999618530273 0
  vertex -51.570594787597656 -29.349437713623047 4
 endloop
endfacet
facet normal 0 0 0
 outer loop
  vertex -51.47224426269531 -29.149999618530273 0
  vertex -51.47224426269531 -29.149999618530273 4
  vertex -51.570594787597656 -29.349437713623047 4
 endloop
endfacet
facet normal 0 0 0
 outer loop
  vertex -51.47224426269531 -29.149999618530273 0
  vertex -51.34870147705078 -28.965105056762695 0
  vertex -51.47224426269531 -29.149999618530273 4
 endloop
endfacet
facet normal 0 0 0
 outer loop
  vertex -51.34870147705078 -28.965105056762695 0
  vertex -51.34870147705078 -28.965105056762695 4
  vertex -51.47224426269531 -29.149999618530273 4
 endloop
endfacet
facet normal 0 0 0
 outer loop
  vertex -51.34870147705078 -28.965105056762695 0
  vertex -51.20207977294922 -28.79791831970215 0
  vertex -51.34870147705078 -28.965105056762695 4
 endloop
endfacet
facet normal 0 0 0
 outer loop
  vertex -51.20207977294922 -28.79791831970215 0
  vertex -51.20207977294922 -28.79791831970215 4
  vertex -51.34870147705078 -28.965105056762695 4
 endloop
endfacet
facet normal 0 0 0
 outer loop
  vertex -51.20207977294922 -28.79791831970215 0
  vertex -51.03489303588867 -28.65129852294922 0
  vertex -51.20207977294922 -28.79791831970215 4
 endloop
endfacet
facet normal 0 0 0
 outer loop
  vertex -51.03489303588867 -28.65129852294922 0
  vertex -51.03489303588867 -28.65129852294922 4
  vertex -51.20207977294922 -28.79791831970215 4
 endloop
endfacet
facet normal 0 0 0
 outer loop
  vertex -51.03489303588867 -28.65129852294922 0
  vertex -50.849998474121094 -28.52775764465332 0
  vertex -51.03489303588867 -28.65129852294922 4
 endloop
endfacet
facet normal 0 0 0
 outer loop
  vertex -50.849998474121094 -28.52775764465332 0
  vertex -50.849998474121094 -28.52775764465332 4
  vertex -51.03489303588867 -28.65129852294922 4
 endloop
endfacet
facet normal 0 0 0
 outer loop
  vertex -50.849998474121094 -28.52775764465332 0
  vertex -50.65056228637695 -28.429405212402344 0
  vertex -50.849998474121094 -28.52775764465332 4
 endloop
endfacet
facet normal 0 0 0
 outer loop
  vertex -50.65056228637695 -28.429405212402344 0
  vertex -50.65056228637695 -28.429405212402344 4
  vertex -50.849998474121094 -28.52775764465332 4
 endloop
endfacet
facet normal 0 0 0
 outer loop
  vertex -50.65056228637695 -28.429405212402344 0
  vertex -50.43999099731445 -28.357925415039062 0
  vertex -50.65056228637695 -28.429405212402344 4
 endloop
endfacet
facet normal 0 0 0
 outer loop
  vertex -50.43999099731445 -28.357925415039062 0
  vertex -50.43999099731445 -28.357925415039062 4
  vertex -50.65056228637695 -28.429405212402344 4
 endloop
endfacet
facet normal 0 0 0
 outer loop
  vertex -50.43999099731445 -28.357925415039062 0
  vertex -50.221893310546875 -28.314544677734375 0
  vertex -50.43999099731445 -28.357925415039062 4
 endloop
endfacet
facet normal 0 0 0
 outer loop
  vertex -50.221893310546875 -28.314544677734375 0
  vertex -50.221893310546875 -28.314544677734375 4
  vertex -50.43999099731445 -28.357925415039062 4
 endloop
endfacet
facet normal 0 0 0
 outer loop
  vertex -50.221893310546875 -28.314544677734375 0
  vertex -50 -28.299999237060547 0
  vertex -50.221893310546875 -28.314544677734375 4
 endloop
endfacet
facet normal 0 0 0
 outer loop
  vertex -50 -28.299999237060547 0
  vertex -50 -28.299999237060547 4
  vertex -50.221893310546875 -28.314544677734375 4
 endloop
endfacet
facet normal 0 0 0
 outer loop
  vertex -50 -28.299999237060547 0
  vertex -49.778106689453125 -28.314544677734375 0
  vertex -50 -28.299999237060547 4
 endloop
endfacet
facet normal 0 0 0
 outer loop
  vertex -49.778106689453125 -28.314544677734375 0
  vertex -49.778106689453125 -28.314544677734375 4
  vertex -50 -28.299999237060547 4
 endloop
endfacet
facet normal 0 0 0
 outer loop
  vertex -49.778106689453125 -28.314544677734375 0
  vertex -49.56000900268555 -28.357925415039062 0
  vertex -49.778106689453125 -28.314544677734375 4
 endloop
endfacet
facet normal 0 0 0
 outer loop
  vertex -49.56000900268555 -28.357925415039062 0
  vertex -49.56000900268555 -28.357925415039062 4
  vertex -49.778106689453125 -28.314544677734375 4
 endloop
endfacet
facet normal 0 0 0
 outer loop
  vertex -49.56000900268555 -28.357925415039062 0
  vertex -49.34943771362305 -28.429405212402344 0
  vertex -49.56000900268555 -28.357925415039062 4
 endloop
endfacet
facet normal 0 0 0
 outer loop
  vertex -49.34943771362305 -28.429405212402344 0
  vertex -49.34943771362305 -28.429405212402344 4
  vertex -49.56000900268555 -28.357925415039062 4
 endloop
endfacet
facet normal 0 0 0
 outer loop
  vertex -49.34943771362305 -28.429405212402344 0
  vertex -49.150001525878906 -28.52775764465332 0
  vertex -49.34943771362305 -28.429405212402344 4
 endloop
endfacet
facet normal 0 0 0
 outer loop
  vertex -49.150001525878906 -28.52775764465332 0
  vertex -49.150001525878906 -28.52775764465332 4
  vertex -49.34943771362305 -28.429405212402344 4
 endloop
endfacet
facet normal 0 0 0
 outer loop
  vertex -49.150001525878906 -28.52775764465332 0
  vertex -48.96510696411133 -28.65129852294922 0
  vertex -49.150001525878906 -28.52775764465332 4
 endloop
endfacet
facet normal 0 0 0
 outer loop
  vertex -48.96510696411133 -28.65129852294922 0
  vertex -48.96510696411133 -28.65129852294922 4
  vertex -49.150001525878906 -28.52775764465332 4
 endloop
endfacet
facet normal 0 0 0
 outer loop
  vertex -48.96510696411133 -28.65129852294922 0
  vertex -48.79792022705078 -28.79791831970215 0
  vertex -48.96510696411133 -28.65129852294922 4
 endloop
endfacet
facet normal 0 0 0
 outer loop
  vertex -48.79792022705078 -28.79791831970215 0
  vertex -48.79792022705078 -28.79791831970215 4
  vertex -48.96510696411133 -28.65129852294922 4
 endloop
endfacet
facet normal 0 0 0
 outer loop
  vertex -48.79792022705078 -28.79791831970215 0
  vertex -48.65129852294922 -28.965105056762695 0
  vertex -48.79792022705078 -28.79791831970215 4
 endloop
endfacet
facet normal 0 0 0
 outer loop
  vertex -48.65129852294922 -28.965105056762695 0
  vertex -48.65129852294922 -28.965105056762695 4
  vertex -48.79792022705078 -28.79791831970215 4
 endloop
endfacet
facet normal 0 0 0
 outer loop
  vertex -48.65129852294922 -28.965105056762695 0
  vertex -48.52775573730469 -29.149999618530273 0
  vertex -48.65129852294922 -28.965105056762695 4
 endloop
endfacet
facet normal 0 0 0
 outer loop
  vertex -48.52775573730469 -29.149999618530273 0
  vertex -48.52775573730469 -29.149999618530273 4
  vertex -48.65129852294922 -28.965105056762695 4
 endloop
endfacet
facet normal 0 0 0
 outer loop
  vertex -48.52775573730469 -29.149999618530273 0
  vertex -48.429405212402344 -29.349437713623047 0
  vertex -48.52775573730469 -29.149999618530273 4
 endloop
endfacet
facet normal 0 0 0
 outer loop
  vertex -48.429405212402344 -29.349437713623047 0
  vertex -48.429405212402344 -29.349437713623047 4
  vertex -48.52775573730469 -29.149999618530273 4
 endloop
endfacet
facet normal 0 0 0
 outer loop
  vertex -48.429405212402344 -29.349437713623047 0
  vertex -48.35792541503906 -29.560007095336914 0
  vertex -48.429405212402344 -29.349437713623047 4
 endloop
endfacet
facet normal 0 0 0
 outer loop
  vertex -48.35792541503906 -29.560007095336914 0
  vertex -48.35792541503906 -29.560007095336914 4
  vertex -48.429405212402344 -29.349437713623047 4
 endloop
endfacet
facet normal 0 0 0
 outer loop
  vertex -48.35792541503906 -29.560007095336914 0
  vertex -48.314544677734375 -29.778104782104492 0
  vertex -48.35792541503906 -29.560007095336914 4
 endloop
endfacet
facet normal 0 0 0
 outer loop
  vertex -48.314544677734375 -29.778104782104492 0
  vertex -48.314544677734375 -29.778104782104492 4
  vertex -48.35792541503906 -29.560007095336914 4
 endloop
endfacet
facet normal 0 0 0
 outer loop
  vertex -48.314544677734375 -29.778104782104492 0
  vertex -48.29999923706055 -30 0
  vertex -48.314544677734375 -29.778104782104492 4
 endloop
endfacet
facet normal 0 0 0
 outer loop
  vertex -48.29999923706055 -30 0
  vertex -48.29999923706055 -30 4
  vertex -48.314544677734375 -29.778104782104492 4
 endloop
endfacet
facet normal 0 0 0
 outer loop
  vertex 51.70000076293945 -30 0
  vertex 51.685455322265625 -30.221895217895508 0
  vertex 51.70000076293945 -30 4
 endloop
endfacet
facet normal 0 0 0
 outer loop
  vertex 51.685455322265625 -30.221895217895508 0
  vertex 51.685455322265625 -30.221895217895508 4
  vertex 51.70000076293945 -30 4
 endloop
endfacet
facet normal 0 0 0
 outer loop
  vertex 51.685455322265625 -30.221895217895508 0
  vertex 51.64207458496094 -30.439992904663086 0
  vertex 51.685455322265625 -30.221895217895508 4
 endloop
endfacet
facet normal 0 0 0
 outer loop
  vertex 51.64207458496094 -30.439992904663086 0
  vertex 51.64207458496094 -30.439992904663086 4
  vertex 51.685455322265625 -30.221895217895508 4
 endloop
endfacet
facet normal 0 0 0
 outer loop
  vertex 51.64207458496094 -30.439992904663086 0
  vertex 51.570594787597656 -30.650562286376953 0
  vertex 51.64207458496094 -30.439992904663086 4
 endloop
endfacet
facet normal 0 0 0
 outer loop
  vertex 51.570594787597656 -30.650562286376953 0
  vertex 51.570594787597656 -30.650562286376953 4
  vertex 51.64207458496094 -30.439992904663086 4
 endloop
endfacet
facet normal 0 0 0
 outer loop
  vertex 51.570594787597656 -30.650562286376953 0
  vertex 51.47224426269531 -30.850000381469727 0
  vertex 51.570594787597656 -30.650562286376953 4
 endloop
endfacet
facet normal 0 0 0
 outer loop
  vertex 51.47224426269531 -30.850000381469727 0
  vertex 51.47224426269531 -30.850000381469727 4
  vertex 51.570594787597656 -30.650562286376953 4
 endloop
endfacet
facet normal 0 0 0
 outer loop
  vertex 51.47224426269531 -30.850000381469727 0
  vertex 51.34870147705078 -31.034894943237305 0
  vertex 51.47224426269531 -30.850000381469727 4
 endloop
endfacet
facet normal 0 0 0
 outer loop
  vertex 51.34870147705078 -31.034894943237305 0
  vertex 51.34870147705078 -31.034894943237305 4
  vertex 51.47224426269531 -30.850000381469727 4
 endloop
endfacet
facet normal 0 0 0
 outer loop
  vertex 51.34870147705078 -31.034894943237305 0
  vertex 51.20207977294922 -31.20208168029785 0
  vertex 51.34870147705078 -31.034894943237305 4
 endloop
endfacet
facet normal 0 0 0
 outer loop
  vertex 51.20207977294922 -31.20208168029785 0
  vertex 51.20207977294922 -31.20208168029785 4
  vertex 51.34870147705078 -31.034894943237305 4
 endloop
endfacet
facet normal 0 0 0
 outer loop
  vertex 51.20207977294922 -31.20208168029785 0
  vertex 51.03489303588867 -31.34870147705078 0
  vertex 51.20207977294922 -31.20208168029785 4
 endloop
endfacet
facet normal 0 0 0
 outer loop
  vertex 51.03489303588867 -31.34870147705078 0
  vertex 51.03489303588867 -31.34870147705078 4
  vertex 51.20207977294922 -31.20208168029785 4
 endloop
endfacet
facet normal 0 0 0
 outer loop
  vertex 51.03489303588867 -31.34870147705078 0
  vertex 50.849998474121094 -31.47224235534668 0
  vertex 51.03489303588867 -31.34870147705078 4
 endloop
endfacet
facet normal 0 0 0
 outer loop
  vertex 50.849998474121094 -31.47224235534668 0
  vertex 50.849998474121094 -31.47224235534668 4
  vertex 51.03489303588867 -31.34870147705078 4
 endloop
endfacet
facet normal 0 0 0
 outer loop
  vertex 50.849998474121094 -31.47224235534668 0
  vertex 50.65056228637695 -31.570594787597656 0
  vertex 50.849998474121094 -31.47224235534668 4
 endloop
endfacet
facet normal 0 0 0
 outer loop
  vertex 50.65056228637695 -31.570594787597656 0
  vertex 50.65056228637695 -31.570594787597656 4
  vertex 50.849998474121094 -31.47224235534668 4
 endloop
endfacet
facet normal 0 0 0
 outer loop
  vertex 50.65056228637695 -31.570594787597656 0
  vertex 50.43999099731445 -31.642074584960938 0
  vertex 50.65056228637695 -31.570594787597656 4
 endloop
endfacet
facet normal 0 0 0
 outer loop
  vertex 50.43999099731445 -31.642074584960938 0
  vertex 50.43999099731445 -31.642074584960938 4
  vertex 50.65056228637695 -31.570594787597656 4
 endloop
endfacet
facet normal 0 0 0
 outer loop
  vertex 50.43999099731445 -31.642074584960938 0
  vertex 50.221893310546875 -31.685455322265625 0
  vertex 50.43999099731445 -31.642074584960938 4
 endloop
endfacet
facet normal 0 0 0
 outer loop
  vertex 50.221893310546875 -31.685455322265625 0
  vertex 50.221893310546875 -31.685455322265625 4
  vertex 50.43999099731445 -31.642074584960938 4
 endloop
endfacet
facet normal 0 0 0
 outer loop
  vertex 50.221893310546875 -31.685455322265625 0
  vertex 50 -31.700000762939453 0
  vertex 50.221893310546875 -31.685455322265625 4
 endloop
endfacet
facet normal 0 0 0
 outer loop
  vertex 50 -31.700000762939453 0
  vertex 50 -31.700000762939453 4
  vertex 50.221893310546875 -31.685455322265625 4
 endloop
endfacet
facet normal 0 0 0
 outer loop
  vertex 50 -31.700000762939453 0
  vertex 49.778106689453125 -31.685455322265625 0
  vertex 50 -31.700000762939453 4
 endloop
endfacet
facet normal 0 0 0
 outer loop
  vertex 49.778106689453125 -31.685455322265625 0
  vertex 49.778106689453125 -31.685455322265625 4
  vertex 50 -31.700000762939453 4
 endloop
endfacet
facet normal 0 0 0
 outer loop
  vertex 49.778106689453125 -31.685455322265625 0
  vertex 49.56000900268555 -31.642074584960938 0
  vertex 49.778106689453125 -31.685455322265625 4
 endloop
endfacet
facet normal 0 0 0
 outer loop
  vertex 49.56000900268555 -31.642074584960938 0
  vertex 49.56000900268555 -31.642074584960938 4
  vertex 49.778106689453125 -31.685455322265625 4
 endloop
endfacet
facet normal 0 0 0
 outer loop
  vertex 49.56000900268555 -31.642074584960938 0
  vertex 49.34943771362305 -31.570594787597656 0
  vertex 49.56000900268555 -31.642074584960938 4
 endloop
endfacet
facet normal 0 0 0
 outer loop
  vertex 49.34943771362305 -31.570594787597656 0
  vertex 49.34943771362305 -31.570594787597656 4
  vertex 49.56000900268555 -31.642074584960938 4
 endloop
endfacet
facet normal 0 0 0
 outer loop
  vertex 49.34943771362305 -31.570594787597656 0
  vertex 49.150001525878906 -31.47224235534668 0
  vertex 49.34943771362305 -31.570594787597656 4
 endloop
endfacet
facet normal 0 0 0
 outer loop
  vertex 49.150001525878906 -31.47224235534668 0
  vertex 49.150001525878906 -31.47224235534668 4
  vertex 49.34943771362305 -31.570594787597656 4
 endloop
endfacet
facet normal 0 0 0
 outer loop
  vertex 49.150001525878906 -31.47224235534668 0
  vertex 48.96510696411133 -31.34870147705078 0
  vertex 49.150001525878906 -31.47224235534668 4
 endloop
endfacet
facet normal 0 0 0
 outer loop
  vertex 48.96510696411133 -31.34870147705078 0
  vertex 48.96510696411133 -31.34870147705078 4
  vertex 49.150001525878906 -31.47224235534668 4
 endloop
endfacet
facet normal 0 0 0
 outer loop
  vertex 48.96510696411133 -31.34870147705078 0
  vertex 48.79792022705078 -31.20208168029785 0
  vertex 48.96510696411133 -31.34870147705078 4
 endloop
endfacet
facet normal 0 0 0
 outer loop
  vertex 48.79792022705078 -31.20208168029785 0
  vertex 48.79792022705078 -31.20208168029785 4
  vertex 48.96510696411133 -31.34870147705078 4
 endloop
endfacet
facet normal 0 0 0
 outer loop
  vertex 48.79792022705078 -31.20208168029785 0
  vertex 48.65129852294922 -31.034894943237305 0
  vertex 48.79792022705078 -31.20208168029785 4
 endloop
endfacet
facet normal 0 0 0
 outer loop
  vertex 48.65129852294922 -31.034894943237305 0
  vertex 48.65129852294922 -31.034894943237305 4
  vertex 48.79792022705078 -31.20208168029785 4
 endloop
endfacet
facet normal 0 0 0
 outer loop
  vertex 48.65129852294922 -31.034894943237305 0
  vertex 48.52775573730469 -30.850000381469727 0
  vertex 48.65129852294922 -31.034894943237305 4
 endloop
endfacet
facet normal 0 0 0
 outer loop
  vertex 48.52775573730469 -30.850000381469727 0
  vertex 48.52775573730469 -30.850000381469727 4
  vertex 48.65129852294922 -31.034894943237305 4
 endloop
endfacet
facet normal 0 0 0
 outer loop
  vertex 48.52775573730469 -30.850000381469727 0
  vertex 48.429405212402344 -30.650562286376953 0
  vertex 48.52775573730469 -30.850000381469727 4
 endloop
endfacet
facet normal 0 0 0
 outer loop
  vertex 48.429405212402344 -30.650562286376953 0
  vertex 48.429405212402344 -30.650562286376953 4
  vertex 48.52775573730469 -30.850000381469727 4
 endloop
endfacet
facet normal 0 0 0
 outer loop
  vertex 48.429405212402344 -30.650562286376953 0
  vertex 48.35792541503906 -30.439992904663086 0
  vertex 48.429405212402344 -30.650562286376953 4
 endloop
endfacet
facet normal 0 0 0
 outer loop
  vertex 48.35792541503906 -30.439992904663086 0
  vertex 48.35792541503906 -30.439992904663086 4
  vertex 48.429405212402344 -30.650562286376953 4
 endloop
endfacet
facet normal 0 0 0
 outer loop
  vertex 48.35792541503906 -30.439992904663086 0
  vertex 48.314544677734375 -30.221895217895508 0
  vertex 48.35792541503906 -30.439992904663086 4
 endloop
endfacet
facet normal 0 0 0
 outer loop
  vertex 48.314544677734375 -30.221895217895508 0
  vertex 48.314544677734375 -30.221895217895508 4
  vertex 48.35792541503906 -30.439992904663086 4
 endloop
endfacet
facet normal 0 0 0
 outer loop
  vertex 48.314544677734375 -30.221895217895508 0
  vertex 48.29999923706055 -30 0
  vertex 48.314544677734375 -30.221895217895508 4
 endloop
endfacet
facet normal 0 0 0
 outer loop
  vertex 48.29999923706055 -30 0
  vertex 48.29999923706055 -30 4
  vertex 48.314544677734375 -30.221895217895508 4
 endloop
endfacet
facet normal 0 0 0
 outer loop
  vertex 48.29999923706055 -30 0
  vertex 48.314544677734375 -29.778104782104492 0
  vertex 48.29999923706055 -30 4
 endloop
endfacet
facet normal 0 0 0
 outer loop
  vertex 48.314544677734375 -29.778104782104492 0
  vertex 48.314544677734375 -29.778104782104492 4
  vertex 48.29999923706055 -30 4
 endloop
endfacet
facet normal 0 0 0
 outer loop
  vertex 48.314544677734375 -29.778104782104492 0
  vertex 48.35792541503906 -29.560007095336914 0
  vertex 48.314544677734375 -29.778104782104492 4
 endloop
endfacet
facet normal 0 0 0
 outer loop
  vertex 48.35792541503906 -29.560007095336914 0
  vertex 48.35792541503906 -29.560007095336914 4
  vertex 48.314544677734375 -29.778104782104492 4
 endloop
endfacet
facet normal 0 0 0
 outer loop
  vertex 48.35792541503906 -29.560007095336914 0
  vertex 48.429405212402344 -29.349437713623047 0
  vertex 48.35792541503906 -29.560007095336914 4
 endloop
endfacet
facet normal 0 0 0
 outer loop
  vertex 48.429405212402344 -29.349437713623047 0
  vertex 48.429405212402344 -29.349437713623047 4
  vertex 48.35792541503906 -29.560007095336914 4
 endloop
endfacet
facet normal 0 0 0
 outer loop
  vertex 48.429405212402344 -29.349437713623047 0
  vertex 48.52775573730469 -29.149999618530273 0
  vertex 48.429405212402344 -29.349437713623047 4
 endloop
endfacet
facet normal 0 0 0
 outer loop
  vertex 48.52775573730469 -29.149999618530273 0
  vertex 48.52775573730469 -29.149999618530273 4
  vertex 48.429405212402344 -29.349437713623047 4
 endloop
endfacet
facet normal 0 0 0
 outer loop
  vertex 48.52775573730469 -29.149999618530273 0
  vertex 48.65129852294922 -28.965105056762695 0
  vertex 48.52775573730469 -29.149999618530273 4
 endloop
endfacet
facet normal 0 0 0
 outer loop
  vertex 48.65129852294922 -28.965105056762695 0
  vertex 48.65129852294922 -28.965105056762695 4
  vertex 48.52775573730469 -29.149999618530273 4
 endloop
endfacet
facet normal 0 0 0
 outer loop
  vertex 48.65129852294922 -28.965105056762695 0
  vertex 48.79792022705078 -28.79791831970215 0
  vertex 48.65129852294922 -28.965105056762695 4
 endloop
endfacet
facet normal 0 0 0
 outer loop
  vertex 48.79792022705078 -28.79791831970215 0
  vertex 48.79792022705078 -28.79791831970215 4
  vertex 48.65129852294922 -28.965105056762695 4
 endloop
endfacet
facet normal 0 0 0
 outer loop
  vertex 48.79792022705078 -28.79791831970215 0
  vertex 48.96510696411133 -28.65129852294922 0
  vertex 48.79792022705078 -28.79791831970215 4
 endloop
endfacet
facet normal 0 0 0
 outer loop
  vertex 48.96510696411133 -28.65129852294922 0
  vertex 48.96510696411133 -28.65129852294922 4
  vertex 48.79792022705078 -28.79791831970215 4
 endloop
endfacet
facet normal 0 0 0
 outer loop
  vertex 48.96510696411133 -28.65129852294922 0
  vertex 49.150001525878906 -28.52775764465332 0
  vertex 48.96510696411133 -28.65129852294922 4
 endloop
endfacet
facet normal 0 0 0
 outer loop
  vertex 49.150001525878906 -28.52775764465332 0
  vertex 49.150001525878906 -28.52775764465332 4
  vertex 48.96510696411133 -28.65129852294922 4
 endloop
endfacet
facet normal 0 0 0
 outer loop
  vertex 49.150001525878906 -28.52775764465332 0
  vertex 49.34943771362305 -28.429405212402344 0
  vertex 49.150001525878906 -28.52775764465332 4
 endloop
endfacet
facet normal 0 0 0
 outer loop
  vertex 49.34943771362305 -28.429405212402344 0
  vertex 49.34943771362305 -28.429405212402344 4
  vertex 49.150001525878906 -28.52775764465332 4
 endloop
endfacet
facet normal 0 0 0
 outer loop
  vertex 49.34943771362305 -28.429405212402344 0
  vertex 49.56000900268555 -28.357925415039062 0
  vertex 49.34943771362305 -28.429405212402344 4
 endloop
endfacet
facet normal 0 0 0
 outer loop
  vertex 49.56000900268555 -28.357925415039062 0
  vertex 49.56000900268555 -28.357925415039062 4
  vertex 49.34943771362305 -28.429405212402344 4
 endloop
endfacet
facet normal 0 0 0
 outer loop
  vertex 49.56000900268555 -28.357925415039062 0
  vertex 49.778106689453125 -28.314544677734375 0
  vertex 49.56000900268555 -28.357925415039062 4
 endloop
endfacet
facet normal 0 0 0
 outer loop
  vertex 49.778106689453125 -28.314544677734375 0
  vertex 49.778106689453125 -28.314544677734375 4
  vertex 49.56000900268555 -28.357925415039062 4
 endloop
endfacet
facet normal 0 0 0
 outer loop
  vertex 49.778106689453125 -28.314544677734375 0
  vertex 50 -28.299999237060547 0
  vertex 49.778106689453125 -28.314544677734375 4
 endloop
endfacet
facet normal 0 0 0
 outer loop
  vertex 50 -28.299999237060547 0
  vertex 50 -28.299999237060547 4
  vertex 49.778106689453125 -28.314544677734375 4
 endloop
endfacet
facet normal 0 0 0
 outer loop
  vertex 50 -28.299999237060547 0
  vertex 50.221893310546875 -28.314544677734375 0
  vertex 50 -28.299999237060547 4
 endloop
endfacet
facet normal 0 0 0
 outer loop
  vertex 50.221893310546875 -28.314544677734375 0
  vertex 50.221893310546875 -28.314544677734375 4
  vertex 50 -28.299999237060547 4
 endloop
endfacet
facet normal 0 0 0
 outer loop
  vertex 50.221893310546875 -28.314544677734375 0
  vertex 50.43999099731445 -28.357925415039062 0
  vertex 50.221893310546875 -28.314544677734375 4
 endloop
endfacet
facet normal 0 0 0
 outer loop
  vertex 50.43999099731445 -28.357925415039062 0
  vertex 50.43999099731445 -28.357925415039062 4
  vertex 50.221893310546875 -28.314544677734375 4
 endloop
endfacet
facet normal 0 0 0
 outer loop
  vertex 50.43999099731445 -28.357925415039062 0
  vertex 50.65056228637695 -28.429405212402344 0
  vertex 50.43999099731445 -28.357925415039062 4
 endloop
endfacet
facet normal 0 0 0
 outer loop
  vertex 50.65056228637695 -28.429405212402344 0
  vertex 50.65056228637695 -28.429405212402344 4
  vertex 50.43999099731445 -28.357925415039062 4
 endloop
endfacet
facet normal 0 0 0
 outer loop
  vertex 50.65056228637695 -28.429405212402344 0
  vertex 50.849998474121094 -28.52775764465332 0
  vertex 50.65056228637695 -28.429405212402344 4
 endloop
endfacet
facet normal 0 0 0
 outer loop
  vertex 50.849998474121094 -28.52775764465332 0
  vertex 50.849998474121094 -28.52775764465332 4
  vertex 50.65056228637695 -28.429405212402344 4
 endloop
endfacet
facet normal 0 0 0
 outer loop
  vertex 50.849998474121094 -28.52775764465332 0
  vertex 51.03489303588867 -28.65129852294922 0
  vertex 50.849998474121094 -28.52775764465332 4
 endloop
endfacet
facet normal 0 0 0
 outer loop
  vertex 51.03489303588867 -28.65129852294922 0
  vertex 51.03489303588867 -28.65129852294922 4
  vertex 50.849998474121094 -28.52775764465332 4
 endloop
endfacet
facet normal 0 0 0
 outer loop
  vertex 51.03489303588867 -28.65129852294922 0
  vertex 51.20207977294922 -28.79791831970215 0
  vertex 51.03489303588867 -28.65129852294922 4
 endloop
endfacet
facet normal 0 0 0
 outer loop
  vertex 51.20207977294922 -28.79791831970215 0
  vertex 51.20207977294922 -28.79791831970215 4
  vertex 51.03489303588867 -28.65129852294922 4
 endloop
endfacet
facet normal 0 0 0
 outer loop
  vertex 51.20207977294922 -28.79791831970215 0
  vertex 51.34870147705078 -28.965105056762695 0
  vertex 51.20207977294922 -28.79791831970215 4
 endloop
endfacet
facet normal 0 0 0
 outer loop
  vertex 51.34870147705078 -28.965105056762695 0
  vertex 51.34870147705078 -28.965105056762695 4
  vertex 51.20207977294922 -28.79791831970215 4
 endloop
endfacet
facet normal 0 0 0
 outer loop
  vertex 51.34870147705078 -28.965105056762695 0
  vertex 51.47224426269531 -29.149999618530273 0
  vertex 51.34870147705078 -28.965105056762695 4
 endloop
endfacet
facet normal 0 0 0
 outer loop
  vertex 51.47224426269531 -29.149999618530273 0
  vertex 51.47224426269531 -29.149999618530273 4
  vertex 51.34870147705078 -28.965105056762695 4
 endloop
endfacet
facet normal 0 0 0
 outer loop
  vertex 51.47224426269531 -29.149999618530273 0
  vertex 51.570594787597656 -29.349437713623047 0
  vertex 51.47224426269531 -29.149999618530273 4
 endloop
endfacet
facet normal 0 0 0
 outer loop
  vertex 51.570594787597656 -29.349437713623047 0
  vertex 51.570594787597656 -29.349437713623047 4
  vertex 51.47224426269531 -29.149999618530273 4
 endloop
endfacet
facet normal 0 0 0
 outer loop
  vertex 51.570594787597656 -29.349437713623047 0
  vertex 51.64207458496094 -29.560007095336914 0
  vertex 51.570594787597656 -29.349437713623047 4
 endloop
endfacet
facet normal 0 0 0
 outer loop
  vertex 51.64207458496094 -29.560007095336914 0
  vertex 51.64207458496094 -29.560007095336914 4
  vertex 51.570594787597656 -29.349437713623047 4
 endloop
endfacet
facet normal 0 0 0
 outer loop
  vertex 51.64207458496094 -29.560007095336914 0
  vertex 51.685455322265625 -29.778104782104492 0
  vertex 51.64207458496094 -29.560007095336914 4
 endloop
endfacet
facet normal 0 0 0
 outer loop
  vertex 51.685455322265625 -29.778104782104492 0
  vertex 51.685455322265625 -29.778104782104492 4
  vertex 51.64207458496094 -29.560007095336914 4
 endloop
endfacet
facet normal 0 0 0
 outer loop
  vertex 51.685455322265625 -29.778104782104492 0
  vertex 51.70000076293945 -30 0
  vertex 51.685455322265625 -29.778104782104492 4
 endloop
endfacet
facet normal 0 0 0
 outer loop
  vertex 51.70000076293945 -30 0
  vertex 51.70000076293945 -30 4
  vertex 51.685455322265625 -29.778104782104492 4
 endloop
endfacet
endsolid systemedu
