solid systemedu
facet normal 0 0 0
 outer loop
  vertex 10.859838485717773 0.15010511875152588 0
  vertex 10.850000381469727 -1.408343814298494e-16 0
  vertex 1.0905894041061401 -0.14357881247997284 0
 endloop
endfacet
facet normal 0 0 0
 outer loop
  vertex 1.0905894041061401 -0.14357881247997284 0
  vertex 10.850000381469727 -1.408343814298494e-16 0
  vertex 10.859838485717773 -0.15010511875152588 0
 endloop
endfacet
facet normal 0 0 0
 outer loop
  vertex -10.958982467651367 -0.1370525062084198 0
  vertex -1.100000023841858 -1.3471115378436846e-16 0
  vertex -1.0905894041061401 -0.14357881247997284 0
 endloop
endfacet
facet normal 0 0 0
 outer loop
  vertex -21 -9 0
  vertex -13.050000190734863 -1.2858791290399772e-16 0
  vertex -13.041017532348633 -0.1370525062084198 0
 endloop
endfacet
facet normal 0 0 0
 outer loop
  vertex -13.050000190734863 -1.2858791290399772e-16 0
  vertex -21 -9 0
  vertex -21 9 0
 endloop
endfacet
facet normal 0 0 0
 outer loop
  vertex -1.100000023841858 -1.3471115378436846e-16 0
  vertex -10.958982467651367 -0.1370525062084198 0
  vertex -10.949999809265137 0 0
 endloop
endfacet
facet normal 0 0 0
 outer loop
  vertex 10.859838485717773 0.15010511875152588 0
  vertex 1.0905894041061401 -0.14357881247997284 0
  vertex 1.100000023841858 0 0
 endloop
endfacet
facet normal 0 0 0
 outer loop
  vertex 1.0905894041061401 -0.14357881247997284 0
  vertex 10.859838485717773 -0.15010511875152588 0
  vertex 10.889184951782227 -0.29764190316200256 0
 endloop
endfacet
facet normal 0 0 0
 outer loop
  vertex -10.958982467651367 -0.1370525062084198 0
  vertex -1.0905894041061401 -0.14357881247997284 0
  vertex -1.0625183582305908 -0.2847009599208832 0
 endloop
endfacet
facet normal 0 0 0
 outer loop
  vertex -21 -9 0
  vertex -13.041017532348633 -0.1370525062084198 0
  vertex -13.014222145080566 -0.2717599868774414 0
 endloop
endfacet
facet normal 0 0 0
 outer loop
  vertex -13.041017532348633 0.1370525062084198 0
  vertex -13.050000190734863 -1.2858791290399772e-16 0
  vertex -21 9 0
 endloop
endfacet
facet normal 0 0 0
 outer loop
  vertex -1.100000023841858 -1.3471115378436846e-16 0
  vertex -10.949999809265137 0 0
  vertex -10.958982467651367 0.1370525062084198 0
 endloop
endfacet
facet normal 0 0 0
 outer loop
  vertex 10.859838485717773 0.15010511875152588 0
  vertex 1.100000023841858 0 0
  vertex 1.0905894041061401 0.14357881247997284 0
 endloop
endfacet
facet normal 0 0 0
 outer loop
  vertex 1.0905894041061401 -0.14357881247997284 0
  vertex 10.889184951782227 -0.29764190316200256 0
  vertex 10.937538146972656 -0.4400859475135803 0
 endloop
endfacet
facet normal 0 0 0
 outer loop
  vertex -10.958982467651367 -0.1370525062084198 0
  vertex -1.0625183582305908 -0.2847009599208832 0
  vertex -1.0162675380706787 -0.420951783657074 0
 endloop
endfacet
facet normal 0 0 0
 outer loop
  vertex -21 -9 0
  vertex -13.014222145080566 -0.2717599868774414 0
  vertex -12.970073699951172 -0.40181758999824524 0
 endloop
endfacet
facet normal 0 0 0
 outer loop
  vertex -13.014222145080566 0.2717599868774414 0
  vertex -13.041017532348633 0.1370525062084198 0
  vertex -21 9 0
 endloop
endfacet
facet normal 0 0 0
 outer loop
  vertex -1.100000023841858 -1.3471115378436846e-16 0
  vertex -10.958982467651367 0.1370525062084198 0
  vertex -10.985777854919434 0.2717599868774414 0
 endloop
endfacet
facet normal 0 0 0
 outer loop
  vertex 10.859838485717773 0.15010511875152588 0
  vertex 1.0905894041061401 0.14357881247997284 0
  vertex 1.0625183582305908 0.2847009599208832 0
 endloop
endfacet
facet normal 0 0 0
 outer loop
  vertex 1.0905894041061401 -0.14357881247997284 0
  vertex 10.937538146972656 -0.4400859475135803 0
  vertex 11.004071235656738 -0.574999988079071 0
 endloop
endfacet
facet normal 0 0 0
 outer loop
  vertex -10.958982467651367 -0.1370525062084198 0
  vertex -1.0162675380706787 -0.420951783657074 0
  vertex -0.952627956867218 -0.550000011920929 0
 endloop
endfacet
facet normal 0 0 0
 outer loop
  vertex -21 -9 0
  vertex -12.970073699951172 -0.40181758999824524 0
  vertex -12.909326553344727 -0.5249999761581421 0
 endloop
endfacet
facet normal 0 0 0
 outer loop
  vertex -12.970073699951172 0.40181758999824524 0
  vertex -13.014222145080566 0.2717599868774414 0
  vertex -21 9 0
 endloop
endfacet
facet normal 0 0 0
 outer loop
  vertex -1.100000023841858 -1.3471115378436846e-16 0
  vertex -10.985777854919434 0.2717599868774414 0
  vertex -11.029926300048828 0.40181758999824524 0
 endloop
endfacet
facet normal 0 0 0
 outer loop
  vertex 10.859838485717773 0.15010511875152588 0
  vertex 1.0625183582305908 0.2847009599208832 0
  vertex 1.0162675380706787 0.420951783657074 0
 endloop
endfacet
facet normal 0 0 0
 outer loop
  vertex 1.0905894041061401 -0.14357881247997284 0
  vertex 11.004071235656738 -0.574999988079071 0
  vertex 11.08764362335205 -0.700075626373291 0
 endloop
endfacet
facet normal 0 0 0
 outer loop
  vertex -10.958982467651367 -0.1370525062084198 0
  vertex -0.952627956867218 -0.550000011920929 0
  vertex -0.8726886510848999 -0.6696375608444214 0
 endloop
endfacet
facet normal 0 0 0
 outer loop
  vertex -21 -9 0
  vertex -12.909326553344727 -0.5249999761581421 0
  vertex -12.83302116394043 -0.6391994953155518 0
 endloop
endfacet
facet normal 0 0 0
 outer loop
  vertex -12.909326553344727 0.5249999761581421 0
  vertex -12.970073699951172 0.40181758999824524 0
  vertex -21 9 0
 endloop
endfacet
facet normal 0 0 0
 outer loop
  vertex -1.100000023841858 -1.3471115378436846e-16 0
  vertex -11.029926300048828 0.40181758999824524 0
  vertex -11.090673446655273 0.5249999761581421 0
 endloop
endfacet
facet normal 0 0 0
 outer loop
  vertex 10.859838485717773 0.15010511875152588 0
  vertex 1.0162675380706787 0.420951783657074 0
  vertex 0.952627956867218 0.550000011920929 0
 endloop
endfacet
facet normal 0 0 0
 outer loop
  vertex 1.0905894041061401 -0.14357881247997284 0
  vertex 11.08764362335205 -0.700075626373291 0
  vertex 11.186827659606934 -0.8131728172302246 0
 endloop
endfacet
facet normal 0 0 0
 outer loop
  vertex -10.958982467651367 -0.1370525062084198 0
  vertex -0.8726886510848999 -0.6696375608444214 0
  vertex -0.7778174877166748 -0.7778174877166748 0
 endloop
endfacet
facet normal 0 0 0
 outer loop
  vertex -21 -9 0
  vertex -12.83302116394043 -0.6391994953155518 0
  vertex -12.742462158203125 -0.7424620985984802 0
 endloop
endfacet
facet normal 0 0 0
 outer loop
  vertex -12.83302116394043 0.6391994953155518 0
  vertex -12.909326553344727 0.5249999761581421 0
  vertex -21 9 0
 endloop
endfacet
facet normal 0 0 0
 outer loop
  vertex -1.100000023841858 -1.3471115378436846e-16 0
  vertex -11.090673446655273 0.5249999761581421 0
  vertex -11.16697883605957 0.6391994953155518 0
 endloop
endfacet
facet normal 0 0 0
 outer loop
  vertex 10.859838485717773 0.15010511875152588 0
  vertex 0.952627956867218 0.550000011920929 0
  vertex 0.8726886510848999 0.6696375608444214 0
 endloop
endfacet
facet normal 0 0 0
 outer loop
  vertex 1.0905894041061401 -0.14357881247997284 0
  vertex 11.186827659606934 -0.8131728172302246 0
  vertex 11.29992389678955 -0.9123563170433044 0
 endloop
endfacet
facet normal 0 0 0
 outer loop
  vertex -10.958982467651367 -0.1370525062084198 0
  vertex -0.7778174877166748 -0.7778174877166748 0
  vertex -0.6696375608444214 -0.8726886510848999 0
 endloop
endfacet
facet normal 0 0 0
 outer loop
  vertex -21 -9 0
  vertex -12.742462158203125 -0.7424620985984802 0
  vertex -12.639199256896973 -0.8330209851264954 0
 endloop
endfacet
facet normal 0 0 0
 outer loop
  vertex -12.742462158203125 0.7424620985984802 0
  vertex -12.83302116394043 0.6391994953155518 0
  vertex -21 9 0
 endloop
endfacet
facet normal 0 0 0
 outer loop
  vertex -1.100000023841858 -1.3471115378436846e-16 0
  vertex -11.16697883605957 0.6391994953155518 0
  vertex -11.257537841796875 0.7424620985984802 0
 endloop
endfacet
facet normal 0 0 0
 outer loop
  vertex 10.859838485717773 0.15010511875152588 0
  vertex 0.8726886510848999 0.6696375608444214 0
  vertex 0.7778174877166748 0.7778174877166748 0
 endloop
endfacet
facet normal 0 0 0
 outer loop
  vertex 1.0905894041061401 -0.14357881247997284 0
  vertex 11.29992389678955 -0.9123563170433044 0
  vertex 11.425000190734863 -0.9959292411804199 0
 endloop
endfacet
facet normal 0 0 0
 outer loop
  vertex -10.958982467651367 -0.1370525062084198 0
  vertex -0.6696375608444214 -0.8726886510848999 0
  vertex -0.550000011920929 -0.952627956867218 0
 endloop
endfacet
facet normal 0 0 0
 outer loop
  vertex -21 -9 0
  vertex -12.639199256896973 -0.8330209851264954 0
  vertex -12.524999618530273 -0.9093266725540161 0
 endloop
endfacet
facet normal 0 0 0
 outer loop
  vertex -12.639199256896973 0.8330209851264954 0
  vertex -12.742462158203125 0.7424620985984802 0
  vertex -21 9 0
 endloop
endfacet
facet normal 0 0 0
 outer loop
  vertex -1.100000023841858 -1.3471115378436846e-16 0
  vertex -11.257537841796875 0.7424620985984802 0
  vertex -11.360800743103027 0.8330209851264954 0
 endloop
endfacet
facet normal 0 0 0
 outer loop
  vertex 10.859838485717773 0.15010511875152588 0
  vertex 0.7778174877166748 0.7778174877166748 0
  vertex 0.6696375608444214 0.8726886510848999 0
 endloop
endfacet
facet normal 0 0 0
 outer loop
  vertex 1.0905894041061401 -0.14357881247997284 0
  vertex 11.425000190734863 -0.9959292411804199 0
  vertex 11.559913635253906 -1.062461495399475 0
 endloop
endfacet
facet normal 0 0 0
 outer loop
  vertex -10.958982467651367 -0.1370525062084198 0
  vertex -0.550000011920929 -0.952627956867218 0
  vertex -0.420951783657074 -1.0162675380706787 0
 endloop
endfacet
facet normal 0 0 0
 outer loop
  vertex -21 -9 0
  vertex -12.524999618530273 -0.9093266725540161 0
  vertex -12.401817321777344 -0.9700735211372375 0
 endloop
endfacet
facet normal 0 0 0
 outer loop
  vertex -12.524999618530273 0.9093266725540161 0
  vertex -12.639199256896973 0.8330209851264954 0
  vertex -21 9 0
 endloop
endfacet
facet normal 0 0 0
 outer loop
  vertex -1.100000023841858 -1.3471115378436846e-16 0
  vertex -11.360800743103027 0.8330209851264954 0
  vertex -11.475000381469727 0.9093266725540161 0
 endloop
endfacet
facet normal 0 0 0
 outer loop
  vertex 10.859838485717773 0.15010511875152588 0
  vertex 0.6696375608444214 0.8726886510848999 0
  vertex 0.550000011920929 0.952627956867218 0
 endloop
endfacet
facet normal 0 0 0
 outer loop
  vertex 1.0905894041061401 -0.14357881247997284 0
  vertex 11.559913635253906 -1.062461495399475 0
  vertex 11.70235824584961 -1.1108146905899048 0
 endloop
endfacet
facet normal 0 0 0
 outer loop
  vertex -10.958982467651367 -0.1370525062084198 0
  vertex -0.420951783657074 -1.0162675380706787 0
  vertex -0.2847009599208832 -1.0625183582305908 0
 endloop
endfacet
facet normal 0 0 0
 outer loop
  vertex -21 -9 0
  vertex -12.401817321777344 -0.9700735211372375 0
  vertex -12.271759986877441 -1.0142221450805664 0
 endloop
endfacet
facet normal 0 0 0
 outer loop
  vertex -12.401817321777344 0.9700735211372375 0
  vertex -12.524999618530273 0.9093266725540161 0
  vertex -21 9 0
 endloop
endfacet
facet normal 0 0 0
 outer loop
  vertex -1.100000023841858 -1.3471115378436846e-16 0
  vertex -11.475000381469727 0.9093266725540161 0
  vertex -11.598182678222656 0.9700735211372375 0
 endloop
endfacet
facet normal 0 0 0
 outer loop
  vertex 10.859838485717773 0.15010511875152588 0
  vertex 0.550000011920929 0.952627956867218 0
  vertex 0.420951783657074 1.0162675380706787 0
 endloop
endfacet
facet normal 0 0 0
 outer loop
  vertex 1.0905894041061401 -0.14357881247997284 0
  vertex 11.70235824584961 -1.1108146905899048 0
  vertex 11.849894523620605 -1.1401616334915161 0
 endloop
endfacet
facet normal 0 0 0
 outer loop
  vertex -10.958982467651367 -0.1370525062084198 0
  vertex -0.2847009599208832 -1.0625183582305908 0
  vertex -0.14357881247997284 -1.0905894041061401 0
 endloop
endfacet
facet normal 0 0 0
 outer loop
  vertex -21 -9 0
  vertex -12.271759986877441 -1.0142221450805664 0
  vertex -12.137052536010742 -1.0410170555114746 0
 endloop
endfacet
facet normal 0 0 0
 outer loop
  vertex -12.271759986877441 1.0142221450805664 0
  vertex -12.401817321777344 0.9700735211372375 0
  vertex -21 9 0
 endloop
endfacet
facet normal 0 0 0
 outer loop
  vertex -1.100000023841858 -1.3471115378436846e-16 0
  vertex -11.598182678222656 0.9700735211372375 0
  vertex -11.728240013122559 1.0142221450805664 0
 endloop
endfacet
facet normal 0 0 0
 outer loop
  vertex 10.859838485717773 0.15010511875152588 0
  vertex 0.420951783657074 1.0162675380706787 0
  vertex 0.2847009599208832 1.0625183582305908 0
 endloop
endfacet
facet normal 0 0 0
 outer loop
  vertex 1.0625183582305908 -0.2847009599208832 0
  vertex 1.0905894041061401 -0.14357881247997284 0
  vertex 11.849894523620605 -1.1401616334915161 0
 endloop
endfacet
facet normal 0 0 0
 outer loop
  vertex -10.985777854919434 -0.2717599868774414 0
  vertex -10.958982467651367 -0.1370525062084198 0
  vertex -0.14357881247997284 -1.0905894041061401 0
 endloop
endfacet
facet normal 0 0 0
 outer loop
  vertex -21 -9 0
  vertex -12.137052536010742 -1.0410170555114746 0
  vertex -12 -1.0499999523162842 0
 endloop
endfacet
facet normal 0 0 0
 outer loop
  vertex -12.271759986877441 1.0142221450805664 0
  vertex -21 9 0
  vertex 21 9 0
 endloop
endfacet
facet normal 0 0 0
 outer loop
  vertex -1.100000023841858 -1.3471115378436846e-16 0
  vertex -11.728240013122559 1.0142221450805664 0
  vertex -11.862947463989258 1.0410170555114746 0
 endloop
endfacet
facet normal 0 0 0
 outer loop
  vertex 10.859838485717773 0.15010511875152588 0
  vertex 0.2847009599208832 1.0625183582305908 0
  vertex 0.14357881247997284 1.0905894041061401 0
 endloop
endfacet
facet normal 0 0 0
 outer loop
  vertex 1.0162675380706787 -0.420951783657074 0
  vertex 1.0625183582305908 -0.2847009599208832 0
  vertex 11.849894523620605 -1.1401616334915161 0
 endloop
endfacet
facet normal 0 0 0
 outer loop
  vertex -11.029926300048828 -0.40181758999824524 0
  vertex -10.985777854919434 -0.2717599868774414 0
  vertex -0.14357881247997284 -1.0905894041061401 0
 endloop
endfacet
facet normal 0 0 0
 outer loop
  vertex -21 -9 0
  vertex -12 -1.0499999523162842 0
  vertex -11.862947463989258 -1.0410170555114746 0
 endloop
endfacet
facet normal 0 0 0
 outer loop
  vertex -12.137052536010742 1.0410170555114746 0
  vertex -12.271759986877441 1.0142221450805664 0
  vertex 21 9 0
 endloop
endfacet
facet normal 0 0 0
 outer loop
  vertex -1.0905894041061401 0.14357881247997284 0
  vertex -1.100000023841858 -1.3471115378436846e-16 0
  vertex -11.862947463989258 1.0410170555114746 0
 endloop
endfacet
facet normal 0 0 0
 outer loop
  vertex 10.889184951782227 0.29764190316200256 0
  vertex 10.859838485717773 0.15010511875152588 0
  vertex 0.14357881247997284 1.0905894041061401 0
 endloop
endfacet
facet normal 0 0 0
 outer loop
  vertex 0.952627956867218 -0.550000011920929 0
  vertex 1.0162675380706787 -0.420951783657074 0
  vertex 11.849894523620605 -1.1401616334915161 0
 endloop
endfacet
facet normal 0 0 0
 outer loop
  vertex -11.029926300048828 -0.40181758999824524 0
  vertex -0.14357881247997284 -1.0905894041061401 0
  vertex 6.735557689218423e-17 -1.100000023841858 0
 endloop
endfacet
facet normal 0 0 0
 outer loop
  vertex -21 -9 0
  vertex -11.862947463989258 -1.0410170555114746 0
  vertex -11.728240013122559 -1.0142221450805664 0
 endloop
endfacet
facet normal 0 0 0
 outer loop
  vertex -12 1.0499999523162842 0
  vertex -12.137052536010742 1.0410170555114746 0
  vertex 21 9 0
 endloop
endfacet
facet normal 0 0 0
 outer loop
  vertex -1.0625183582305908 0.2847009599208832 0
  vertex -1.0905894041061401 0.14357881247997284 0
  vertex -11.862947463989258 1.0410170555114746 0
 endloop
endfacet
facet normal 0 0 0
 outer loop
  vertex 10.937538146972656 0.4400859475135803 0
  vertex 10.889184951782227 0.29764190316200256 0
  vertex 0.14357881247997284 1.0905894041061401 0
 endloop
endfacet
facet normal 0 0 0
 outer loop
  vertex 0.952627956867218 -0.550000011920929 0
  vertex 11.849894523620605 -1.1401616334915161 0
  vertex 12 -1.149999976158142 0
 endloop
endfacet
facet normal 0 0 0
 outer loop
  vertex -11.090673446655273 -0.5249999761581421 0
  vertex -11.029926300048828 -0.40181758999824524 0
  vertex 6.735557689218423e-17 -1.100000023841858 0
 endloop
endfacet
facet normal 0 0 0
 outer loop
  vertex -21 -9 0
  vertex -11.728240013122559 -1.0142221450805664 0
  vertex -11.598182678222656 -0.9700735211372375 0
 endloop
endfacet
facet normal 0 0 0
 outer loop
  vertex -11.862947463989258 1.0410170555114746 0
  vertex -12 1.0499999523162842 0
  vertex 21 9 0
 endloop
endfacet
facet normal 0 0 0
 outer loop
  vertex -1.0162675380706787 0.420951783657074 0
  vertex -1.0625183582305908 0.2847009599208832 0
  vertex -11.862947463989258 1.0410170555114746 0
 endloop
endfacet
facet normal 0 0 0
 outer loop
  vertex 10.937538146972656 0.4400859475135803 0
  vertex 0.14357881247997284 1.0905894041061401 0
  vertex -2.020667240591078e-16 1.100000023841858 0
 endloop
endfacet
facet normal 0 0 0
 outer loop
  vertex 0.8726886510848999 -0.6696375608444214 0
  vertex 0.952627956867218 -0.550000011920929 0
  vertex 12 -1.149999976158142 0
 endloop
endfacet
facet normal 0 0 0
 outer loop
  vertex -11.16697883605957 -0.6391994953155518 0
  vertex -11.090673446655273 -0.5249999761581421 0
  vertex 6.735557689218423e-17 -1.100000023841858 0
 endloop
endfacet
facet normal 0 0 0
 outer loop
  vertex -21 -9 0
  vertex -11.598182678222656 -0.9700735211372375 0
  vertex -11.475000381469727 -0.9093266725540161 0
 endloop
endfacet
facet normal 0 0 0
 outer loop
  vertex -0.952627956867218 0.550000011920929 0
  vertex -1.0162675380706787 0.420951783657074 0
  vertex -11.862947463989258 1.0410170555114746 0
 endloop
endfacet
facet normal 0 0 0
 outer loop
  vertex 11.004071235656738 0.574999988079071 0
  vertex 10.937538146972656 0.4400859475135803 0
  vertex -2.020667240591078e-16 1.100000023841858 0
 endloop
endfacet
facet normal 0 0 0
 outer loop
  vertex 0.7778174877166748 -0.7778174877166748 0
  vertex 0.8726886510848999 -0.6696375608444214 0
  vertex 12 -1.149999976158142 0
 endloop
endfacet
facet normal 0 0 0
 outer loop
  vertex -11.257537841796875 -0.7424620985984802 0
  vertex -11.16697883605957 -0.6391994953155518 0
  vertex 6.735557689218423e-17 -1.100000023841858 0
 endloop
endfacet
facet normal 0 0 0
 outer loop
  vertex -21 -9 0
  vertex -11.475000381469727 -0.9093266725540161 0
  vertex -11.360800743103027 -0.8330209851264954 0
 endloop
endfacet
facet normal 0 0 0
 outer loop
  vertex -0.8726886510848999 0.6696375608444214 0
  vertex -0.952627956867218 0.550000011920929 0
  vertex -11.862947463989258 1.0410170555114746 0
 endloop
endfacet
facet normal 0 0 0
 outer loop
  vertex 11.08764362335205 0.700075626373291 0
  vertex 11.004071235656738 0.574999988079071 0
  vertex -2.020667240591078e-16 1.100000023841858 0
 endloop
endfacet
facet normal 0 0 0
 outer loop
  vertex 0.6696375608444214 -0.8726886510848999 0
  vertex 0.7778174877166748 -0.7778174877166748 0
  vertex 12 -1.149999976158142 0
 endloop
endfacet
facet normal 0 0 0
 outer loop
  vertex -11.360800743103027 -0.8330209851264954 0
  vertex -11.257537841796875 -0.7424620985984802 0
  vertex 6.735557689218423e-17 -1.100000023841858 0
 endloop
endfacet
facet normal 0 0 0
 outer loop
  vertex 21 -9 0
  vertex -21 -9 0
  vertex -11.360800743103027 -0.8330209851264954 0
 endloop
endfacet
facet normal 0 0 0
 outer loop
  vertex -0.7778174877166748 0.7778174877166748 0
  vertex -0.8726886510848999 0.6696375608444214 0
  vertex -11.862947463989258 1.0410170555114746 0
 endloop
endfacet
facet normal 0 0 0
 outer loop
  vertex 11.186827659606934 0.8131728172302246 0
  vertex 11.08764362335205 0.700075626373291 0
  vertex -2.020667240591078e-16 1.100000023841858 0
 endloop
endfacet
facet normal 0 0 0
 outer loop
  vertex 0.550000011920929 -0.952627956867218 0
  vertex 0.6696375608444214 -0.8726886510848999 0
  vertex 12 -1.149999976158142 0
 endloop
endfacet
facet normal 0 0 0
 outer loop
  vertex 21 -9 0
  vertex -11.360800743103027 -0.8330209851264954 0
  vertex 6.735557689218423e-17 -1.100000023841858 0
 endloop
endfacet
facet normal 0 0 0
 outer loop
  vertex -0.6696375608444214 0.8726886510848999 0
  vertex -0.7778174877166748 0.7778174877166748 0
  vertex -11.862947463989258 1.0410170555114746 0
 endloop
endfacet
facet normal 0 0 0
 outer loop
  vertex 11.29992389678955 0.9123563170433044 0
  vertex 11.186827659606934 0.8131728172302246 0
  vertex -2.020667240591078e-16 1.100000023841858 0
 endloop
endfacet
facet normal 0 0 0
 outer loop
  vertex 0.420951783657074 -1.0162675380706787 0
  vertex 0.550000011920929 -0.952627956867218 0
  vertex 12 -1.149999976158142 0
 endloop
endfacet
facet normal 0 0 0
 outer loop
  vertex 21 -9 0
  vertex 6.735557689218423e-17 -1.100000023841858 0
  vertex 0.14357881247997284 -1.0905894041061401 0
 endloop
endfacet
facet normal 0 0 0
 outer loop
  vertex -0.550000011920929 0.952627956867218 0
  vertex -0.6696375608444214 0.8726886510848999 0
  vertex -11.862947463989258 1.0410170555114746 0
 endloop
endfacet
facet normal 0 0 0
 outer loop
  vertex 11.425000190734863 0.9959292411804199 0
  vertex 11.29992389678955 0.9123563170433044 0
  vertex -2.020667240591078e-16 1.100000023841858 0
 endloop
endfacet
facet normal 0 0 0
 outer loop
  vertex 0.2847009599208832 -1.0625183582305908 0
  vertex 0.420951783657074 -1.0162675380706787 0
  vertex 12 -1.149999976158142 0
 endloop
endfacet
facet normal 0 0 0
 outer loop
  vertex 21 -9 0
  vertex 0.14357881247997284 -1.0905894041061401 0
  vertex 0.2847009599208832 -1.0625183582305908 0
 endloop
endfacet
facet normal 0 0 0
 outer loop
  vertex -0.420951783657074 1.0162675380706787 0
  vertex -0.550000011920929 0.952627956867218 0
  vertex -11.862947463989258 1.0410170555114746 0
 endloop
endfacet
facet normal 0 0 0
 outer loop
  vertex 11.559913635253906 1.062461495399475 0
  vertex 11.425000190734863 0.9959292411804199 0
  vertex -2.020667240591078e-16 1.100000023841858 0
 endloop
endfacet
facet normal 0 0 0
 outer loop
  vertex 21 -9 0
  vertex 0.2847009599208832 -1.0625183582305908 0
  vertex 12 -1.149999976158142 0
 endloop
endfacet
facet normal 0 0 0
 outer loop
  vertex -0.420951783657074 1.0162675380706787 0
  vertex -11.862947463989258 1.0410170555114746 0
  vertex 21 9 0
 endloop
endfacet
facet normal 0 0 0
 outer loop
  vertex 11.70235824584961 1.1108146905899048 0
  vertex 11.559913635253906 1.062461495399475 0
  vertex -2.020667240591078e-16 1.100000023841858 0
 endloop
endfacet
facet normal 0 0 0
 outer loop
  vertex 21 -9 0
  vertex 12 -1.149999976158142 0
  vertex 12.150105476379395 -1.1401616334915161 0
 endloop
endfacet
facet normal 0 0 0
 outer loop
  vertex -0.2847009599208832 1.0625183582305908 0
  vertex -0.420951783657074 1.0162675380706787 0
  vertex 21 9 0
 endloop
endfacet
facet normal 0 0 0
 outer loop
  vertex 11.849894523620605 1.1401616334915161 0
  vertex 11.70235824584961 1.1108146905899048 0
  vertex -2.020667240591078e-16 1.100000023841858 0
 endloop
endfacet
facet normal 0 0 0
 outer loop
  vertex 21 -9 0
  vertex 12.150105476379395 -1.1401616334915161 0
  vertex 12.29764175415039 -1.1108146905899048 0
 endloop
endfacet
facet normal 0 0 0
 outer loop
  vertex -0.14357881247997284 1.0905894041061401 0
  vertex -0.2847009599208832 1.0625183582305908 0
  vertex 21 9 0
 endloop
endfacet
facet normal 0 0 0
 outer loop
  vertex 12 1.149999976158142 0
  vertex 11.849894523620605 1.1401616334915161 0
  vertex -2.020667240591078e-16 1.100000023841858 0
 endloop
endfacet
facet normal 0 0 0
 outer loop
  vertex 21 -9 0
  vertex 12.29764175415039 -1.1108146905899048 0
  vertex 12.440086364746094 -1.062461495399475 0
 endloop
endfacet
facet normal 0 0 0
 outer loop
  vertex -2.020667240591078e-16 1.100000023841858 0
  vertex -0.14357881247997284 1.0905894041061401 0
  vertex 21 9 0
 endloop
endfacet
facet normal 0 0 0
 outer loop
  vertex 21 -9 0
  vertex 12.440086364746094 -1.062461495399475 0
  vertex 12.574999809265137 -0.9959292411804199 0
 endloop
endfacet
facet normal 0 0 0
 outer loop
  vertex 12 1.149999976158142 0
  vertex -2.020667240591078e-16 1.100000023841858 0
  vertex 21 9 0
 endloop
endfacet
facet normal 0 0 0
 outer loop
  vertex 21 -9 0
  vertex 12.574999809265137 -0.9959292411804199 0
  vertex 12.70007610321045 -0.9123563170433044 0
 endloop
endfacet
facet normal 0 0 0
 outer loop
  vertex 12.150105476379395 1.1401616334915161 0
  vertex 12 1.149999976158142 0
  vertex 21 9 0
 endloop
endfacet
facet normal 0 0 0
 outer loop
  vertex 21 -9 0
  vertex 12.70007610321045 -0.9123563170433044 0
  vertex 12.813172340393066 -0.8131728172302246 0
 endloop
endfacet
facet normal 0 0 0
 outer loop
  vertex 12.29764175415039 1.1108146905899048 0
  vertex 12.150105476379395 1.1401616334915161 0
  vertex 21 9 0
 endloop
endfacet
facet normal 0 0 0
 outer loop
  vertex 21 -9 0
  vertex 12.813172340393066 -0.8131728172302246 0
  vertex 12.91235637664795 -0.700075626373291 0
 endloop
endfacet
facet normal 0 0 0
 outer loop
  vertex 12.440086364746094 1.062461495399475 0
  vertex 12.29764175415039 1.1108146905899048 0
  vertex 21 9 0
 endloop
endfacet
facet normal 0 0 0
 outer loop
  vertex 21 -9 0
  vertex 12.91235637664795 -0.700075626373291 0
  vertex 12.995928764343262 -0.574999988079071 0
 endloop
endfacet
facet normal 0 0 0
 outer loop
  vertex 12.574999809265137 0.9959292411804199 0
  vertex 12.440086364746094 1.062461495399475 0
  vertex 21 9 0
 endloop
endfacet
facet normal 0 0 0
 outer loop
  vertex 21 -9 0
  vertex 12.995928764343262 -0.574999988079071 0
  vertex 13.062461853027344 -0.4400859475135803 0
 endloop
endfacet
facet normal 0 0 0
 outer loop
  vertex 12.70007610321045 0.9123563170433044 0
  vertex 12.574999809265137 0.9959292411804199 0
  vertex 21 9 0
 endloop
endfacet
facet normal 0 0 0
 outer loop
  vertex 21 -9 0
  vertex 13.062461853027344 -0.4400859475135803 0
  vertex 13.110815048217773 -0.29764190316200256 0
 endloop
endfacet
facet normal 0 0 0
 outer loop
  vertex 12.813172340393066 0.8131728172302246 0
  vertex 12.70007610321045 0.9123563170433044 0
  vertex 21 9 0
 endloop
endfacet
facet normal 0 0 0
 outer loop
  vertex 21 -9 0
  vertex 13.110815048217773 -0.29764190316200256 0
  vertex 13.140161514282227 -0.15010511875152588 0
 endloop
endfacet
facet normal 0 0 0
 outer loop
  vertex 12.91235637664795 0.700075626373291 0
  vertex 12.813172340393066 0.8131728172302246 0
  vertex 21 9 0
 endloop
endfacet
facet normal 0 0 0
 outer loop
  vertex 21 -9 0
  vertex 13.140161514282227 -0.15010511875152588 0
  vertex 13.149999618530273 0 0
 endloop
endfacet
facet normal 0 0 0
 outer loop
  vertex 12.91235637664795 0.700075626373291 0
  vertex 21 9 0
  vertex 21 -9 0
 endloop
endfacet
facet normal 0 0 0
 outer loop
  vertex 21 -9 0
  vertex 13.149999618530273 0 0
  vertex 13.140161514282227 0.15010511875152588 0
 endloop
endfacet
facet normal 0 0 0
 outer loop
  vertex 12.995928764343262 0.574999988079071 0
  vertex 12.91235637664795 0.700075626373291 0
  vertex 21 -9 0
 endloop
endfacet
facet normal 0 0 0
 outer loop
  vertex 21 -9 0
  vertex 13.140161514282227 0.15010511875152588 0
  vertex 13.110815048217773 0.29764190316200256 0
 endloop
endfacet
facet normal 0 0 0
 outer loop
  vertex 13.062461853027344 0.4400859475135803 0
  vertex 12.995928764343262 0.574999988079071 0
  vertex 21 -9 0
 endloop
endfacet
facet normal 0 0 0
 outer loop
  vertex 21 -9 0
  vertex 13.110815048217773 0.29764190316200256 0
  vertex 13.062461853027344 0.4400859475135803 0
 endloop
endfacet
facet normal 0 0 0
 outer loop
  vertex 1.0905894041061401 -0.14357881247997284 4
  vertex 10.850000381469727 -1.408343814298494e-16 4
  vertex 10.859838485717773 0.15010511875152588 4
 endloop
endfacet
facet normal 0 0 0
 outer loop
  vertex 10.859838485717773 -0.15010511875152588 4
  vertex 10.850000381469727 -1.408343814298494e-16 4
  vertex 1.0905894041061401 -0.14357881247997284 4
 endloop
endfacet
facet normal 0 0 0
 outer loop
  vertex -1.0905894041061401 -0.14357881247997284 4
  vertex -1.100000023841858 -1.3471115378436846e-16 4
  vertex -10.958982467651367 -0.1370525062084198 4
 endloop
endfacet
facet normal 0 0 0
 outer loop
  vertex -13.041017532348633 -0.1370525062084198 4
  vertex -13.050000190734863 -1.2858791290399772e-16 4
  vertex -21 -9 4
 endloop
endfacet
facet normal 0 0 0
 outer loop
  vertex -21 9 4
  vertex -21 -9 4
  vertex -13.050000190734863 -1.2858791290399772e-16 4
 endloop
endfacet
facet normal 0 0 0
 outer loop
  vertex -10.949999809265137 0 4
  vertex -10.958982467651367 -0.1370525062084198 4
  vertex -1.100000023841858 -1.3471115378436846e-16 4
 endloop
endfacet
facet normal 0 0 0
 outer loop
  vertex 1.100000023841858 0 4
  vertex 1.0905894041061401 -0.14357881247997284 4
  vertex 10.859838485717773 0.15010511875152588 4
 endloop
endfacet
facet normal 0 0 0
 outer loop
  vertex 10.889184951782227 -0.29764190316200256 4
  vertex 10.859838485717773 -0.15010511875152588 4
  vertex 1.0905894041061401 -0.14357881247997284 4
 endloop
endfacet
facet normal 0 0 0
 outer loop
  vertex -1.0625183582305908 -0.2847009599208832 4
  vertex -1.0905894041061401 -0.14357881247997284 4
  vertex -10.958982467651367 -0.1370525062084198 4
 endloop
endfacet
facet normal 0 0 0
 outer loop
  vertex -13.014222145080566 -0.2717599868774414 4
  vertex -13.041017532348633 -0.1370525062084198 4
  vertex -21 -9 4
 endloop
endfacet
facet normal 0 0 0
 outer loop
  vertex -21 9 4
  vertex -13.050000190734863 -1.2858791290399772e-16 4
  vertex -13.041017532348633 0.1370525062084198 4
 endloop
endfacet
facet normal 0 0 0
 outer loop
  vertex -10.958982467651367 0.1370525062084198 4
  vertex -10.949999809265137 0 4
  vertex -1.100000023841858 -1.3471115378436846e-16 4
 endloop
endfacet
facet normal 0 0 0
 outer loop
  vertex 1.0905894041061401 0.14357881247997284 4
  vertex 1.100000023841858 0 4
  vertex 10.859838485717773 0.15010511875152588 4
 endloop
endfacet
facet normal 0 0 0
 outer loop
  vertex 10.937538146972656 -0.4400859475135803 4
  vertex 10.889184951782227 -0.29764190316200256 4
  vertex 1.0905894041061401 -0.14357881247997284 4
 endloop
endfacet
facet normal 0 0 0
 outer loop
  vertex -1.0162675380706787 -0.420951783657074 4
  vertex -1.0625183582305908 -0.2847009599208832 4
  vertex -10.958982467651367 -0.1370525062084198 4
 endloop
endfacet
facet normal 0 0 0
 outer loop
  vertex -12.970073699951172 -0.40181758999824524 4
  vertex -13.014222145080566 -0.2717599868774414 4
  vertex -21 -9 4
 endloop
endfacet
facet normal 0 0 0
 outer loop
  vertex -21 9 4
  vertex -13.041017532348633 0.1370525062084198 4
  vertex -13.014222145080566 0.2717599868774414 4
 endloop
endfacet
facet normal 0 0 0
 outer loop
  vertex -10.985777854919434 0.2717599868774414 4
  vertex -10.958982467651367 0.1370525062084198 4
  vertex -1.100000023841858 -1.3471115378436846e-16 4
 endloop
endfacet
facet normal 0 0 0
 outer loop
  vertex 1.0625183582305908 0.2847009599208832 4
  vertex 1.0905894041061401 0.14357881247997284 4
  vertex 10.859838485717773 0.15010511875152588 4
 endloop
endfacet
facet normal 0 0 0
 outer loop
  vertex 11.004071235656738 -0.574999988079071 4
  vertex 10.937538146972656 -0.4400859475135803 4
  vertex 1.0905894041061401 -0.14357881247997284 4
 endloop
endfacet
facet normal 0 0 0
 outer loop
  vertex -0.952627956867218 -0.550000011920929 4
  vertex -1.0162675380706787 -0.420951783657074 4
  vertex -10.958982467651367 -0.1370525062084198 4
 endloop
endfacet
facet normal 0 0 0
 outer loop
  vertex -12.909326553344727 -0.5249999761581421 4
  vertex -12.970073699951172 -0.40181758999824524 4
  vertex -21 -9 4
 endloop
endfacet
facet normal 0 0 0
 outer loop
  vertex -21 9 4
  vertex -13.014222145080566 0.2717599868774414 4
  vertex -12.970073699951172 0.40181758999824524 4
 endloop
endfacet
facet normal 0 0 0
 outer loop
  vertex -11.029926300048828 0.40181758999824524 4
  vertex -10.985777854919434 0.2717599868774414 4
  vertex -1.100000023841858 -1.3471115378436846e-16 4
 endloop
endfacet
facet normal 0 0 0
 outer loop
  vertex 1.0162675380706787 0.420951783657074 4
  vertex 1.0625183582305908 0.2847009599208832 4
  vertex 10.859838485717773 0.15010511875152588 4
 endloop
endfacet
facet normal 0 0 0
 outer loop
  vertex 11.08764362335205 -0.700075626373291 4
  vertex 11.004071235656738 -0.574999988079071 4
  vertex 1.0905894041061401 -0.14357881247997284 4
 endloop
endfacet
facet normal 0 0 0
 outer loop
  vertex -0.8726886510848999 -0.6696375608444214 4
  vertex -0.952627956867218 -0.550000011920929 4
  vertex -10.958982467651367 -0.1370525062084198 4
 endloop
endfacet
facet normal 0 0 0
 outer loop
  vertex -12.83302116394043 -0.6391994953155518 4
  vertex -12.909326553344727 -0.5249999761581421 4
  vertex -21 -9 4
 endloop
endfacet
facet normal 0 0 0
 outer loop
  vertex -21 9 4
  vertex -12.970073699951172 0.40181758999824524 4
  vertex -12.909326553344727 0.5249999761581421 4
 endloop
endfacet
facet normal 0 0 0
 outer loop
  vertex -11.090673446655273 0.5249999761581421 4
  vertex -11.029926300048828 0.40181758999824524 4
  vertex -1.100000023841858 -1.3471115378436846e-16 4
 endloop
endfacet
facet normal 0 0 0
 outer loop
  vertex 0.952627956867218 0.550000011920929 4
  vertex 1.0162675380706787 0.420951783657074 4
  vertex 10.859838485717773 0.15010511875152588 4
 endloop
endfacet
facet normal 0 0 0
 outer loop
  vertex 11.186827659606934 -0.8131728172302246 4
  vertex 11.08764362335205 -0.700075626373291 4
  vertex 1.0905894041061401 -0.14357881247997284 4
 endloop
endfacet
facet normal 0 0 0
 outer loop
  vertex -0.7778174877166748 -0.7778174877166748 4
  vertex -0.8726886510848999 -0.6696375608444214 4
  vertex -10.958982467651367 -0.1370525062084198 4
 endloop
endfacet
facet normal 0 0 0
 outer loop
  vertex -12.742462158203125 -0.7424620985984802 4
  vertex -12.83302116394043 -0.6391994953155518 4
  vertex -21 -9 4
 endloop
endfacet
facet normal 0 0 0
 outer loop
  vertex -21 9 4
  vertex -12.909326553344727 0.5249999761581421 4
  vertex -12.83302116394043 0.6391994953155518 4
 endloop
endfacet
facet normal 0 0 0
 outer loop
  vertex -11.16697883605957 0.6391994953155518 4
  vertex -11.090673446655273 0.5249999761581421 4
  vertex -1.100000023841858 -1.3471115378436846e-16 4
 endloop
endfacet
facet normal 0 0 0
 outer loop
  vertex 0.8726886510848999 0.6696375608444214 4
  vertex 0.952627956867218 0.550000011920929 4
  vertex 10.859838485717773 0.15010511875152588 4
 endloop
endfacet
facet normal 0 0 0
 outer loop
  vertex 11.29992389678955 -0.9123563170433044 4
  vertex 11.186827659606934 -0.8131728172302246 4
  vertex 1.0905894041061401 -0.14357881247997284 4
 endloop
endfacet
facet normal 0 0 0
 outer loop
  vertex -0.6696375608444214 -0.8726886510848999 4
  vertex -0.7778174877166748 -0.7778174877166748 4
  vertex -10.958982467651367 -0.1370525062084198 4
 endloop
endfacet
facet normal 0 0 0
 outer loop
  vertex -12.639199256896973 -0.8330209851264954 4
  vertex -12.742462158203125 -0.7424620985984802 4
  vertex -21 -9 4
 endloop
endfacet
facet normal 0 0 0
 outer loop
  vertex -21 9 4
  vertex -12.83302116394043 0.6391994953155518 4
  vertex -12.742462158203125 0.7424620985984802 4
 endloop
endfacet
facet normal 0 0 0
 outer loop
  vertex -11.257537841796875 0.7424620985984802 4
  vertex -11.16697883605957 0.6391994953155518 4
  vertex -1.100000023841858 -1.3471115378436846e-16 4
 endloop
endfacet
facet normal 0 0 0
 outer loop
  vertex 0.7778174877166748 0.7778174877166748 4
  vertex 0.8726886510848999 0.6696375608444214 4
  vertex 10.859838485717773 0.15010511875152588 4
 endloop
endfacet
facet normal 0 0 0
 outer loop
  vertex 11.425000190734863 -0.9959292411804199 4
  vertex 11.29992389678955 -0.9123563170433044 4
  vertex 1.0905894041061401 -0.14357881247997284 4
 endloop
endfacet
facet normal 0 0 0
 outer loop
  vertex -0.550000011920929 -0.952627956867218 4
  vertex -0.6696375608444214 -0.8726886510848999 4
  vertex -10.958982467651367 -0.1370525062084198 4
 endloop
endfacet
facet normal 0 0 0
 outer loop
  vertex -12.524999618530273 -0.9093266725540161 4
  vertex -12.639199256896973 -0.8330209851264954 4
  vertex -21 -9 4
 endloop
endfacet
facet normal 0 0 0
 outer loop
  vertex -21 9 4
  vertex -12.742462158203125 0.7424620985984802 4
  vertex -12.639199256896973 0.8330209851264954 4
 endloop
endfacet
facet normal 0 0 0
 outer loop
  vertex -11.360800743103027 0.8330209851264954 4
  vertex -11.257537841796875 0.7424620985984802 4
  vertex -1.100000023841858 -1.3471115378436846e-16 4
 endloop
endfacet
facet normal 0 0 0
 outer loop
  vertex 0.6696375608444214 0.8726886510848999 4
  vertex 0.7778174877166748 0.7778174877166748 4
  vertex 10.859838485717773 0.15010511875152588 4
 endloop
endfacet
facet normal 0 0 0
 outer loop
  vertex 11.559913635253906 -1.062461495399475 4
  vertex 11.425000190734863 -0.9959292411804199 4
  vertex 1.0905894041061401 -0.14357881247997284 4
 endloop
endfacet
facet normal 0 0 0
 outer loop
  vertex -0.420951783657074 -1.0162675380706787 4
  vertex -0.550000011920929 -0.952627956867218 4
  vertex -10.958982467651367 -0.1370525062084198 4
 endloop
endfacet
facet normal 0 0 0
 outer loop
  vertex -12.401817321777344 -0.9700735211372375 4
  vertex -12.524999618530273 -0.9093266725540161 4
  vertex -21 -9 4
 endloop
endfacet
facet normal 0 0 0
 outer loop
  vertex -21 9 4
  vertex -12.639199256896973 0.8330209851264954 4
  vertex -12.524999618530273 0.9093266725540161 4
 endloop
endfacet
facet normal 0 0 0
 outer loop
  vertex -11.475000381469727 0.9093266725540161 4
  vertex -11.360800743103027 0.8330209851264954 4
  vertex -1.100000023841858 -1.3471115378436846e-16 4
 endloop
endfacet
facet normal 0 0 0
 outer loop
  vertex 0.550000011920929 0.952627956867218 4
  vertex 0.6696375608444214 0.8726886510848999 4
  vertex 10.859838485717773 0.15010511875152588 4
 endloop
endfacet
facet normal 0 0 0
 outer loop
  vertex 11.70235824584961 -1.1108146905899048 4
  vertex 11.559913635253906 -1.062461495399475 4
  vertex 1.0905894041061401 -0.14357881247997284 4
 endloop
endfacet
facet normal 0 0 0
 outer loop
  vertex -0.2847009599208832 -1.0625183582305908 4
  vertex -0.420951783657074 -1.0162675380706787 4
  vertex -10.958982467651367 -0.1370525062084198 4
 endloop
endfacet
facet normal 0 0 0
 outer loop
  vertex -12.271759986877441 -1.0142221450805664 4
  vertex -12.401817321777344 -0.9700735211372375 4
  vertex -21 -9 4
 endloop
endfacet
facet normal 0 0 0
 outer loop
  vertex -21 9 4
  vertex -12.524999618530273 0.9093266725540161 4
  vertex -12.401817321777344 0.9700735211372375 4
 endloop
endfacet
facet normal 0 0 0
 outer loop
  vertex -11.598182678222656 0.9700735211372375 4
  vertex -11.475000381469727 0.9093266725540161 4
  vertex -1.100000023841858 -1.3471115378436846e-16 4
 endloop
endfacet
facet normal 0 0 0
 outer loop
  vertex 0.420951783657074 1.0162675380706787 4
  vertex 0.550000011920929 0.952627956867218 4
  vertex 10.859838485717773 0.15010511875152588 4
 endloop
endfacet
facet normal 0 0 0
 outer loop
  vertex 11.849894523620605 -1.1401616334915161 4
  vertex 11.70235824584961 -1.1108146905899048 4
  vertex 1.0905894041061401 -0.14357881247997284 4
 endloop
endfacet
facet normal 0 0 0
 outer loop
  vertex -0.14357881247997284 -1.0905894041061401 4
  vertex -0.2847009599208832 -1.0625183582305908 4
  vertex -10.958982467651367 -0.1370525062084198 4
 endloop
endfacet
facet normal 0 0 0
 outer loop
  vertex -12.137052536010742 -1.0410170555114746 4
  vertex -12.271759986877441 -1.0142221450805664 4
  vertex -21 -9 4
 endloop
endfacet
facet normal 0 0 0
 outer loop
  vertex -21 9 4
  vertex -12.401817321777344 0.9700735211372375 4
  vertex -12.271759986877441 1.0142221450805664 4
 endloop
endfacet
facet normal 0 0 0
 outer loop
  vertex -11.728240013122559 1.0142221450805664 4
  vertex -11.598182678222656 0.9700735211372375 4
  vertex -1.100000023841858 -1.3471115378436846e-16 4
 endloop
endfacet
facet normal 0 0 0
 outer loop
  vertex 0.2847009599208832 1.0625183582305908 4
  vertex 0.420951783657074 1.0162675380706787 4
  vertex 10.859838485717773 0.15010511875152588 4
 endloop
endfacet
facet normal 0 0 0
 outer loop
  vertex 11.849894523620605 -1.1401616334915161 4
  vertex 1.0905894041061401 -0.14357881247997284 4
  vertex 1.0625183582305908 -0.2847009599208832 4
 endloop
endfacet
facet normal 0 0 0
 outer loop
  vertex -0.14357881247997284 -1.0905894041061401 4
  vertex -10.958982467651367 -0.1370525062084198 4
  vertex -10.985777854919434 -0.2717599868774414 4
 endloop
endfacet
facet normal 0 0 0
 outer loop
  vertex -12 -1.0499999523162842 4
  vertex -12.137052536010742 -1.0410170555114746 4
  vertex -21 -9 4
 endloop
endfacet
facet normal 0 0 0
 outer loop
  vertex 21 9 4
  vertex -21 9 4
  vertex -12.271759986877441 1.0142221450805664 4
 endloop
endfacet
facet normal 0 0 0
 outer loop
  vertex -11.862947463989258 1.0410170555114746 4
  vertex -11.728240013122559 1.0142221450805664 4
  vertex -1.100000023841858 -1.3471115378436846e-16 4
 endloop
endfacet
facet normal 0 0 0
 outer loop
  vertex 0.14357881247997284 1.0905894041061401 4
  vertex 0.2847009599208832 1.0625183582305908 4
  vertex 10.859838485717773 0.15010511875152588 4
 endloop
endfacet
facet normal 0 0 0
 outer loop
  vertex 11.849894523620605 -1.1401616334915161 4
  vertex 1.0625183582305908 -0.2847009599208832 4
  vertex 1.0162675380706787 -0.420951783657074 4
 endloop
endfacet
facet normal 0 0 0
 outer loop
  vertex -0.14357881247997284 -1.0905894041061401 4
  vertex -10.985777854919434 -0.2717599868774414 4
  vertex -11.029926300048828 -0.40181758999824524 4
 endloop
endfacet
facet normal 0 0 0
 outer loop
  vertex -11.862947463989258 -1.0410170555114746 4
  vertex -12 -1.0499999523162842 4
  vertex -21 -9 4
 endloop
endfacet
facet normal 0 0 0
 outer loop
  vertex 21 9 4
  vertex -12.271759986877441 1.0142221450805664 4
  vertex -12.137052536010742 1.0410170555114746 4
 endloop
endfacet
facet normal 0 0 0
 outer loop
  vertex -11.862947463989258 1.0410170555114746 4
  vertex -1.100000023841858 -1.3471115378436846e-16 4
  vertex -1.0905894041061401 0.14357881247997284 4
 endloop
endfacet
facet normal 0 0 0
 outer loop
  vertex 0.14357881247997284 1.0905894041061401 4
  vertex 10.859838485717773 0.15010511875152588 4
  vertex 10.889184951782227 0.29764190316200256 4
 endloop
endfacet
facet normal 0 0 0
 outer loop
  vertex 11.849894523620605 -1.1401616334915161 4
  vertex 1.0162675380706787 -0.420951783657074 4
  vertex 0.952627956867218 -0.550000011920929 4
 endloop
endfacet
facet normal 0 0 0
 outer loop
  vertex 6.735557689218423e-17 -1.100000023841858 4
  vertex -0.14357881247997284 -1.0905894041061401 4
  vertex -11.029926300048828 -0.40181758999824524 4
 endloop
endfacet
facet normal 0 0 0
 outer loop
  vertex -11.728240013122559 -1.0142221450805664 4
  vertex -11.862947463989258 -1.0410170555114746 4
  vertex -21 -9 4
 endloop
endfacet
facet normal 0 0 0
 outer loop
  vertex 21 9 4
  vertex -12.137052536010742 1.0410170555114746 4
  vertex -12 1.0499999523162842 4
 endloop
endfacet
facet normal 0 0 0
 outer loop
  vertex -11.862947463989258 1.0410170555114746 4
  vertex -1.0905894041061401 0.14357881247997284 4
  vertex -1.0625183582305908 0.2847009599208832 4
 endloop
endfacet
facet normal 0 0 0
 outer loop
  vertex 0.14357881247997284 1.0905894041061401 4
  vertex 10.889184951782227 0.29764190316200256 4
  vertex 10.937538146972656 0.4400859475135803 4
 endloop
endfacet
facet normal 0 0 0
 outer loop
  vertex 12 -1.149999976158142 4
  vertex 11.849894523620605 -1.1401616334915161 4
  vertex 0.952627956867218 -0.550000011920929 4
 endloop
endfacet
facet normal 0 0 0
 outer loop
  vertex 6.735557689218423e-17 -1.100000023841858 4
  vertex -11.029926300048828 -0.40181758999824524 4
  vertex -11.090673446655273 -0.5249999761581421 4
 endloop
endfacet
facet normal 0 0 0
 outer loop
  vertex -11.598182678222656 -0.9700735211372375 4
  vertex -11.728240013122559 -1.0142221450805664 4
  vertex -21 -9 4
 endloop
endfacet
facet normal 0 0 0
 outer loop
  vertex 21 9 4
  vertex -12 1.0499999523162842 4
  vertex -11.862947463989258 1.0410170555114746 4
 endloop
endfacet
facet normal 0 0 0
 outer loop
  vertex -11.862947463989258 1.0410170555114746 4
  vertex -1.0625183582305908 0.2847009599208832 4
  vertex -1.0162675380706787 0.420951783657074 4
 endloop
endfacet
facet normal 0 0 0
 outer loop
  vertex -2.020667240591078e-16 1.100000023841858 4
  vertex 0.14357881247997284 1.0905894041061401 4
  vertex 10.937538146972656 0.4400859475135803 4
 endloop
endfacet
facet normal 0 0 0
 outer loop
  vertex 12 -1.149999976158142 4
  vertex 0.952627956867218 -0.550000011920929 4
  vertex 0.8726886510848999 -0.6696375608444214 4
 endloop
endfacet
facet normal 0 0 0
 outer loop
  vertex 6.735557689218423e-17 -1.100000023841858 4
  vertex -11.090673446655273 -0.5249999761581421 4
  vertex -11.16697883605957 -0.6391994953155518 4
 endloop
endfacet
facet normal 0 0 0
 outer loop
  vertex -11.475000381469727 -0.9093266725540161 4
  vertex -11.598182678222656 -0.9700735211372375 4
  vertex -21 -9 4
 endloop
endfacet
facet normal 0 0 0
 outer loop
  vertex -11.862947463989258 1.0410170555114746 4
  vertex -1.0162675380706787 0.420951783657074 4
  vertex -0.952627956867218 0.550000011920929 4
 endloop
endfacet
facet normal 0 0 0
 outer loop
  vertex -2.020667240591078e-16 1.100000023841858 4
  vertex 10.937538146972656 0.4400859475135803 4
  vertex 11.004071235656738 0.574999988079071 4
 endloop
endfacet
facet normal 0 0 0
 outer loop
  vertex 12 -1.149999976158142 4
  vertex 0.8726886510848999 -0.6696375608444214 4
  vertex 0.7778174877166748 -0.7778174877166748 4
 endloop
endfacet
facet normal 0 0 0
 outer loop
  vertex 6.735557689218423e-17 -1.100000023841858 4
  vertex -11.16697883605957 -0.6391994953155518 4
  vertex -11.257537841796875 -0.7424620985984802 4
 endloop
endfacet
facet normal 0 0 0
 outer loop
  vertex -11.360800743103027 -0.8330209851264954 4
  vertex -11.475000381469727 -0.9093266725540161 4
  vertex -21 -9 4
 endloop
endfacet
facet normal 0 0 0
 outer loop
  vertex -11.862947463989258 1.0410170555114746 4
  vertex -0.952627956867218 0.550000011920929 4
  vertex -0.8726886510848999 0.6696375608444214 4
 endloop
endfacet
facet normal 0 0 0
 outer loop
  vertex -2.020667240591078e-16 1.100000023841858 4
  vertex 11.004071235656738 0.574999988079071 4
  vertex 11.08764362335205 0.700075626373291 4
 endloop
endfacet
facet normal 0 0 0
 outer loop
  vertex 12 -1.149999976158142 4
  vertex 0.7778174877166748 -0.7778174877166748 4
  vertex 0.6696375608444214 -0.8726886510848999 4
 endloop
endfacet
facet normal 0 0 0
 outer loop
  vertex 6.735557689218423e-17 -1.100000023841858 4
  vertex -11.257537841796875 -0.7424620985984802 4
  vertex -11.360800743103027 -0.8330209851264954 4
 endloop
endfacet
facet normal 0 0 0
 outer loop
  vertex -11.360800743103027 -0.8330209851264954 4
  vertex -21 -9 4
  vertex 21 -9 4
 endloop
endfacet
facet normal 0 0 0
 outer loop
  vertex -11.862947463989258 1.0410170555114746 4
  vertex -0.8726886510848999 0.6696375608444214 4
  vertex -0.7778174877166748 0.7778174877166748 4
 endloop
endfacet
facet normal 0 0 0
 outer loop
  vertex -2.020667240591078e-16 1.100000023841858 4
  vertex 11.08764362335205 0.700075626373291 4
  vertex 11.186827659606934 0.8131728172302246 4
 endloop
endfacet
facet normal 0 0 0
 outer loop
  vertex 12 -1.149999976158142 4
  vertex 0.6696375608444214 -0.8726886510848999 4
  vertex 0.550000011920929 -0.952627956867218 4
 endloop
endfacet
facet normal 0 0 0
 outer loop
  vertex 6.735557689218423e-17 -1.100000023841858 4
  vertex -11.360800743103027 -0.8330209851264954 4
  vertex 21 -9 4
 endloop
endfacet
facet normal 0 0 0
 outer loop
  vertex -11.862947463989258 1.0410170555114746 4
  vertex -0.7778174877166748 0.7778174877166748 4
  vertex -0.6696375608444214 0.8726886510848999 4
 endloop
endfacet
facet normal 0 0 0
 outer loop
  vertex -2.020667240591078e-16 1.100000023841858 4
  vertex 11.186827659606934 0.8131728172302246 4
  vertex 11.29992389678955 0.9123563170433044 4
 endloop
endfacet
facet normal 0 0 0
 outer loop
  vertex 12 -1.149999976158142 4
  vertex 0.550000011920929 -0.952627956867218 4
  vertex 0.420951783657074 -1.0162675380706787 4
 endloop
endfacet
facet normal 0 0 0
 outer loop
  vertex 0.14357881247997284 -1.0905894041061401 4
  vertex 6.735557689218423e-17 -1.100000023841858 4
  vertex 21 -9 4
 endloop
endfacet
facet normal 0 0 0
 outer loop
  vertex -11.862947463989258 1.0410170555114746 4
  vertex -0.6696375608444214 0.8726886510848999 4
  vertex -0.550000011920929 0.952627956867218 4
 endloop
endfacet
facet normal 0 0 0
 outer loop
  vertex -2.020667240591078e-16 1.100000023841858 4
  vertex 11.29992389678955 0.9123563170433044 4
  vertex 11.425000190734863 0.9959292411804199 4
 endloop
endfacet
facet normal 0 0 0
 outer loop
  vertex 12 -1.149999976158142 4
  vertex 0.420951783657074 -1.0162675380706787 4
  vertex 0.2847009599208832 -1.0625183582305908 4
 endloop
endfacet
facet normal 0 0 0
 outer loop
  vertex 0.2847009599208832 -1.0625183582305908 4
  vertex 0.14357881247997284 -1.0905894041061401 4
  vertex 21 -9 4
 endloop
endfacet
facet normal 0 0 0
 outer loop
  vertex -11.862947463989258 1.0410170555114746 4
  vertex -0.550000011920929 0.952627956867218 4
  vertex -0.420951783657074 1.0162675380706787 4
 endloop
endfacet
facet normal 0 0 0
 outer loop
  vertex -2.020667240591078e-16 1.100000023841858 4
  vertex 11.425000190734863 0.9959292411804199 4
  vertex 11.559913635253906 1.062461495399475 4
 endloop
endfacet
facet normal 0 0 0
 outer loop
  vertex 12 -1.149999976158142 4
  vertex 0.2847009599208832 -1.0625183582305908 4
  vertex 21 -9 4
 endloop
endfacet
facet normal 0 0 0
 outer loop
  vertex 21 9 4
  vertex -11.862947463989258 1.0410170555114746 4
  vertex -0.420951783657074 1.0162675380706787 4
 endloop
endfacet
facet normal 0 0 0
 outer loop
  vertex -2.020667240591078e-16 1.100000023841858 4
  vertex 11.559913635253906 1.062461495399475 4
  vertex 11.70235824584961 1.1108146905899048 4
 endloop
endfacet
facet normal 0 0 0
 outer loop
  vertex 12.150105476379395 -1.1401616334915161 4
  vertex 12 -1.149999976158142 4
  vertex 21 -9 4
 endloop
endfacet
facet normal 0 0 0
 outer loop
  vertex 21 9 4
  vertex -0.420951783657074 1.0162675380706787 4
  vertex -0.2847009599208832 1.0625183582305908 4
 endloop
endfacet
facet normal 0 0 0
 outer loop
  vertex -2.020667240591078e-16 1.100000023841858 4
  vertex 11.70235824584961 1.1108146905899048 4
  vertex 11.849894523620605 1.1401616334915161 4
 endloop
endfacet
facet normal 0 0 0
 outer loop
  vertex 12.29764175415039 -1.1108146905899048 4
  vertex 12.150105476379395 -1.1401616334915161 4
  vertex 21 -9 4
 endloop
endfacet
facet normal 0 0 0
 outer loop
  vertex 21 9 4
  vertex -0.2847009599208832 1.0625183582305908 4
  vertex -0.14357881247997284 1.0905894041061401 4
 endloop
endfacet
facet normal 0 0 0
 outer loop
  vertex -2.020667240591078e-16 1.100000023841858 4
  vertex 11.849894523620605 1.1401616334915161 4
  vertex 12 1.149999976158142 4
 endloop
endfacet
facet normal 0 0 0
 outer loop
  vertex 12.440086364746094 -1.062461495399475 4
  vertex 12.29764175415039 -1.1108146905899048 4
  vertex 21 -9 4
 endloop
endfacet
facet normal 0 0 0
 outer loop
  vertex 21 9 4
  vertex -0.14357881247997284 1.0905894041061401 4
  vertex -2.020667240591078e-16 1.100000023841858 4
 endloop
endfacet
facet normal 0 0 0
 outer loop
  vertex 12.574999809265137 -0.9959292411804199 4
  vertex 12.440086364746094 -1.062461495399475 4
  vertex 21 -9 4
 endloop
endfacet
facet normal 0 0 0
 outer loop
  vertex 21 9 4
  vertex -2.020667240591078e-16 1.100000023841858 4
  vertex 12 1.149999976158142 4
 endloop
endfacet
facet normal 0 0 0
 outer loop
  vertex 12.70007610321045 -0.9123563170433044 4
  vertex 12.574999809265137 -0.9959292411804199 4
  vertex 21 -9 4
 endloop
endfacet
facet normal 0 0 0
 outer loop
  vertex 21 9 4
  vertex 12 1.149999976158142 4
  vertex 12.150105476379395 1.1401616334915161 4
 endloop
endfacet
facet normal 0 0 0
 outer loop
  vertex 12.813172340393066 -0.8131728172302246 4
  vertex 12.70007610321045 -0.9123563170433044 4
  vertex 21 -9 4
 endloop
endfacet
facet normal 0 0 0
 outer loop
  vertex 21 9 4
  vertex 12.150105476379395 1.1401616334915161 4
  vertex 12.29764175415039 1.1108146905899048 4
 endloop
endfacet
facet normal 0 0 0
 outer loop
  vertex 12.91235637664795 -0.700075626373291 4
  vertex 12.813172340393066 -0.8131728172302246 4
  vertex 21 -9 4
 endloop
endfacet
facet normal 0 0 0
 outer loop
  vertex 21 9 4
  vertex 12.29764175415039 1.1108146905899048 4
  vertex 12.440086364746094 1.062461495399475 4
 endloop
endfacet
facet normal 0 0 0
 outer loop
  vertex 12.995928764343262 -0.574999988079071 4
  vertex 12.91235637664795 -0.700075626373291 4
  vertex 21 -9 4
 endloop
endfacet
facet normal 0 0 0
 outer loop
  vertex 21 9 4
  vertex 12.440086364746094 1.062461495399475 4
  vertex 12.574999809265137 0.9959292411804199 4
 endloop
endfacet
facet normal 0 0 0
 outer loop
  vertex 13.062461853027344 -0.4400859475135803 4
  vertex 12.995928764343262 -0.574999988079071 4
  vertex 21 -9 4
 endloop
endfacet
facet normal 0 0 0
 outer loop
  vertex 21 9 4
  vertex 12.574999809265137 0.9959292411804199 4
  vertex 12.70007610321045 0.9123563170433044 4
 endloop
endfacet
facet normal 0 0 0
 outer loop
  vertex 13.110815048217773 -0.29764190316200256 4
  vertex 13.062461853027344 -0.4400859475135803 4
  vertex 21 -9 4
 endloop
endfacet
facet normal 0 0 0
 outer loop
  vertex 21 9 4
  vertex 12.70007610321045 0.9123563170433044 4
  vertex 12.813172340393066 0.8131728172302246 4
 endloop
endfacet
facet normal 0 0 0
 outer loop
  vertex 13.140161514282227 -0.15010511875152588 4
  vertex 13.110815048217773 -0.29764190316200256 4
  vertex 21 -9 4
 endloop
endfacet
facet normal 0 0 0
 outer loop
  vertex 21 9 4
  vertex 12.813172340393066 0.8131728172302246 4
  vertex 12.91235637664795 0.700075626373291 4
 endloop
endfacet
facet normal 0 0 0
 outer loop
  vertex 13.149999618530273 0 4
  vertex 13.140161514282227 -0.15010511875152588 4
  vertex 21 -9 4
 endloop
endfacet
facet normal 0 0 0
 outer loop
  vertex 21 -9 4
  vertex 21 9 4
  vertex 12.91235637664795 0.700075626373291 4
 endloop
endfacet
facet normal 0 0 0
 outer loop
  vertex 13.140161514282227 0.15010511875152588 4
  vertex 13.149999618530273 0 4
  vertex 21 -9 4
 endloop
endfacet
facet normal 0 0 0
 outer loop
  vertex 21 -9 4
  vertex 12.91235637664795 0.700075626373291 4
  vertex 12.995928764343262 0.574999988079071 4
 endloop
endfacet
facet normal 0 0 0
 outer loop
  vertex 13.110815048217773 0.29764190316200256 4
  vertex 13.140161514282227 0.15010511875152588 4
  vertex 21 -9 4
 endloop
endfacet
facet normal 0 0 0
 outer loop
  vertex 21 -9 4
  vertex 12.995928764343262 0.574999988079071 4
  vertex 13.062461853027344 0.4400859475135803 4
 endloop
endfacet
facet normal 0 0 0
 outer loop
  vertex 13.062461853027344 0.4400859475135803 4
  vertex 13.110815048217773 0.29764190316200256 4
  vertex 21 -9 4
 endloop
endfacet
facet normal 0 0 0
 outer loop
  vertex -21 -9 0
  vertex 21 -9 0
  vertex -21 -9 4
 endloop
endfacet
facet normal 0 0 0
 outer loop
  vertex 21 -9 0
  vertex 21 -9 4
  vertex -21 -9 4
 endloop
endfacet
facet normal 0 0 0
 outer loop
  vertex 21 -9 0
  vertex 21 9 0
  vertex 21 -9 4
 endloop
endfacet
facet normal 0 0 0
 outer loop
  vertex 21 9 0
  vertex 21 9 4
  vertex 21 -9 4
 endloop
endfacet
facet normal 0 0 0
 outer loop
  vertex 21 9 0
  vertex -21 9 0
  vertex 21 9 4
 endloop
endfacet
facet normal 0 0 0
 outer loop
  vertex -21 9 0
  vertex -21 9 4
  vertex 21 9 4
 endloop
endfacet
facet normal 0 0 0
 outer loop
  vertex -21 9 0
  vertex -21 -9 0
  vertex -21 9 4
 endloop
endfacet
facet normal 0 0 0
 outer loop
  vertex -21 -9 0
  vertex -21 -9 4
  vertex -21 9 4
 endloop
endfacet
facet normal 0 0 0
 outer loop
  vertex -10.949999809265137 0 0
  vertex -10.958982467651367 -0.1370525062084198 0
  vertex -10.949999809265137 0 4
 endloop
endfacet
facet normal 0 0 0
 outer loop
  vertex -10.958982467651367 -0.1370525062084198 0
  vertex -10.958982467651367 -0.1370525062084198 4
  vertex -10.949999809265137 0 4
 endloop
endfacet
facet normal 0 0 0
 outer loop
  vertex -10.958982467651367 -0.1370525062084198 0
  vertex -10.985777854919434 -0.2717599868774414 0
  vertex -10.958982467651367 -0.1370525062084198 4
 endloop
endfacet
facet normal 0 0 0
 outer loop
  vertex -10.985777854919434 -0.2717599868774414 0
  vertex -10.985777854919434 -0.2717599868774414 4
  vertex -10.958982467651367 -0.1370525062084198 4
 endloop
endfacet
facet normal 0 0 0
 outer loop
  vertex -10.985777854919434 -0.2717599868774414 0
  vertex -11.029926300048828 -0.40181758999824524 0
  vertex -10.985777854919434 -0.2717599868774414 4
 endloop
endfacet
facet normal 0 0 0
 outer loop
  vertex -11.029926300048828 -0.40181758999824524 0
  vertex -11.029926300048828 -0.40181758999824524 4
  vertex -10.985777854919434 -0.2717599868774414 4
 endloop
endfacet
facet normal 0 0 0
 outer loop
  vertex -11.029926300048828 -0.40181758999824524 0
  vertex -11.090673446655273 -0.5249999761581421 0
  vertex -11.029926300048828 -0.40181758999824524 4
 endloop
endfacet
facet normal 0 0 0
 outer loop
  vertex -11.090673446655273 -0.5249999761581421 0
  vertex -11.090673446655273 -0.5249999761581421 4
  vertex -11.029926300048828 -0.40181758999824524 4
 endloop
endfacet
facet normal 0 0 0
 outer loop
  vertex -11.090673446655273 -0.5249999761581421 0
  vertex -11.16697883605957 -0.6391994953155518 0
  vertex -11.090673446655273 -0.5249999761581421 4
 endloop
endfacet
facet normal 0 0 0
 outer loop
  vertex -11.16697883605957 -0.6391994953155518 0
  vertex -11.16697883605957 -0.6391994953155518 4
  vertex -11.090673446655273 -0.5249999761581421 4
 endloop
endfacet
facet normal 0 0 0
 outer loop
  vertex -11.16697883605957 -0.6391994953155518 0
  vertex -11.257537841796875 -0.7424620985984802 0
  vertex -11.16697883605957 -0.6391994953155518 4
 endloop
endfacet
facet normal 0 0 0
 outer loop
  vertex -11.257537841796875 -0.7424620985984802 0
  vertex -11.257537841796875 -0.7424620985984802 4
  vertex -11.16697883605957 -0.6391994953155518 4
 endloop
endfacet
facet normal 0 0 0
 outer loop
  vertex -11.257537841796875 -0.7424620985984802 0
  vertex -11.360800743103027 -0.8330209851264954 0
  vertex -11.257537841796875 -0.7424620985984802 4
 endloop
endfacet
facet normal 0 0 0
 outer loop
  vertex -11.360800743103027 -0.8330209851264954 0
  vertex -11.360800743103027 -0.8330209851264954 4
  vertex -11.257537841796875 -0.7424620985984802 4
 endloop
endfacet
facet normal 0 0 0
 outer loop
  vertex -11.360800743103027 -0.8330209851264954 0
  vertex -11.475000381469727 -0.9093266725540161 0
  vertex -11.360800743103027 -0.8330209851264954 4
 endloop
endfacet
facet normal 0 0 0
 outer loop
  vertex -11.475000381469727 -0.9093266725540161 0
  vertex -11.475000381469727 -0.9093266725540161 4
  vertex -11.360800743103027 -0.8330209851264954 4
 endloop
endfacet
facet normal 0 0 0
 outer loop
  vertex -11.475000381469727 -0.9093266725540161 0
  vertex -11.598182678222656 -0.9700735211372375 0
  vertex -11.475000381469727 -0.9093266725540161 4
 endloop
endfacet
facet normal 0 0 0
 outer loop
  vertex -11.598182678222656 -0.9700735211372375 0
  vertex -11.598182678222656 -0.9700735211372375 4
  vertex -11.475000381469727 -0.9093266725540161 4
 endloop
endfacet
facet normal 0 0 0
 outer loop
  vertex -11.598182678222656 -0.9700735211372375 0
  vertex -11.728240013122559 -1.0142221450805664 0
  vertex -11.598182678222656 -0.9700735211372375 4
 endloop
endfacet
facet normal 0 0 0
 outer loop
  vertex -11.728240013122559 -1.0142221450805664 0
  vertex -11.728240013122559 -1.0142221450805664 4
  vertex -11.598182678222656 -0.9700735211372375 4
 endloop
endfacet
facet normal 0 0 0
 outer loop
  vertex -11.728240013122559 -1.0142221450805664 0
  vertex -11.862947463989258 -1.0410170555114746 0
  vertex -11.728240013122559 -1.0142221450805664 4
 endloop
endfacet
facet normal 0 0 0
 outer loop
  vertex -11.862947463989258 -1.0410170555114746 0
  vertex -11.862947463989258 -1.0410170555114746 4
  vertex -11.728240013122559 -1.0142221450805664 4
 endloop
endfacet
facet normal 0 0 0
 outer loop
  vertex -11.862947463989258 -1.0410170555114746 0
  vertex -12 -1.0499999523162842 0
  vertex -11.862947463989258 -1.0410170555114746 4
 endloop
endfacet
facet normal 0 0 0
 outer loop
  vertex -12 -1.0499999523162842 0
  vertex -12 -1.0499999523162842 4
  vertex -11.862947463989258 -1.0410170555114746 4
 endloop
endfacet
facet normal 0 0 0
 outer loop
  vertex -12 -1.0499999523162842 0
  vertex -12.137052536010742 -1.0410170555114746 0
  vertex -12 -1.0499999523162842 4
 endloop
endfacet
facet normal 0 0 0
 outer loop
  vertex -12.137052536010742 -1.0410170555114746 0
  vertex -12.137052536010742 -1.0410170555114746 4
  vertex -12 -1.0499999523162842 4
 endloop
endfacet
facet normal 0 0 0
 outer loop
  vertex -12.137052536010742 -1.0410170555114746 0
  vertex -12.271759986877441 -1.0142221450805664 0
  vertex -12.137052536010742 -1.0410170555114746 4
 endloop
endfacet
facet normal 0 0 0
 outer loop
  vertex -12.271759986877441 -1.0142221450805664 0
  vertex -12.271759986877441 -1.0142221450805664 4
  vertex -12.137052536010742 -1.0410170555114746 4
 endloop
endfacet
facet normal 0 0 0
 outer loop
  vertex -12.271759986877441 -1.0142221450805664 0
  vertex -12.401817321777344 -0.9700735211372375 0
  vertex -12.271759986877441 -1.0142221450805664 4
 endloop
endfacet
facet normal 0 0 0
 outer loop
  vertex -12.401817321777344 -0.9700735211372375 0
  vertex -12.401817321777344 -0.9700735211372375 4
  vertex -12.271759986877441 -1.0142221450805664 4
 endloop
endfacet
facet normal 0 0 0
 outer loop
  vertex -12.401817321777344 -0.9700735211372375 0
  vertex -12.524999618530273 -0.9093266725540161 0
  vertex -12.401817321777344 -0.9700735211372375 4
 endloop
endfacet
facet normal 0 0 0
 outer loop
  vertex -12.524999618530273 -0.9093266725540161 0
  vertex -12.524999618530273 -0.9093266725540161 4
  vertex -12.401817321777344 -0.9700735211372375 4
 endloop
endfacet
facet normal 0 0 0
 outer loop
  vertex -12.524999618530273 -0.9093266725540161 0
  vertex -12.639199256896973 -0.8330209851264954 0
  vertex -12.524999618530273 -0.9093266725540161 4
 endloop
endfacet
facet normal 0 0 0
 outer loop
  vertex -12.639199256896973 -0.8330209851264954 0
  vertex -12.639199256896973 -0.8330209851264954 4
  vertex -12.524999618530273 -0.9093266725540161 4
 endloop
endfacet
facet normal 0 0 0
 outer loop
  vertex -12.639199256896973 -0.8330209851264954 0
  vertex -12.742462158203125 -0.7424620985984802 0
  vertex -12.639199256896973 -0.8330209851264954 4
 endloop
endfacet
facet normal 0 0 0
 outer loop
  vertex -12.742462158203125 -0.7424620985984802 0
  vertex -12.742462158203125 -0.7424620985984802 4
  vertex -12.639199256896973 -0.8330209851264954 4
 endloop
endfacet
facet normal 0 0 0
 outer loop
  vertex -12.742462158203125 -0.7424620985984802 0
  vertex -12.83302116394043 -0.6391994953155518 0
  vertex -12.742462158203125 -0.7424620985984802 4
 endloop
endfacet
facet normal 0 0 0
 outer loop
  vertex -12.83302116394043 -0.6391994953155518 0
  vertex -12.83302116394043 -0.6391994953155518 4
  vertex -12.742462158203125 -0.7424620985984802 4
 endloop
endfacet
facet normal 0 0 0
 outer loop
  vertex -12.83302116394043 -0.6391994953155518 0
  vertex -12.909326553344727 -0.5249999761581421 0
  vertex -12.83302116394043 -0.6391994953155518 4
 endloop
endfacet
facet normal 0 0 0
 outer loop
  vertex -12.909326553344727 -0.5249999761581421 0
  vertex -12.909326553344727 -0.5249999761581421 4
  vertex -12.83302116394043 -0.6391994953155518 4
 endloop
endfacet
facet normal 0 0 0
 outer loop
  vertex -12.909326553344727 -0.5249999761581421 0
  vertex -12.970073699951172 -0.40181758999824524 0
  vertex -12.909326553344727 -0.5249999761581421 4
 endloop
endfacet
facet normal 0 0 0
 outer loop
  vertex -12.970073699951172 -0.40181758999824524 0
  vertex -12.970073699951172 -0.40181758999824524 4
  vertex -12.909326553344727 -0.5249999761581421 4
 endloop
endfacet
facet normal 0 0 0
 outer loop
  vertex -12.970073699951172 -0.40181758999824524 0
  vertex -13.014222145080566 -0.2717599868774414 0
  vertex -12.970073699951172 -0.40181758999824524 4
 endloop
endfacet
facet normal 0 0 0
 outer loop
  vertex -13.014222145080566 -0.2717599868774414 0
  vertex -13.014222145080566 -0.2717599868774414 4
  vertex -12.970073699951172 -0.40181758999824524 4
 endloop
endfacet
facet normal 0 0 0
 outer loop
  vertex -13.014222145080566 -0.2717599868774414 0
  vertex -13.041017532348633 -0.1370525062084198 0
  vertex -13.014222145080566 -0.2717599868774414 4
 endloop
endfacet
facet normal 0 0 0
 outer loop
  vertex -13.041017532348633 -0.1370525062084198 0
  vertex -13.041017532348633 -0.1370525062084198 4
  vertex -13.014222145080566 -0.2717599868774414 4
 endloop
endfacet
facet normal 0 0 0
 outer loop
  vertex -13.041017532348633 -0.1370525062084198 0
  vertex -13.050000190734863 -1.2858791290399772e-16 0
  vertex -13.041017532348633 -0.1370525062084198 4
 endloop
endfacet
facet normal 0 0 0
 outer loop
  vertex -13.050000190734863 -1.2858791290399772e-16 0
  vertex -13.050000190734863 -1.2858791290399772e-16 4
  vertex -13.041017532348633 -0.1370525062084198 4
 endloop
endfacet
facet normal 0 0 0
 outer loop
  vertex -13.050000190734863 -1.2858791290399772e-16 0
  vertex -13.041017532348633 0.1370525062084198 0
  vertex -13.050000190734863 -1.2858791290399772e-16 4
 endloop
endfacet
facet normal 0 0 0
 outer loop
  vertex -13.041017532348633 0.1370525062084198 0
  vertex -13.041017532348633 0.1370525062084198 4
  vertex -13.050000190734863 -1.2858791290399772e-16 4
 endloop
endfacet
facet normal 0 0 0
 outer loop
  vertex -13.041017532348633 0.1370525062084198 0
  vertex -13.014222145080566 0.2717599868774414 0
  vertex -13.041017532348633 0.1370525062084198 4
 endloop
endfacet
facet normal 0 0 0
 outer loop
  vertex -13.014222145080566 0.2717599868774414 0
  vertex -13.014222145080566 0.2717599868774414 4
  vertex -13.041017532348633 0.1370525062084198 4
 endloop
endfacet
facet normal 0 0 0
 outer loop
  vertex -13.014222145080566 0.2717599868774414 0
  vertex -12.970073699951172 0.40181758999824524 0
  vertex -13.014222145080566 0.2717599868774414 4
 endloop
endfacet
facet normal 0 0 0
 outer loop
  vertex -12.970073699951172 0.40181758999824524 0
  vertex -12.970073699951172 0.40181758999824524 4
  vertex -13.014222145080566 0.2717599868774414 4
 endloop
endfacet
facet normal 0 0 0
 outer loop
  vertex -12.970073699951172 0.40181758999824524 0
  vertex -12.909326553344727 0.5249999761581421 0
  vertex -12.970073699951172 0.40181758999824524 4
 endloop
endfacet
facet normal 0 0 0
 outer loop
  vertex -12.909326553344727 0.5249999761581421 0
  vertex -12.909326553344727 0.5249999761581421 4
  vertex -12.970073699951172 0.40181758999824524 4
 endloop
endfacet
facet normal 0 0 0
 outer loop
  vertex -12.909326553344727 0.5249999761581421 0
  vertex -12.83302116394043 0.6391994953155518 0
  vertex -12.909326553344727 0.5249999761581421 4
 endloop
endfacet
facet normal 0 0 0
 outer loop
  vertex -12.83302116394043 0.6391994953155518 0
  vertex -12.83302116394043 0.6391994953155518 4
  vertex -12.909326553344727 0.5249999761581421 4
 endloop
endfacet
facet normal 0 0 0
 outer loop
  vertex -12.83302116394043 0.6391994953155518 0
  vertex -12.742462158203125 0.7424620985984802 0
  vertex -12.83302116394043 0.6391994953155518 4
 endloop
endfacet
facet normal 0 0 0
 outer loop
  vertex -12.742462158203125 0.7424620985984802 0
  vertex -12.742462158203125 0.7424620985984802 4
  vertex -12.83302116394043 0.6391994953155518 4
 endloop
endfacet
facet normal 0 0 0
 outer loop
  vertex -12.742462158203125 0.7424620985984802 0
  vertex -12.639199256896973 0.8330209851264954 0
  vertex -12.742462158203125 0.7424620985984802 4
 endloop
endfacet
facet normal 0 0 0
 outer loop
  vertex -12.639199256896973 0.8330209851264954 0
  vertex -12.639199256896973 0.8330209851264954 4
  vertex -12.742462158203125 0.7424620985984802 4
 endloop
endfacet
facet normal 0 0 0
 outer loop
  vertex -12.639199256896973 0.8330209851264954 0
  vertex -12.524999618530273 0.9093266725540161 0
  vertex -12.639199256896973 0.8330209851264954 4
 endloop
endfacet
facet normal 0 0 0
 outer loop
  vertex -12.524999618530273 0.9093266725540161 0
  vertex -12.524999618530273 0.9093266725540161 4
  vertex -12.639199256896973 0.8330209851264954 4
 endloop
endfacet
facet normal 0 0 0
 outer loop
  vertex -12.524999618530273 0.9093266725540161 0
  vertex -12.401817321777344 0.9700735211372375 0
  vertex -12.524999618530273 0.9093266725540161 4
 endloop
endfacet
facet normal 0 0 0
 outer loop
  vertex -12.401817321777344 0.9700735211372375 0
  vertex -12.401817321777344 0.9700735211372375 4
  vertex -12.524999618530273 0.9093266725540161 4
 endloop
endfacet
facet normal 0 0 0
 outer loop
  vertex -12.401817321777344 0.9700735211372375 0
  vertex -12.271759986877441 1.0142221450805664 0
  vertex -12.401817321777344 0.9700735211372375 4
 endloop
endfacet
facet normal 0 0 0
 outer loop
  vertex -12.271759986877441 1.0142221450805664 0
  vertex -12.271759986877441 1.0142221450805664 4
  vertex -12.401817321777344 0.9700735211372375 4
 endloop
endfacet
facet normal 0 0 0
 outer loop
  vertex -12.271759986877441 1.0142221450805664 0
  vertex -12.137052536010742 1.0410170555114746 0
  vertex -12.271759986877441 1.0142221450805664 4
 endloop
endfacet
facet normal 0 0 0
 outer loop
  vertex -12.137052536010742 1.0410170555114746 0
  vertex -12.137052536010742 1.0410170555114746 4
  vertex -12.271759986877441 1.0142221450805664 4
 endloop
endfacet
facet normal 0 0 0
 outer loop
  vertex -12.137052536010742 1.0410170555114746 0
  vertex -12 1.0499999523162842 0
  vertex -12.137052536010742 1.0410170555114746 4
 endloop
endfacet
facet normal 0 0 0
 outer loop
  vertex -12 1.0499999523162842 0
  vertex -12 1.0499999523162842 4
  vertex -12.137052536010742 1.0410170555114746 4
 endloop
endfacet
facet normal 0 0 0
 outer loop
  vertex -12 1.0499999523162842 0
  vertex -11.862947463989258 1.0410170555114746 0
  vertex -12 1.0499999523162842 4
 endloop
endfacet
facet normal 0 0 0
 outer loop
  vertex -11.862947463989258 1.0410170555114746 0
  vertex -11.862947463989258 1.0410170555114746 4
  vertex -12 1.0499999523162842 4
 endloop
endfacet
facet normal 0 0 0
 outer loop
  vertex -11.862947463989258 1.0410170555114746 0
  vertex -11.728240013122559 1.0142221450805664 0
  vertex -11.862947463989258 1.0410170555114746 4
 endloop
endfacet
facet normal 0 0 0
 outer loop
  vertex -11.728240013122559 1.0142221450805664 0
  vertex -11.728240013122559 1.0142221450805664 4
  vertex -11.862947463989258 1.0410170555114746 4
 endloop
endfacet
facet normal 0 0 0
 outer loop
  vertex -11.728240013122559 1.0142221450805664 0
  vertex -11.598182678222656 0.9700735211372375 0
  vertex -11.728240013122559 1.0142221450805664 4
 endloop
endfacet
facet normal 0 0 0
 outer loop
  vertex -11.598182678222656 0.9700735211372375 0
  vertex -11.598182678222656 0.9700735211372375 4
  vertex -11.728240013122559 1.0142221450805664 4
 endloop
endfacet
facet normal 0 0 0
 outer loop
  vertex -11.598182678222656 0.9700735211372375 0
  vertex -11.475000381469727 0.9093266725540161 0
  vertex -11.598182678222656 0.9700735211372375 4
 endloop
endfacet
facet normal 0 0 0
 outer loop
  vertex -11.475000381469727 0.9093266725540161 0
  vertex -11.475000381469727 0.9093266725540161 4
  vertex -11.598182678222656 0.9700735211372375 4
 endloop
endfacet
facet normal 0 0 0
 outer loop
  vertex -11.475000381469727 0.9093266725540161 0
  vertex -11.360800743103027 0.8330209851264954 0
  vertex -11.475000381469727 0.9093266725540161 4
 endloop
endfacet
facet normal 0 0 0
 outer loop
  vertex -11.360800743103027 0.8330209851264954 0
  vertex -11.360800743103027 0.8330209851264954 4
  vertex -11.475000381469727 0.9093266725540161 4
 endloop
endfacet
facet normal 0 0 0
 outer loop
  vertex -11.360800743103027 0.8330209851264954 0
  vertex -11.257537841796875 0.7424620985984802 0
  vertex -11.360800743103027 0.8330209851264954 4
 endloop
endfacet
facet normal 0 0 0
 outer loop
  vertex -11.257537841796875 0.7424620985984802 0
  vertex -11.257537841796875 0.7424620985984802 4
  vertex -11.360800743103027 0.8330209851264954 4
 endloop
endfacet
facet normal 0 0 0
 outer loop
  vertex -11.257537841796875 0.7424620985984802 0
  vertex -11.16697883605957 0.6391994953155518 0
  vertex -11.257537841796875 0.7424620985984802 4
 endloop
endfacet
facet normal 0 0 0
 outer loop
  vertex -11.16697883605957 0.6391994953155518 0
  vertex -11.16697883605957 0.6391994953155518 4
  vertex -11.257537841796875 0.7424620985984802 4
 endloop
endfacet
facet normal 0 0 0
 outer loop
  vertex -11.16697883605957 0.6391994953155518 0
  vertex -11.090673446655273 0.5249999761581421 0
  vertex -11.16697883605957 0.6391994953155518 4
 endloop
endfacet
facet normal 0 0 0
 outer loop
  vertex -11.090673446655273 0.5249999761581421 0
  vertex -11.090673446655273 0.5249999761581421 4
  vertex -11.16697883605957 0.6391994953155518 4
 endloop
endfacet
facet normal 0 0 0
 outer loop
  vertex -11.090673446655273 0.5249999761581421 0
  vertex -11.029926300048828 0.40181758999824524 0
  vertex -11.090673446655273 0.5249999761581421 4
 endloop
endfacet
facet normal 0 0 0
 outer loop
  vertex -11.029926300048828 0.40181758999824524 0
  vertex -11.029926300048828 0.40181758999824524 4
  vertex -11.090673446655273 0.5249999761581421 4
 endloop
endfacet
facet normal 0 0 0
 outer loop
  vertex -11.029926300048828 0.40181758999824524 0
  vertex -10.985777854919434 0.2717599868774414 0
  vertex -11.029926300048828 0.40181758999824524 4
 endloop
endfacet
facet normal 0 0 0
 outer loop
  vertex -10.985777854919434 0.2717599868774414 0
  vertex -10.985777854919434 0.2717599868774414 4
  vertex -11.029926300048828 0.40181758999824524 4
 endloop
endfacet
facet normal 0 0 0
 outer loop
  vertex -10.985777854919434 0.2717599868774414 0
  vertex -10.958982467651367 0.1370525062084198 0
  vertex -10.985777854919434 0.2717599868774414 4
 endloop
endfacet
facet normal 0 0 0
 outer loop
  vertex -10.958982467651367 0.1370525062084198 0
  vertex -10.958982467651367 0.1370525062084198 4
  vertex -10.985777854919434 0.2717599868774414 4
 endloop
endfacet
facet normal 0 0 0
 outer loop
  vertex -10.958982467651367 0.1370525062084198 0
  vertex -10.949999809265137 0 0
  vertex -10.958982467651367 0.1370525062084198 4
 endloop
endfacet
facet normal 0 0 0
 outer loop
  vertex -10.949999809265137 0 0
  vertex -10.949999809265137 0 4
  vertex -10.958982467651367 0.1370525062084198 4
 endloop
endfacet
facet normal 0 0 0
 outer loop
  vertex 1.100000023841858 0 0
  vertex 1.0905894041061401 -0.14357881247997284 0
  vertex 1.100000023841858 0 4
 endloop
endfacet
facet normal 0 0 0
 outer loop
  vertex 1.0905894041061401 -0.14357881247997284 0
  vertex 1.0905894041061401 -0.14357881247997284 4
  vertex 1.100000023841858 0 4
 endloop
endfacet
facet normal 0 0 0
 outer loop
  vertex 1.0905894041061401 -0.14357881247997284 0
  vertex 1.0625183582305908 -0.2847009599208832 0
  vertex 1.0905894041061401 -0.14357881247997284 4
 endloop
endfacet
facet normal 0 0 0
 outer loop
  vertex 1.0625183582305908 -0.2847009599208832 0
  vertex 1.0625183582305908 -0.2847009599208832 4
  vertex 1.0905894041061401 -0.14357881247997284 4
 endloop
endfacet
facet normal 0 0 0
 outer loop
  vertex 1.0625183582305908 -0.2847009599208832 0
  vertex 1.0162675380706787 -0.420951783657074 0
  vertex 1.0625183582305908 -0.2847009599208832 4
 endloop
endfacet
facet normal 0 0 0
 outer loop
  vertex 1.0162675380706787 -0.420951783657074 0
  vertex 1.0162675380706787 -0.420951783657074 4
  vertex 1.0625183582305908 -0.2847009599208832 4
 endloop
endfacet
facet normal 0 0 0
 outer loop
  vertex 1.0162675380706787 -0.420951783657074 0
  vertex 0.952627956867218 -0.550000011920929 0
  vertex 1.0162675380706787 -0.420951783657074 4
 endloop
endfacet
facet normal 0 0 0
 outer loop
  vertex 0.952627956867218 -0.550000011920929 0
  vertex 0.952627956867218 -0.550000011920929 4
  vertex 1.0162675380706787 -0.420951783657074 4
 endloop
endfacet
facet normal 0 0 0
 outer loop
  vertex 0.952627956867218 -0.550000011920929 0
  vertex 0.8726886510848999 -0.6696375608444214 0
  vertex 0.952627956867218 -0.550000011920929 4
 endloop
endfacet
facet normal 0 0 0
 outer loop
  vertex 0.8726886510848999 -0.6696375608444214 0
  vertex 0.8726886510848999 -0.6696375608444214 4
  vertex 0.952627956867218 -0.550000011920929 4
 endloop
endfacet
facet normal 0 0 0
 outer loop
  vertex 0.8726886510848999 -0.6696375608444214 0
  vertex 0.7778174877166748 -0.7778174877166748 0
  vertex 0.8726886510848999 -0.6696375608444214 4
 endloop
endfacet
facet normal 0 0 0
 outer loop
  vertex 0.7778174877166748 -0.7778174877166748 0
  vertex 0.7778174877166748 -0.7778174877166748 4
  vertex 0.8726886510848999 -0.6696375608444214 4
 endloop
endfacet
facet normal 0 0 0
 outer loop
  vertex 0.7778174877166748 -0.7778174877166748 0
  vertex 0.6696375608444214 -0.8726886510848999 0
  vertex 0.7778174877166748 -0.7778174877166748 4
 endloop
endfacet
facet normal 0 0 0
 outer loop
  vertex 0.6696375608444214 -0.8726886510848999 0
  vertex 0.6696375608444214 -0.8726886510848999 4
  vertex 0.7778174877166748 -0.7778174877166748 4
 endloop
endfacet
facet normal 0 0 0
 outer loop
  vertex 0.6696375608444214 -0.8726886510848999 0
  vertex 0.550000011920929 -0.952627956867218 0
  vertex 0.6696375608444214 -0.8726886510848999 4
 endloop
endfacet
facet normal 0 0 0
 outer loop
  vertex 0.550000011920929 -0.952627956867218 0
  vertex 0.550000011920929 -0.952627956867218 4
  vertex 0.6696375608444214 -0.8726886510848999 4
 endloop
endfacet
facet normal 0 0 0
 outer loop
  vertex 0.550000011920929 -0.952627956867218 0
  vertex 0.420951783657074 -1.0162675380706787 0
  vertex 0.550000011920929 -0.952627956867218 4
 endloop
endfacet
facet normal 0 0 0
 outer loop
  vertex 0.420951783657074 -1.0162675380706787 0
  vertex 0.420951783657074 -1.0162675380706787 4
  vertex 0.550000011920929 -0.952627956867218 4
 endloop
endfacet
facet normal 0 0 0
 outer loop
  vertex 0.420951783657074 -1.0162675380706787 0
  vertex 0.2847009599208832 -1.0625183582305908 0
  vertex 0.420951783657074 -1.0162675380706787 4
 endloop
endfacet
facet normal 0 0 0
 outer loop
  vertex 0.2847009599208832 -1.0625183582305908 0
  vertex 0.2847009599208832 -1.0625183582305908 4
  vertex 0.420951783657074 -1.0162675380706787 4
 endloop
endfacet
facet normal 0 0 0
 outer loop
  vertex 0.2847009599208832 -1.0625183582305908 0
  vertex 0.14357881247997284 -1.0905894041061401 0
  vertex 0.2847009599208832 -1.0625183582305908 4
 endloop
endfacet
facet normal 0 0 0
 outer loop
  vertex 0.14357881247997284 -1.0905894041061401 0
  vertex 0.14357881247997284 -1.0905894041061401 4
  vertex 0.2847009599208832 -1.0625183582305908 4
 endloop
endfacet
facet normal 0 0 0
 outer loop
  vertex 0.14357881247997284 -1.0905894041061401 0
  vertex 6.735557689218423e-17 -1.100000023841858 0
  vertex 0.14357881247997284 -1.0905894041061401 4
 endloop
endfacet
facet normal 0 0 0
 outer loop
  vertex 6.735557689218423e-17 -1.100000023841858 0
  vertex 6.735557689218423e-17 -1.100000023841858 4
  vertex 0.14357881247997284 -1.0905894041061401 4
 endloop
endfacet
facet normal 0 0 0
 outer loop
  vertex 6.735557689218423e-17 -1.100000023841858 0
  vertex -0.14357881247997284 -1.0905894041061401 0
  vertex 6.735557689218423e-17 -1.100000023841858 4
 endloop
endfacet
facet normal 0 0 0
 outer loop
  vertex -0.14357881247997284 -1.0905894041061401 0
  vertex -0.14357881247997284 -1.0905894041061401 4
  vertex 6.735557689218423e-17 -1.100000023841858 4
 endloop
endfacet
facet normal 0 0 0
 outer loop
  vertex -0.14357881247997284 -1.0905894041061401 0
  vertex -0.2847009599208832 -1.0625183582305908 0
  vertex -0.14357881247997284 -1.0905894041061401 4
 endloop
endfacet
facet normal 0 0 0
 outer loop
  vertex -0.2847009599208832 -1.0625183582305908 0
  vertex -0.2847009599208832 -1.0625183582305908 4
  vertex -0.14357881247997284 -1.0905894041061401 4
 endloop
endfacet
facet normal 0 0 0
 outer loop
  vertex -0.2847009599208832 -1.0625183582305908 0
  vertex -0.420951783657074 -1.0162675380706787 0
  vertex -0.2847009599208832 -1.0625183582305908 4
 endloop
endfacet
facet normal 0 0 0
 outer loop
  vertex -0.420951783657074 -1.0162675380706787 0
  vertex -0.420951783657074 -1.0162675380706787 4
  vertex -0.2847009599208832 -1.0625183582305908 4
 endloop
endfacet
facet normal 0 0 0
 outer loop
  vertex -0.420951783657074 -1.0162675380706787 0
  vertex -0.550000011920929 -0.952627956867218 0
  vertex -0.420951783657074 -1.0162675380706787 4
 endloop
endfacet
facet normal 0 0 0
 outer loop
  vertex -0.550000011920929 -0.952627956867218 0
  vertex -0.550000011920929 -0.952627956867218 4
  vertex -0.420951783657074 -1.0162675380706787 4
 endloop
endfacet
facet normal 0 0 0
 outer loop
  vertex -0.550000011920929 -0.952627956867218 0
  vertex -0.6696375608444214 -0.8726886510848999 0
  vertex -0.550000011920929 -0.952627956867218 4
 endloop
endfacet
facet normal 0 0 0
 outer loop
  vertex -0.6696375608444214 -0.8726886510848999 0
  vertex -0.6696375608444214 -0.8726886510848999 4
  vertex -0.550000011920929 -0.952627956867218 4
 endloop
endfacet
facet normal 0 0 0
 outer loop
  vertex -0.6696375608444214 -0.8726886510848999 0
  vertex -0.7778174877166748 -0.7778174877166748 0
  vertex -0.6696375608444214 -0.8726886510848999 4
 endloop
endfacet
facet normal 0 0 0
 outer loop
  vertex -0.7778174877166748 -0.7778174877166748 0
  vertex -0.7778174877166748 -0.7778174877166748 4
  vertex -0.6696375608444214 -0.8726886510848999 4
 endloop
endfacet
facet normal 0 0 0
 outer loop
  vertex -0.7778174877166748 -0.7778174877166748 0
  vertex -0.8726886510848999 -0.6696375608444214 0
  vertex -0.7778174877166748 -0.7778174877166748 4
 endloop
endfacet
facet normal 0 0 0
 outer loop
  vertex -0.8726886510848999 -0.6696375608444214 0
  vertex -0.8726886510848999 -0.6696375608444214 4
  vertex -0.7778174877166748 -0.7778174877166748 4
 endloop
endfacet
facet normal 0 0 0
 outer loop
  vertex -0.8726886510848999 -0.6696375608444214 0
  vertex -0.952627956867218 -0.550000011920929 0
  vertex -0.8726886510848999 -0.6696375608444214 4
 endloop
endfacet
facet normal 0 0 0
 outer loop
  vertex -0.952627956867218 -0.550000011920929 0
  vertex -0.952627956867218 -0.550000011920929 4
  vertex -0.8726886510848999 -0.6696375608444214 4
 endloop
endfacet
facet normal 0 0 0
 outer loop
  vertex -0.952627956867218 -0.550000011920929 0
  vertex -1.0162675380706787 -0.420951783657074 0
  vertex -0.952627956867218 -0.550000011920929 4
 endloop
endfacet
facet normal 0 0 0
 outer loop
  vertex -1.0162675380706787 -0.420951783657074 0
  vertex -1.0162675380706787 -0.420951783657074 4
  vertex -0.952627956867218 -0.550000011920929 4
 endloop
endfacet
facet normal 0 0 0
 outer loop
  vertex -1.0162675380706787 -0.420951783657074 0
  vertex -1.0625183582305908 -0.2847009599208832 0
  vertex -1.0162675380706787 -0.420951783657074 4
 endloop
endfacet
facet normal 0 0 0
 outer loop
  vertex -1.0625183582305908 -0.2847009599208832 0
  vertex -1.0625183582305908 -0.2847009599208832 4
  vertex -1.0162675380706787 -0.420951783657074 4
 endloop
endfacet
facet normal 0 0 0
 outer loop
  vertex -1.0625183582305908 -0.2847009599208832 0
  vertex -1.0905894041061401 -0.14357881247997284 0
  vertex -1.0625183582305908 -0.2847009599208832 4
 endloop
endfacet
facet normal 0 0 0
 outer loop
  vertex -1.0905894041061401 -0.14357881247997284 0
  vertex -1.0905894041061401 -0.14357881247997284 4
  vertex -1.0625183582305908 -0.2847009599208832 4
 endloop
endfacet
facet normal 0 0 0
 outer loop
  vertex -1.0905894041061401 -0.14357881247997284 0
  vertex -1.100000023841858 -1.3471115378436846e-16 0
  vertex -1.0905894041061401 -0.14357881247997284 4
 endloop
endfacet
facet normal 0 0 0
 outer loop
  vertex -1.100000023841858 -1.3471115378436846e-16 0
  vertex -1.100000023841858 -1.3471115378436846e-16 4
  vertex -1.0905894041061401 -0.14357881247997284 4
 endloop
endfacet
facet normal 0 0 0
 outer loop
  vertex -1.100000023841858 -1.3471115378436846e-16 0
  vertex -1.0905894041061401 0.14357881247997284 0
  vertex -1.100000023841858 -1.3471115378436846e-16 4
 endloop
endfacet
facet normal 0 0 0
 outer loop
  vertex -1.0905894041061401 0.14357881247997284 0
  vertex -1.0905894041061401 0.14357881247997284 4
  vertex -1.100000023841858 -1.3471115378436846e-16 4
 endloop
endfacet
facet normal 0 0 0
 outer loop
  vertex -1.0905894041061401 0.14357881247997284 0
  vertex -1.0625183582305908 0.2847009599208832 0
  vertex -1.0905894041061401 0.14357881247997284 4
 endloop
endfacet
facet normal 0 0 0
 outer loop
  vertex -1.0625183582305908 0.2847009599208832 0
  vertex -1.0625183582305908 0.2847009599208832 4
  vertex -1.0905894041061401 0.14357881247997284 4
 endloop
endfacet
facet normal 0 0 0
 outer loop
  vertex -1.0625183582305908 0.2847009599208832 0
  vertex -1.0162675380706787 0.420951783657074 0
  vertex -1.0625183582305908 0.2847009599208832 4
 endloop
endfacet
facet normal 0 0 0
 outer loop
  vertex -1.0162675380706787 0.420951783657074 0
  vertex -1.0162675380706787 0.420951783657074 4
  vertex -1.0625183582305908 0.2847009599208832 4
 endloop
endfacet
facet normal 0 0 0
 outer loop
  vertex -1.0162675380706787 0.420951783657074 0
  vertex -0.952627956867218 0.550000011920929 0
  vertex -1.0162675380706787 0.420951783657074 4
 endloop
endfacet
facet normal 0 0 0
 outer loop
  vertex -0.952627956867218 0.550000011920929 0
  vertex -0.952627956867218 0.550000011920929 4
  vertex -1.0162675380706787 0.420951783657074 4
 endloop
endfacet
facet normal 0 0 0
 outer loop
  vertex -0.952627956867218 0.550000011920929 0
  vertex -0.8726886510848999 0.6696375608444214 0
  vertex -0.952627956867218 0.550000011920929 4
 endloop
endfacet
facet normal 0 0 0
 outer loop
  vertex -0.8726886510848999 0.6696375608444214 0
  vertex -0.8726886510848999 0.6696375608444214 4
  vertex -0.952627956867218 0.550000011920929 4
 endloop
endfacet
facet normal 0 0 0
 outer loop
  vertex -0.8726886510848999 0.6696375608444214 0
  vertex -0.7778174877166748 0.7778174877166748 0
  vertex -0.8726886510848999 0.6696375608444214 4
 endloop
endfacet
facet normal 0 0 0
 outer loop
  vertex -0.7778174877166748 0.7778174877166748 0
  vertex -0.7778174877166748 0.7778174877166748 4
  vertex -0.8726886510848999 0.6696375608444214 4
 endloop
endfacet
facet normal 0 0 0
 outer loop
  vertex -0.7778174877166748 0.7778174877166748 0
  vertex -0.6696375608444214 0.8726886510848999 0
  vertex -0.7778174877166748 0.7778174877166748 4
 endloop
endfacet
facet normal 0 0 0
 outer loop
  vertex -0.6696375608444214 0.8726886510848999 0
  vertex -0.6696375608444214 0.8726886510848999 4
  vertex -0.7778174877166748 0.7778174877166748 4
 endloop
endfacet
facet normal 0 0 0
 outer loop
  vertex -0.6696375608444214 0.8726886510848999 0
  vertex -0.550000011920929 0.952627956867218 0
  vertex -0.6696375608444214 0.8726886510848999 4
 endloop
endfacet
facet normal 0 0 0
 outer loop
  vertex -0.550000011920929 0.952627956867218 0
  vertex -0.550000011920929 0.952627956867218 4
  vertex -0.6696375608444214 0.8726886510848999 4
 endloop
endfacet
facet normal 0 0 0
 outer loop
  vertex -0.550000011920929 0.952627956867218 0
  vertex -0.420951783657074 1.0162675380706787 0
  vertex -0.550000011920929 0.952627956867218 4
 endloop
endfacet
facet normal 0 0 0
 outer loop
  vertex -0.420951783657074 1.0162675380706787 0
  vertex -0.420951783657074 1.0162675380706787 4
  vertex -0.550000011920929 0.952627956867218 4
 endloop
endfacet
facet normal 0 0 0
 outer loop
  vertex -0.420951783657074 1.0162675380706787 0
  vertex -0.2847009599208832 1.0625183582305908 0
  vertex -0.420951783657074 1.0162675380706787 4
 endloop
endfacet
facet normal 0 0 0
 outer loop
  vertex -0.2847009599208832 1.0625183582305908 0
  vertex -0.2847009599208832 1.0625183582305908 4
  vertex -0.420951783657074 1.0162675380706787 4
 endloop
endfacet
facet normal 0 0 0
 outer loop
  vertex -0.2847009599208832 1.0625183582305908 0
  vertex -0.14357881247997284 1.0905894041061401 0
  vertex -0.2847009599208832 1.0625183582305908 4
 endloop
endfacet
facet normal 0 0 0
 outer loop
  vertex -0.14357881247997284 1.0905894041061401 0
  vertex -0.14357881247997284 1.0905894041061401 4
  vertex -0.2847009599208832 1.0625183582305908 4
 endloop
endfacet
facet normal 0 0 0
 outer loop
  vertex -0.14357881247997284 1.0905894041061401 0
  vertex -2.020667240591078e-16 1.100000023841858 0
  vertex -0.14357881247997284 1.0905894041061401 4
 endloop
endfacet
facet normal 0 0 0
 outer loop
  vertex -2.020667240591078e-16 1.100000023841858 0
  vertex -2.020667240591078e-16 1.100000023841858 4
  vertex -0.14357881247997284 1.0905894041061401 4
 endloop
endfacet
facet normal 0 0 0
 outer loop
  vertex -2.020667240591078e-16 1.100000023841858 0
  vertex 0.14357881247997284 1.0905894041061401 0
  vertex -2.020667240591078e-16 1.100000023841858 4
 endloop
endfacet
facet normal 0 0 0
 outer loop
  vertex 0.14357881247997284 1.0905894041061401 0
  vertex 0.14357881247997284 1.0905894041061401 4
  vertex -2.020667240591078e-16 1.100000023841858 4
 endloop
endfacet
facet normal 0 0 0
 outer loop
  vertex 0.14357881247997284 1.0905894041061401 0
  vertex 0.2847009599208832 1.0625183582305908 0
  vertex 0.14357881247997284 1.0905894041061401 4
 endloop
endfacet
facet normal 0 0 0
 outer loop
  vertex 0.2847009599208832 1.0625183582305908 0
  vertex 0.2847009599208832 1.0625183582305908 4
  vertex 0.14357881247997284 1.0905894041061401 4
 endloop
endfacet
facet normal 0 0 0
 outer loop
  vertex 0.2847009599208832 1.0625183582305908 0
  vertex 0.420951783657074 1.0162675380706787 0
  vertex 0.2847009599208832 1.0625183582305908 4
 endloop
endfacet
facet normal 0 0 0
 outer loop
  vertex 0.420951783657074 1.0162675380706787 0
  vertex 0.420951783657074 1.0162675380706787 4
  vertex 0.2847009599208832 1.0625183582305908 4
 endloop
endfacet
facet normal 0 0 0
 outer loop
  vertex 0.420951783657074 1.0162675380706787 0
  vertex 0.550000011920929 0.952627956867218 0
  vertex 0.420951783657074 1.0162675380706787 4
 endloop
endfacet
facet normal 0 0 0
 outer loop
  vertex 0.550000011920929 0.952627956867218 0
  vertex 0.550000011920929 0.952627956867218 4
  vertex 0.420951783657074 1.0162675380706787 4
 endloop
endfacet
facet normal 0 0 0
 outer loop
  vertex 0.550000011920929 0.952627956867218 0
  vertex 0.6696375608444214 0.8726886510848999 0
  vertex 0.550000011920929 0.952627956867218 4
 endloop
endfacet
facet normal 0 0 0
 outer loop
  vertex 0.6696375608444214 0.8726886510848999 0
  vertex 0.6696375608444214 0.8726886510848999 4
  vertex 0.550000011920929 0.952627956867218 4
 endloop
endfacet
facet normal 0 0 0
 outer loop
  vertex 0.6696375608444214 0.8726886510848999 0
  vertex 0.7778174877166748 0.7778174877166748 0
  vertex 0.6696375608444214 0.8726886510848999 4
 endloop
endfacet
facet normal 0 0 0
 outer loop
  vertex 0.7778174877166748 0.7778174877166748 0
  vertex 0.7778174877166748 0.7778174877166748 4
  vertex 0.6696375608444214 0.8726886510848999 4
 endloop
endfacet
facet normal 0 0 0
 outer loop
  vertex 0.7778174877166748 0.7778174877166748 0
  vertex 0.8726886510848999 0.6696375608444214 0
  vertex 0.7778174877166748 0.7778174877166748 4
 endloop
endfacet
facet normal 0 0 0
 outer loop
  vertex 0.8726886510848999 0.6696375608444214 0
  vertex 0.8726886510848999 0.6696375608444214 4
  vertex 0.7778174877166748 0.7778174877166748 4
 endloop
endfacet
facet normal 0 0 0
 outer loop
  vertex 0.8726886510848999 0.6696375608444214 0
  vertex 0.952627956867218 0.550000011920929 0
  vertex 0.8726886510848999 0.6696375608444214 4
 endloop
endfacet
facet normal 0 0 0
 outer loop
  vertex 0.952627956867218 0.550000011920929 0
  vertex 0.952627956867218 0.550000011920929 4
  vertex 0.8726886510848999 0.6696375608444214 4
 endloop
endfacet
facet normal 0 0 0
 outer loop
  vertex 0.952627956867218 0.550000011920929 0
  vertex 1.0162675380706787 0.420951783657074 0
  vertex 0.952627956867218 0.550000011920929 4
 endloop
endfacet
facet normal 0 0 0
 outer loop
  vertex 1.0162675380706787 0.420951783657074 0
  vertex 1.0162675380706787 0.420951783657074 4
  vertex 0.952627956867218 0.550000011920929 4
 endloop
endfacet
facet normal 0 0 0
 outer loop
  vertex 1.0162675380706787 0.420951783657074 0
  vertex 1.0625183582305908 0.2847009599208832 0
  vertex 1.0162675380706787 0.420951783657074 4
 endloop
endfacet
facet normal 0 0 0
 outer loop
  vertex 1.0625183582305908 0.2847009599208832 0
  vertex 1.0625183582305908 0.2847009599208832 4
  vertex 1.0162675380706787 0.420951783657074 4
 endloop
endfacet
facet normal 0 0 0
 outer loop
  vertex 1.0625183582305908 0.2847009599208832 0
  vertex 1.0905894041061401 0.14357881247997284 0
  vertex 1.0625183582305908 0.2847009599208832 4
 endloop
endfacet
facet normal 0 0 0
 outer loop
  vertex 1.0905894041061401 0.14357881247997284 0
  vertex 1.0905894041061401 0.14357881247997284 4
  vertex 1.0625183582305908 0.2847009599208832 4
 endloop
endfacet
facet normal 0 0 0
 outer loop
  vertex 1.0905894041061401 0.14357881247997284 0
  vertex 1.100000023841858 0 0
  vertex 1.0905894041061401 0.14357881247997284 4
 endloop
endfacet
facet normal 0 0 0
 outer loop
  vertex 1.100000023841858 0 0
  vertex 1.100000023841858 0 4
  vertex 1.0905894041061401 0.14357881247997284 4
 endloop
endfacet
facet normal 0 0 0
 outer loop
  vertex 13.149999618530273 0 0
  vertex 13.140161514282227 -0.15010511875152588 0
  vertex 13.149999618530273 0 4
 endloop
endfacet
facet normal 0 0 0
 outer loop
  vertex 13.140161514282227 -0.15010511875152588 0
  vertex 13.140161514282227 -0.15010511875152588 4
  vertex 13.149999618530273 0 4
 endloop
endfacet
facet normal 0 0 0
 outer loop
  vertex 13.140161514282227 -0.15010511875152588 0
  vertex 13.110815048217773 -0.29764190316200256 0
  vertex 13.140161514282227 -0.15010511875152588 4
 endloop
endfacet
facet normal 0 0 0
 outer loop
  vertex 13.110815048217773 -0.29764190316200256 0
  vertex 13.110815048217773 -0.29764190316200256 4
  vertex 13.140161514282227 -0.15010511875152588 4
 endloop
endfacet
facet normal 0 0 0
 outer loop
  vertex 13.110815048217773 -0.29764190316200256 0
  vertex 13.062461853027344 -0.4400859475135803 0
  vertex 13.110815048217773 -0.29764190316200256 4
 endloop
endfacet
facet normal 0 0 0
 outer loop
  vertex 13.062461853027344 -0.4400859475135803 0
  vertex 13.062461853027344 -0.4400859475135803 4
  vertex 13.110815048217773 -0.29764190316200256 4
 endloop
endfacet
facet normal 0 0 0
 outer loop
  vertex 13.062461853027344 -0.4400859475135803 0
  vertex 12.995928764343262 -0.574999988079071 0
  vertex 13.062461853027344 -0.4400859475135803 4
 endloop
endfacet
facet normal 0 0 0
 outer loop
  vertex 12.995928764343262 -0.574999988079071 0
  vertex 12.995928764343262 -0.574999988079071 4
  vertex 13.062461853027344 -0.4400859475135803 4
 endloop
endfacet
facet normal 0 0 0
 outer loop
  vertex 12.995928764343262 -0.574999988079071 0
  vertex 12.91235637664795 -0.700075626373291 0
  vertex 12.995928764343262 -0.574999988079071 4
 endloop
endfacet
facet normal 0 0 0
 outer loop
  vertex 12.91235637664795 -0.700075626373291 0
  vertex 12.91235637664795 -0.700075626373291 4
  vertex 12.995928764343262 -0.574999988079071 4
 endloop
endfacet
facet normal 0 0 0
 outer loop
  vertex 12.91235637664795 -0.700075626373291 0
  vertex 12.813172340393066 -0.8131728172302246 0
  vertex 12.91235637664795 -0.700075626373291 4
 endloop
endfacet
facet normal 0 0 0
 outer loop
  vertex 12.813172340393066 -0.8131728172302246 0
  vertex 12.813172340393066 -0.8131728172302246 4
  vertex 12.91235637664795 -0.700075626373291 4
 endloop
endfacet
facet normal 0 0 0
 outer loop
  vertex 12.813172340393066 -0.8131728172302246 0
  vertex 12.70007610321045 -0.9123563170433044 0
  vertex 12.813172340393066 -0.8131728172302246 4
 endloop
endfacet
facet normal 0 0 0
 outer loop
  vertex 12.70007610321045 -0.9123563170433044 0
  vertex 12.70007610321045 -0.9123563170433044 4
  vertex 12.813172340393066 -0.8131728172302246 4
 endloop
endfacet
facet normal 0 0 0
 outer loop
  vertex 12.70007610321045 -0.9123563170433044 0
  vertex 12.574999809265137 -0.9959292411804199 0
  vertex 12.70007610321045 -0.9123563170433044 4
 endloop
endfacet
facet normal 0 0 0
 outer loop
  vertex 12.574999809265137 -0.9959292411804199 0
  vertex 12.574999809265137 -0.9959292411804199 4
  vertex 12.70007610321045 -0.9123563170433044 4
 endloop
endfacet
facet normal 0 0 0
 outer loop
  vertex 12.574999809265137 -0.9959292411804199 0
  vertex 12.440086364746094 -1.062461495399475 0
  vertex 12.574999809265137 -0.9959292411804199 4
 endloop
endfacet
facet normal 0 0 0
 outer loop
  vertex 12.440086364746094 -1.062461495399475 0
  vertex 12.440086364746094 -1.062461495399475 4
  vertex 12.574999809265137 -0.9959292411804199 4
 endloop
endfacet
facet normal 0 0 0
 outer loop
  vertex 12.440086364746094 -1.062461495399475 0
  vertex 12.29764175415039 -1.1108146905899048 0
  vertex 12.440086364746094 -1.062461495399475 4
 endloop
endfacet
facet normal 0 0 0
 outer loop
  vertex 12.29764175415039 -1.1108146905899048 0
  vertex 12.29764175415039 -1.1108146905899048 4
  vertex 12.440086364746094 -1.062461495399475 4
 endloop
endfacet
facet normal 0 0 0
 outer loop
  vertex 12.29764175415039 -1.1108146905899048 0
  vertex 12.150105476379395 -1.1401616334915161 0
  vertex 12.29764175415039 -1.1108146905899048 4
 endloop
endfacet
facet normal 0 0 0
 outer loop
  vertex 12.150105476379395 -1.1401616334915161 0
  vertex 12.150105476379395 -1.1401616334915161 4
  vertex 12.29764175415039 -1.1108146905899048 4
 endloop
endfacet
facet normal 0 0 0
 outer loop
  vertex 12.150105476379395 -1.1401616334915161 0
  vertex 12 -1.149999976158142 0
  vertex 12.150105476379395 -1.1401616334915161 4
 endloop
endfacet
facet normal 0 0 0
 outer loop
  vertex 12 -1.149999976158142 0
  vertex 12 -1.149999976158142 4
  vertex 12.150105476379395 -1.1401616334915161 4
 endloop
endfacet
facet normal 0 0 0
 outer loop
  vertex 12 -1.149999976158142 0
  vertex 11.849894523620605 -1.1401616334915161 0
  vertex 12 -1.149999976158142 4
 endloop
endfacet
facet normal 0 0 0
 outer loop
  vertex 11.849894523620605 -1.1401616334915161 0
  vertex 11.849894523620605 -1.1401616334915161 4
  vertex 12 -1.149999976158142 4
 endloop
endfacet
facet normal 0 0 0
 outer loop
  vertex 11.849894523620605 -1.1401616334915161 0
  vertex 11.70235824584961 -1.1108146905899048 0
  vertex 11.849894523620605 -1.1401616334915161 4
 endloop
endfacet
facet normal 0 0 0
 outer loop
  vertex 11.70235824584961 -1.1108146905899048 0
  vertex 11.70235824584961 -1.1108146905899048 4
  vertex 11.849894523620605 -1.1401616334915161 4
 endloop
endfacet
facet normal 0 0 0
 outer loop
  vertex 11.70235824584961 -1.1108146905899048 0
  vertex 11.559913635253906 -1.062461495399475 0
  vertex 11.70235824584961 -1.1108146905899048 4
 endloop
endfacet
facet normal 0 0 0
 outer loop
  vertex 11.559913635253906 -1.062461495399475 0
  vertex 11.559913635253906 -1.062461495399475 4
  vertex 11.70235824584961 -1.1108146905899048 4
 endloop
endfacet
facet normal 0 0 0
 outer loop
  vertex 11.559913635253906 -1.062461495399475 0
  vertex 11.425000190734863 -0.9959292411804199 0
  vertex 11.559913635253906 -1.062461495399475 4
 endloop
endfacet
facet normal 0 0 0
 outer loop
  vertex 11.425000190734863 -0.9959292411804199 0
  vertex 11.425000190734863 -0.9959292411804199 4
  vertex 11.559913635253906 -1.062461495399475 4
 endloop
endfacet
facet normal 0 0 0
 outer loop
  vertex 11.425000190734863 -0.9959292411804199 0
  vertex 11.29992389678955 -0.9123563170433044 0
  vertex 11.425000190734863 -0.9959292411804199 4
 endloop
endfacet
facet normal 0 0 0
 outer loop
  vertex 11.29992389678955 -0.9123563170433044 0
  vertex 11.29992389678955 -0.9123563170433044 4
  vertex 11.425000190734863 -0.9959292411804199 4
 endloop
endfacet
facet normal 0 0 0
 outer loop
  vertex 11.29992389678955 -0.9123563170433044 0
  vertex 11.186827659606934 -0.8131728172302246 0
  vertex 11.29992389678955 -0.9123563170433044 4
 endloop
endfacet
facet normal 0 0 0
 outer loop
  vertex 11.186827659606934 -0.8131728172302246 0
  vertex 11.186827659606934 -0.8131728172302246 4
  vertex 11.29992389678955 -0.9123563170433044 4
 endloop
endfacet
facet normal 0 0 0
 outer loop
  vertex 11.186827659606934 -0.8131728172302246 0
  vertex 11.08764362335205 -0.700075626373291 0
  vertex 11.186827659606934 -0.8131728172302246 4
 endloop
endfacet
facet normal 0 0 0
 outer loop
  vertex 11.08764362335205 -0.700075626373291 0
  vertex 11.08764362335205 -0.700075626373291 4
  vertex 11.186827659606934 -0.8131728172302246 4
 endloop
endfacet
facet normal 0 0 0
 outer loop
  vertex 11.08764362335205 -0.700075626373291 0
  vertex 11.004071235656738 -0.574999988079071 0
  vertex 11.08764362335205 -0.700075626373291 4
 endloop
endfacet
facet normal 0 0 0
 outer loop
  vertex 11.004071235656738 -0.574999988079071 0
  vertex 11.004071235656738 -0.574999988079071 4
  vertex 11.08764362335205 -0.700075626373291 4
 endloop
endfacet
facet normal 0 0 0
 outer loop
  vertex 11.004071235656738 -0.574999988079071 0
  vertex 10.937538146972656 -0.4400859475135803 0
  vertex 11.004071235656738 -0.574999988079071 4
 endloop
endfacet
facet normal 0 0 0
 outer loop
  vertex 10.937538146972656 -0.4400859475135803 0
  vertex 10.937538146972656 -0.4400859475135803 4
  vertex 11.004071235656738 -0.574999988079071 4
 endloop
endfacet
facet normal 0 0 0
 outer loop
  vertex 10.937538146972656 -0.4400859475135803 0
  vertex 10.889184951782227 -0.29764190316200256 0
  vertex 10.937538146972656 -0.4400859475135803 4
 endloop
endfacet
facet normal 0 0 0
 outer loop
  vertex 10.889184951782227 -0.29764190316200256 0
  vertex 10.889184951782227 -0.29764190316200256 4
  vertex 10.937538146972656 -0.4400859475135803 4
 endloop
endfacet
facet normal 0 0 0
 outer loop
  vertex 10.889184951782227 -0.29764190316200256 0
  vertex 10.859838485717773 -0.15010511875152588 0
  vertex 10.889184951782227 -0.29764190316200256 4
 endloop
endfacet
facet normal 0 0 0
 outer loop
  vertex 10.859838485717773 -0.15010511875152588 0
  vertex 10.859838485717773 -0.15010511875152588 4
  vertex 10.889184951782227 -0.29764190316200256 4
 endloop
endfacet
facet normal 0 0 0
 outer loop
  vertex 10.859838485717773 -0.15010511875152588 0
  vertex 10.850000381469727 -1.408343814298494e-16 0
  vertex 10.859838485717773 -0.15010511875152588 4
 endloop
endfacet
facet normal 0 0 0
 outer loop
  vertex 10.850000381469727 -1.408343814298494e-16 0
  vertex 10.850000381469727 -1.408343814298494e-16 4
  vertex 10.859838485717773 -0.15010511875152588 4
 endloop
endfacet
facet normal 0 0 0
 outer loop
  vertex 10.850000381469727 -1.408343814298494e-16 0
  vertex 10.859838485717773 0.15010511875152588 0
  vertex 10.850000381469727 -1.408343814298494e-16 4
 endloop
endfacet
facet normal 0 0 0
 outer loop
  vertex 10.859838485717773 0.15010511875152588 0
  vertex 10.859838485717773 0.15010511875152588 4
  vertex 10.850000381469727 -1.408343814298494e-16 4
 endloop
endfacet
facet normal 0 0 0
 outer loop
  vertex 10.859838485717773 0.15010511875152588 0
  vertex 10.889184951782227 0.29764190316200256 0
  vertex 10.859838485717773 0.15010511875152588 4
 endloop
endfacet
facet normal 0 0 0
 outer loop
  vertex 10.889184951782227 0.29764190316200256 0
  vertex 10.889184951782227 0.29764190316200256 4
  vertex 10.859838485717773 0.15010511875152588 4
 endloop
endfacet
facet normal 0 0 0
 outer loop
  vertex 10.889184951782227 0.29764190316200256 0
  vertex 10.937538146972656 0.4400859475135803 0
  vertex 10.889184951782227 0.29764190316200256 4
 endloop
endfacet
facet normal 0 0 0
 outer loop
  vertex 10.937538146972656 0.4400859475135803 0
  vertex 10.937538146972656 0.4400859475135803 4
  vertex 10.889184951782227 0.29764190316200256 4
 endloop
endfacet
facet normal 0 0 0
 outer loop
  vertex 10.937538146972656 0.4400859475135803 0
  vertex 11.004071235656738 0.574999988079071 0
  vertex 10.937538146972656 0.4400859475135803 4
 endloop
endfacet
facet normal 0 0 0
 outer loop
  vertex 11.004071235656738 0.574999988079071 0
  vertex 11.004071235656738 0.574999988079071 4
  vertex 10.937538146972656 0.4400859475135803 4
 endloop
endfacet
facet normal 0 0 0
 outer loop
  vertex 11.004071235656738 0.574999988079071 0
  vertex 11.08764362335205 0.700075626373291 0
  vertex 11.004071235656738 0.574999988079071 4
 endloop
endfacet
facet normal 0 0 0
 outer loop
  vertex 11.08764362335205 0.700075626373291 0
  vertex 11.08764362335205 0.700075626373291 4
  vertex 11.004071235656738 0.574999988079071 4
 endloop
endfacet
facet normal 0 0 0
 outer loop
  vertex 11.08764362335205 0.700075626373291 0
  vertex 11.186827659606934 0.8131728172302246 0
  vertex 11.08764362335205 0.700075626373291 4
 endloop
endfacet
facet normal 0 0 0
 outer loop
  vertex 11.186827659606934 0.8131728172302246 0
  vertex 11.186827659606934 0.8131728172302246 4
  vertex 11.08764362335205 0.700075626373291 4
 endloop
endfacet
facet normal 0 0 0
 outer loop
  vertex 11.186827659606934 0.8131728172302246 0
  vertex 11.29992389678955 0.9123563170433044 0
  vertex 11.186827659606934 0.8131728172302246 4
 endloop
endfacet
facet normal 0 0 0
 outer loop
  vertex 11.29992389678955 0.9123563170433044 0
  vertex 11.29992389678955 0.9123563170433044 4
  vertex 11.186827659606934 0.8131728172302246 4
 endloop
endfacet
facet normal 0 0 0
 outer loop
  vertex 11.29992389678955 0.9123563170433044 0
  vertex 11.425000190734863 0.9959292411804199 0
  vertex 11.29992389678955 0.9123563170433044 4
 endloop
endfacet
facet normal 0 0 0
 outer loop
  vertex 11.425000190734863 0.9959292411804199 0
  vertex 11.425000190734863 0.9959292411804199 4
  vertex 11.29992389678955 0.9123563170433044 4
 endloop
endfacet
facet normal 0 0 0
 outer loop
  vertex 11.425000190734863 0.9959292411804199 0
  vertex 11.559913635253906 1.062461495399475 0
  vertex 11.425000190734863 0.9959292411804199 4
 endloop
endfacet
facet normal 0 0 0
 outer loop
  vertex 11.559913635253906 1.062461495399475 0
  vertex 11.559913635253906 1.062461495399475 4
  vertex 11.425000190734863 0.9959292411804199 4
 endloop
endfacet
facet normal 0 0 0
 outer loop
  vertex 11.559913635253906 1.062461495399475 0
  vertex 11.70235824584961 1.1108146905899048 0
  vertex 11.559913635253906 1.062461495399475 4
 endloop
endfacet
facet normal 0 0 0
 outer loop
  vertex 11.70235824584961 1.1108146905899048 0
  vertex 11.70235824584961 1.1108146905899048 4
  vertex 11.559913635253906 1.062461495399475 4
 endloop
endfacet
facet normal 0 0 0
 outer loop
  vertex 11.70235824584961 1.1108146905899048 0
  vertex 11.849894523620605 1.1401616334915161 0
  vertex 11.70235824584961 1.1108146905899048 4
 endloop
endfacet
facet normal 0 0 0
 outer loop
  vertex 11.849894523620605 1.1401616334915161 0
  vertex 11.849894523620605 1.1401616334915161 4
  vertex 11.70235824584961 1.1108146905899048 4
 endloop
endfacet
facet normal 0 0 0
 outer loop
  vertex 11.849894523620605 1.1401616334915161 0
  vertex 12 1.149999976158142 0
  vertex 11.849894523620605 1.1401616334915161 4
 endloop
endfacet
facet normal 0 0 0
 outer loop
  vertex 12 1.149999976158142 0
  vertex 12 1.149999976158142 4
  vertex 11.849894523620605 1.1401616334915161 4
 endloop
endfacet
facet normal 0 0 0
 outer loop
  vertex 12 1.149999976158142 0
  vertex 12.150105476379395 1.1401616334915161 0
  vertex 12 1.149999976158142 4
 endloop
endfacet
facet normal 0 0 0
 outer loop
  vertex 12.150105476379395 1.1401616334915161 0
  vertex 12.150105476379395 1.1401616334915161 4
  vertex 12 1.149999976158142 4
 endloop
endfacet
facet normal 0 0 0
 outer loop
  vertex 12.150105476379395 1.1401616334915161 0
  vertex 12.29764175415039 1.1108146905899048 0
  vertex 12.150105476379395 1.1401616334915161 4
 endloop
endfacet
facet normal 0 0 0
 outer loop
  vertex 12.29764175415039 1.1108146905899048 0
  vertex 12.29764175415039 1.1108146905899048 4
  vertex 12.150105476379395 1.1401616334915161 4
 endloop
endfacet
facet normal 0 0 0
 outer loop
  vertex 12.29764175415039 1.1108146905899048 0
  vertex 12.440086364746094 1.062461495399475 0
  vertex 12.29764175415039 1.1108146905899048 4
 endloop
endfacet
facet normal 0 0 0
 outer loop
  vertex 12.440086364746094 1.062461495399475 0
  vertex 12.440086364746094 1.062461495399475 4
  vertex 12.29764175415039 1.1108146905899048 4
 endloop
endfacet
facet normal 0 0 0
 outer loop
  vertex 12.440086364746094 1.062461495399475 0
  vertex 12.574999809265137 0.9959292411804199 0
  vertex 12.440086364746094 1.062461495399475 4
 endloop
endfacet
facet normal 0 0 0
 outer loop
  vertex 12.574999809265137 0.9959292411804199 0
  vertex 12.574999809265137 0.9959292411804199 4
  vertex 12.440086364746094 1.062461495399475 4
 endloop
endfacet
facet normal 0 0 0
 outer loop
  vertex 12.574999809265137 0.9959292411804199 0
  vertex 12.70007610321045 0.9123563170433044 0
  vertex 12.574999809265137 0.9959292411804199 4
 endloop
endfacet
facet normal 0 0 0
 outer loop
  vertex 12.70007610321045 0.9123563170433044 0
  vertex 12.70007610321045 0.9123563170433044 4
  vertex 12.574999809265137 0.9959292411804199 4
 endloop
endfacet
facet normal 0 0 0
 outer loop
  vertex 12.70007610321045 0.9123563170433044 0
  vertex 12.813172340393066 0.8131728172302246 0
  vertex 12.70007610321045 0.9123563170433044 4
 endloop
endfacet
facet normal 0 0 0
 outer loop
  vertex 12.813172340393066 0.8131728172302246 0
  vertex 12.813172340393066 0.8131728172302246 4
  vertex 12.70007610321045 0.9123563170433044 4
 endloop
endfacet
facet normal 0 0 0
 outer loop
  vertex 12.813172340393066 0.8131728172302246 0
  vertex 12.91235637664795 0.700075626373291 0
  vertex 12.813172340393066 0.8131728172302246 4
 endloop
endfacet
facet normal 0 0 0
 outer loop
  vertex 12.91235637664795 0.700075626373291 0
  vertex 12.91235637664795 0.700075626373291 4
  vertex 12.813172340393066 0.8131728172302246 4
 endloop
endfacet
facet normal 0 0 0
 outer loop
  vertex 12.91235637664795 0.700075626373291 0
  vertex 12.995928764343262 0.574999988079071 0
  vertex 12.91235637664795 0.700075626373291 4
 endloop
endfacet
facet normal 0 0 0
 outer loop
  vertex 12.995928764343262 0.574999988079071 0
  vertex 12.995928764343262 0.574999988079071 4
  vertex 12.91235637664795 0.700075626373291 4
 endloop
endfacet
facet normal 0 0 0
 outer loop
  vertex 12.995928764343262 0.574999988079071 0
  vertex 13.062461853027344 0.4400859475135803 0
  vertex 12.995928764343262 0.574999988079071 4
 endloop
endfacet
facet normal 0 0 0
 outer loop
  vertex 13.062461853027344 0.4400859475135803 0
  vertex 13.062461853027344 0.4400859475135803 4
  vertex 12.995928764343262 0.574999988079071 4
 endloop
endfacet
facet normal 0 0 0
 outer loop
  vertex 13.062461853027344 0.4400859475135803 0
  vertex 13.110815048217773 0.29764190316200256 0
  vertex 13.062461853027344 0.4400859475135803 4
 endloop
endfacet
facet normal 0 0 0
 outer loop
  vertex 13.110815048217773 0.29764190316200256 0
  vertex 13.110815048217773 0.29764190316200256 4
  vertex 13.062461853027344 0.4400859475135803 4
 endloop
endfacet
facet normal 0 0 0
 outer loop
  vertex 13.110815048217773 0.29764190316200256 0
  vertex 13.140161514282227 0.15010511875152588 0
  vertex 13.110815048217773 0.29764190316200256 4
 endloop
endfacet
facet normal 0 0 0
 outer loop
  vertex 13.140161514282227 0.15010511875152588 0
  vertex 13.140161514282227 0.15010511875152588 4
  vertex 13.110815048217773 0.29764190316200256 4
 endloop
endfacet
facet normal 0 0 0
 outer loop
  vertex 13.140161514282227 0.15010511875152588 0
  vertex 13.149999618530273 0 0
  vertex 13.140161514282227 0.15010511875152588 4
 endloop
endfacet
facet normal 0 0 0
 outer loop
  vertex 13.149999618530273 0 0
  vertex 13.149999618530273 0 4
  vertex 13.140161514282227 0.15010511875152588 4
 endloop
endfacet
endsolid systemedu
