solid systemedu
facet normal 0 0 0
 outer loop
  vertex -59.486690521240234 7.831571578979492 0
  vertex -60 -7.347880374357178e-15 0
  vertex -65 7.960203880059101e-15 0
 endloop
endfacet
facet normal 0 0 0
 outer loop
  vertex -65 7.960203880059101e-15 0
  vertex -60 -7.347880374357178e-15 0
  vertex -59.486690521240234 -7.831571578979492 0
 endloop
endfacet
facet normal 0 0 0
 outer loop
  vertex -64.44391632080078 -8.48420238494873 0
  vertex -64.86083221435547 -4.251203536987305 0
  vertex -65 7.960203880059101e-15 0
 endloop
endfacet
facet normal 0 0 0
 outer loop
  vertex -62.785179138183594 -16.823238372802734 0
  vertex -63.751041412353516 -12.68087100982666 0
  vertex -64.44391632080078 -8.48420238494873 0
 endloop
endfacet
facet normal 0 0 0
 outer loop
  vertex -60.05216979980469 -24.87442398071289 0
  vertex -61.55045700073242 -20.893566131591797 0
  vertex -62.785179138183594 -16.823238372802734 0
 endloop
endfacet
facet normal 0 0 0
 outer loop
  vertex -56.29165267944336 -32.5 0
  vertex -58.296730041503906 -28.748764038085938 0
  vertex -60.05216979980469 -24.87442398071289 0
 endloop
endfacet
facet normal 0 0 0
 outer loop
  vertex -51.56796646118164 -39.56949234008789 0
  vertex -54.04552459716797 -36.112064361572266 0
  vertex -56.29165267944336 -32.5 0
 endloop
endfacet
facet normal 0 0 0
 outer loop
  vertex -45.96194076538086 -45.96194076538086 0
  vertex -48.86958694458008 -42.857479095458984 0
  vertex -51.56796646118164 -39.56949234008789 0
 endloop
endfacet
facet normal 0 0 0
 outer loop
  vertex -39.56949234008789 -51.56796646118164 0
  vertex -42.857479095458984 -48.86958694458008 0
  vertex -45.96194076538086 -45.96194076538086 0
 endloop
endfacet
facet normal 0 0 0
 outer loop
  vertex -32.5 -56.29165267944336 0
  vertex -36.112064361572266 -54.04552459716797 0
  vertex -39.56949234008789 -51.56796646118164 0
 endloop
endfacet
facet normal 0 0 0
 outer loop
  vertex -24.87442398071289 -60.05216979980469 0
  vertex -28.748764038085938 -58.296730041503906 0
  vertex -32.5 -56.29165267944336 0
 endloop
endfacet
facet normal 0 0 0
 outer loop
  vertex -16.823238372802734 -62.785179138183594 0
  vertex -20.893566131591797 -61.55045700073242 0
  vertex -24.87442398071289 -60.05216979980469 0
 endloop
endfacet
facet normal 0 0 0
 outer loop
  vertex -8.48420238494873 -64.44391632080078 0
  vertex -12.68087100982666 -63.751041412353516 0
  vertex -16.823238372802734 -62.785179138183594 0
 endloop
endfacet
facet normal 0 0 0
 outer loop
  vertex -1.1940306667121599e-14 -65 0
  vertex -4.251203536987305 -64.86083221435547 0
  vertex -8.48420238494873 -64.44391632080078 0
 endloop
endfacet
facet normal 0 0 0
 outer loop
  vertex 8.48420238494873 -64.44391632080078 0
  vertex 4.251203536987305 -64.86083221435547 0
  vertex -1.1940306667121599e-14 -65 0
 endloop
endfacet
facet normal 0 0 0
 outer loop
  vertex 16.823238372802734 -62.785179138183594 0
  vertex 12.68087100982666 -63.751041412353516 0
  vertex 8.48420238494873 -64.44391632080078 0
 endloop
endfacet
facet normal 0 0 0
 outer loop
  vertex 24.87442398071289 -60.05216979980469 0
  vertex 20.893566131591797 -61.55045700073242 0
  vertex 16.823238372802734 -62.785179138183594 0
 endloop
endfacet
facet normal 0 0 0
 outer loop
  vertex 32.5 -56.29165267944336 0
  vertex 28.748764038085938 -58.296730041503906 0
  vertex 24.87442398071289 -60.05216979980469 0
 endloop
endfacet
facet normal 0 0 0
 outer loop
  vertex 39.56949234008789 -51.56796646118164 0
  vertex 36.112064361572266 -54.04552459716797 0
  vertex 32.5 -56.29165267944336 0
 endloop
endfacet
facet normal 0 0 0
 outer loop
  vertex 45.96194076538086 -45.96194076538086 0
  vertex 42.857479095458984 -48.86958694458008 0
  vertex 39.56949234008789 -51.56796646118164 0
 endloop
endfacet
facet normal 0 0 0
 outer loop
  vertex 51.56796646118164 -39.56949234008789 0
  vertex 48.86958694458008 -42.857479095458984 0
  vertex 45.96194076538086 -45.96194076538086 0
 endloop
endfacet
facet normal 0 0 0
 outer loop
  vertex 56.29165267944336 -32.5 0
  vertex 54.04552459716797 -36.112064361572266 0
  vertex 51.56796646118164 -39.56949234008789 0
 endloop
endfacet
facet normal 0 0 0
 outer loop
  vertex 60.05216979980469 -24.87442398071289 0
  vertex 58.296730041503906 -28.748764038085938 0
  vertex 56.29165267944336 -32.5 0
 endloop
endfacet
facet normal 0 0 0
 outer loop
  vertex 62.785179138183594 -16.823238372802734 0
  vertex 61.55045700073242 -20.893566131591797 0
  vertex 60.05216979980469 -24.87442398071289 0
 endloop
endfacet
facet normal 0 0 0
 outer loop
  vertex 64.44391632080078 -8.48420238494873 0
  vertex 63.751041412353516 -12.68087100982666 0
  vertex 62.785179138183594 -16.823238372802734 0
 endloop
endfacet
facet normal 0 0 0
 outer loop
  vertex 65 0 0
  vertex 64.86083221435547 -4.251203536987305 0
  vertex 64.44391632080078 -8.48420238494873 0
 endloop
endfacet
facet normal 0 0 0
 outer loop
  vertex 64.44391632080078 8.48420238494873 0
  vertex 64.86083221435547 4.251203536987305 0
  vertex 65 0 0
 endloop
endfacet
facet normal 0 0 0
 outer loop
  vertex 62.785179138183594 16.823238372802734 0
  vertex 63.751041412353516 12.68087100982666 0
  vertex 64.44391632080078 8.48420238494873 0
 endloop
endfacet
facet normal 0 0 0
 outer loop
  vertex 60.05216979980469 24.87442398071289 0
  vertex 61.55045700073242 20.893566131591797 0
  vertex 62.785179138183594 16.823238372802734 0
 endloop
endfacet
facet normal 0 0 0
 outer loop
  vertex 56.29165267944336 32.5 0
  vertex 58.296730041503906 28.748764038085938 0
  vertex 60.05216979980469 24.87442398071289 0
 endloop
endfacet
facet normal 0 0 0
 outer loop
  vertex 51.56796646118164 39.56949234008789 0
  vertex 54.04552459716797 36.112064361572266 0
  vertex 56.29165267944336 32.5 0
 endloop
endfacet
facet normal 0 0 0
 outer loop
  vertex 45.96194076538086 45.96194076538086 0
  vertex 48.86958694458008 42.857479095458984 0
  vertex 51.56796646118164 39.56949234008789 0
 endloop
endfacet
facet normal 0 0 0
 outer loop
  vertex 39.56949234008789 51.56796646118164 0
  vertex 42.857479095458984 48.86958694458008 0
  vertex 45.96194076538086 45.96194076538086 0
 endloop
endfacet
facet normal 0 0 0
 outer loop
  vertex 32.5 56.29165267944336 0
  vertex 36.112064361572266 54.04552459716797 0
  vertex 39.56949234008789 51.56796646118164 0
 endloop
endfacet
facet normal 0 0 0
 outer loop
  vertex 24.87442398071289 60.05216979980469 0
  vertex 28.748764038085938 58.296730041503906 0
  vertex 32.5 56.29165267944336 0
 endloop
endfacet
facet normal 0 0 0
 outer loop
  vertex 16.823238372802734 62.785179138183594 0
  vertex 20.893566131591797 61.55045700073242 0
  vertex 24.87442398071289 60.05216979980469 0
 endloop
endfacet
facet normal 0 0 0
 outer loop
  vertex 8.48420238494873 64.44391632080078 0
  vertex 12.68087100982666 63.751041412353516 0
  vertex 16.823238372802734 62.785179138183594 0
 endloop
endfacet
facet normal 0 0 0
 outer loop
  vertex 3.9801019400295505e-15 65 0
  vertex 4.251203536987305 64.86083221435547 0
  vertex 8.48420238494873 64.44391632080078 0
 endloop
endfacet
facet normal 0 0 0
 outer loop
  vertex -8.48420238494873 64.44391632080078 0
  vertex -4.251203536987305 64.86083221435547 0
  vertex 3.9801019400295505e-15 65 0
 endloop
endfacet
facet normal 0 0 0
 outer loop
  vertex -16.823238372802734 62.785179138183594 0
  vertex -12.68087100982666 63.751041412353516 0
  vertex -8.48420238494873 64.44391632080078 0
 endloop
endfacet
facet normal 0 0 0
 outer loop
  vertex -24.87442398071289 60.05216979980469 0
  vertex -20.893566131591797 61.55045700073242 0
  vertex -16.823238372802734 62.785179138183594 0
 endloop
endfacet
facet normal 0 0 0
 outer loop
  vertex -32.5 56.29165267944336 0
  vertex -28.748764038085938 58.296730041503906 0
  vertex -24.87442398071289 60.05216979980469 0
 endloop
endfacet
facet normal 0 0 0
 outer loop
  vertex -39.56949234008789 51.56796646118164 0
  vertex -36.112064361572266 54.04552459716797 0
  vertex -32.5 56.29165267944336 0
 endloop
endfacet
facet normal 0 0 0
 outer loop
  vertex -45.96194076538086 45.96194076538086 0
  vertex -42.857479095458984 48.86958694458008 0
  vertex -39.56949234008789 51.56796646118164 0
 endloop
endfacet
facet normal 0 0 0
 outer loop
  vertex -51.56796646118164 39.56949234008789 0
  vertex -48.86958694458008 42.857479095458984 0
  vertex -45.96194076538086 45.96194076538086 0
 endloop
endfacet
facet normal 0 0 0
 outer loop
  vertex -56.29165267944336 32.5 0
  vertex -54.04552459716797 36.112064361572266 0
  vertex -51.56796646118164 39.56949234008789 0
 endloop
endfacet
facet normal 0 0 0
 outer loop
  vertex -60.05216979980469 24.87442398071289 0
  vertex -58.296730041503906 28.748764038085938 0
  vertex -56.29165267944336 32.5 0
 endloop
endfacet
facet normal 0 0 0
 outer loop
  vertex -62.785179138183594 16.823238372802734 0
  vertex -61.55045700073242 20.893566131591797 0
  vertex -60.05216979980469 24.87442398071289 0
 endloop
endfacet
facet normal 0 0 0
 outer loop
  vertex -64.44391632080078 8.48420238494873 0
  vertex -63.751041412353516 12.68087100982666 0
  vertex -62.785179138183594 16.823238372802734 0
 endloop
endfacet
facet normal 0 0 0
 outer loop
  vertex -65 7.960203880059101e-15 0
  vertex -64.86083221435547 4.251203536987305 0
  vertex -64.44391632080078 8.48420238494873 0
 endloop
endfacet
facet normal 0 0 0
 outer loop
  vertex -57.95555114746094 15.529142379760742 0
  vertex -59.486690521240234 7.831571578979492 0
  vertex -65 7.960203880059101e-15 0
 endloop
endfacet
facet normal 0 0 0
 outer loop
  vertex -65 7.960203880059101e-15 0
  vertex -59.486690521240234 -7.831571578979492 0
  vertex -57.95555114746094 -15.529142379760742 0
 endloop
endfacet
facet normal 0 0 0
 outer loop
  vertex -62.785179138183594 -16.823238372802734 0
  vertex -64.44391632080078 -8.48420238494873 0
  vertex -65 7.960203880059101e-15 0
 endloop
endfacet
facet normal 0 0 0
 outer loop
  vertex -56.29165267944336 -32.5 0
  vertex -60.05216979980469 -24.87442398071289 0
  vertex -62.785179138183594 -16.823238372802734 0
 endloop
endfacet
facet normal 0 0 0
 outer loop
  vertex -45.96194076538086 -45.96194076538086 0
  vertex -51.56796646118164 -39.56949234008789 0
  vertex -56.29165267944336 -32.5 0
 endloop
endfacet
facet normal 0 0 0
 outer loop
  vertex -32.5 -56.29165267944336 0
  vertex -39.56949234008789 -51.56796646118164 0
  vertex -45.96194076538086 -45.96194076538086 0
 endloop
endfacet
facet normal 0 0 0
 outer loop
  vertex -16.823238372802734 -62.785179138183594 0
  vertex -24.87442398071289 -60.05216979980469 0
  vertex -32.5 -56.29165267944336 0
 endloop
endfacet
facet normal 0 0 0
 outer loop
  vertex -1.1940306667121599e-14 -65 0
  vertex -8.48420238494873 -64.44391632080078 0
  vertex -16.823238372802734 -62.785179138183594 0
 endloop
endfacet
facet normal 0 0 0
 outer loop
  vertex 16.823238372802734 -62.785179138183594 0
  vertex 8.48420238494873 -64.44391632080078 0
  vertex -1.1940306667121599e-14 -65 0
 endloop
endfacet
facet normal 0 0 0
 outer loop
  vertex 32.5 -56.29165267944336 0
  vertex 24.87442398071289 -60.05216979980469 0
  vertex 16.823238372802734 -62.785179138183594 0
 endloop
endfacet
facet normal 0 0 0
 outer loop
  vertex 45.96194076538086 -45.96194076538086 0
  vertex 39.56949234008789 -51.56796646118164 0
  vertex 32.5 -56.29165267944336 0
 endloop
endfacet
facet normal 0 0 0
 outer loop
  vertex 56.29165267944336 -32.5 0
  vertex 51.56796646118164 -39.56949234008789 0
  vertex 45.96194076538086 -45.96194076538086 0
 endloop
endfacet
facet normal 0 0 0
 outer loop
  vertex 62.785179138183594 -16.823238372802734 0
  vertex 60.05216979980469 -24.87442398071289 0
  vertex 56.29165267944336 -32.5 0
 endloop
endfacet
facet normal 0 0 0
 outer loop
  vertex 65 0 0
  vertex 64.44391632080078 -8.48420238494873 0
  vertex 62.785179138183594 -16.823238372802734 0
 endloop
endfacet
facet normal 0 0 0
 outer loop
  vertex 62.785179138183594 16.823238372802734 0
  vertex 64.44391632080078 8.48420238494873 0
  vertex 65 0 0
 endloop
endfacet
facet normal 0 0 0
 outer loop
  vertex 56.29165267944336 32.5 0
  vertex 60.05216979980469 24.87442398071289 0
  vertex 62.785179138183594 16.823238372802734 0
 endloop
endfacet
facet normal 0 0 0
 outer loop
  vertex 45.96194076538086 45.96194076538086 0
  vertex 51.56796646118164 39.56949234008789 0
  vertex 56.29165267944336 32.5 0
 endloop
endfacet
facet normal 0 0 0
 outer loop
  vertex 32.5 56.29165267944336 0
  vertex 39.56949234008789 51.56796646118164 0
  vertex 45.96194076538086 45.96194076538086 0
 endloop
endfacet
facet normal 0 0 0
 outer loop
  vertex 16.823238372802734 62.785179138183594 0
  vertex 24.87442398071289 60.05216979980469 0
  vertex 32.5 56.29165267944336 0
 endloop
endfacet
facet normal 0 0 0
 outer loop
  vertex 3.9801019400295505e-15 65 0
  vertex 8.48420238494873 64.44391632080078 0
  vertex 16.823238372802734 62.785179138183594 0
 endloop
endfacet
facet normal 0 0 0
 outer loop
  vertex -16.823238372802734 62.785179138183594 0
  vertex -8.48420238494873 64.44391632080078 0
  vertex 3.9801019400295505e-15 65 0
 endloop
endfacet
facet normal 0 0 0
 outer loop
  vertex -32.5 56.29165267944336 0
  vertex -24.87442398071289 60.05216979980469 0
  vertex -16.823238372802734 62.785179138183594 0
 endloop
endfacet
facet normal 0 0 0
 outer loop
  vertex -45.96194076538086 45.96194076538086 0
  vertex -39.56949234008789 51.56796646118164 0
  vertex -32.5 56.29165267944336 0
 endloop
endfacet
facet normal 0 0 0
 outer loop
  vertex -56.29165267944336 32.5 0
  vertex -51.56796646118164 39.56949234008789 0
  vertex -45.96194076538086 45.96194076538086 0
 endloop
endfacet
facet normal 0 0 0
 outer loop
  vertex -62.785179138183594 16.823238372802734 0
  vertex -60.05216979980469 24.87442398071289 0
  vertex -56.29165267944336 32.5 0
 endloop
endfacet
facet normal 0 0 0
 outer loop
  vertex -65 7.960203880059101e-15 0
  vertex -64.44391632080078 8.48420238494873 0
  vertex -62.785179138183594 16.823238372802734 0
 endloop
endfacet
facet normal 0 0 0
 outer loop
  vertex -55.43277359008789 22.96100616455078 0
  vertex -57.95555114746094 15.529142379760742 0
  vertex -65 7.960203880059101e-15 0
 endloop
endfacet
facet normal 0 0 0
 outer loop
  vertex -65 7.960203880059101e-15 0
  vertex -57.95555114746094 -15.529142379760742 0
  vertex -55.43277359008789 -22.96100616455078 0
 endloop
endfacet
facet normal 0 0 0
 outer loop
  vertex -56.29165267944336 -32.5 0
  vertex -62.785179138183594 -16.823238372802734 0
  vertex -65 7.960203880059101e-15 0
 endloop
endfacet
facet normal 0 0 0
 outer loop
  vertex -32.5 -56.29165267944336 0
  vertex -45.96194076538086 -45.96194076538086 0
  vertex -56.29165267944336 -32.5 0
 endloop
endfacet
facet normal 0 0 0
 outer loop
  vertex -1.1940306667121599e-14 -65 0
  vertex -16.823238372802734 -62.785179138183594 0
  vertex -32.5 -56.29165267944336 0
 endloop
endfacet
facet normal 0 0 0
 outer loop
  vertex 32.5 -56.29165267944336 0
  vertex 16.823238372802734 -62.785179138183594 0
  vertex -1.1940306667121599e-14 -65 0
 endloop
endfacet
facet normal 0 0 0
 outer loop
  vertex 56.29165267944336 -32.5 0
  vertex 45.96194076538086 -45.96194076538086 0
  vertex 32.5 -56.29165267944336 0
 endloop
endfacet
facet normal 0 0 0
 outer loop
  vertex 65 0 0
  vertex 62.785179138183594 -16.823238372802734 0
  vertex 56.29165267944336 -32.5 0
 endloop
endfacet
facet normal 0 0 0
 outer loop
  vertex 56.29165267944336 32.5 0
  vertex 62.785179138183594 16.823238372802734 0
  vertex 65 0 0
 endloop
endfacet
facet normal 0 0 0
 outer loop
  vertex 32.5 56.29165267944336 0
  vertex 45.96194076538086 45.96194076538086 0
  vertex 56.29165267944336 32.5 0
 endloop
endfacet
facet normal 0 0 0
 outer loop
  vertex 3.9801019400295505e-15 65 0
  vertex 16.823238372802734 62.785179138183594 0
  vertex 32.5 56.29165267944336 0
 endloop
endfacet
facet normal 0 0 0
 outer loop
  vertex -32.5 56.29165267944336 0
  vertex -16.823238372802734 62.785179138183594 0
  vertex 3.9801019400295505e-15 65 0
 endloop
endfacet
facet normal 0 0 0
 outer loop
  vertex -56.29165267944336 32.5 0
  vertex -45.96194076538086 45.96194076538086 0
  vertex -32.5 56.29165267944336 0
 endloop
endfacet
facet normal 0 0 0
 outer loop
  vertex -65 7.960203880059101e-15 0
  vertex -62.785179138183594 16.823238372802734 0
  vertex -56.29165267944336 32.5 0
 endloop
endfacet
facet normal 0 0 0
 outer loop
  vertex -56.29165267944336 -32.5 0
  vertex -65 7.960203880059101e-15 0
  vertex -55.43277359008789 -22.96100616455078 0
 endloop
endfacet
facet normal 0 0 0
 outer loop
  vertex -55.43277359008789 22.96100616455078 0
  vertex -65 7.960203880059101e-15 0
  vertex -56.29165267944336 32.5 0
 endloop
endfacet
facet normal 0 0 0
 outer loop
  vertex -56.29165267944336 -32.5 0
  vertex -55.43277359008789 -22.96100616455078 0
  vertex -51.961524963378906 -30 0
 endloop
endfacet
facet normal 0 0 0
 outer loop
  vertex -51.961524963378906 30 0
  vertex -55.43277359008789 22.96100616455078 0
  vertex -56.29165267944336 32.5 0
 endloop
endfacet
facet normal 0 0 0
 outer loop
  vertex -56.29165267944336 -32.5 0
  vertex -51.961524963378906 -30 0
  vertex -47.601200103759766 -36.52568435668945 0
 endloop
endfacet
facet normal 0 0 0
 outer loop
  vertex -47.601200103759766 36.52568435668945 0
  vertex -51.961524963378906 30 0
  vertex -56.29165267944336 32.5 0
 endloop
endfacet
facet normal 0 0 0
 outer loop
  vertex -56.29165267944336 -32.5 0
  vertex -47.601200103759766 -36.52568435668945 0
  vertex -42.42640686035156 -42.42640686035156 0
 endloop
endfacet
facet normal 0 0 0
 outer loop
  vertex -47.601200103759766 36.52568435668945 0
  vertex -56.29165267944336 32.5 0
  vertex -32.5 56.29165267944336 0
 endloop
endfacet
facet normal 0 0 0
 outer loop
  vertex -56.29165267944336 -32.5 0
  vertex -42.42640686035156 -42.42640686035156 0
  vertex -36.52568435668945 -47.601200103759766 0
 endloop
endfacet
facet normal 0 0 0
 outer loop
  vertex -42.42640686035156 42.42640686035156 0
  vertex -47.601200103759766 36.52568435668945 0
  vertex -32.5 56.29165267944336 0
 endloop
endfacet
facet normal 0 0 0
 outer loop
  vertex -32.5 -56.29165267944336 0
  vertex -56.29165267944336 -32.5 0
  vertex -36.52568435668945 -47.601200103759766 0
 endloop
endfacet
facet normal 0 0 0
 outer loop
  vertex -36.52568435668945 47.601200103759766 0
  vertex -42.42640686035156 42.42640686035156 0
  vertex -32.5 56.29165267944336 0
 endloop
endfacet
facet normal 0 0 0
 outer loop
  vertex -32.5 -56.29165267944336 0
  vertex -36.52568435668945 -47.601200103759766 0
  vertex -30 -51.961524963378906 0
 endloop
endfacet
facet normal 0 0 0
 outer loop
  vertex -30 51.961524963378906 0
  vertex -36.52568435668945 47.601200103759766 0
  vertex -32.5 56.29165267944336 0
 endloop
endfacet
facet normal 0 0 0
 outer loop
  vertex -32.5 -56.29165267944336 0
  vertex -30 -51.961524963378906 0
  vertex -22.96100616455078 -55.43277359008789 0
 endloop
endfacet
facet normal 0 0 0
 outer loop
  vertex -22.96100616455078 55.43277359008789 0
  vertex -30 51.961524963378906 0
  vertex -32.5 56.29165267944336 0
 endloop
endfacet
facet normal 0 0 0
 outer loop
  vertex -32.5 -56.29165267944336 0
  vertex -22.96100616455078 -55.43277359008789 0
  vertex -15.529142379760742 -57.95555114746094 0
 endloop
endfacet
facet normal 0 0 0
 outer loop
  vertex -22.96100616455078 55.43277359008789 0
  vertex -32.5 56.29165267944336 0
  vertex 3.9801019400295505e-15 65 0
 endloop
endfacet
facet normal 0 0 0
 outer loop
  vertex -32.5 -56.29165267944336 0
  vertex -15.529142379760742 -57.95555114746094 0
  vertex -7.831571578979492 -59.486690521240234 0
 endloop
endfacet
facet normal 0 0 0
 outer loop
  vertex -15.529142379760742 57.95555114746094 0
  vertex -22.96100616455078 55.43277359008789 0
  vertex 3.9801019400295505e-15 65 0
 endloop
endfacet
facet normal 0 0 0
 outer loop
  vertex -1.1940306667121599e-14 -65 0
  vertex -32.5 -56.29165267944336 0
  vertex -7.831571578979492 -59.486690521240234 0
 endloop
endfacet
facet normal 0 0 0
 outer loop
  vertex -7.831571578979492 59.486690521240234 0
  vertex -15.529142379760742 57.95555114746094 0
  vertex 3.9801019400295505e-15 65 0
 endloop
endfacet
facet normal 0 0 0
 outer loop
  vertex -1.1940306667121599e-14 -65 0
  vertex -7.831571578979492 -59.486690521240234 0
  vertex 3.673940187178589e-15 -60 0
 endloop
endfacet
facet normal 0 0 0
 outer loop
  vertex -1.1021821408568715e-14 60 0
  vertex -7.831571578979492 59.486690521240234 0
  vertex 3.9801019400295505e-15 65 0
 endloop
endfacet
facet normal 0 0 0
 outer loop
  vertex -1.1940306667121599e-14 -65 0
  vertex 3.673940187178589e-15 -60 0
  vertex 7.831571578979492 -59.486690521240234 0
 endloop
endfacet
facet normal 0 0 0
 outer loop
  vertex 7.831571578979492 59.486690521240234 0
  vertex -1.1021821408568715e-14 60 0
  vertex 3.9801019400295505e-15 65 0
 endloop
endfacet
facet normal 0 0 0
 outer loop
  vertex -1.1940306667121599e-14 -65 0
  vertex 7.831571578979492 -59.486690521240234 0
  vertex 15.529142379760742 -57.95555114746094 0
 endloop
endfacet
facet normal 0 0 0
 outer loop
  vertex 7.831571578979492 59.486690521240234 0
  vertex 3.9801019400295505e-15 65 0
  vertex 32.5 56.29165267944336 0
 endloop
endfacet
facet normal 0 0 0
 outer loop
  vertex -1.1940306667121599e-14 -65 0
  vertex 15.529142379760742 -57.95555114746094 0
  vertex 22.96100616455078 -55.43277359008789 0
 endloop
endfacet
facet normal 0 0 0
 outer loop
  vertex 15.529142379760742 57.95555114746094 0
  vertex 7.831571578979492 59.486690521240234 0
  vertex 32.5 56.29165267944336 0
 endloop
endfacet
facet normal 0 0 0
 outer loop
  vertex 32.5 -56.29165267944336 0
  vertex -1.1940306667121599e-14 -65 0
  vertex 22.96100616455078 -55.43277359008789 0
 endloop
endfacet
facet normal 0 0 0
 outer loop
  vertex 22.96100616455078 55.43277359008789 0
  vertex 15.529142379760742 57.95555114746094 0
  vertex 32.5 56.29165267944336 0
 endloop
endfacet
facet normal 0 0 0
 outer loop
  vertex 32.5 -56.29165267944336 0
  vertex 22.96100616455078 -55.43277359008789 0
  vertex 30 -51.961524963378906 0
 endloop
endfacet
facet normal 0 0 0
 outer loop
  vertex 30 51.961524963378906 0
  vertex 22.96100616455078 55.43277359008789 0
  vertex 32.5 56.29165267944336 0
 endloop
endfacet
facet normal 0 0 0
 outer loop
  vertex 32.5 -56.29165267944336 0
  vertex 30 -51.961524963378906 0
  vertex 36.52568435668945 -47.601200103759766 0
 endloop
endfacet
facet normal 0 0 0
 outer loop
  vertex 36.52568435668945 47.601200103759766 0
  vertex 30 51.961524963378906 0
  vertex 32.5 56.29165267944336 0
 endloop
endfacet
facet normal 0 0 0
 outer loop
  vertex 32.5 -56.29165267944336 0
  vertex 36.52568435668945 -47.601200103759766 0
  vertex 42.42640686035156 -42.42640686035156 0
 endloop
endfacet
facet normal 0 0 0
 outer loop
  vertex 36.52568435668945 47.601200103759766 0
  vertex 32.5 56.29165267944336 0
  vertex 56.29165267944336 32.5 0
 endloop
endfacet
facet normal 0 0 0
 outer loop
  vertex 32.5 -56.29165267944336 0
  vertex 42.42640686035156 -42.42640686035156 0
  vertex 47.601200103759766 -36.52568435668945 0
 endloop
endfacet
facet normal 0 0 0
 outer loop
  vertex 42.42640686035156 42.42640686035156 0
  vertex 36.52568435668945 47.601200103759766 0
  vertex 56.29165267944336 32.5 0
 endloop
endfacet
facet normal 0 0 0
 outer loop
  vertex 56.29165267944336 -32.5 0
  vertex 32.5 -56.29165267944336 0
  vertex 47.601200103759766 -36.52568435668945 0
 endloop
endfacet
facet normal 0 0 0
 outer loop
  vertex 47.601200103759766 36.52568435668945 0
  vertex 42.42640686035156 42.42640686035156 0
  vertex 56.29165267944336 32.5 0
 endloop
endfacet
facet normal 0 0 0
 outer loop
  vertex 56.29165267944336 -32.5 0
  vertex 47.601200103759766 -36.52568435668945 0
  vertex 51.961524963378906 -30 0
 endloop
endfacet
facet normal 0 0 0
 outer loop
  vertex 51.961524963378906 30 0
  vertex 47.601200103759766 36.52568435668945 0
  vertex 56.29165267944336 32.5 0
 endloop
endfacet
facet normal 0 0 0
 outer loop
  vertex 56.29165267944336 -32.5 0
  vertex 51.961524963378906 -30 0
  vertex 55.43277359008789 -22.96100616455078 0
 endloop
endfacet
facet normal 0 0 0
 outer loop
  vertex 55.43277359008789 22.96100616455078 0
  vertex 51.961524963378906 30 0
  vertex 56.29165267944336 32.5 0
 endloop
endfacet
facet normal 0 0 0
 outer loop
  vertex 56.29165267944336 -32.5 0
  vertex 55.43277359008789 -22.96100616455078 0
  vertex 57.95555114746094 -15.529142379760742 0
 endloop
endfacet
facet normal 0 0 0
 outer loop
  vertex 55.43277359008789 22.96100616455078 0
  vertex 56.29165267944336 32.5 0
  vertex 65 0 0
 endloop
endfacet
facet normal 0 0 0
 outer loop
  vertex 56.29165267944336 -32.5 0
  vertex 57.95555114746094 -15.529142379760742 0
  vertex 59.486690521240234 -7.831571578979492 0
 endloop
endfacet
facet normal 0 0 0
 outer loop
  vertex 57.95555114746094 15.529142379760742 0
  vertex 55.43277359008789 22.96100616455078 0
  vertex 65 0 0
 endloop
endfacet
facet normal 0 0 0
 outer loop
  vertex 65 0 0
  vertex 56.29165267944336 -32.5 0
  vertex 59.486690521240234 -7.831571578979492 0
 endloop
endfacet
facet normal 0 0 0
 outer loop
  vertex 59.486690521240234 7.831571578979492 0
  vertex 57.95555114746094 15.529142379760742 0
  vertex 65 0 0
 endloop
endfacet
facet normal 0 0 0
 outer loop
  vertex 65 0 0
  vertex 59.486690521240234 -7.831571578979492 0
  vertex 60 0 0
 endloop
endfacet
facet normal 0 0 0
 outer loop
  vertex 60 0 0
  vertex 59.486690521240234 7.831571578979492 0
  vertex 65 0 0
 endloop
endfacet
facet normal 0 0 0
 outer loop
  vertex -65 7.960203880059101e-15 5
  vertex -60 -7.347880374357178e-15 5
  vertex -59.486690521240234 7.831571578979492 5
 endloop
endfacet
facet normal 0 0 0
 outer loop
  vertex -59.486690521240234 -7.831571578979492 5
  vertex -60 -7.347880374357178e-15 5
  vertex -65 7.960203880059101e-15 5
 endloop
endfacet
facet normal 0 0 0
 outer loop
  vertex -65 7.960203880059101e-15 5
  vertex -64.86083221435547 -4.251203536987305 5
  vertex -64.44391632080078 -8.48420238494873 5
 endloop
endfacet
facet normal 0 0 0
 outer loop
  vertex -64.44391632080078 -8.48420238494873 5
  vertex -63.751041412353516 -12.68087100982666 5
  vertex -62.785179138183594 -16.823238372802734 5
 endloop
endfacet
facet normal 0 0 0
 outer loop
  vertex -62.785179138183594 -16.823238372802734 5
  vertex -61.55045700073242 -20.893566131591797 5
  vertex -60.05216979980469 -24.87442398071289 5
 endloop
endfacet
facet normal 0 0 0
 outer loop
  vertex -60.05216979980469 -24.87442398071289 5
  vertex -58.296730041503906 -28.748764038085938 5
  vertex -56.29165267944336 -32.5 5
 endloop
endfacet
facet normal 0 0 0
 outer loop
  vertex -56.29165267944336 -32.5 5
  vertex -54.04552459716797 -36.112064361572266 5
  vertex -51.56796646118164 -39.56949234008789 5
 endloop
endfacet
facet normal 0 0 0
 outer loop
  vertex -51.56796646118164 -39.56949234008789 5
  vertex -48.86958694458008 -42.857479095458984 5
  vertex -45.96194076538086 -45.96194076538086 5
 endloop
endfacet
facet normal 0 0 0
 outer loop
  vertex -45.96194076538086 -45.96194076538086 5
  vertex -42.857479095458984 -48.86958694458008 5
  vertex -39.56949234008789 -51.56796646118164 5
 endloop
endfacet
facet normal 0 0 0
 outer loop
  vertex -39.56949234008789 -51.56796646118164 5
  vertex -36.112064361572266 -54.04552459716797 5
  vertex -32.5 -56.29165267944336 5
 endloop
endfacet
facet normal 0 0 0
 outer loop
  vertex -32.5 -56.29165267944336 5
  vertex -28.748764038085938 -58.296730041503906 5
  vertex -24.87442398071289 -60.05216979980469 5
 endloop
endfacet
facet normal 0 0 0
 outer loop
  vertex -24.87442398071289 -60.05216979980469 5
  vertex -20.893566131591797 -61.55045700073242 5
  vertex -16.823238372802734 -62.785179138183594 5
 endloop
endfacet
facet normal 0 0 0
 outer loop
  vertex -16.823238372802734 -62.785179138183594 5
  vertex -12.68087100982666 -63.751041412353516 5
  vertex -8.48420238494873 -64.44391632080078 5
 endloop
endfacet
facet normal 0 0 0
 outer loop
  vertex -8.48420238494873 -64.44391632080078 5
  vertex -4.251203536987305 -64.86083221435547 5
  vertex -1.1940306667121599e-14 -65 5
 endloop
endfacet
facet normal 0 0 0
 outer loop
  vertex -1.1940306667121599e-14 -65 5
  vertex 4.251203536987305 -64.86083221435547 5
  vertex 8.48420238494873 -64.44391632080078 5
 endloop
endfacet
facet normal 0 0 0
 outer loop
  vertex 8.48420238494873 -64.44391632080078 5
  vertex 12.68087100982666 -63.751041412353516 5
  vertex 16.823238372802734 -62.785179138183594 5
 endloop
endfacet
facet normal 0 0 0
 outer loop
  vertex 16.823238372802734 -62.785179138183594 5
  vertex 20.893566131591797 -61.55045700073242 5
  vertex 24.87442398071289 -60.05216979980469 5
 endloop
endfacet
facet normal 0 0 0
 outer loop
  vertex 24.87442398071289 -60.05216979980469 5
  vertex 28.748764038085938 -58.296730041503906 5
  vertex 32.5 -56.29165267944336 5
 endloop
endfacet
facet normal 0 0 0
 outer loop
  vertex 32.5 -56.29165267944336 5
  vertex 36.112064361572266 -54.04552459716797 5
  vertex 39.56949234008789 -51.56796646118164 5
 endloop
endfacet
facet normal 0 0 0
 outer loop
  vertex 39.56949234008789 -51.56796646118164 5
  vertex 42.857479095458984 -48.86958694458008 5
  vertex 45.96194076538086 -45.96194076538086 5
 endloop
endfacet
facet normal 0 0 0
 outer loop
  vertex 45.96194076538086 -45.96194076538086 5
  vertex 48.86958694458008 -42.857479095458984 5
  vertex 51.56796646118164 -39.56949234008789 5
 endloop
endfacet
facet normal 0 0 0
 outer loop
  vertex 51.56796646118164 -39.56949234008789 5
  vertex 54.04552459716797 -36.112064361572266 5
  vertex 56.29165267944336 -32.5 5
 endloop
endfacet
facet normal 0 0 0
 outer loop
  vertex 56.29165267944336 -32.5 5
  vertex 58.296730041503906 -28.748764038085938 5
  vertex 60.05216979980469 -24.87442398071289 5
 endloop
endfacet
facet normal 0 0 0
 outer loop
  vertex 60.05216979980469 -24.87442398071289 5
  vertex 61.55045700073242 -20.893566131591797 5
  vertex 62.785179138183594 -16.823238372802734 5
 endloop
endfacet
facet normal 0 0 0
 outer loop
  vertex 62.785179138183594 -16.823238372802734 5
  vertex 63.751041412353516 -12.68087100982666 5
  vertex 64.44391632080078 -8.48420238494873 5
 endloop
endfacet
facet normal 0 0 0
 outer loop
  vertex 64.44391632080078 -8.48420238494873 5
  vertex 64.86083221435547 -4.251203536987305 5
  vertex 65 0 5
 endloop
endfacet
facet normal 0 0 0
 outer loop
  vertex 65 0 5
  vertex 64.86083221435547 4.251203536987305 5
  vertex 64.44391632080078 8.48420238494873 5
 endloop
endfacet
facet normal 0 0 0
 outer loop
  vertex 64.44391632080078 8.48420238494873 5
  vertex 63.751041412353516 12.68087100982666 5
  vertex 62.785179138183594 16.823238372802734 5
 endloop
endfacet
facet normal 0 0 0
 outer loop
  vertex 62.785179138183594 16.823238372802734 5
  vertex 61.55045700073242 20.893566131591797 5
  vertex 60.05216979980469 24.87442398071289 5
 endloop
endfacet
facet normal 0 0 0
 outer loop
  vertex 60.05216979980469 24.87442398071289 5
  vertex 58.296730041503906 28.748764038085938 5
  vertex 56.29165267944336 32.5 5
 endloop
endfacet
facet normal 0 0 0
 outer loop
  vertex 56.29165267944336 32.5 5
  vertex 54.04552459716797 36.112064361572266 5
  vertex 51.56796646118164 39.56949234008789 5
 endloop
endfacet
facet normal 0 0 0
 outer loop
  vertex 51.56796646118164 39.56949234008789 5
  vertex 48.86958694458008 42.857479095458984 5
  vertex 45.96194076538086 45.96194076538086 5
 endloop
endfacet
facet normal 0 0 0
 outer loop
  vertex 45.96194076538086 45.96194076538086 5
  vertex 42.857479095458984 48.86958694458008 5
  vertex 39.56949234008789 51.56796646118164 5
 endloop
endfacet
facet normal 0 0 0
 outer loop
  vertex 39.56949234008789 51.56796646118164 5
  vertex 36.112064361572266 54.04552459716797 5
  vertex 32.5 56.29165267944336 5
 endloop
endfacet
facet normal 0 0 0
 outer loop
  vertex 32.5 56.29165267944336 5
  vertex 28.748764038085938 58.296730041503906 5
  vertex 24.87442398071289 60.05216979980469 5
 endloop
endfacet
facet normal 0 0 0
 outer loop
  vertex 24.87442398071289 60.05216979980469 5
  vertex 20.893566131591797 61.55045700073242 5
  vertex 16.823238372802734 62.785179138183594 5
 endloop
endfacet
facet normal 0 0 0
 outer loop
  vertex 16.823238372802734 62.785179138183594 5
  vertex 12.68087100982666 63.751041412353516 5
  vertex 8.48420238494873 64.44391632080078 5
 endloop
endfacet
facet normal 0 0 0
 outer loop
  vertex 8.48420238494873 64.44391632080078 5
  vertex 4.251203536987305 64.86083221435547 5
  vertex 3.9801019400295505e-15 65 5
 endloop
endfacet
facet normal 0 0 0
 outer loop
  vertex 3.9801019400295505e-15 65 5
  vertex -4.251203536987305 64.86083221435547 5
  vertex -8.48420238494873 64.44391632080078 5
 endloop
endfacet
facet normal 0 0 0
 outer loop
  vertex -8.48420238494873 64.44391632080078 5
  vertex -12.68087100982666 63.751041412353516 5
  vertex -16.823238372802734 62.785179138183594 5
 endloop
endfacet
facet normal 0 0 0
 outer loop
  vertex -16.823238372802734 62.785179138183594 5
  vertex -20.893566131591797 61.55045700073242 5
  vertex -24.87442398071289 60.05216979980469 5
 endloop
endfacet
facet normal 0 0 0
 outer loop
  vertex -24.87442398071289 60.05216979980469 5
  vertex -28.748764038085938 58.296730041503906 5
  vertex -32.5 56.29165267944336 5
 endloop
endfacet
facet normal 0 0 0
 outer loop
  vertex -32.5 56.29165267944336 5
  vertex -36.112064361572266 54.04552459716797 5
  vertex -39.56949234008789 51.56796646118164 5
 endloop
endfacet
facet normal 0 0 0
 outer loop
  vertex -39.56949234008789 51.56796646118164 5
  vertex -42.857479095458984 48.86958694458008 5
  vertex -45.96194076538086 45.96194076538086 5
 endloop
endfacet
facet normal 0 0 0
 outer loop
  vertex -45.96194076538086 45.96194076538086 5
  vertex -48.86958694458008 42.857479095458984 5
  vertex -51.56796646118164 39.56949234008789 5
 endloop
endfacet
facet normal 0 0 0
 outer loop
  vertex -51.56796646118164 39.56949234008789 5
  vertex -54.04552459716797 36.112064361572266 5
  vertex -56.29165267944336 32.5 5
 endloop
endfacet
facet normal 0 0 0
 outer loop
  vertex -56.29165267944336 32.5 5
  vertex -58.296730041503906 28.748764038085938 5
  vertex -60.05216979980469 24.87442398071289 5
 endloop
endfacet
facet normal 0 0 0
 outer loop
  vertex -60.05216979980469 24.87442398071289 5
  vertex -61.55045700073242 20.893566131591797 5
  vertex -62.785179138183594 16.823238372802734 5
 endloop
endfacet
facet normal 0 0 0
 outer loop
  vertex -62.785179138183594 16.823238372802734 5
  vertex -63.751041412353516 12.68087100982666 5
  vertex -64.44391632080078 8.48420238494873 5
 endloop
endfacet
facet normal 0 0 0
 outer loop
  vertex -64.44391632080078 8.48420238494873 5
  vertex -64.86083221435547 4.251203536987305 5
  vertex -65 7.960203880059101e-15 5
 endloop
endfacet
facet normal 0 0 0
 outer loop
  vertex -65 7.960203880059101e-15 5
  vertex -59.486690521240234 7.831571578979492 5
  vertex -57.95555114746094 15.529142379760742 5
 endloop
endfacet
facet normal 0 0 0
 outer loop
  vertex -57.95555114746094 -15.529142379760742 5
  vertex -59.486690521240234 -7.831571578979492 5
  vertex -65 7.960203880059101e-15 5
 endloop
endfacet
facet normal 0 0 0
 outer loop
  vertex -65 7.960203880059101e-15 5
  vertex -64.44391632080078 -8.48420238494873 5
  vertex -62.785179138183594 -16.823238372802734 5
 endloop
endfacet
facet normal 0 0 0
 outer loop
  vertex -62.785179138183594 -16.823238372802734 5
  vertex -60.05216979980469 -24.87442398071289 5
  vertex -56.29165267944336 -32.5 5
 endloop
endfacet
facet normal 0 0 0
 outer loop
  vertex -56.29165267944336 -32.5 5
  vertex -51.56796646118164 -39.56949234008789 5
  vertex -45.96194076538086 -45.96194076538086 5
 endloop
endfacet
facet normal 0 0 0
 outer loop
  vertex -45.96194076538086 -45.96194076538086 5
  vertex -39.56949234008789 -51.56796646118164 5
  vertex -32.5 -56.29165267944336 5
 endloop
endfacet
facet normal 0 0 0
 outer loop
  vertex -32.5 -56.29165267944336 5
  vertex -24.87442398071289 -60.05216979980469 5
  vertex -16.823238372802734 -62.785179138183594 5
 endloop
endfacet
facet normal 0 0 0
 outer loop
  vertex -16.823238372802734 -62.785179138183594 5
  vertex -8.48420238494873 -64.44391632080078 5
  vertex -1.1940306667121599e-14 -65 5
 endloop
endfacet
facet normal 0 0 0
 outer loop
  vertex -1.1940306667121599e-14 -65 5
  vertex 8.48420238494873 -64.44391632080078 5
  vertex 16.823238372802734 -62.785179138183594 5
 endloop
endfacet
facet normal 0 0 0
 outer loop
  vertex 16.823238372802734 -62.785179138183594 5
  vertex 24.87442398071289 -60.05216979980469 5
  vertex 32.5 -56.29165267944336 5
 endloop
endfacet
facet normal 0 0 0
 outer loop
  vertex 32.5 -56.29165267944336 5
  vertex 39.56949234008789 -51.56796646118164 5
  vertex 45.96194076538086 -45.96194076538086 5
 endloop
endfacet
facet normal 0 0 0
 outer loop
  vertex 45.96194076538086 -45.96194076538086 5
  vertex 51.56796646118164 -39.56949234008789 5
  vertex 56.29165267944336 -32.5 5
 endloop
endfacet
facet normal 0 0 0
 outer loop
  vertex 56.29165267944336 -32.5 5
  vertex 60.05216979980469 -24.87442398071289 5
  vertex 62.785179138183594 -16.823238372802734 5
 endloop
endfacet
facet normal 0 0 0
 outer loop
  vertex 62.785179138183594 -16.823238372802734 5
  vertex 64.44391632080078 -8.48420238494873 5
  vertex 65 0 5
 endloop
endfacet
facet normal 0 0 0
 outer loop
  vertex 65 0 5
  vertex 64.44391632080078 8.48420238494873 5
  vertex 62.785179138183594 16.823238372802734 5
 endloop
endfacet
facet normal 0 0 0
 outer loop
  vertex 62.785179138183594 16.823238372802734 5
  vertex 60.05216979980469 24.87442398071289 5
  vertex 56.29165267944336 32.5 5
 endloop
endfacet
facet normal 0 0 0
 outer loop
  vertex 56.29165267944336 32.5 5
  vertex 51.56796646118164 39.56949234008789 5
  vertex 45.96194076538086 45.96194076538086 5
 endloop
endfacet
facet normal 0 0 0
 outer loop
  vertex 45.96194076538086 45.96194076538086 5
  vertex 39.56949234008789 51.56796646118164 5
  vertex 32.5 56.29165267944336 5
 endloop
endfacet
facet normal 0 0 0
 outer loop
  vertex 32.5 56.29165267944336 5
  vertex 24.87442398071289 60.05216979980469 5
  vertex 16.823238372802734 62.785179138183594 5
 endloop
endfacet
facet normal 0 0 0
 outer loop
  vertex 16.823238372802734 62.785179138183594 5
  vertex 8.48420238494873 64.44391632080078 5
  vertex 3.9801019400295505e-15 65 5
 endloop
endfacet
facet normal 0 0 0
 outer loop
  vertex 3.9801019400295505e-15 65 5
  vertex -8.48420238494873 64.44391632080078 5
  vertex -16.823238372802734 62.785179138183594 5
 endloop
endfacet
facet normal 0 0 0
 outer loop
  vertex -16.823238372802734 62.785179138183594 5
  vertex -24.87442398071289 60.05216979980469 5
  vertex -32.5 56.29165267944336 5
 endloop
endfacet
facet normal 0 0 0
 outer loop
  vertex -32.5 56.29165267944336 5
  vertex -39.56949234008789 51.56796646118164 5
  vertex -45.96194076538086 45.96194076538086 5
 endloop
endfacet
facet normal 0 0 0
 outer loop
  vertex -45.96194076538086 45.96194076538086 5
  vertex -51.56796646118164 39.56949234008789 5
  vertex -56.29165267944336 32.5 5
 endloop
endfacet
facet normal 0 0 0
 outer loop
  vertex -56.29165267944336 32.5 5
  vertex -60.05216979980469 24.87442398071289 5
  vertex -62.785179138183594 16.823238372802734 5
 endloop
endfacet
facet normal 0 0 0
 outer loop
  vertex -62.785179138183594 16.823238372802734 5
  vertex -64.44391632080078 8.48420238494873 5
  vertex -65 7.960203880059101e-15 5
 endloop
endfacet
facet normal 0 0 0
 outer loop
  vertex -65 7.960203880059101e-15 5
  vertex -57.95555114746094 15.529142379760742 5
  vertex -55.43277359008789 22.96100616455078 5
 endloop
endfacet
facet normal 0 0 0
 outer loop
  vertex -55.43277359008789 -22.96100616455078 5
  vertex -57.95555114746094 -15.529142379760742 5
  vertex -65 7.960203880059101e-15 5
 endloop
endfacet
facet normal 0 0 0
 outer loop
  vertex -65 7.960203880059101e-15 5
  vertex -62.785179138183594 -16.823238372802734 5
  vertex -56.29165267944336 -32.5 5
 endloop
endfacet
facet normal 0 0 0
 outer loop
  vertex -56.29165267944336 -32.5 5
  vertex -45.96194076538086 -45.96194076538086 5
  vertex -32.5 -56.29165267944336 5
 endloop
endfacet
facet normal 0 0 0
 outer loop
  vertex -32.5 -56.29165267944336 5
  vertex -16.823238372802734 -62.785179138183594 5
  vertex -1.1940306667121599e-14 -65 5
 endloop
endfacet
facet normal 0 0 0
 outer loop
  vertex -1.1940306667121599e-14 -65 5
  vertex 16.823238372802734 -62.785179138183594 5
  vertex 32.5 -56.29165267944336 5
 endloop
endfacet
facet normal 0 0 0
 outer loop
  vertex 32.5 -56.29165267944336 5
  vertex 45.96194076538086 -45.96194076538086 5
  vertex 56.29165267944336 -32.5 5
 endloop
endfacet
facet normal 0 0 0
 outer loop
  vertex 56.29165267944336 -32.5 5
  vertex 62.785179138183594 -16.823238372802734 5
  vertex 65 0 5
 endloop
endfacet
facet normal 0 0 0
 outer loop
  vertex 65 0 5
  vertex 62.785179138183594 16.823238372802734 5
  vertex 56.29165267944336 32.5 5
 endloop
endfacet
facet normal 0 0 0
 outer loop
  vertex 56.29165267944336 32.5 5
  vertex 45.96194076538086 45.96194076538086 5
  vertex 32.5 56.29165267944336 5
 endloop
endfacet
facet normal 0 0 0
 outer loop
  vertex 32.5 56.29165267944336 5
  vertex 16.823238372802734 62.785179138183594 5
  vertex 3.9801019400295505e-15 65 5
 endloop
endfacet
facet normal 0 0 0
 outer loop
  vertex 3.9801019400295505e-15 65 5
  vertex -16.823238372802734 62.785179138183594 5
  vertex -32.5 56.29165267944336 5
 endloop
endfacet
facet normal 0 0 0
 outer loop
  vertex -32.5 56.29165267944336 5
  vertex -45.96194076538086 45.96194076538086 5
  vertex -56.29165267944336 32.5 5
 endloop
endfacet
facet normal 0 0 0
 outer loop
  vertex -56.29165267944336 32.5 5
  vertex -62.785179138183594 16.823238372802734 5
  vertex -65 7.960203880059101e-15 5
 endloop
endfacet
facet normal 0 0 0
 outer loop
  vertex -55.43277359008789 -22.96100616455078 5
  vertex -65 7.960203880059101e-15 5
  vertex -56.29165267944336 -32.5 5
 endloop
endfacet
facet normal 0 0 0
 outer loop
  vertex -56.29165267944336 32.5 5
  vertex -65 7.960203880059101e-15 5
  vertex -55.43277359008789 22.96100616455078 5
 endloop
endfacet
facet normal 0 0 0
 outer loop
  vertex -51.961524963378906 -30 5
  vertex -55.43277359008789 -22.96100616455078 5
  vertex -56.29165267944336 -32.5 5
 endloop
endfacet
facet normal 0 0 0
 outer loop
  vertex -56.29165267944336 32.5 5
  vertex -55.43277359008789 22.96100616455078 5
  vertex -51.961524963378906 30 5
 endloop
endfacet
facet normal 0 0 0
 outer loop
  vertex -47.601200103759766 -36.52568435668945 5
  vertex -51.961524963378906 -30 5
  vertex -56.29165267944336 -32.5 5
 endloop
endfacet
facet normal 0 0 0
 outer loop
  vertex -56.29165267944336 32.5 5
  vertex -51.961524963378906 30 5
  vertex -47.601200103759766 36.52568435668945 5
 endloop
endfacet
facet normal 0 0 0
 outer loop
  vertex -42.42640686035156 -42.42640686035156 5
  vertex -47.601200103759766 -36.52568435668945 5
  vertex -56.29165267944336 -32.5 5
 endloop
endfacet
facet normal 0 0 0
 outer loop
  vertex -32.5 56.29165267944336 5
  vertex -56.29165267944336 32.5 5
  vertex -47.601200103759766 36.52568435668945 5
 endloop
endfacet
facet normal 0 0 0
 outer loop
  vertex -36.52568435668945 -47.601200103759766 5
  vertex -42.42640686035156 -42.42640686035156 5
  vertex -56.29165267944336 -32.5 5
 endloop
endfacet
facet normal 0 0 0
 outer loop
  vertex -32.5 56.29165267944336 5
  vertex -47.601200103759766 36.52568435668945 5
  vertex -42.42640686035156 42.42640686035156 5
 endloop
endfacet
facet normal 0 0 0
 outer loop
  vertex -36.52568435668945 -47.601200103759766 5
  vertex -56.29165267944336 -32.5 5
  vertex -32.5 -56.29165267944336 5
 endloop
endfacet
facet normal 0 0 0
 outer loop
  vertex -32.5 56.29165267944336 5
  vertex -42.42640686035156 42.42640686035156 5
  vertex -36.52568435668945 47.601200103759766 5
 endloop
endfacet
facet normal 0 0 0
 outer loop
  vertex -30 -51.961524963378906 5
  vertex -36.52568435668945 -47.601200103759766 5
  vertex -32.5 -56.29165267944336 5
 endloop
endfacet
facet normal 0 0 0
 outer loop
  vertex -32.5 56.29165267944336 5
  vertex -36.52568435668945 47.601200103759766 5
  vertex -30 51.961524963378906 5
 endloop
endfacet
facet normal 0 0 0
 outer loop
  vertex -22.96100616455078 -55.43277359008789 5
  vertex -30 -51.961524963378906 5
  vertex -32.5 -56.29165267944336 5
 endloop
endfacet
facet normal 0 0 0
 outer loop
  vertex -32.5 56.29165267944336 5
  vertex -30 51.961524963378906 5
  vertex -22.96100616455078 55.43277359008789 5
 endloop
endfacet
facet normal 0 0 0
 outer loop
  vertex -15.529142379760742 -57.95555114746094 5
  vertex -22.96100616455078 -55.43277359008789 5
  vertex -32.5 -56.29165267944336 5
 endloop
endfacet
facet normal 0 0 0
 outer loop
  vertex 3.9801019400295505e-15 65 5
  vertex -32.5 56.29165267944336 5
  vertex -22.96100616455078 55.43277359008789 5
 endloop
endfacet
facet normal 0 0 0
 outer loop
  vertex -7.831571578979492 -59.486690521240234 5
  vertex -15.529142379760742 -57.95555114746094 5
  vertex -32.5 -56.29165267944336 5
 endloop
endfacet
facet normal 0 0 0
 outer loop
  vertex 3.9801019400295505e-15 65 5
  vertex -22.96100616455078 55.43277359008789 5
  vertex -15.529142379760742 57.95555114746094 5
 endloop
endfacet
facet normal 0 0 0
 outer loop
  vertex -7.831571578979492 -59.486690521240234 5
  vertex -32.5 -56.29165267944336 5
  vertex -1.1940306667121599e-14 -65 5
 endloop
endfacet
facet normal 0 0 0
 outer loop
  vertex 3.9801019400295505e-15 65 5
  vertex -15.529142379760742 57.95555114746094 5
  vertex -7.831571578979492 59.486690521240234 5
 endloop
endfacet
facet normal 0 0 0
 outer loop
  vertex 3.673940187178589e-15 -60 5
  vertex -7.831571578979492 -59.486690521240234 5
  vertex -1.1940306667121599e-14 -65 5
 endloop
endfacet
facet normal 0 0 0
 outer loop
  vertex 3.9801019400295505e-15 65 5
  vertex -7.831571578979492 59.486690521240234 5
  vertex -1.1021821408568715e-14 60 5
 endloop
endfacet
facet normal 0 0 0
 outer loop
  vertex 7.831571578979492 -59.486690521240234 5
  vertex 3.673940187178589e-15 -60 5
  vertex -1.1940306667121599e-14 -65 5
 endloop
endfacet
facet normal 0 0 0
 outer loop
  vertex 3.9801019400295505e-15 65 5
  vertex -1.1021821408568715e-14 60 5
  vertex 7.831571578979492 59.486690521240234 5
 endloop
endfacet
facet normal 0 0 0
 outer loop
  vertex 15.529142379760742 -57.95555114746094 5
  vertex 7.831571578979492 -59.486690521240234 5
  vertex -1.1940306667121599e-14 -65 5
 endloop
endfacet
facet normal 0 0 0
 outer loop
  vertex 32.5 56.29165267944336 5
  vertex 3.9801019400295505e-15 65 5
  vertex 7.831571578979492 59.486690521240234 5
 endloop
endfacet
facet normal 0 0 0
 outer loop
  vertex 22.96100616455078 -55.43277359008789 5
  vertex 15.529142379760742 -57.95555114746094 5
  vertex -1.1940306667121599e-14 -65 5
 endloop
endfacet
facet normal 0 0 0
 outer loop
  vertex 32.5 56.29165267944336 5
  vertex 7.831571578979492 59.486690521240234 5
  vertex 15.529142379760742 57.95555114746094 5
 endloop
endfacet
facet normal 0 0 0
 outer loop
  vertex 22.96100616455078 -55.43277359008789 5
  vertex -1.1940306667121599e-14 -65 5
  vertex 32.5 -56.29165267944336 5
 endloop
endfacet
facet normal 0 0 0
 outer loop
  vertex 32.5 56.29165267944336 5
  vertex 15.529142379760742 57.95555114746094 5
  vertex 22.96100616455078 55.43277359008789 5
 endloop
endfacet
facet normal 0 0 0
 outer loop
  vertex 30 -51.961524963378906 5
  vertex 22.96100616455078 -55.43277359008789 5
  vertex 32.5 -56.29165267944336 5
 endloop
endfacet
facet normal 0 0 0
 outer loop
  vertex 32.5 56.29165267944336 5
  vertex 22.96100616455078 55.43277359008789 5
  vertex 30 51.961524963378906 5
 endloop
endfacet
facet normal 0 0 0
 outer loop
  vertex 36.52568435668945 -47.601200103759766 5
  vertex 30 -51.961524963378906 5
  vertex 32.5 -56.29165267944336 5
 endloop
endfacet
facet normal 0 0 0
 outer loop
  vertex 32.5 56.29165267944336 5
  vertex 30 51.961524963378906 5
  vertex 36.52568435668945 47.601200103759766 5
 endloop
endfacet
facet normal 0 0 0
 outer loop
  vertex 42.42640686035156 -42.42640686035156 5
  vertex 36.52568435668945 -47.601200103759766 5
  vertex 32.5 -56.29165267944336 5
 endloop
endfacet
facet normal 0 0 0
 outer loop
  vertex 56.29165267944336 32.5 5
  vertex 32.5 56.29165267944336 5
  vertex 36.52568435668945 47.601200103759766 5
 endloop
endfacet
facet normal 0 0 0
 outer loop
  vertex 47.601200103759766 -36.52568435668945 5
  vertex 42.42640686035156 -42.42640686035156 5
  vertex 32.5 -56.29165267944336 5
 endloop
endfacet
facet normal 0 0 0
 outer loop
  vertex 56.29165267944336 32.5 5
  vertex 36.52568435668945 47.601200103759766 5
  vertex 42.42640686035156 42.42640686035156 5
 endloop
endfacet
facet normal 0 0 0
 outer loop
  vertex 47.601200103759766 -36.52568435668945 5
  vertex 32.5 -56.29165267944336 5
  vertex 56.29165267944336 -32.5 5
 endloop
endfacet
facet normal 0 0 0
 outer loop
  vertex 56.29165267944336 32.5 5
  vertex 42.42640686035156 42.42640686035156 5
  vertex 47.601200103759766 36.52568435668945 5
 endloop
endfacet
facet normal 0 0 0
 outer loop
  vertex 51.961524963378906 -30 5
  vertex 47.601200103759766 -36.52568435668945 5
  vertex 56.29165267944336 -32.5 5
 endloop
endfacet
facet normal 0 0 0
 outer loop
  vertex 56.29165267944336 32.5 5
  vertex 47.601200103759766 36.52568435668945 5
  vertex 51.961524963378906 30 5
 endloop
endfacet
facet normal 0 0 0
 outer loop
  vertex 55.43277359008789 -22.96100616455078 5
  vertex 51.961524963378906 -30 5
  vertex 56.29165267944336 -32.5 5
 endloop
endfacet
facet normal 0 0 0
 outer loop
  vertex 56.29165267944336 32.5 5
  vertex 51.961524963378906 30 5
  vertex 55.43277359008789 22.96100616455078 5
 endloop
endfacet
facet normal 0 0 0
 outer loop
  vertex 57.95555114746094 -15.529142379760742 5
  vertex 55.43277359008789 -22.96100616455078 5
  vertex 56.29165267944336 -32.5 5
 endloop
endfacet
facet normal 0 0 0
 outer loop
  vertex 65 0 5
  vertex 56.29165267944336 32.5 5
  vertex 55.43277359008789 22.96100616455078 5
 endloop
endfacet
facet normal 0 0 0
 outer loop
  vertex 59.486690521240234 -7.831571578979492 5
  vertex 57.95555114746094 -15.529142379760742 5
  vertex 56.29165267944336 -32.5 5
 endloop
endfacet
facet normal 0 0 0
 outer loop
  vertex 65 0 5
  vertex 55.43277359008789 22.96100616455078 5
  vertex 57.95555114746094 15.529142379760742 5
 endloop
endfacet
facet normal 0 0 0
 outer loop
  vertex 59.486690521240234 -7.831571578979492 5
  vertex 56.29165267944336 -32.5 5
  vertex 65 0 5
 endloop
endfacet
facet normal 0 0 0
 outer loop
  vertex 65 0 5
  vertex 57.95555114746094 15.529142379760742 5
  vertex 59.486690521240234 7.831571578979492 5
 endloop
endfacet
facet normal 0 0 0
 outer loop
  vertex 60 0 5
  vertex 59.486690521240234 -7.831571578979492 5
  vertex 65 0 5
 endloop
endfacet
facet normal 0 0 0
 outer loop
  vertex 65 0 5
  vertex 59.486690521240234 7.831571578979492 5
  vertex 60 0 5
 endloop
endfacet
facet normal 0 0 0
 outer loop
  vertex 65 0 0
  vertex 64.86083221435547 4.251203536987305 0
  vertex 65 0 5
 endloop
endfacet
facet normal 0 0 0
 outer loop
  vertex 64.86083221435547 4.251203536987305 0
  vertex 64.86083221435547 4.251203536987305 5
  vertex 65 0 5
 endloop
endfacet
facet normal 0 0 0
 outer loop
  vertex 64.86083221435547 4.251203536987305 0
  vertex 64.44391632080078 8.48420238494873 0
  vertex 64.86083221435547 4.251203536987305 5
 endloop
endfacet
facet normal 0 0 0
 outer loop
  vertex 64.44391632080078 8.48420238494873 0
  vertex 64.44391632080078 8.48420238494873 5
  vertex 64.86083221435547 4.251203536987305 5
 endloop
endfacet
facet normal 0 0 0
 outer loop
  vertex 64.44391632080078 8.48420238494873 0
  vertex 63.751041412353516 12.68087100982666 0
  vertex 64.44391632080078 8.48420238494873 5
 endloop
endfacet
facet normal 0 0 0
 outer loop
  vertex 63.751041412353516 12.68087100982666 0
  vertex 63.751041412353516 12.68087100982666 5
  vertex 64.44391632080078 8.48420238494873 5
 endloop
endfacet
facet normal 0 0 0
 outer loop
  vertex 63.751041412353516 12.68087100982666 0
  vertex 62.785179138183594 16.823238372802734 0
  vertex 63.751041412353516 12.68087100982666 5
 endloop
endfacet
facet normal 0 0 0
 outer loop
  vertex 62.785179138183594 16.823238372802734 0
  vertex 62.785179138183594 16.823238372802734 5
  vertex 63.751041412353516 12.68087100982666 5
 endloop
endfacet
facet normal 0 0 0
 outer loop
  vertex 62.785179138183594 16.823238372802734 0
  vertex 61.55045700073242 20.893566131591797 0
  vertex 62.785179138183594 16.823238372802734 5
 endloop
endfacet
facet normal 0 0 0
 outer loop
  vertex 61.55045700073242 20.893566131591797 0
  vertex 61.55045700073242 20.893566131591797 5
  vertex 62.785179138183594 16.823238372802734 5
 endloop
endfacet
facet normal 0 0 0
 outer loop
  vertex 61.55045700073242 20.893566131591797 0
  vertex 60.05216979980469 24.87442398071289 0
  vertex 61.55045700073242 20.893566131591797 5
 endloop
endfacet
facet normal 0 0 0
 outer loop
  vertex 60.05216979980469 24.87442398071289 0
  vertex 60.05216979980469 24.87442398071289 5
  vertex 61.55045700073242 20.893566131591797 5
 endloop
endfacet
facet normal 0 0 0
 outer loop
  vertex 60.05216979980469 24.87442398071289 0
  vertex 58.296730041503906 28.748764038085938 0
  vertex 60.05216979980469 24.87442398071289 5
 endloop
endfacet
facet normal 0 0 0
 outer loop
  vertex 58.296730041503906 28.748764038085938 0
  vertex 58.296730041503906 28.748764038085938 5
  vertex 60.05216979980469 24.87442398071289 5
 endloop
endfacet
facet normal 0 0 0
 outer loop
  vertex 58.296730041503906 28.748764038085938 0
  vertex 56.29165267944336 32.5 0
  vertex 58.296730041503906 28.748764038085938 5
 endloop
endfacet
facet normal 0 0 0
 outer loop
  vertex 56.29165267944336 32.5 0
  vertex 56.29165267944336 32.5 5
  vertex 58.296730041503906 28.748764038085938 5
 endloop
endfacet
facet normal 0 0 0
 outer loop
  vertex 56.29165267944336 32.5 0
  vertex 54.04552459716797 36.112064361572266 0
  vertex 56.29165267944336 32.5 5
 endloop
endfacet
facet normal 0 0 0
 outer loop
  vertex 54.04552459716797 36.112064361572266 0
  vertex 54.04552459716797 36.112064361572266 5
  vertex 56.29165267944336 32.5 5
 endloop
endfacet
facet normal 0 0 0
 outer loop
  vertex 54.04552459716797 36.112064361572266 0
  vertex 51.56796646118164 39.56949234008789 0
  vertex 54.04552459716797 36.112064361572266 5
 endloop
endfacet
facet normal 0 0 0
 outer loop
  vertex 51.56796646118164 39.56949234008789 0
  vertex 51.56796646118164 39.56949234008789 5
  vertex 54.04552459716797 36.112064361572266 5
 endloop
endfacet
facet normal 0 0 0
 outer loop
  vertex 51.56796646118164 39.56949234008789 0
  vertex 48.86958694458008 42.857479095458984 0
  vertex 51.56796646118164 39.56949234008789 5
 endloop
endfacet
facet normal 0 0 0
 outer loop
  vertex 48.86958694458008 42.857479095458984 0
  vertex 48.86958694458008 42.857479095458984 5
  vertex 51.56796646118164 39.56949234008789 5
 endloop
endfacet
facet normal 0 0 0
 outer loop
  vertex 48.86958694458008 42.857479095458984 0
  vertex 45.96194076538086 45.96194076538086 0
  vertex 48.86958694458008 42.857479095458984 5
 endloop
endfacet
facet normal 0 0 0
 outer loop
  vertex 45.96194076538086 45.96194076538086 0
  vertex 45.96194076538086 45.96194076538086 5
  vertex 48.86958694458008 42.857479095458984 5
 endloop
endfacet
facet normal 0 0 0
 outer loop
  vertex 45.96194076538086 45.96194076538086 0
  vertex 42.857479095458984 48.86958694458008 0
  vertex 45.96194076538086 45.96194076538086 5
 endloop
endfacet
facet normal 0 0 0
 outer loop
  vertex 42.857479095458984 48.86958694458008 0
  vertex 42.857479095458984 48.86958694458008 5
  vertex 45.96194076538086 45.96194076538086 5
 endloop
endfacet
facet normal 0 0 0
 outer loop
  vertex 42.857479095458984 48.86958694458008 0
  vertex 39.56949234008789 51.56796646118164 0
  vertex 42.857479095458984 48.86958694458008 5
 endloop
endfacet
facet normal 0 0 0
 outer loop
  vertex 39.56949234008789 51.56796646118164 0
  vertex 39.56949234008789 51.56796646118164 5
  vertex 42.857479095458984 48.86958694458008 5
 endloop
endfacet
facet normal 0 0 0
 outer loop
  vertex 39.56949234008789 51.56796646118164 0
  vertex 36.112064361572266 54.04552459716797 0
  vertex 39.56949234008789 51.56796646118164 5
 endloop
endfacet
facet normal 0 0 0
 outer loop
  vertex 36.112064361572266 54.04552459716797 0
  vertex 36.112064361572266 54.04552459716797 5
  vertex 39.56949234008789 51.56796646118164 5
 endloop
endfacet
facet normal 0 0 0
 outer loop
  vertex 36.112064361572266 54.04552459716797 0
  vertex 32.5 56.29165267944336 0
  vertex 36.112064361572266 54.04552459716797 5
 endloop
endfacet
facet normal 0 0 0
 outer loop
  vertex 32.5 56.29165267944336 0
  vertex 32.5 56.29165267944336 5
  vertex 36.112064361572266 54.04552459716797 5
 endloop
endfacet
facet normal 0 0 0
 outer loop
  vertex 32.5 56.29165267944336 0
  vertex 28.748764038085938 58.296730041503906 0
  vertex 32.5 56.29165267944336 5
 endloop
endfacet
facet normal 0 0 0
 outer loop
  vertex 28.748764038085938 58.296730041503906 0
  vertex 28.748764038085938 58.296730041503906 5
  vertex 32.5 56.29165267944336 5
 endloop
endfacet
facet normal 0 0 0
 outer loop
  vertex 28.748764038085938 58.296730041503906 0
  vertex 24.87442398071289 60.05216979980469 0
  vertex 28.748764038085938 58.296730041503906 5
 endloop
endfacet
facet normal 0 0 0
 outer loop
  vertex 24.87442398071289 60.05216979980469 0
  vertex 24.87442398071289 60.05216979980469 5
  vertex 28.748764038085938 58.296730041503906 5
 endloop
endfacet
facet normal 0 0 0
 outer loop
  vertex 24.87442398071289 60.05216979980469 0
  vertex 20.893566131591797 61.55045700073242 0
  vertex 24.87442398071289 60.05216979980469 5
 endloop
endfacet
facet normal 0 0 0
 outer loop
  vertex 20.893566131591797 61.55045700073242 0
  vertex 20.893566131591797 61.55045700073242 5
  vertex 24.87442398071289 60.05216979980469 5
 endloop
endfacet
facet normal 0 0 0
 outer loop
  vertex 20.893566131591797 61.55045700073242 0
  vertex 16.823238372802734 62.785179138183594 0
  vertex 20.893566131591797 61.55045700073242 5
 endloop
endfacet
facet normal 0 0 0
 outer loop
  vertex 16.823238372802734 62.785179138183594 0
  vertex 16.823238372802734 62.785179138183594 5
  vertex 20.893566131591797 61.55045700073242 5
 endloop
endfacet
facet normal 0 0 0
 outer loop
  vertex 16.823238372802734 62.785179138183594 0
  vertex 12.68087100982666 63.751041412353516 0
  vertex 16.823238372802734 62.785179138183594 5
 endloop
endfacet
facet normal 0 0 0
 outer loop
  vertex 12.68087100982666 63.751041412353516 0
  vertex 12.68087100982666 63.751041412353516 5
  vertex 16.823238372802734 62.785179138183594 5
 endloop
endfacet
facet normal 0 0 0
 outer loop
  vertex 12.68087100982666 63.751041412353516 0
  vertex 8.48420238494873 64.44391632080078 0
  vertex 12.68087100982666 63.751041412353516 5
 endloop
endfacet
facet normal 0 0 0
 outer loop
  vertex 8.48420238494873 64.44391632080078 0
  vertex 8.48420238494873 64.44391632080078 5
  vertex 12.68087100982666 63.751041412353516 5
 endloop
endfacet
facet normal 0 0 0
 outer loop
  vertex 8.48420238494873 64.44391632080078 0
  vertex 4.251203536987305 64.86083221435547 0
  vertex 8.48420238494873 64.44391632080078 5
 endloop
endfacet
facet normal 0 0 0
 outer loop
  vertex 4.251203536987305 64.86083221435547 0
  vertex 4.251203536987305 64.86083221435547 5
  vertex 8.48420238494873 64.44391632080078 5
 endloop
endfacet
facet normal 0 0 0
 outer loop
  vertex 4.251203536987305 64.86083221435547 0
  vertex 3.9801019400295505e-15 65 0
  vertex 4.251203536987305 64.86083221435547 5
 endloop
endfacet
facet normal 0 0 0
 outer loop
  vertex 3.9801019400295505e-15 65 0
  vertex 3.9801019400295505e-15 65 5
  vertex 4.251203536987305 64.86083221435547 5
 endloop
endfacet
facet normal 0 0 0
 outer loop
  vertex 3.9801019400295505e-15 65 0
  vertex -4.251203536987305 64.86083221435547 0
  vertex 3.9801019400295505e-15 65 5
 endloop
endfacet
facet normal 0 0 0
 outer loop
  vertex -4.251203536987305 64.86083221435547 0
  vertex -4.251203536987305 64.86083221435547 5
  vertex 3.9801019400295505e-15 65 5
 endloop
endfacet
facet normal 0 0 0
 outer loop
  vertex -4.251203536987305 64.86083221435547 0
  vertex -8.48420238494873 64.44391632080078 0
  vertex -4.251203536987305 64.86083221435547 5
 endloop
endfacet
facet normal 0 0 0
 outer loop
  vertex -8.48420238494873 64.44391632080078 0
  vertex -8.48420238494873 64.44391632080078 5
  vertex -4.251203536987305 64.86083221435547 5
 endloop
endfacet
facet normal 0 0 0
 outer loop
  vertex -8.48420238494873 64.44391632080078 0
  vertex -12.68087100982666 63.751041412353516 0
  vertex -8.48420238494873 64.44391632080078 5
 endloop
endfacet
facet normal 0 0 0
 outer loop
  vertex -12.68087100982666 63.751041412353516 0
  vertex -12.68087100982666 63.751041412353516 5
  vertex -8.48420238494873 64.44391632080078 5
 endloop
endfacet
facet normal 0 0 0
 outer loop
  vertex -12.68087100982666 63.751041412353516 0
  vertex -16.823238372802734 62.785179138183594 0
  vertex -12.68087100982666 63.751041412353516 5
 endloop
endfacet
facet normal 0 0 0
 outer loop
  vertex -16.823238372802734 62.785179138183594 0
  vertex -16.823238372802734 62.785179138183594 5
  vertex -12.68087100982666 63.751041412353516 5
 endloop
endfacet
facet normal 0 0 0
 outer loop
  vertex -16.823238372802734 62.785179138183594 0
  vertex -20.893566131591797 61.55045700073242 0
  vertex -16.823238372802734 62.785179138183594 5
 endloop
endfacet
facet normal 0 0 0
 outer loop
  vertex -20.893566131591797 61.55045700073242 0
  vertex -20.893566131591797 61.55045700073242 5
  vertex -16.823238372802734 62.785179138183594 5
 endloop
endfacet
facet normal 0 0 0
 outer loop
  vertex -20.893566131591797 61.55045700073242 0
  vertex -24.87442398071289 60.05216979980469 0
  vertex -20.893566131591797 61.55045700073242 5
 endloop
endfacet
facet normal 0 0 0
 outer loop
  vertex -24.87442398071289 60.05216979980469 0
  vertex -24.87442398071289 60.05216979980469 5
  vertex -20.893566131591797 61.55045700073242 5
 endloop
endfacet
facet normal 0 0 0
 outer loop
  vertex -24.87442398071289 60.05216979980469 0
  vertex -28.748764038085938 58.296730041503906 0
  vertex -24.87442398071289 60.05216979980469 5
 endloop
endfacet
facet normal 0 0 0
 outer loop
  vertex -28.748764038085938 58.296730041503906 0
  vertex -28.748764038085938 58.296730041503906 5
  vertex -24.87442398071289 60.05216979980469 5
 endloop
endfacet
facet normal 0 0 0
 outer loop
  vertex -28.748764038085938 58.296730041503906 0
  vertex -32.5 56.29165267944336 0
  vertex -28.748764038085938 58.296730041503906 5
 endloop
endfacet
facet normal 0 0 0
 outer loop
  vertex -32.5 56.29165267944336 0
  vertex -32.5 56.29165267944336 5
  vertex -28.748764038085938 58.296730041503906 5
 endloop
endfacet
facet normal 0 0 0
 outer loop
  vertex -32.5 56.29165267944336 0
  vertex -36.112064361572266 54.04552459716797 0
  vertex -32.5 56.29165267944336 5
 endloop
endfacet
facet normal 0 0 0
 outer loop
  vertex -36.112064361572266 54.04552459716797 0
  vertex -36.112064361572266 54.04552459716797 5
  vertex -32.5 56.29165267944336 5
 endloop
endfacet
facet normal 0 0 0
 outer loop
  vertex -36.112064361572266 54.04552459716797 0
  vertex -39.56949234008789 51.56796646118164 0
  vertex -36.112064361572266 54.04552459716797 5
 endloop
endfacet
facet normal 0 0 0
 outer loop
  vertex -39.56949234008789 51.56796646118164 0
  vertex -39.56949234008789 51.56796646118164 5
  vertex -36.112064361572266 54.04552459716797 5
 endloop
endfacet
facet normal 0 0 0
 outer loop
  vertex -39.56949234008789 51.56796646118164 0
  vertex -42.857479095458984 48.86958694458008 0
  vertex -39.56949234008789 51.56796646118164 5
 endloop
endfacet
facet normal 0 0 0
 outer loop
  vertex -42.857479095458984 48.86958694458008 0
  vertex -42.857479095458984 48.86958694458008 5
  vertex -39.56949234008789 51.56796646118164 5
 endloop
endfacet
facet normal 0 0 0
 outer loop
  vertex -42.857479095458984 48.86958694458008 0
  vertex -45.96194076538086 45.96194076538086 0
  vertex -42.857479095458984 48.86958694458008 5
 endloop
endfacet
facet normal 0 0 0
 outer loop
  vertex -45.96194076538086 45.96194076538086 0
  vertex -45.96194076538086 45.96194076538086 5
  vertex -42.857479095458984 48.86958694458008 5
 endloop
endfacet
facet normal 0 0 0
 outer loop
  vertex -45.96194076538086 45.96194076538086 0
  vertex -48.86958694458008 42.857479095458984 0
  vertex -45.96194076538086 45.96194076538086 5
 endloop
endfacet
facet normal 0 0 0
 outer loop
  vertex -48.86958694458008 42.857479095458984 0
  vertex -48.86958694458008 42.857479095458984 5
  vertex -45.96194076538086 45.96194076538086 5
 endloop
endfacet
facet normal 0 0 0
 outer loop
  vertex -48.86958694458008 42.857479095458984 0
  vertex -51.56796646118164 39.56949234008789 0
  vertex -48.86958694458008 42.857479095458984 5
 endloop
endfacet
facet normal 0 0 0
 outer loop
  vertex -51.56796646118164 39.56949234008789 0
  vertex -51.56796646118164 39.56949234008789 5
  vertex -48.86958694458008 42.857479095458984 5
 endloop
endfacet
facet normal 0 0 0
 outer loop
  vertex -51.56796646118164 39.56949234008789 0
  vertex -54.04552459716797 36.112064361572266 0
  vertex -51.56796646118164 39.56949234008789 5
 endloop
endfacet
facet normal 0 0 0
 outer loop
  vertex -54.04552459716797 36.112064361572266 0
  vertex -54.04552459716797 36.112064361572266 5
  vertex -51.56796646118164 39.56949234008789 5
 endloop
endfacet
facet normal 0 0 0
 outer loop
  vertex -54.04552459716797 36.112064361572266 0
  vertex -56.29165267944336 32.5 0
  vertex -54.04552459716797 36.112064361572266 5
 endloop
endfacet
facet normal 0 0 0
 outer loop
  vertex -56.29165267944336 32.5 0
  vertex -56.29165267944336 32.5 5
  vertex -54.04552459716797 36.112064361572266 5
 endloop
endfacet
facet normal 0 0 0
 outer loop
  vertex -56.29165267944336 32.5 0
  vertex -58.296730041503906 28.748764038085938 0
  vertex -56.29165267944336 32.5 5
 endloop
endfacet
facet normal 0 0 0
 outer loop
  vertex -58.296730041503906 28.748764038085938 0
  vertex -58.296730041503906 28.748764038085938 5
  vertex -56.29165267944336 32.5 5
 endloop
endfacet
facet normal 0 0 0
 outer loop
  vertex -58.296730041503906 28.748764038085938 0
  vertex -60.05216979980469 24.87442398071289 0
  vertex -58.296730041503906 28.748764038085938 5
 endloop
endfacet
facet normal 0 0 0
 outer loop
  vertex -60.05216979980469 24.87442398071289 0
  vertex -60.05216979980469 24.87442398071289 5
  vertex -58.296730041503906 28.748764038085938 5
 endloop
endfacet
facet normal 0 0 0
 outer loop
  vertex -60.05216979980469 24.87442398071289 0
  vertex -61.55045700073242 20.893566131591797 0
  vertex -60.05216979980469 24.87442398071289 5
 endloop
endfacet
facet normal 0 0 0
 outer loop
  vertex -61.55045700073242 20.893566131591797 0
  vertex -61.55045700073242 20.893566131591797 5
  vertex -60.05216979980469 24.87442398071289 5
 endloop
endfacet
facet normal 0 0 0
 outer loop
  vertex -61.55045700073242 20.893566131591797 0
  vertex -62.785179138183594 16.823238372802734 0
  vertex -61.55045700073242 20.893566131591797 5
 endloop
endfacet
facet normal 0 0 0
 outer loop
  vertex -62.785179138183594 16.823238372802734 0
  vertex -62.785179138183594 16.823238372802734 5
  vertex -61.55045700073242 20.893566131591797 5
 endloop
endfacet
facet normal 0 0 0
 outer loop
  vertex -62.785179138183594 16.823238372802734 0
  vertex -63.751041412353516 12.68087100982666 0
  vertex -62.785179138183594 16.823238372802734 5
 endloop
endfacet
facet normal 0 0 0
 outer loop
  vertex -63.751041412353516 12.68087100982666 0
  vertex -63.751041412353516 12.68087100982666 5
  vertex -62.785179138183594 16.823238372802734 5
 endloop
endfacet
facet normal 0 0 0
 outer loop
  vertex -63.751041412353516 12.68087100982666 0
  vertex -64.44391632080078 8.48420238494873 0
  vertex -63.751041412353516 12.68087100982666 5
 endloop
endfacet
facet normal 0 0 0
 outer loop
  vertex -64.44391632080078 8.48420238494873 0
  vertex -64.44391632080078 8.48420238494873 5
  vertex -63.751041412353516 12.68087100982666 5
 endloop
endfacet
facet normal 0 0 0
 outer loop
  vertex -64.44391632080078 8.48420238494873 0
  vertex -64.86083221435547 4.251203536987305 0
  vertex -64.44391632080078 8.48420238494873 5
 endloop
endfacet
facet normal 0 0 0
 outer loop
  vertex -64.86083221435547 4.251203536987305 0
  vertex -64.86083221435547 4.251203536987305 5
  vertex -64.44391632080078 8.48420238494873 5
 endloop
endfacet
facet normal 0 0 0
 outer loop
  vertex -64.86083221435547 4.251203536987305 0
  vertex -65 7.960203880059101e-15 0
  vertex -64.86083221435547 4.251203536987305 5
 endloop
endfacet
facet normal 0 0 0
 outer loop
  vertex -65 7.960203880059101e-15 0
  vertex -65 7.960203880059101e-15 5
  vertex -64.86083221435547 4.251203536987305 5
 endloop
endfacet
facet normal 0 0 0
 outer loop
  vertex -65 7.960203880059101e-15 0
  vertex -64.86083221435547 -4.251203536987305 0
  vertex -65 7.960203880059101e-15 5
 endloop
endfacet
facet normal 0 0 0
 outer loop
  vertex -64.86083221435547 -4.251203536987305 0
  vertex -64.86083221435547 -4.251203536987305 5
  vertex -65 7.960203880059101e-15 5
 endloop
endfacet
facet normal 0 0 0
 outer loop
  vertex -64.86083221435547 -4.251203536987305 0
  vertex -64.44391632080078 -8.48420238494873 0
  vertex -64.86083221435547 -4.251203536987305 5
 endloop
endfacet
facet normal 0 0 0
 outer loop
  vertex -64.44391632080078 -8.48420238494873 0
  vertex -64.44391632080078 -8.48420238494873 5
  vertex -64.86083221435547 -4.251203536987305 5
 endloop
endfacet
facet normal 0 0 0
 outer loop
  vertex -64.44391632080078 -8.48420238494873 0
  vertex -63.751041412353516 -12.68087100982666 0
  vertex -64.44391632080078 -8.48420238494873 5
 endloop
endfacet
facet normal 0 0 0
 outer loop
  vertex -63.751041412353516 -12.68087100982666 0
  vertex -63.751041412353516 -12.68087100982666 5
  vertex -64.44391632080078 -8.48420238494873 5
 endloop
endfacet
facet normal 0 0 0
 outer loop
  vertex -63.751041412353516 -12.68087100982666 0
  vertex -62.785179138183594 -16.823238372802734 0
  vertex -63.751041412353516 -12.68087100982666 5
 endloop
endfacet
facet normal 0 0 0
 outer loop
  vertex -62.785179138183594 -16.823238372802734 0
  vertex -62.785179138183594 -16.823238372802734 5
  vertex -63.751041412353516 -12.68087100982666 5
 endloop
endfacet
facet normal 0 0 0
 outer loop
  vertex -62.785179138183594 -16.823238372802734 0
  vertex -61.55045700073242 -20.893566131591797 0
  vertex -62.785179138183594 -16.823238372802734 5
 endloop
endfacet
facet normal 0 0 0
 outer loop
  vertex -61.55045700073242 -20.893566131591797 0
  vertex -61.55045700073242 -20.893566131591797 5
  vertex -62.785179138183594 -16.823238372802734 5
 endloop
endfacet
facet normal 0 0 0
 outer loop
  vertex -61.55045700073242 -20.893566131591797 0
  vertex -60.05216979980469 -24.87442398071289 0
  vertex -61.55045700073242 -20.893566131591797 5
 endloop
endfacet
facet normal 0 0 0
 outer loop
  vertex -60.05216979980469 -24.87442398071289 0
  vertex -60.05216979980469 -24.87442398071289 5
  vertex -61.55045700073242 -20.893566131591797 5
 endloop
endfacet
facet normal 0 0 0
 outer loop
  vertex -60.05216979980469 -24.87442398071289 0
  vertex -58.296730041503906 -28.748764038085938 0
  vertex -60.05216979980469 -24.87442398071289 5
 endloop
endfacet
facet normal 0 0 0
 outer loop
  vertex -58.296730041503906 -28.748764038085938 0
  vertex -58.296730041503906 -28.748764038085938 5
  vertex -60.05216979980469 -24.87442398071289 5
 endloop
endfacet
facet normal 0 0 0
 outer loop
  vertex -58.296730041503906 -28.748764038085938 0
  vertex -56.29165267944336 -32.5 0
  vertex -58.296730041503906 -28.748764038085938 5
 endloop
endfacet
facet normal 0 0 0
 outer loop
  vertex -56.29165267944336 -32.5 0
  vertex -56.29165267944336 -32.5 5
  vertex -58.296730041503906 -28.748764038085938 5
 endloop
endfacet
facet normal 0 0 0
 outer loop
  vertex -56.29165267944336 -32.5 0
  vertex -54.04552459716797 -36.112064361572266 0
  vertex -56.29165267944336 -32.5 5
 endloop
endfacet
facet normal 0 0 0
 outer loop
  vertex -54.04552459716797 -36.112064361572266 0
  vertex -54.04552459716797 -36.112064361572266 5
  vertex -56.29165267944336 -32.5 5
 endloop
endfacet
facet normal 0 0 0
 outer loop
  vertex -54.04552459716797 -36.112064361572266 0
  vertex -51.56796646118164 -39.56949234008789 0
  vertex -54.04552459716797 -36.112064361572266 5
 endloop
endfacet
facet normal 0 0 0
 outer loop
  vertex -51.56796646118164 -39.56949234008789 0
  vertex -51.56796646118164 -39.56949234008789 5
  vertex -54.04552459716797 -36.112064361572266 5
 endloop
endfacet
facet normal 0 0 0
 outer loop
  vertex -51.56796646118164 -39.56949234008789 0
  vertex -48.86958694458008 -42.857479095458984 0
  vertex -51.56796646118164 -39.56949234008789 5
 endloop
endfacet
facet normal 0 0 0
 outer loop
  vertex -48.86958694458008 -42.857479095458984 0
  vertex -48.86958694458008 -42.857479095458984 5
  vertex -51.56796646118164 -39.56949234008789 5
 endloop
endfacet
facet normal 0 0 0
 outer loop
  vertex -48.86958694458008 -42.857479095458984 0
  vertex -45.96194076538086 -45.96194076538086 0
  vertex -48.86958694458008 -42.857479095458984 5
 endloop
endfacet
facet normal 0 0 0
 outer loop
  vertex -45.96194076538086 -45.96194076538086 0
  vertex -45.96194076538086 -45.96194076538086 5
  vertex -48.86958694458008 -42.857479095458984 5
 endloop
endfacet
facet normal 0 0 0
 outer loop
  vertex -45.96194076538086 -45.96194076538086 0
  vertex -42.857479095458984 -48.86958694458008 0
  vertex -45.96194076538086 -45.96194076538086 5
 endloop
endfacet
facet normal 0 0 0
 outer loop
  vertex -42.857479095458984 -48.86958694458008 0
  vertex -42.857479095458984 -48.86958694458008 5
  vertex -45.96194076538086 -45.96194076538086 5
 endloop
endfacet
facet normal 0 0 0
 outer loop
  vertex -42.857479095458984 -48.86958694458008 0
  vertex -39.56949234008789 -51.56796646118164 0
  vertex -42.857479095458984 -48.86958694458008 5
 endloop
endfacet
facet normal 0 0 0
 outer loop
  vertex -39.56949234008789 -51.56796646118164 0
  vertex -39.56949234008789 -51.56796646118164 5
  vertex -42.857479095458984 -48.86958694458008 5
 endloop
endfacet
facet normal 0 0 0
 outer loop
  vertex -39.56949234008789 -51.56796646118164 0
  vertex -36.112064361572266 -54.04552459716797 0
  vertex -39.56949234008789 -51.56796646118164 5
 endloop
endfacet
facet normal 0 0 0
 outer loop
  vertex -36.112064361572266 -54.04552459716797 0
  vertex -36.112064361572266 -54.04552459716797 5
  vertex -39.56949234008789 -51.56796646118164 5
 endloop
endfacet
facet normal 0 0 0
 outer loop
  vertex -36.112064361572266 -54.04552459716797 0
  vertex -32.5 -56.29165267944336 0
  vertex -36.112064361572266 -54.04552459716797 5
 endloop
endfacet
facet normal 0 0 0
 outer loop
  vertex -32.5 -56.29165267944336 0
  vertex -32.5 -56.29165267944336 5
  vertex -36.112064361572266 -54.04552459716797 5
 endloop
endfacet
facet normal 0 0 0
 outer loop
  vertex -32.5 -56.29165267944336 0
  vertex -28.748764038085938 -58.296730041503906 0
  vertex -32.5 -56.29165267944336 5
 endloop
endfacet
facet normal 0 0 0
 outer loop
  vertex -28.748764038085938 -58.296730041503906 0
  vertex -28.748764038085938 -58.296730041503906 5
  vertex -32.5 -56.29165267944336 5
 endloop
endfacet
facet normal 0 0 0
 outer loop
  vertex -28.748764038085938 -58.296730041503906 0
  vertex -24.87442398071289 -60.05216979980469 0
  vertex -28.748764038085938 -58.296730041503906 5
 endloop
endfacet
facet normal 0 0 0
 outer loop
  vertex -24.87442398071289 -60.05216979980469 0
  vertex -24.87442398071289 -60.05216979980469 5
  vertex -28.748764038085938 -58.296730041503906 5
 endloop
endfacet
facet normal 0 0 0
 outer loop
  vertex -24.87442398071289 -60.05216979980469 0
  vertex -20.893566131591797 -61.55045700073242 0
  vertex -24.87442398071289 -60.05216979980469 5
 endloop
endfacet
facet normal 0 0 0
 outer loop
  vertex -20.893566131591797 -61.55045700073242 0
  vertex -20.893566131591797 -61.55045700073242 5
  vertex -24.87442398071289 -60.05216979980469 5
 endloop
endfacet
facet normal 0 0 0
 outer loop
  vertex -20.893566131591797 -61.55045700073242 0
  vertex -16.823238372802734 -62.785179138183594 0
  vertex -20.893566131591797 -61.55045700073242 5
 endloop
endfacet
facet normal 0 0 0
 outer loop
  vertex -16.823238372802734 -62.785179138183594 0
  vertex -16.823238372802734 -62.785179138183594 5
  vertex -20.893566131591797 -61.55045700073242 5
 endloop
endfacet
facet normal 0 0 0
 outer loop
  vertex -16.823238372802734 -62.785179138183594 0
  vertex -12.68087100982666 -63.751041412353516 0
  vertex -16.823238372802734 -62.785179138183594 5
 endloop
endfacet
facet normal 0 0 0
 outer loop
  vertex -12.68087100982666 -63.751041412353516 0
  vertex -12.68087100982666 -63.751041412353516 5
  vertex -16.823238372802734 -62.785179138183594 5
 endloop
endfacet
facet normal 0 0 0
 outer loop
  vertex -12.68087100982666 -63.751041412353516 0
  vertex -8.48420238494873 -64.44391632080078 0
  vertex -12.68087100982666 -63.751041412353516 5
 endloop
endfacet
facet normal 0 0 0
 outer loop
  vertex -8.48420238494873 -64.44391632080078 0
  vertex -8.48420238494873 -64.44391632080078 5
  vertex -12.68087100982666 -63.751041412353516 5
 endloop
endfacet
facet normal 0 0 0
 outer loop
  vertex -8.48420238494873 -64.44391632080078 0
  vertex -4.251203536987305 -64.86083221435547 0
  vertex -8.48420238494873 -64.44391632080078 5
 endloop
endfacet
facet normal 0 0 0
 outer loop
  vertex -4.251203536987305 -64.86083221435547 0
  vertex -4.251203536987305 -64.86083221435547 5
  vertex -8.48420238494873 -64.44391632080078 5
 endloop
endfacet
facet normal 0 0 0
 outer loop
  vertex -4.251203536987305 -64.86083221435547 0
  vertex -1.1940306667121599e-14 -65 0
  vertex -4.251203536987305 -64.86083221435547 5
 endloop
endfacet
facet normal 0 0 0
 outer loop
  vertex -1.1940306667121599e-14 -65 0
  vertex -1.1940306667121599e-14 -65 5
  vertex -4.251203536987305 -64.86083221435547 5
 endloop
endfacet
facet normal 0 0 0
 outer loop
  vertex -1.1940306667121599e-14 -65 0
  vertex 4.251203536987305 -64.86083221435547 0
  vertex -1.1940306667121599e-14 -65 5
 endloop
endfacet
facet normal 0 0 0
 outer loop
  vertex 4.251203536987305 -64.86083221435547 0
  vertex 4.251203536987305 -64.86083221435547 5
  vertex -1.1940306667121599e-14 -65 5
 endloop
endfacet
facet normal 0 0 0
 outer loop
  vertex 4.251203536987305 -64.86083221435547 0
  vertex 8.48420238494873 -64.44391632080078 0
  vertex 4.251203536987305 -64.86083221435547 5
 endloop
endfacet
facet normal 0 0 0
 outer loop
  vertex 8.48420238494873 -64.44391632080078 0
  vertex 8.48420238494873 -64.44391632080078 5
  vertex 4.251203536987305 -64.86083221435547 5
 endloop
endfacet
facet normal 0 0 0
 outer loop
  vertex 8.48420238494873 -64.44391632080078 0
  vertex 12.68087100982666 -63.751041412353516 0
  vertex 8.48420238494873 -64.44391632080078 5
 endloop
endfacet
facet normal 0 0 0
 outer loop
  vertex 12.68087100982666 -63.751041412353516 0
  vertex 12.68087100982666 -63.751041412353516 5
  vertex 8.48420238494873 -64.44391632080078 5
 endloop
endfacet
facet normal 0 0 0
 outer loop
  vertex 12.68087100982666 -63.751041412353516 0
  vertex 16.823238372802734 -62.785179138183594 0
  vertex 12.68087100982666 -63.751041412353516 5
 endloop
endfacet
facet normal 0 0 0
 outer loop
  vertex 16.823238372802734 -62.785179138183594 0
  vertex 16.823238372802734 -62.785179138183594 5
  vertex 12.68087100982666 -63.751041412353516 5
 endloop
endfacet
facet normal 0 0 0
 outer loop
  vertex 16.823238372802734 -62.785179138183594 0
  vertex 20.893566131591797 -61.55045700073242 0
  vertex 16.823238372802734 -62.785179138183594 5
 endloop
endfacet
facet normal 0 0 0
 outer loop
  vertex 20.893566131591797 -61.55045700073242 0
  vertex 20.893566131591797 -61.55045700073242 5
  vertex 16.823238372802734 -62.785179138183594 5
 endloop
endfacet
facet normal 0 0 0
 outer loop
  vertex 20.893566131591797 -61.55045700073242 0
  vertex 24.87442398071289 -60.05216979980469 0
  vertex 20.893566131591797 -61.55045700073242 5
 endloop
endfacet
facet normal 0 0 0
 outer loop
  vertex 24.87442398071289 -60.05216979980469 0
  vertex 24.87442398071289 -60.05216979980469 5
  vertex 20.893566131591797 -61.55045700073242 5
 endloop
endfacet
facet normal 0 0 0
 outer loop
  vertex 24.87442398071289 -60.05216979980469 0
  vertex 28.748764038085938 -58.296730041503906 0
  vertex 24.87442398071289 -60.05216979980469 5
 endloop
endfacet
facet normal 0 0 0
 outer loop
  vertex 28.748764038085938 -58.296730041503906 0
  vertex 28.748764038085938 -58.296730041503906 5
  vertex 24.87442398071289 -60.05216979980469 5
 endloop
endfacet
facet normal 0 0 0
 outer loop
  vertex 28.748764038085938 -58.296730041503906 0
  vertex 32.5 -56.29165267944336 0
  vertex 28.748764038085938 -58.296730041503906 5
 endloop
endfacet
facet normal 0 0 0
 outer loop
  vertex 32.5 -56.29165267944336 0
  vertex 32.5 -56.29165267944336 5
  vertex 28.748764038085938 -58.296730041503906 5
 endloop
endfacet
facet normal 0 0 0
 outer loop
  vertex 32.5 -56.29165267944336 0
  vertex 36.112064361572266 -54.04552459716797 0
  vertex 32.5 -56.29165267944336 5
 endloop
endfacet
facet normal 0 0 0
 outer loop
  vertex 36.112064361572266 -54.04552459716797 0
  vertex 36.112064361572266 -54.04552459716797 5
  vertex 32.5 -56.29165267944336 5
 endloop
endfacet
facet normal 0 0 0
 outer loop
  vertex 36.112064361572266 -54.04552459716797 0
  vertex 39.56949234008789 -51.56796646118164 0
  vertex 36.112064361572266 -54.04552459716797 5
 endloop
endfacet
facet normal 0 0 0
 outer loop
  vertex 39.56949234008789 -51.56796646118164 0
  vertex 39.56949234008789 -51.56796646118164 5
  vertex 36.112064361572266 -54.04552459716797 5
 endloop
endfacet
facet normal 0 0 0
 outer loop
  vertex 39.56949234008789 -51.56796646118164 0
  vertex 42.857479095458984 -48.86958694458008 0
  vertex 39.56949234008789 -51.56796646118164 5
 endloop
endfacet
facet normal 0 0 0
 outer loop
  vertex 42.857479095458984 -48.86958694458008 0
  vertex 42.857479095458984 -48.86958694458008 5
  vertex 39.56949234008789 -51.56796646118164 5
 endloop
endfacet
facet normal 0 0 0
 outer loop
  vertex 42.857479095458984 -48.86958694458008 0
  vertex 45.96194076538086 -45.96194076538086 0
  vertex 42.857479095458984 -48.86958694458008 5
 endloop
endfacet
facet normal 0 0 0
 outer loop
  vertex 45.96194076538086 -45.96194076538086 0
  vertex 45.96194076538086 -45.96194076538086 5
  vertex 42.857479095458984 -48.86958694458008 5
 endloop
endfacet
facet normal 0 0 0
 outer loop
  vertex 45.96194076538086 -45.96194076538086 0
  vertex 48.86958694458008 -42.857479095458984 0
  vertex 45.96194076538086 -45.96194076538086 5
 endloop
endfacet
facet normal 0 0 0
 outer loop
  vertex 48.86958694458008 -42.857479095458984 0
  vertex 48.86958694458008 -42.857479095458984 5
  vertex 45.96194076538086 -45.96194076538086 5
 endloop
endfacet
facet normal 0 0 0
 outer loop
  vertex 48.86958694458008 -42.857479095458984 0
  vertex 51.56796646118164 -39.56949234008789 0
  vertex 48.86958694458008 -42.857479095458984 5
 endloop
endfacet
facet normal 0 0 0
 outer loop
  vertex 51.56796646118164 -39.56949234008789 0
  vertex 51.56796646118164 -39.56949234008789 5
  vertex 48.86958694458008 -42.857479095458984 5
 endloop
endfacet
facet normal 0 0 0
 outer loop
  vertex 51.56796646118164 -39.56949234008789 0
  vertex 54.04552459716797 -36.112064361572266 0
  vertex 51.56796646118164 -39.56949234008789 5
 endloop
endfacet
facet normal 0 0 0
 outer loop
  vertex 54.04552459716797 -36.112064361572266 0
  vertex 54.04552459716797 -36.112064361572266 5
  vertex 51.56796646118164 -39.56949234008789 5
 endloop
endfacet
facet normal 0 0 0
 outer loop
  vertex 54.04552459716797 -36.112064361572266 0
  vertex 56.29165267944336 -32.5 0
  vertex 54.04552459716797 -36.112064361572266 5
 endloop
endfacet
facet normal 0 0 0
 outer loop
  vertex 56.29165267944336 -32.5 0
  vertex 56.29165267944336 -32.5 5
  vertex 54.04552459716797 -36.112064361572266 5
 endloop
endfacet
facet normal 0 0 0
 outer loop
  vertex 56.29165267944336 -32.5 0
  vertex 58.296730041503906 -28.748764038085938 0
  vertex 56.29165267944336 -32.5 5
 endloop
endfacet
facet normal 0 0 0
 outer loop
  vertex 58.296730041503906 -28.748764038085938 0
  vertex 58.296730041503906 -28.748764038085938 5
  vertex 56.29165267944336 -32.5 5
 endloop
endfacet
facet normal 0 0 0
 outer loop
  vertex 58.296730041503906 -28.748764038085938 0
  vertex 60.05216979980469 -24.87442398071289 0
  vertex 58.296730041503906 -28.748764038085938 5
 endloop
endfacet
facet normal 0 0 0
 outer loop
  vertex 60.05216979980469 -24.87442398071289 0
  vertex 60.05216979980469 -24.87442398071289 5
  vertex 58.296730041503906 -28.748764038085938 5
 endloop
endfacet
facet normal 0 0 0
 outer loop
  vertex 60.05216979980469 -24.87442398071289 0
  vertex 61.55045700073242 -20.893566131591797 0
  vertex 60.05216979980469 -24.87442398071289 5
 endloop
endfacet
facet normal 0 0 0
 outer loop
  vertex 61.55045700073242 -20.893566131591797 0
  vertex 61.55045700073242 -20.893566131591797 5
  vertex 60.05216979980469 -24.87442398071289 5
 endloop
endfacet
facet normal 0 0 0
 outer loop
  vertex 61.55045700073242 -20.893566131591797 0
  vertex 62.785179138183594 -16.823238372802734 0
  vertex 61.55045700073242 -20.893566131591797 5
 endloop
endfacet
facet normal 0 0 0
 outer loop
  vertex 62.785179138183594 -16.823238372802734 0
  vertex 62.785179138183594 -16.823238372802734 5
  vertex 61.55045700073242 -20.893566131591797 5
 endloop
endfacet
facet normal 0 0 0
 outer loop
  vertex 62.785179138183594 -16.823238372802734 0
  vertex 63.751041412353516 -12.68087100982666 0
  vertex 62.785179138183594 -16.823238372802734 5
 endloop
endfacet
facet normal 0 0 0
 outer loop
  vertex 63.751041412353516 -12.68087100982666 0
  vertex 63.751041412353516 -12.68087100982666 5
  vertex 62.785179138183594 -16.823238372802734 5
 endloop
endfacet
facet normal 0 0 0
 outer loop
  vertex 63.751041412353516 -12.68087100982666 0
  vertex 64.44391632080078 -8.48420238494873 0
  vertex 63.751041412353516 -12.68087100982666 5
 endloop
endfacet
facet normal 0 0 0
 outer loop
  vertex 64.44391632080078 -8.48420238494873 0
  vertex 64.44391632080078 -8.48420238494873 5
  vertex 63.751041412353516 -12.68087100982666 5
 endloop
endfacet
facet normal 0 0 0
 outer loop
  vertex 64.44391632080078 -8.48420238494873 0
  vertex 64.86083221435547 -4.251203536987305 0
  vertex 64.44391632080078 -8.48420238494873 5
 endloop
endfacet
facet normal 0 0 0
 outer loop
  vertex 64.86083221435547 -4.251203536987305 0
  vertex 64.86083221435547 -4.251203536987305 5
  vertex 64.44391632080078 -8.48420238494873 5
 endloop
endfacet
facet normal 0 0 0
 outer loop
  vertex 64.86083221435547 -4.251203536987305 0
  vertex 65 0 0
  vertex 64.86083221435547 -4.251203536987305 5
 endloop
endfacet
facet normal 0 0 0
 outer loop
  vertex 65 0 0
  vertex 65 0 5
  vertex 64.86083221435547 -4.251203536987305 5
 endloop
endfacet
facet normal 0 0 0
 outer loop
  vertex 60 0 0
  vertex 59.486690521240234 -7.831571578979492 0
  vertex 60 0 5
 endloop
endfacet
facet normal 0 0 0
 outer loop
  vertex 59.486690521240234 -7.831571578979492 0
  vertex 59.486690521240234 -7.831571578979492 5
  vertex 60 0 5
 endloop
endfacet
facet normal 0 0 0
 outer loop
  vertex 59.486690521240234 -7.831571578979492 0
  vertex 57.95555114746094 -15.529142379760742 0
  vertex 59.486690521240234 -7.831571578979492 5
 endloop
endfacet
facet normal 0 0 0
 outer loop
  vertex 57.95555114746094 -15.529142379760742 0
  vertex 57.95555114746094 -15.529142379760742 5
  vertex 59.486690521240234 -7.831571578979492 5
 endloop
endfacet
facet normal 0 0 0
 outer loop
  vertex 57.95555114746094 -15.529142379760742 0
  vertex 55.43277359008789 -22.96100616455078 0
  vertex 57.95555114746094 -15.529142379760742 5
 endloop
endfacet
facet normal 0 0 0
 outer loop
  vertex 55.43277359008789 -22.96100616455078 0
  vertex 55.43277359008789 -22.96100616455078 5
  vertex 57.95555114746094 -15.529142379760742 5
 endloop
endfacet
facet normal 0 0 0
 outer loop
  vertex 55.43277359008789 -22.96100616455078 0
  vertex 51.961524963378906 -30 0
  vertex 55.43277359008789 -22.96100616455078 5
 endloop
endfacet
facet normal 0 0 0
 outer loop
  vertex 51.961524963378906 -30 0
  vertex 51.961524963378906 -30 5
  vertex 55.43277359008789 -22.96100616455078 5
 endloop
endfacet
facet normal 0 0 0
 outer loop
  vertex 51.961524963378906 -30 0
  vertex 47.601200103759766 -36.52568435668945 0
  vertex 51.961524963378906 -30 5
 endloop
endfacet
facet normal 0 0 0
 outer loop
  vertex 47.601200103759766 -36.52568435668945 0
  vertex 47.601200103759766 -36.52568435668945 5
  vertex 51.961524963378906 -30 5
 endloop
endfacet
facet normal 0 0 0
 outer loop
  vertex 47.601200103759766 -36.52568435668945 0
  vertex 42.42640686035156 -42.42640686035156 0
  vertex 47.601200103759766 -36.52568435668945 5
 endloop
endfacet
facet normal 0 0 0
 outer loop
  vertex 42.42640686035156 -42.42640686035156 0
  vertex 42.42640686035156 -42.42640686035156 5
  vertex 47.601200103759766 -36.52568435668945 5
 endloop
endfacet
facet normal 0 0 0
 outer loop
  vertex 42.42640686035156 -42.42640686035156 0
  vertex 36.52568435668945 -47.601200103759766 0
  vertex 42.42640686035156 -42.42640686035156 5
 endloop
endfacet
facet normal 0 0 0
 outer loop
  vertex 36.52568435668945 -47.601200103759766 0
  vertex 36.52568435668945 -47.601200103759766 5
  vertex 42.42640686035156 -42.42640686035156 5
 endloop
endfacet
facet normal 0 0 0
 outer loop
  vertex 36.52568435668945 -47.601200103759766 0
  vertex 30 -51.961524963378906 0
  vertex 36.52568435668945 -47.601200103759766 5
 endloop
endfacet
facet normal 0 0 0
 outer loop
  vertex 30 -51.961524963378906 0
  vertex 30 -51.961524963378906 5
  vertex 36.52568435668945 -47.601200103759766 5
 endloop
endfacet
facet normal 0 0 0
 outer loop
  vertex 30 -51.961524963378906 0
  vertex 22.96100616455078 -55.43277359008789 0
  vertex 30 -51.961524963378906 5
 endloop
endfacet
facet normal 0 0 0
 outer loop
  vertex 22.96100616455078 -55.43277359008789 0
  vertex 22.96100616455078 -55.43277359008789 5
  vertex 30 -51.961524963378906 5
 endloop
endfacet
facet normal 0 0 0
 outer loop
  vertex 22.96100616455078 -55.43277359008789 0
  vertex 15.529142379760742 -57.95555114746094 0
  vertex 22.96100616455078 -55.43277359008789 5
 endloop
endfacet
facet normal 0 0 0
 outer loop
  vertex 15.529142379760742 -57.95555114746094 0
  vertex 15.529142379760742 -57.95555114746094 5
  vertex 22.96100616455078 -55.43277359008789 5
 endloop
endfacet
facet normal 0 0 0
 outer loop
  vertex 15.529142379760742 -57.95555114746094 0
  vertex 7.831571578979492 -59.486690521240234 0
  vertex 15.529142379760742 -57.95555114746094 5
 endloop
endfacet
facet normal 0 0 0
 outer loop
  vertex 7.831571578979492 -59.486690521240234 0
  vertex 7.831571578979492 -59.486690521240234 5
  vertex 15.529142379760742 -57.95555114746094 5
 endloop
endfacet
facet normal 0 0 0
 outer loop
  vertex 7.831571578979492 -59.486690521240234 0
  vertex 3.673940187178589e-15 -60 0
  vertex 7.831571578979492 -59.486690521240234 5
 endloop
endfacet
facet normal 0 0 0
 outer loop
  vertex 3.673940187178589e-15 -60 0
  vertex 3.673940187178589e-15 -60 5
  vertex 7.831571578979492 -59.486690521240234 5
 endloop
endfacet
facet normal 0 0 0
 outer loop
  vertex 3.673940187178589e-15 -60 0
  vertex -7.831571578979492 -59.486690521240234 0
  vertex 3.673940187178589e-15 -60 5
 endloop
endfacet
facet normal 0 0 0
 outer loop
  vertex -7.831571578979492 -59.486690521240234 0
  vertex -7.831571578979492 -59.486690521240234 5
  vertex 3.673940187178589e-15 -60 5
 endloop
endfacet
facet normal 0 0 0
 outer loop
  vertex -7.831571578979492 -59.486690521240234 0
  vertex -15.529142379760742 -57.95555114746094 0
  vertex -7.831571578979492 -59.486690521240234 5
 endloop
endfacet
facet normal 0 0 0
 outer loop
  vertex -15.529142379760742 -57.95555114746094 0
  vertex -15.529142379760742 -57.95555114746094 5
  vertex -7.831571578979492 -59.486690521240234 5
 endloop
endfacet
facet normal 0 0 0
 outer loop
  vertex -15.529142379760742 -57.95555114746094 0
  vertex -22.96100616455078 -55.43277359008789 0
  vertex -15.529142379760742 -57.95555114746094 5
 endloop
endfacet
facet normal 0 0 0
 outer loop
  vertex -22.96100616455078 -55.43277359008789 0
  vertex -22.96100616455078 -55.43277359008789 5
  vertex -15.529142379760742 -57.95555114746094 5
 endloop
endfacet
facet normal 0 0 0
 outer loop
  vertex -22.96100616455078 -55.43277359008789 0
  vertex -30 -51.961524963378906 0
  vertex -22.96100616455078 -55.43277359008789 5
 endloop
endfacet
facet normal 0 0 0
 outer loop
  vertex -30 -51.961524963378906 0
  vertex -30 -51.961524963378906 5
  vertex -22.96100616455078 -55.43277359008789 5
 endloop
endfacet
facet normal 0 0 0
 outer loop
  vertex -30 -51.961524963378906 0
  vertex -36.52568435668945 -47.601200103759766 0
  vertex -30 -51.961524963378906 5
 endloop
endfacet
facet normal 0 0 0
 outer loop
  vertex -36.52568435668945 -47.601200103759766 0
  vertex -36.52568435668945 -47.601200103759766 5
  vertex -30 -51.961524963378906 5
 endloop
endfacet
facet normal 0 0 0
 outer loop
  vertex -36.52568435668945 -47.601200103759766 0
  vertex -42.42640686035156 -42.42640686035156 0
  vertex -36.52568435668945 -47.601200103759766 5
 endloop
endfacet
facet normal 0 0 0
 outer loop
  vertex -42.42640686035156 -42.42640686035156 0
  vertex -42.42640686035156 -42.42640686035156 5
  vertex -36.52568435668945 -47.601200103759766 5
 endloop
endfacet
facet normal 0 0 0
 outer loop
  vertex -42.42640686035156 -42.42640686035156 0
  vertex -47.601200103759766 -36.52568435668945 0
  vertex -42.42640686035156 -42.42640686035156 5
 endloop
endfacet
facet normal 0 0 0
 outer loop
  vertex -47.601200103759766 -36.52568435668945 0
  vertex -47.601200103759766 -36.52568435668945 5
  vertex -42.42640686035156 -42.42640686035156 5
 endloop
endfacet
facet normal 0 0 0
 outer loop
  vertex -47.601200103759766 -36.52568435668945 0
  vertex -51.961524963378906 -30 0
  vertex -47.601200103759766 -36.52568435668945 5
 endloop
endfacet
facet normal 0 0 0
 outer loop
  vertex -51.961524963378906 -30 0
  vertex -51.961524963378906 -30 5
  vertex -47.601200103759766 -36.52568435668945 5
 endloop
endfacet
facet normal 0 0 0
 outer loop
  vertex -51.961524963378906 -30 0
  vertex -55.43277359008789 -22.96100616455078 0
  vertex -51.961524963378906 -30 5
 endloop
endfacet
facet normal 0 0 0
 outer loop
  vertex -55.43277359008789 -22.96100616455078 0
  vertex -55.43277359008789 -22.96100616455078 5
  vertex -51.961524963378906 -30 5
 endloop
endfacet
facet normal 0 0 0
 outer loop
  vertex -55.43277359008789 -22.96100616455078 0
  vertex -57.95555114746094 -15.529142379760742 0
  vertex -55.43277359008789 -22.96100616455078 5
 endloop
endfacet
facet normal 0 0 0
 outer loop
  vertex -57.95555114746094 -15.529142379760742 0
  vertex -57.95555114746094 -15.529142379760742 5
  vertex -55.43277359008789 -22.96100616455078 5
 endloop
endfacet
facet normal 0 0 0
 outer loop
  vertex -57.95555114746094 -15.529142379760742 0
  vertex -59.486690521240234 -7.831571578979492 0
  vertex -57.95555114746094 -15.529142379760742 5
 endloop
endfacet
facet normal 0 0 0
 outer loop
  vertex -59.486690521240234 -7.831571578979492 0
  vertex -59.486690521240234 -7.831571578979492 5
  vertex -57.95555114746094 -15.529142379760742 5
 endloop
endfacet
facet normal 0 0 0
 outer loop
  vertex -59.486690521240234 -7.831571578979492 0
  vertex -60 -7.347880374357178e-15 0
  vertex -59.486690521240234 -7.831571578979492 5
 endloop
endfacet
facet normal 0 0 0
 outer loop
  vertex -60 -7.347880374357178e-15 0
  vertex -60 -7.347880374357178e-15 5
  vertex -59.486690521240234 -7.831571578979492 5
 endloop
endfacet
facet normal 0 0 0
 outer loop
  vertex -60 -7.347880374357178e-15 0
  vertex -59.486690521240234 7.831571578979492 0
  vertex -60 -7.347880374357178e-15 5
 endloop
endfacet
facet normal 0 0 0
 outer loop
  vertex -59.486690521240234 7.831571578979492 0
  vertex -59.486690521240234 7.831571578979492 5
  vertex -60 -7.347880374357178e-15 5
 endloop
endfacet
facet normal 0 0 0
 outer loop
  vertex -59.486690521240234 7.831571578979492 0
  vertex -57.95555114746094 15.529142379760742 0
  vertex -59.486690521240234 7.831571578979492 5
 endloop
endfacet
facet normal 0 0 0
 outer loop
  vertex -57.95555114746094 15.529142379760742 0
  vertex -57.95555114746094 15.529142379760742 5
  vertex -59.486690521240234 7.831571578979492 5
 endloop
endfacet
facet normal 0 0 0
 outer loop
  vertex -57.95555114746094 15.529142379760742 0
  vertex -55.43277359008789 22.96100616455078 0
  vertex -57.95555114746094 15.529142379760742 5
 endloop
endfacet
facet normal 0 0 0
 outer loop
  vertex -55.43277359008789 22.96100616455078 0
  vertex -55.43277359008789 22.96100616455078 5
  vertex -57.95555114746094 15.529142379760742 5
 endloop
endfacet
facet normal 0 0 0
 outer loop
  vertex -55.43277359008789 22.96100616455078 0
  vertex -51.961524963378906 30 0
  vertex -55.43277359008789 22.96100616455078 5
 endloop
endfacet
facet normal 0 0 0
 outer loop
  vertex -51.961524963378906 30 0
  vertex -51.961524963378906 30 5
  vertex -55.43277359008789 22.96100616455078 5
 endloop
endfacet
facet normal 0 0 0
 outer loop
  vertex -51.961524963378906 30 0
  vertex -47.601200103759766 36.52568435668945 0
  vertex -51.961524963378906 30 5
 endloop
endfacet
facet normal 0 0 0
 outer loop
  vertex -47.601200103759766 36.52568435668945 0
  vertex -47.601200103759766 36.52568435668945 5
  vertex -51.961524963378906 30 5
 endloop
endfacet
facet normal 0 0 0
 outer loop
  vertex -47.601200103759766 36.52568435668945 0
  vertex -42.42640686035156 42.42640686035156 0
  vertex -47.601200103759766 36.52568435668945 5
 endloop
endfacet
facet normal 0 0 0
 outer loop
  vertex -42.42640686035156 42.42640686035156 0
  vertex -42.42640686035156 42.42640686035156 5
  vertex -47.601200103759766 36.52568435668945 5
 endloop
endfacet
facet normal 0 0 0
 outer loop
  vertex -42.42640686035156 42.42640686035156 0
  vertex -36.52568435668945 47.601200103759766 0
  vertex -42.42640686035156 42.42640686035156 5
 endloop
endfacet
facet normal 0 0 0
 outer loop
  vertex -36.52568435668945 47.601200103759766 0
  vertex -36.52568435668945 47.601200103759766 5
  vertex -42.42640686035156 42.42640686035156 5
 endloop
endfacet
facet normal 0 0 0
 outer loop
  vertex -36.52568435668945 47.601200103759766 0
  vertex -30 51.961524963378906 0
  vertex -36.52568435668945 47.601200103759766 5
 endloop
endfacet
facet normal 0 0 0
 outer loop
  vertex -30 51.961524963378906 0
  vertex -30 51.961524963378906 5
  vertex -36.52568435668945 47.601200103759766 5
 endloop
endfacet
facet normal 0 0 0
 outer loop
  vertex -30 51.961524963378906 0
  vertex -22.96100616455078 55.43277359008789 0
  vertex -30 51.961524963378906 5
 endloop
endfacet
facet normal 0 0 0
 outer loop
  vertex -22.96100616455078 55.43277359008789 0
  vertex -22.96100616455078 55.43277359008789 5
  vertex -30 51.961524963378906 5
 endloop
endfacet
facet normal 0 0 0
 outer loop
  vertex -22.96100616455078 55.43277359008789 0
  vertex -15.529142379760742 57.95555114746094 0
  vertex -22.96100616455078 55.43277359008789 5
 endloop
endfacet
facet normal 0 0 0
 outer loop
  vertex -15.529142379760742 57.95555114746094 0
  vertex -15.529142379760742 57.95555114746094 5
  vertex -22.96100616455078 55.43277359008789 5
 endloop
endfacet
facet normal 0 0 0
 outer loop
  vertex -15.529142379760742 57.95555114746094 0
  vertex -7.831571578979492 59.486690521240234 0
  vertex -15.529142379760742 57.95555114746094 5
 endloop
endfacet
facet normal 0 0 0
 outer loop
  vertex -7.831571578979492 59.486690521240234 0
  vertex -7.831571578979492 59.486690521240234 5
  vertex -15.529142379760742 57.95555114746094 5
 endloop
endfacet
facet normal 0 0 0
 outer loop
  vertex -7.831571578979492 59.486690521240234 0
  vertex -1.1021821408568715e-14 60 0
  vertex -7.831571578979492 59.486690521240234 5
 endloop
endfacet
facet normal 0 0 0
 outer loop
  vertex -1.1021821408568715e-14 60 0
  vertex -1.1021821408568715e-14 60 5
  vertex -7.831571578979492 59.486690521240234 5
 endloop
endfacet
facet normal 0 0 0
 outer loop
  vertex -1.1021821408568715e-14 60 0
  vertex 7.831571578979492 59.486690521240234 0
  vertex -1.1021821408568715e-14 60 5
 endloop
endfacet
facet normal 0 0 0
 outer loop
  vertex 7.831571578979492 59.486690521240234 0
  vertex 7.831571578979492 59.486690521240234 5
  vertex -1.1021821408568715e-14 60 5
 endloop
endfacet
facet normal 0 0 0
 outer loop
  vertex 7.831571578979492 59.486690521240234 0
  vertex 15.529142379760742 57.95555114746094 0
  vertex 7.831571578979492 59.486690521240234 5
 endloop
endfacet
facet normal 0 0 0
 outer loop
  vertex 15.529142379760742 57.95555114746094 0
  vertex 15.529142379760742 57.95555114746094 5
  vertex 7.831571578979492 59.486690521240234 5
 endloop
endfacet
facet normal 0 0 0
 outer loop
  vertex 15.529142379760742 57.95555114746094 0
  vertex 22.96100616455078 55.43277359008789 0
  vertex 15.529142379760742 57.95555114746094 5
 endloop
endfacet
facet normal 0 0 0
 outer loop
  vertex 22.96100616455078 55.43277359008789 0
  vertex 22.96100616455078 55.43277359008789 5
  vertex 15.529142379760742 57.95555114746094 5
 endloop
endfacet
facet normal 0 0 0
 outer loop
  vertex 22.96100616455078 55.43277359008789 0
  vertex 30 51.961524963378906 0
  vertex 22.96100616455078 55.43277359008789 5
 endloop
endfacet
facet normal 0 0 0
 outer loop
  vertex 30 51.961524963378906 0
  vertex 30 51.961524963378906 5
  vertex 22.96100616455078 55.43277359008789 5
 endloop
endfacet
facet normal 0 0 0
 outer loop
  vertex 30 51.961524963378906 0
  vertex 36.52568435668945 47.601200103759766 0
  vertex 30 51.961524963378906 5
 endloop
endfacet
facet normal 0 0 0
 outer loop
  vertex 36.52568435668945 47.601200103759766 0
  vertex 36.52568435668945 47.601200103759766 5
  vertex 30 51.961524963378906 5
 endloop
endfacet
facet normal 0 0 0
 outer loop
  vertex 36.52568435668945 47.601200103759766 0
  vertex 42.42640686035156 42.42640686035156 0
  vertex 36.52568435668945 47.601200103759766 5
 endloop
endfacet
facet normal 0 0 0
 outer loop
  vertex 42.42640686035156 42.42640686035156 0
  vertex 42.42640686035156 42.42640686035156 5
  vertex 36.52568435668945 47.601200103759766 5
 endloop
endfacet
facet normal 0 0 0
 outer loop
  vertex 42.42640686035156 42.42640686035156 0
  vertex 47.601200103759766 36.52568435668945 0
  vertex 42.42640686035156 42.42640686035156 5
 endloop
endfacet
facet normal 0 0 0
 outer loop
  vertex 47.601200103759766 36.52568435668945 0
  vertex 47.601200103759766 36.52568435668945 5
  vertex 42.42640686035156 42.42640686035156 5
 endloop
endfacet
facet normal 0 0 0
 outer loop
  vertex 47.601200103759766 36.52568435668945 0
  vertex 51.961524963378906 30 0
  vertex 47.601200103759766 36.52568435668945 5
 endloop
endfacet
facet normal 0 0 0
 outer loop
  vertex 51.961524963378906 30 0
  vertex 51.961524963378906 30 5
  vertex 47.601200103759766 36.52568435668945 5
 endloop
endfacet
facet normal 0 0 0
 outer loop
  vertex 51.961524963378906 30 0
  vertex 55.43277359008789 22.96100616455078 0
  vertex 51.961524963378906 30 5
 endloop
endfacet
facet normal 0 0 0
 outer loop
  vertex 55.43277359008789 22.96100616455078 0
  vertex 55.43277359008789 22.96100616455078 5
  vertex 51.961524963378906 30 5
 endloop
endfacet
facet normal 0 0 0
 outer loop
  vertex 55.43277359008789 22.96100616455078 0
  vertex 57.95555114746094 15.529142379760742 0
  vertex 55.43277359008789 22.96100616455078 5
 endloop
endfacet
facet normal 0 0 0
 outer loop
  vertex 57.95555114746094 15.529142379760742 0
  vertex 57.95555114746094 15.529142379760742 5
  vertex 55.43277359008789 22.96100616455078 5
 endloop
endfacet
facet normal 0 0 0
 outer loop
  vertex 57.95555114746094 15.529142379760742 0
  vertex 59.486690521240234 7.831571578979492 0
  vertex 57.95555114746094 15.529142379760742 5
 endloop
endfacet
facet normal 0 0 0
 outer loop
  vertex 59.486690521240234 7.831571578979492 0
  vertex 59.486690521240234 7.831571578979492 5
  vertex 57.95555114746094 15.529142379760742 5
 endloop
endfacet
facet normal 0 0 0
 outer loop
  vertex 59.486690521240234 7.831571578979492 0
  vertex 60 0 0
  vertex 59.486690521240234 7.831571578979492 5
 endloop
endfacet
facet normal 0 0 0
 outer loop
  vertex 60 0 0
  vertex 60 0 5
  vertex 59.486690521240234 7.831571578979492 5
 endloop
endfacet
endsolid systemedu
