solid systemedu
facet normal 0 0 0
 outer loop
  vertex 8.314543724060059 0.2218945324420929 0
  vertex 8.300000190734863 -2.0818995170458873e-16 0
  vertex 1.0905894041061401 -0.14357881247997284 0
 endloop
endfacet
facet normal 0 0 0
 outer loop
  vertex 1.0905894041061401 -0.14357881247997284 0
  vertex 8.300000190734863 -2.0818995170458873e-16 0
  vertex 8.314543724060059 -0.2218945324420929 0
 endloop
endfacet
facet normal 0 0 0
 outer loop
  vertex -16 1.9594349641362686e-15 0
  vertex -1.100000023841858 -1.3471115378436846e-16 0
  vertex -1.0905894041061401 -0.14357881247997284 0
 endloop
endfacet
facet normal 0 0 0
 outer loop
  vertex -15.75692367553711 -2.7783708572387695 0
  vertex -15.939115524291992 -1.3944919109344482 0
  vertex -16 1.9594349641362686e-15 0
 endloop
endfacet
facet normal 0 0 0
 outer loop
  vertex -15.03508186340332 -5.472322463989258 0
  vertex -15.454813003540039 -4.141104698181152 0
  vertex -15.75692367553711 -2.7783708572387695 0
 endloop
endfacet
facet normal 0 0 0
 outer loop
  vertex -13.856406211853027 -8 0
  vertex -14.500925064086914 -6.761892318725586 0
  vertex -15.03508186340332 -5.472322463989258 0
 endloop
endfacet
facet normal 0 0 0
 outer loop
  vertex -6.685456275939941 -8.438359260559082 0
  vertex -6.699999809265137 -8.66025447845459 0
  vertex -13.856406211853027 -8 0
 endloop
endfacet
facet normal 0 0 0
 outer loop
  vertex -13.856406211853027 -8 0
  vertex -6.699999809265137 -8.66025447845459 0
  vertex -6.685456275939941 -8.882148742675781 0
 endloop
endfacet
facet normal 0 0 0
 outer loop
  vertex -12.25671100616455 -10.284602165222168 0
  vertex -13.106432914733887 -9.177223205566406 0
  vertex -13.856406211853027 -8 0
 endloop
endfacet
facet normal 0 0 0
 outer loop
  vertex -10.284602165222168 -12.25671100616455 0
  vertex -11.313708305358887 -11.313708305358887 0
  vertex -12.25671100616455 -10.284602165222168 0
 endloop
endfacet
facet normal 0 0 0
 outer loop
  vertex -8 -13.856406211853027 0
  vertex -9.177223205566406 -13.106432914733887 0
  vertex -10.284602165222168 -12.25671100616455 0
 endloop
endfacet
facet normal 0 0 0
 outer loop
  vertex -5.472322463989258 -15.03508186340332 0
  vertex -6.761892318725586 -14.500925064086914 0
  vertex -8 -13.856406211853027 0
 endloop
endfacet
facet normal 0 0 0
 outer loop
  vertex -2.7783708572387695 -15.75692367553711 0
  vertex -4.141104698181152 -15.454813003540039 0
  vertex -5.472322463989258 -15.03508186340332 0
 endloop
endfacet
facet normal 0 0 0
 outer loop
  vertex -2.939152234446166e-15 -16 0
  vertex -1.3944919109344482 -15.939115524291992 0
  vertex -2.7783708572387695 -15.75692367553711 0
 endloop
endfacet
facet normal 0 0 0
 outer loop
  vertex 2.7783708572387695 -15.75692367553711 0
  vertex 1.3944919109344482 -15.939115524291992 0
  vertex -2.939152234446166e-15 -16 0
 endloop
endfacet
facet normal 0 0 0
 outer loop
  vertex 5.472322463989258 -15.03508186340332 0
  vertex 4.141104698181152 -15.454813003540039 0
  vertex 2.7783708572387695 -15.75692367553711 0
 endloop
endfacet
facet normal 0 0 0
 outer loop
  vertex 8 -13.856406211853027 0
  vertex 6.761892318725586 -14.500925064086914 0
  vertex 5.472322463989258 -15.03508186340332 0
 endloop
endfacet
facet normal 0 0 0
 outer loop
  vertex 10.284602165222168 -12.25671100616455 0
  vertex 9.177223205566406 -13.106432914733887 0
  vertex 8 -13.856406211853027 0
 endloop
endfacet
facet normal 0 0 0
 outer loop
  vertex 12.25671100616455 -10.284602165222168 0
  vertex 11.313708305358887 -11.313708305358887 0
  vertex 10.284602165222168 -12.25671100616455 0
 endloop
endfacet
facet normal 0 0 0
 outer loop
  vertex 13.856406211853027 -8 0
  vertex 13.106432914733887 -9.177223205566406 0
  vertex 12.25671100616455 -10.284602165222168 0
 endloop
endfacet
facet normal 0 0 0
 outer loop
  vertex 15.03508186340332 -5.472322463989258 0
  vertex 14.500925064086914 -6.761892318725586 0
  vertex 13.856406211853027 -8 0
 endloop
endfacet
facet normal 0 0 0
 outer loop
  vertex 15.75692367553711 -2.7783708572387695 0
  vertex 15.454813003540039 -4.141104698181152 0
  vertex 15.03508186340332 -5.472322463989258 0
 endloop
endfacet
facet normal 0 0 0
 outer loop
  vertex 16 0 0
  vertex 15.939115524291992 -1.3944919109344482 0
  vertex 15.75692367553711 -2.7783708572387695 0
 endloop
endfacet
facet normal 0 0 0
 outer loop
  vertex 15.75692367553711 2.7783708572387695 0
  vertex 15.939115524291992 1.3944919109344482 0
  vertex 16 0 0
 endloop
endfacet
facet normal 0 0 0
 outer loop
  vertex 15.03508186340332 5.472322463989258 0
  vertex 15.454813003540039 4.141104698181152 0
  vertex 15.75692367553711 2.7783708572387695 0
 endloop
endfacet
facet normal 0 0 0
 outer loop
  vertex 13.856406211853027 8 0
  vertex 14.500925064086914 6.761892318725586 0
  vertex 15.03508186340332 5.472322463989258 0
 endloop
endfacet
facet normal 0 0 0
 outer loop
  vertex 12.25671100616455 10.284602165222168 0
  vertex 13.106432914733887 9.177223205566406 0
  vertex 13.856406211853027 8 0
 endloop
endfacet
facet normal 0 0 0
 outer loop
  vertex 10.284602165222168 12.25671100616455 0
  vertex 11.313708305358887 11.313708305358887 0
  vertex 12.25671100616455 10.284602165222168 0
 endloop
endfacet
facet normal 0 0 0
 outer loop
  vertex 8 13.856406211853027 0
  vertex 9.177223205566406 13.106432914733887 0
  vertex 10.284602165222168 12.25671100616455 0
 endloop
endfacet
facet normal 0 0 0
 outer loop
  vertex 5.472322463989258 15.03508186340332 0
  vertex 6.761892318725586 14.500925064086914 0
  vertex 8 13.856406211853027 0
 endloop
endfacet
facet normal 0 0 0
 outer loop
  vertex 2.7783708572387695 15.75692367553711 0
  vertex 4.141104698181152 15.454813003540039 0
  vertex 5.472322463989258 15.03508186340332 0
 endloop
endfacet
facet normal 0 0 0
 outer loop
  vertex 9.797174820681343e-16 16 0
  vertex 1.3944919109344482 15.939115524291992 0
  vertex 2.7783708572387695 15.75692367553711 0
 endloop
endfacet
facet normal 0 0 0
 outer loop
  vertex -2.7783708572387695 15.75692367553711 0
  vertex -1.3944919109344482 15.939115524291992 0
  vertex 9.797174820681343e-16 16 0
 endloop
endfacet
facet normal 0 0 0
 outer loop
  vertex -5.472322463989258 15.03508186340332 0
  vertex -4.141104698181152 15.454813003540039 0
  vertex -2.7783708572387695 15.75692367553711 0
 endloop
endfacet
facet normal 0 0 0
 outer loop
  vertex -8 13.856406211853027 0
  vertex -6.761892318725586 14.500925064086914 0
  vertex -5.472322463989258 15.03508186340332 0
 endloop
endfacet
facet normal 0 0 0
 outer loop
  vertex -10.284602165222168 12.25671100616455 0
  vertex -9.177223205566406 13.106432914733887 0
  vertex -8 13.856406211853027 0
 endloop
endfacet
facet normal 0 0 0
 outer loop
  vertex -12.25671100616455 10.284602165222168 0
  vertex -11.313708305358887 11.313708305358887 0
  vertex -10.284602165222168 12.25671100616455 0
 endloop
endfacet
facet normal 0 0 0
 outer loop
  vertex -13.856406211853027 8 0
  vertex -13.106432914733887 9.177223205566406 0
  vertex -12.25671100616455 10.284602165222168 0
 endloop
endfacet
facet normal 0 0 0
 outer loop
  vertex -6.685456275939941 8.882148742675781 0
  vertex -6.699999809265137 8.66025447845459 0
  vertex -13.856406211853027 8 0
 endloop
endfacet
facet normal 0 0 0
 outer loop
  vertex -13.856406211853027 8 0
  vertex -6.699999809265137 8.66025447845459 0
  vertex -6.685456275939941 8.438359260559082 0
 endloop
endfacet
facet normal 0 0 0
 outer loop
  vertex -15.03508186340332 5.472322463989258 0
  vertex -14.500925064086914 6.761892318725586 0
  vertex -13.856406211853027 8 0
 endloop
endfacet
facet normal 0 0 0
 outer loop
  vertex -15.75692367553711 2.7783708572387695 0
  vertex -15.454813003540039 4.141104698181152 0
  vertex -15.03508186340332 5.472322463989258 0
 endloop
endfacet
facet normal 0 0 0
 outer loop
  vertex -16 1.9594349641362686e-15 0
  vertex -15.939115524291992 1.3944919109344482 0
  vertex -15.75692367553711 2.7783708572387695 0
 endloop
endfacet
facet normal 0 0 0
 outer loop
  vertex -1.0905894041061401 0.14357881247997284 0
  vertex -1.100000023841858 -1.3471115378436846e-16 0
  vertex -16 1.9594349641362686e-15 0
 endloop
endfacet
facet normal 0 0 0
 outer loop
  vertex 8.314543724060059 0.2218945324420929 0
  vertex 1.0905894041061401 -0.14357881247997284 0
  vertex 1.100000023841858 0 0
 endloop
endfacet
facet normal 0 0 0
 outer loop
  vertex 1.0905894041061401 -0.14357881247997284 0
  vertex 8.314543724060059 -0.2218945324420929 0
  vertex 8.357926368713379 -0.43999236822128296 0
 endloop
endfacet
facet normal 0 0 0
 outer loop
  vertex -16 1.9594349641362686e-15 0
  vertex -1.0905894041061401 -0.14357881247997284 0
  vertex -1.0625183582305908 -0.2847009599208832 0
 endloop
endfacet
facet normal 0 0 0
 outer loop
  vertex -15.03508186340332 -5.472322463989258 0
  vertex -15.75692367553711 -2.7783708572387695 0
  vertex -16 1.9594349641362686e-15 0
 endloop
endfacet
facet normal 0 0 0
 outer loop
  vertex -6.685456275939941 -8.438359260559082 0
  vertex -13.856406211853027 -8 0
  vertex -15.03508186340332 -5.472322463989258 0
 endloop
endfacet
facet normal 0 0 0
 outer loop
  vertex -13.856406211853027 -8 0
  vertex -6.685456275939941 -8.882148742675781 0
  vertex -6.642074108123779 -9.10024642944336 0
 endloop
endfacet
facet normal 0 0 0
 outer loop
  vertex -10.284602165222168 -12.25671100616455 0
  vertex -12.25671100616455 -10.284602165222168 0
  vertex -13.856406211853027 -8 0
 endloop
endfacet
facet normal 0 0 0
 outer loop
  vertex -5.472322463989258 -15.03508186340332 0
  vertex -8 -13.856406211853027 0
  vertex -10.284602165222168 -12.25671100616455 0
 endloop
endfacet
facet normal 0 0 0
 outer loop
  vertex -2.939152234446166e-15 -16 0
  vertex -2.7783708572387695 -15.75692367553711 0
  vertex -5.472322463989258 -15.03508186340332 0
 endloop
endfacet
facet normal 0 0 0
 outer loop
  vertex 5.472322463989258 -15.03508186340332 0
  vertex 2.7783708572387695 -15.75692367553711 0
  vertex -2.939152234446166e-15 -16 0
 endloop
endfacet
facet normal 0 0 0
 outer loop
  vertex 10.284602165222168 -12.25671100616455 0
  vertex 8 -13.856406211853027 0
  vertex 5.472322463989258 -15.03508186340332 0
 endloop
endfacet
facet normal 0 0 0
 outer loop
  vertex 13.856406211853027 -8 0
  vertex 12.25671100616455 -10.284602165222168 0
  vertex 10.284602165222168 -12.25671100616455 0
 endloop
endfacet
facet normal 0 0 0
 outer loop
  vertex 15.75692367553711 -2.7783708572387695 0
  vertex 15.03508186340332 -5.472322463989258 0
  vertex 13.856406211853027 -8 0
 endloop
endfacet
facet normal 0 0 0
 outer loop
  vertex 15.75692367553711 2.7783708572387695 0
  vertex 16 0 0
  vertex 15.75692367553711 -2.7783708572387695 0
 endloop
endfacet
facet normal 0 0 0
 outer loop
  vertex 13.856406211853027 8 0
  vertex 15.03508186340332 5.472322463989258 0
  vertex 15.75692367553711 2.7783708572387695 0
 endloop
endfacet
facet normal 0 0 0
 outer loop
  vertex 10.284602165222168 12.25671100616455 0
  vertex 12.25671100616455 10.284602165222168 0
  vertex 13.856406211853027 8 0
 endloop
endfacet
facet normal 0 0 0
 outer loop
  vertex 5.472322463989258 15.03508186340332 0
  vertex 8 13.856406211853027 0
  vertex 10.284602165222168 12.25671100616455 0
 endloop
endfacet
facet normal 0 0 0
 outer loop
  vertex 9.797174820681343e-16 16 0
  vertex 2.7783708572387695 15.75692367553711 0
  vertex 5.472322463989258 15.03508186340332 0
 endloop
endfacet
facet normal 0 0 0
 outer loop
  vertex -5.472322463989258 15.03508186340332 0
  vertex -2.7783708572387695 15.75692367553711 0
  vertex 9.797174820681343e-16 16 0
 endloop
endfacet
facet normal 0 0 0
 outer loop
  vertex -10.284602165222168 12.25671100616455 0
  vertex -8 13.856406211853027 0
  vertex -5.472322463989258 15.03508186340332 0
 endloop
endfacet
facet normal 0 0 0
 outer loop
  vertex -13.856406211853027 8 0
  vertex -12.25671100616455 10.284602165222168 0
  vertex -10.284602165222168 12.25671100616455 0
 endloop
endfacet
facet normal 0 0 0
 outer loop
  vertex -6.642074108123779 9.10024642944336 0
  vertex -6.685456275939941 8.882148742675781 0
  vertex -13.856406211853027 8 0
 endloop
endfacet
facet normal 0 0 0
 outer loop
  vertex -13.856406211853027 8 0
  vertex -6.685456275939941 8.438359260559082 0
  vertex -6.642074108123779 8.220261573791504 0
 endloop
endfacet
facet normal 0 0 0
 outer loop
  vertex -15.75692367553711 2.7783708572387695 0
  vertex -15.03508186340332 5.472322463989258 0
  vertex -13.856406211853027 8 0
 endloop
endfacet
facet normal 0 0 0
 outer loop
  vertex -1.0905894041061401 0.14357881247997284 0
  vertex -16 1.9594349641362686e-15 0
  vertex -15.75692367553711 2.7783708572387695 0
 endloop
endfacet
facet normal 0 0 0
 outer loop
  vertex 8.314543724060059 0.2218945324420929 0
  vertex 1.100000023841858 0 0
  vertex 1.0905894041061401 0.14357881247997284 0
 endloop
endfacet
facet normal 0 0 0
 outer loop
  vertex 1.0905894041061401 -0.14357881247997284 0
  vertex 8.357926368713379 -0.43999236822128296 0
  vertex 8.429405212402344 -0.6505618095397949 0
 endloop
endfacet
facet normal 0 0 0
 outer loop
  vertex -16 1.9594349641362686e-15 0
  vertex -1.0625183582305908 -0.2847009599208832 0
  vertex -1.0162675380706787 -0.420951783657074 0
 endloop
endfacet
facet normal 0 0 0
 outer loop
  vertex -6.685456275939941 -8.438359260559082 0
  vertex -15.03508186340332 -5.472322463989258 0
  vertex -16 1.9594349641362686e-15 0
 endloop
endfacet
facet normal 0 0 0
 outer loop
  vertex -13.856406211853027 -8 0
  vertex -6.642074108123779 -9.10024642944336 0
  vertex -6.5705952644348145 -9.310815811157227 0
 endloop
endfacet
facet normal 0 0 0
 outer loop
  vertex -5.472322463989258 -15.03508186340332 0
  vertex -10.284602165222168 -12.25671100616455 0
  vertex -13.856406211853027 -8 0
 endloop
endfacet
facet normal 0 0 0
 outer loop
  vertex 5.472322463989258 -15.03508186340332 0
  vertex -2.939152234446166e-15 -16 0
  vertex -5.472322463989258 -15.03508186340332 0
 endloop
endfacet
facet normal 0 0 0
 outer loop
  vertex 13.856406211853027 -8 0
  vertex 10.284602165222168 -12.25671100616455 0
  vertex 5.472322463989258 -15.03508186340332 0
 endloop
endfacet
facet normal 0 0 0
 outer loop
  vertex 15.75692367553711 2.7783708572387695 0
  vertex 15.75692367553711 -2.7783708572387695 0
  vertex 13.856406211853027 -8 0
 endloop
endfacet
facet normal 0 0 0
 outer loop
  vertex 10.284602165222168 12.25671100616455 0
  vertex 13.856406211853027 8 0
  vertex 15.75692367553711 2.7783708572387695 0
 endloop
endfacet
facet normal 0 0 0
 outer loop
  vertex 9.797174820681343e-16 16 0
  vertex 5.472322463989258 15.03508186340332 0
  vertex 10.284602165222168 12.25671100616455 0
 endloop
endfacet
facet normal 0 0 0
 outer loop
  vertex -10.284602165222168 12.25671100616455 0
  vertex -5.472322463989258 15.03508186340332 0
  vertex 9.797174820681343e-16 16 0
 endloop
endfacet
facet normal 0 0 0
 outer loop
  vertex -6.642074108123779 9.10024642944336 0
  vertex -13.856406211853027 8 0
  vertex -10.284602165222168 12.25671100616455 0
 endloop
endfacet
facet normal 0 0 0
 outer loop
  vertex -13.856406211853027 8 0
  vertex -6.642074108123779 8.220261573791504 0
  vertex -6.5705952644348145 8.009692192077637 0
 endloop
endfacet
facet normal 0 0 0
 outer loop
  vertex -1.0905894041061401 0.14357881247997284 0
  vertex -15.75692367553711 2.7783708572387695 0
  vertex -13.856406211853027 8 0
 endloop
endfacet
facet normal 0 0 0
 outer loop
  vertex 8.314543724060059 0.2218945324420929 0
  vertex 1.0905894041061401 0.14357881247997284 0
  vertex 1.0625183582305908 0.2847009599208832 0
 endloop
endfacet
facet normal 0 0 0
 outer loop
  vertex 1.0905894041061401 -0.14357881247997284 0
  vertex 8.429405212402344 -0.6505618095397949 0
  vertex 8.527756690979004 -0.8500000238418579 0
 endloop
endfacet
facet normal 0 0 0
 outer loop
  vertex -16 1.9594349641362686e-15 0
  vertex -1.0162675380706787 -0.420951783657074 0
  vertex -0.952627956867218 -0.550000011920929 0
 endloop
endfacet
facet normal 0 0 0
 outer loop
  vertex -6.642074108123779 -8.220261573791504 0
  vertex -6.685456275939941 -8.438359260559082 0
  vertex -16 1.9594349641362686e-15 0
 endloop
endfacet
facet normal 0 0 0
 outer loop
  vertex -13.856406211853027 -8 0
  vertex -6.5705952644348145 -9.310815811157227 0
  vertex -6.472243309020996 -9.51025390625 0
 endloop
endfacet
facet normal 0 0 0
 outer loop
  vertex 5.472322463989258 -15.03508186340332 0
  vertex -5.472322463989258 -15.03508186340332 0
  vertex -13.856406211853027 -8 0
 endloop
endfacet
facet normal 0 0 0
 outer loop
  vertex 15.75692367553711 2.7783708572387695 0
  vertex 13.856406211853027 -8 0
  vertex 5.472322463989258 -15.03508186340332 0
 endloop
endfacet
facet normal 0 0 0
 outer loop
  vertex 9.797174820681343e-16 16 0
  vertex 10.284602165222168 12.25671100616455 0
  vertex 15.75692367553711 2.7783708572387695 0
 endloop
endfacet
facet normal 0 0 0
 outer loop
  vertex -6.5705952644348145 9.310815811157227 0
  vertex -6.642074108123779 9.10024642944336 0
  vertex -10.284602165222168 12.25671100616455 0
 endloop
endfacet
facet normal 0 0 0
 outer loop
  vertex -13.856406211853027 8 0
  vertex -6.5705952644348145 8.009692192077637 0
  vertex -6.472243309020996 7.810254096984863 0
 endloop
endfacet
facet normal 0 0 0
 outer loop
  vertex -1.0625183582305908 0.2847009599208832 0
  vertex -1.0905894041061401 0.14357881247997284 0
  vertex -13.856406211853027 8 0
 endloop
endfacet
facet normal 0 0 0
 outer loop
  vertex 8.314543724060059 0.2218945324420929 0
  vertex 1.0625183582305908 0.2847009599208832 0
  vertex 1.0162675380706787 0.420951783657074 0
 endloop
endfacet
facet normal 0 0 0
 outer loop
  vertex 1.0905894041061401 -0.14357881247997284 0
  vertex 8.527756690979004 -0.8500000238418579 0
  vertex 8.651299476623535 -1.0348944664001465 0
 endloop
endfacet
facet normal 0 0 0
 outer loop
  vertex -16 1.9594349641362686e-15 0
  vertex -0.952627956867218 -0.550000011920929 0
  vertex -0.8726886510848999 -0.6696375608444214 0
 endloop
endfacet
facet normal 0 0 0
 outer loop
  vertex -6.5705952644348145 -8.009692192077637 0
  vertex -6.642074108123779 -8.220261573791504 0
  vertex -16 1.9594349641362686e-15 0
 endloop
endfacet
facet normal 0 0 0
 outer loop
  vertex -13.856406211853027 -8 0
  vertex -6.472243309020996 -9.51025390625 0
  vertex -6.348700523376465 -9.695148468017578 0
 endloop
endfacet
facet normal 0 0 0
 outer loop
  vertex -6.472243309020996 9.51025390625 0
  vertex -6.5705952644348145 9.310815811157227 0
  vertex -10.284602165222168 12.25671100616455 0
 endloop
endfacet
facet normal 0 0 0
 outer loop
  vertex -13.856406211853027 8 0
  vertex -6.472243309020996 7.810254096984863 0
  vertex -6.348700523376465 7.625359535217285 0
 endloop
endfacet
facet normal 0 0 0
 outer loop
  vertex -1.0162675380706787 0.420951783657074 0
  vertex -1.0625183582305908 0.2847009599208832 0
  vertex -13.856406211853027 8 0
 endloop
endfacet
facet normal 0 0 0
 outer loop
  vertex 8.314543724060059 0.2218945324420929 0
  vertex 1.0162675380706787 0.420951783657074 0
  vertex 0.952627956867218 0.550000011920929 0
 endloop
endfacet
facet normal 0 0 0
 outer loop
  vertex 1.0905894041061401 -0.14357881247997284 0
  vertex 8.651299476623535 -1.0348944664001465 0
  vertex 8.797918319702148 -1.202081561088562 0
 endloop
endfacet
facet normal 0 0 0
 outer loop
  vertex -16 1.9594349641362686e-15 0
  vertex -0.8726886510848999 -0.6696375608444214 0
  vertex -0.7778174877166748 -0.7778174877166748 0
 endloop
endfacet
facet normal 0 0 0
 outer loop
  vertex -6.472243309020996 -7.810254096984863 0
  vertex -6.5705952644348145 -8.009692192077637 0
  vertex -16 1.9594349641362686e-15 0
 endloop
endfacet
facet normal 0 0 0
 outer loop
  vertex -13.856406211853027 -8 0
  vertex -6.348700523376465 -9.695148468017578 0
  vertex -6.202081680297852 -9.862335205078125 0
 endloop
endfacet
facet normal 0 0 0
 outer loop
  vertex -6.348700523376465 9.695148468017578 0
  vertex -6.472243309020996 9.51025390625 0
  vertex -10.284602165222168 12.25671100616455 0
 endloop
endfacet
facet normal 0 0 0
 outer loop
  vertex -13.856406211853027 8 0
  vertex -6.348700523376465 7.625359535217285 0
  vertex -6.202081680297852 7.45817232131958 0
 endloop
endfacet
facet normal 0 0 0
 outer loop
  vertex -0.952627956867218 0.550000011920929 0
  vertex -1.0162675380706787 0.420951783657074 0
  vertex -13.856406211853027 8 0
 endloop
endfacet
facet normal 0 0 0
 outer loop
  vertex 8.314543724060059 0.2218945324420929 0
  vertex 0.952627956867218 0.550000011920929 0
  vertex 0.8726886510848999 0.6696375608444214 0
 endloop
endfacet
facet normal 0 0 0
 outer loop
  vertex 1.0905894041061401 -0.14357881247997284 0
  vertex 8.797918319702148 -1.202081561088562 0
  vertex 8.965106010437012 -1.3487006425857544 0
 endloop
endfacet
facet normal 0 0 0
 outer loop
  vertex -16 1.9594349641362686e-15 0
  vertex -0.7778174877166748 -0.7778174877166748 0
  vertex -0.6696375608444214 -0.8726886510848999 0
 endloop
endfacet
facet normal 0 0 0
 outer loop
  vertex -6.348700523376465 -7.625359535217285 0
  vertex -6.472243309020996 -7.810254096984863 0
  vertex -16 1.9594349641362686e-15 0
 endloop
endfacet
facet normal 0 0 0
 outer loop
  vertex -13.856406211853027 -8 0
  vertex -6.202081680297852 -9.862335205078125 0
  vertex -6.0348944664001465 -10.008955001831055 0
 endloop
endfacet
facet normal 0 0 0
 outer loop
  vertex -6.202081680297852 9.862335205078125 0
  vertex -6.348700523376465 9.695148468017578 0
  vertex -10.284602165222168 12.25671100616455 0
 endloop
endfacet
facet normal 0 0 0
 outer loop
  vertex -13.856406211853027 8 0
  vertex -6.202081680297852 7.45817232131958 0
  vertex -6.0348944664001465 7.311553478240967 0
 endloop
endfacet
facet normal 0 0 0
 outer loop
  vertex -0.8726886510848999 0.6696375608444214 0
  vertex -0.952627956867218 0.550000011920929 0
  vertex -13.856406211853027 8 0
 endloop
endfacet
facet normal 0 0 0
 outer loop
  vertex 8.314543724060059 0.2218945324420929 0
  vertex 0.8726886510848999 0.6696375608444214 0
  vertex 0.7778174877166748 0.7778174877166748 0
 endloop
endfacet
facet normal 0 0 0
 outer loop
  vertex 1.0905894041061401 -0.14357881247997284 0
  vertex 8.965106010437012 -1.3487006425857544 0
  vertex 9.149999618530273 -1.4722431898117065 0
 endloop
endfacet
facet normal 0 0 0
 outer loop
  vertex -16 1.9594349641362686e-15 0
  vertex -0.6696375608444214 -0.8726886510848999 0
  vertex -0.550000011920929 -0.952627956867218 0
 endloop
endfacet
facet normal 0 0 0
 outer loop
  vertex -6.202081680297852 -7.45817232131958 0
  vertex -6.348700523376465 -7.625359535217285 0
  vertex -16 1.9594349641362686e-15 0
 endloop
endfacet
facet normal 0 0 0
 outer loop
  vertex -13.856406211853027 -8 0
  vertex -6.0348944664001465 -10.008955001831055 0
  vertex -5.849999904632568 -10.13249683380127 0
 endloop
endfacet
facet normal 0 0 0
 outer loop
  vertex -6.202081680297852 9.862335205078125 0
  vertex -10.284602165222168 12.25671100616455 0
  vertex 9.797174820681343e-16 16 0
 endloop
endfacet
facet normal 0 0 0
 outer loop
  vertex -13.856406211853027 8 0
  vertex -6.0348944664001465 7.311553478240967 0
  vertex -5.849999904632568 7.1880106925964355 0
 endloop
endfacet
facet normal 0 0 0
 outer loop
  vertex -0.7778174877166748 0.7778174877166748 0
  vertex -0.8726886510848999 0.6696375608444214 0
  vertex -13.856406211853027 8 0
 endloop
endfacet
facet normal 0 0 0
 outer loop
  vertex 8.314543724060059 0.2218945324420929 0
  vertex 0.7778174877166748 0.7778174877166748 0
  vertex 0.6696375608444214 0.8726886510848999 0
 endloop
endfacet
facet normal 0 0 0
 outer loop
  vertex 1.0905894041061401 -0.14357881247997284 0
  vertex 9.149999618530273 -1.4722431898117065 0
  vertex 9.349437713623047 -1.5705952644348145 0
 endloop
endfacet
facet normal 0 0 0
 outer loop
  vertex -16 1.9594349641362686e-15 0
  vertex -0.550000011920929 -0.952627956867218 0
  vertex -0.420951783657074 -1.0162675380706787 0
 endloop
endfacet
facet normal 0 0 0
 outer loop
  vertex -6.0348944664001465 -7.311553478240967 0
  vertex -6.202081680297852 -7.45817232131958 0
  vertex -16 1.9594349641362686e-15 0
 endloop
endfacet
facet normal 0 0 0
 outer loop
  vertex -13.856406211853027 -8 0
  vertex -5.849999904632568 -10.13249683380127 0
  vertex -5.650561809539795 -10.230849266052246 0
 endloop
endfacet
facet normal 0 0 0
 outer loop
  vertex -6.0348944664001465 10.008955001831055 0
  vertex -6.202081680297852 9.862335205078125 0
  vertex 9.797174820681343e-16 16 0
 endloop
endfacet
facet normal 0 0 0
 outer loop
  vertex -13.856406211853027 8 0
  vertex -5.849999904632568 7.1880106925964355 0
  vertex -5.650561809539795 7.089658737182617 0
 endloop
endfacet
facet normal 0 0 0
 outer loop
  vertex -0.6696375608444214 0.8726886510848999 0
  vertex -0.7778174877166748 0.7778174877166748 0
  vertex -13.856406211853027 8 0
 endloop
endfacet
facet normal 0 0 0
 outer loop
  vertex 8.314543724060059 0.2218945324420929 0
  vertex 0.6696375608444214 0.8726886510848999 0
  vertex 0.550000011920929 0.952627956867218 0
 endloop
endfacet
facet normal 0 0 0
 outer loop
  vertex 1.0905894041061401 -0.14357881247997284 0
  vertex 9.349437713623047 -1.5705952644348145 0
  vertex 9.56000804901123 -1.6420738697052002 0
 endloop
endfacet
facet normal 0 0 0
 outer loop
  vertex -16 1.9594349641362686e-15 0
  vertex -0.420951783657074 -1.0162675380706787 0
  vertex -0.2847009599208832 -1.0625183582305908 0
 endloop
endfacet
facet normal 0 0 0
 outer loop
  vertex -5.849999904632568 -7.1880106925964355 0
  vertex -6.0348944664001465 -7.311553478240967 0
  vertex -16 1.9594349641362686e-15 0
 endloop
endfacet
facet normal 0 0 0
 outer loop
  vertex -13.856406211853027 -8 0
  vertex -5.650561809539795 -10.230849266052246 0
  vertex -5.439992427825928 -10.302328109741211 0
 endloop
endfacet
facet normal 0 0 0
 outer loop
  vertex -5.849999904632568 10.13249683380127 0
  vertex -6.0348944664001465 10.008955001831055 0
  vertex 9.797174820681343e-16 16 0
 endloop
endfacet
facet normal 0 0 0
 outer loop
  vertex -13.856406211853027 8 0
  vertex -5.650561809539795 7.089658737182617 0
  vertex -5.439992427825928 7.0181803703308105 0
 endloop
endfacet
facet normal 0 0 0
 outer loop
  vertex -0.550000011920929 0.952627956867218 0
  vertex -0.6696375608444214 0.8726886510848999 0
  vertex -13.856406211853027 8 0
 endloop
endfacet
facet normal 0 0 0
 outer loop
  vertex 8.314543724060059 0.2218945324420929 0
  vertex 0.550000011920929 0.952627956867218 0
  vertex 0.420951783657074 1.0162675380706787 0
 endloop
endfacet
facet normal 0 0 0
 outer loop
  vertex 1.0905894041061401 -0.14357881247997284 0
  vertex 9.56000804901123 -1.6420738697052002 0
  vertex 9.778105735778809 -1.6854562759399414 0
 endloop
endfacet
facet normal 0 0 0
 outer loop
  vertex -16 1.9594349641362686e-15 0
  vertex -0.2847009599208832 -1.0625183582305908 0
  vertex -0.14357881247997284 -1.0905894041061401 0
 endloop
endfacet
facet normal 0 0 0
 outer loop
  vertex -5.650561809539795 -7.089658737182617 0
  vertex -5.849999904632568 -7.1880106925964355 0
  vertex -16 1.9594349641362686e-15 0
 endloop
endfacet
facet normal 0 0 0
 outer loop
  vertex 5.472322463989258 -15.03508186340332 0
  vertex -13.856406211853027 -8 0
  vertex -5.439992427825928 -10.302328109741211 0
 endloop
endfacet
facet normal 0 0 0
 outer loop
  vertex -5.650561809539795 10.230849266052246 0
  vertex -5.849999904632568 10.13249683380127 0
  vertex 9.797174820681343e-16 16 0
 endloop
endfacet
facet normal 0 0 0
 outer loop
  vertex -13.856406211853027 8 0
  vertex -5.439992427825928 7.0181803703308105 0
  vertex -5.22189474105835 6.97479772567749 0
 endloop
endfacet
facet normal 0 0 0
 outer loop
  vertex -0.420951783657074 1.0162675380706787 0
  vertex -0.550000011920929 0.952627956867218 0
  vertex -13.856406211853027 8 0
 endloop
endfacet
facet normal 0 0 0
 outer loop
  vertex 8.314543724060059 0.2218945324420929 0
  vertex 0.420951783657074 1.0162675380706787 0
  vertex 0.2847009599208832 1.0625183582305908 0
 endloop
endfacet
facet normal 0 0 0
 outer loop
  vertex 1.0625183582305908 -0.2847009599208832 0
  vertex 1.0905894041061401 -0.14357881247997284 0
  vertex 9.778105735778809 -1.6854562759399414 0
 endloop
endfacet
facet normal 0 0 0
 outer loop
  vertex -5.650561809539795 -7.089658737182617 0
  vertex -16 1.9594349641362686e-15 0
  vertex -0.14357881247997284 -1.0905894041061401 0
 endloop
endfacet
facet normal 0 0 0
 outer loop
  vertex 5.472322463989258 -15.03508186340332 0
  vertex -5.439992427825928 -10.302328109741211 0
  vertex -5.22189474105835 -10.345710754394531 0
 endloop
endfacet
facet normal 0 0 0
 outer loop
  vertex -5.439992427825928 10.302328109741211 0
  vertex -5.650561809539795 10.230849266052246 0
  vertex 9.797174820681343e-16 16 0
 endloop
endfacet
facet normal 0 0 0
 outer loop
  vertex -0.420951783657074 1.0162675380706787 0
  vertex -13.856406211853027 8 0
  vertex -5.22189474105835 6.97479772567749 0
 endloop
endfacet
facet normal 0 0 0
 outer loop
  vertex 8.314543724060059 0.2218945324420929 0
  vertex 0.2847009599208832 1.0625183582305908 0
  vertex 0.14357881247997284 1.0905894041061401 0
 endloop
endfacet
facet normal 0 0 0
 outer loop
  vertex 1.0162675380706787 -0.420951783657074 0
  vertex 1.0625183582305908 -0.2847009599208832 0
  vertex 9.778105735778809 -1.6854562759399414 0
 endloop
endfacet
facet normal 0 0 0
 outer loop
  vertex -5.650561809539795 -7.089658737182617 0
  vertex -0.14357881247997284 -1.0905894041061401 0
  vertex 6.735557689218423e-17 -1.100000023841858 0
 endloop
endfacet
facet normal 0 0 0
 outer loop
  vertex 5.472322463989258 -15.03508186340332 0
  vertex -5.22189474105835 -10.345710754394531 0
  vertex -5 -10.360254287719727 0
 endloop
endfacet
facet normal 0 0 0
 outer loop
  vertex -5.22189474105835 10.345710754394531 0
  vertex -5.439992427825928 10.302328109741211 0
  vertex 9.797174820681343e-16 16 0
 endloop
endfacet
facet normal 0 0 0
 outer loop
  vertex -0.420951783657074 1.0162675380706787 0
  vertex -5.22189474105835 6.97479772567749 0
  vertex -5 6.960254192352295 0
 endloop
endfacet
facet normal 0 0 0
 outer loop
  vertex 8.357926368713379 0.43999236822128296 0
  vertex 8.314543724060059 0.2218945324420929 0
  vertex 0.14357881247997284 1.0905894041061401 0
 endloop
endfacet
facet normal 0 0 0
 outer loop
  vertex 0.952627956867218 -0.550000011920929 0
  vertex 1.0162675380706787 -0.420951783657074 0
  vertex 9.778105735778809 -1.6854562759399414 0
 endloop
endfacet
facet normal 0 0 0
 outer loop
  vertex -5.650561809539795 -7.089658737182617 0
  vertex 6.735557689218423e-17 -1.100000023841858 0
  vertex 0.14357881247997284 -1.0905894041061401 0
 endloop
endfacet
facet normal 0 0 0
 outer loop
  vertex 5.472322463989258 -15.03508186340332 0
  vertex -5 -10.360254287719727 0
  vertex -4.77810525894165 -10.345710754394531 0
 endloop
endfacet
facet normal 0 0 0
 outer loop
  vertex -5 10.360254287719727 0
  vertex -5.22189474105835 10.345710754394531 0
  vertex 9.797174820681343e-16 16 0
 endloop
endfacet
facet normal 0 0 0
 outer loop
  vertex -0.420951783657074 1.0162675380706787 0
  vertex -5 6.960254192352295 0
  vertex -4.77810525894165 6.97479772567749 0
 endloop
endfacet
facet normal 0 0 0
 outer loop
  vertex 8.429405212402344 0.6505618095397949 0
  vertex 8.357926368713379 0.43999236822128296 0
  vertex 0.14357881247997284 1.0905894041061401 0
 endloop
endfacet
facet normal 0 0 0
 outer loop
  vertex 0.8726886510848999 -0.6696375608444214 0
  vertex 0.952627956867218 -0.550000011920929 0
  vertex 9.778105735778809 -1.6854562759399414 0
 endloop
endfacet
facet normal 0 0 0
 outer loop
  vertex -5.650561809539795 -7.089658737182617 0
  vertex 0.14357881247997284 -1.0905894041061401 0
  vertex 0.2847009599208832 -1.0625183582305908 0
 endloop
endfacet
facet normal 0 0 0
 outer loop
  vertex 5.472322463989258 -15.03508186340332 0
  vertex -4.77810525894165 -10.345710754394531 0
  vertex -4.560007572174072 -10.302328109741211 0
 endloop
endfacet
facet normal 0 0 0
 outer loop
  vertex -4.77810525894165 10.345710754394531 0
  vertex -5 10.360254287719727 0
  vertex 9.797174820681343e-16 16 0
 endloop
endfacet
facet normal 0 0 0
 outer loop
  vertex -0.420951783657074 1.0162675380706787 0
  vertex -4.77810525894165 6.97479772567749 0
  vertex -4.560007572174072 7.0181803703308105 0
 endloop
endfacet
facet normal 0 0 0
 outer loop
  vertex 8.429405212402344 0.6505618095397949 0
  vertex 0.14357881247997284 1.0905894041061401 0
  vertex -2.020667240591078e-16 1.100000023841858 0
 endloop
endfacet
facet normal 0 0 0
 outer loop
  vertex 0.7778174877166748 -0.7778174877166748 0
  vertex 0.8726886510848999 -0.6696375608444214 0
  vertex 9.778105735778809 -1.6854562759399414 0
 endloop
endfacet
facet normal 0 0 0
 outer loop
  vertex -5.650561809539795 -7.089658737182617 0
  vertex 0.2847009599208832 -1.0625183582305908 0
  vertex 0.420951783657074 -1.0162675380706787 0
 endloop
endfacet
facet normal 0 0 0
 outer loop
  vertex 5.472322463989258 -15.03508186340332 0
  vertex -4.560007572174072 -10.302328109741211 0
  vertex -4.349438190460205 -10.230849266052246 0
 endloop
endfacet
facet normal 0 0 0
 outer loop
  vertex -4.560007572174072 10.302328109741211 0
  vertex -4.77810525894165 10.345710754394531 0
  vertex 9.797174820681343e-16 16 0
 endloop
endfacet
facet normal 0 0 0
 outer loop
  vertex -0.420951783657074 1.0162675380706787 0
  vertex -4.560007572174072 7.0181803703308105 0
  vertex -4.349438190460205 7.089658737182617 0
 endloop
endfacet
facet normal 0 0 0
 outer loop
  vertex 8.527756690979004 0.8500000238418579 0
  vertex 8.429405212402344 0.6505618095397949 0
  vertex -2.020667240591078e-16 1.100000023841858 0
 endloop
endfacet
facet normal 0 0 0
 outer loop
  vertex 0.6696375608444214 -0.8726886510848999 0
  vertex 0.7778174877166748 -0.7778174877166748 0
  vertex 9.778105735778809 -1.6854562759399414 0
 endloop
endfacet
facet normal 0 0 0
 outer loop
  vertex -5.650561809539795 -7.089658737182617 0
  vertex 0.420951783657074 -1.0162675380706787 0
  vertex 0.550000011920929 -0.952627956867218 0
 endloop
endfacet
facet normal 0 0 0
 outer loop
  vertex 5.472322463989258 -15.03508186340332 0
  vertex -4.349438190460205 -10.230849266052246 0
  vertex -4.150000095367432 -10.13249683380127 0
 endloop
endfacet
facet normal 0 0 0
 outer loop
  vertex -4.349438190460205 10.230849266052246 0
  vertex -4.560007572174072 10.302328109741211 0
  vertex 9.797174820681343e-16 16 0
 endloop
endfacet
facet normal 0 0 0
 outer loop
  vertex -0.420951783657074 1.0162675380706787 0
  vertex -4.349438190460205 7.089658737182617 0
  vertex -4.150000095367432 7.1880106925964355 0
 endloop
endfacet
facet normal 0 0 0
 outer loop
  vertex 8.651299476623535 1.0348944664001465 0
  vertex 8.527756690979004 0.8500000238418579 0
  vertex -2.020667240591078e-16 1.100000023841858 0
 endloop
endfacet
facet normal 0 0 0
 outer loop
  vertex 0.550000011920929 -0.952627956867218 0
  vertex 0.6696375608444214 -0.8726886510848999 0
  vertex 9.778105735778809 -1.6854562759399414 0
 endloop
endfacet
facet normal 0 0 0
 outer loop
  vertex -5.439992427825928 -7.0181803703308105 0
  vertex -5.650561809539795 -7.089658737182617 0
  vertex 0.550000011920929 -0.952627956867218 0
 endloop
endfacet
facet normal 0 0 0
 outer loop
  vertex 5.472322463989258 -15.03508186340332 0
  vertex -4.150000095367432 -10.13249683380127 0
  vertex -3.9651055335998535 -10.008955001831055 0
 endloop
endfacet
facet normal 0 0 0
 outer loop
  vertex -4.349438190460205 10.230849266052246 0
  vertex 9.797174820681343e-16 16 0
  vertex 15.75692367553711 2.7783708572387695 0
 endloop
endfacet
facet normal 0 0 0
 outer loop
  vertex -0.420951783657074 1.0162675380706787 0
  vertex -4.150000095367432 7.1880106925964355 0
  vertex -3.9651055335998535 7.311553478240967 0
 endloop
endfacet
facet normal 0 0 0
 outer loop
  vertex 8.797918319702148 1.202081561088562 0
  vertex 8.651299476623535 1.0348944664001465 0
  vertex -2.020667240591078e-16 1.100000023841858 0
 endloop
endfacet
facet normal 0 0 0
 outer loop
  vertex -5.439992427825928 -7.0181803703308105 0
  vertex 0.550000011920929 -0.952627956867218 0
  vertex 9.778105735778809 -1.6854562759399414 0
 endloop
endfacet
facet normal 0 0 0
 outer loop
  vertex 5.472322463989258 -15.03508186340332 0
  vertex -3.9651055335998535 -10.008955001831055 0
  vertex -3.7979185581207275 -9.862335205078125 0
 endloop
endfacet
facet normal 0 0 0
 outer loop
  vertex -4.150000095367432 10.13249683380127 0
  vertex -4.349438190460205 10.230849266052246 0
  vertex 15.75692367553711 2.7783708572387695 0
 endloop
endfacet
facet normal 0 0 0
 outer loop
  vertex -0.420951783657074 1.0162675380706787 0
  vertex -3.9651055335998535 7.311553478240967 0
  vertex -3.7979185581207275 7.45817232131958 0
 endloop
endfacet
facet normal 0 0 0
 outer loop
  vertex 8.965106010437012 1.3487006425857544 0
  vertex 8.797918319702148 1.202081561088562 0
  vertex -2.020667240591078e-16 1.100000023841858 0
 endloop
endfacet
facet normal 0 0 0
 outer loop
  vertex -5.439992427825928 -7.0181803703308105 0
  vertex 9.778105735778809 -1.6854562759399414 0
  vertex 10 -1.7000000476837158 0
 endloop
endfacet
facet normal 0 0 0
 outer loop
  vertex 5.472322463989258 -15.03508186340332 0
  vertex -3.7979185581207275 -9.862335205078125 0
  vertex -3.651299238204956 -9.695148468017578 0
 endloop
endfacet
facet normal 0 0 0
 outer loop
  vertex -3.9651055335998535 10.008955001831055 0
  vertex -4.150000095367432 10.13249683380127 0
  vertex 15.75692367553711 2.7783708572387695 0
 endloop
endfacet
facet normal 0 0 0
 outer loop
  vertex -0.420951783657074 1.0162675380706787 0
  vertex -3.7979185581207275 7.45817232131958 0
  vertex -3.651299238204956 7.625359535217285 0
 endloop
endfacet
facet normal 0 0 0
 outer loop
  vertex 9.149999618530273 1.4722431898117065 0
  vertex 8.965106010437012 1.3487006425857544 0
  vertex -2.020667240591078e-16 1.100000023841858 0
 endloop
endfacet
facet normal 0 0 0
 outer loop
  vertex -5.439992427825928 -7.0181803703308105 0
  vertex 10 -1.7000000476837158 0
  vertex 10.221894264221191 -1.6854562759399414 0
 endloop
endfacet
facet normal 0 0 0
 outer loop
  vertex 5.472322463989258 -15.03508186340332 0
  vertex -3.651299238204956 -9.695148468017578 0
  vertex -3.527756929397583 -9.51025390625 0
 endloop
endfacet
facet normal 0 0 0
 outer loop
  vertex -3.7979185581207275 9.862335205078125 0
  vertex -3.9651055335998535 10.008955001831055 0
  vertex 15.75692367553711 2.7783708572387695 0
 endloop
endfacet
facet normal 0 0 0
 outer loop
  vertex -0.420951783657074 1.0162675380706787 0
  vertex -3.651299238204956 7.625359535217285 0
  vertex -3.527756929397583 7.810254096984863 0
 endloop
endfacet
facet normal 0 0 0
 outer loop
  vertex 9.349437713623047 1.5705952644348145 0
  vertex 9.149999618530273 1.4722431898117065 0
  vertex -2.020667240591078e-16 1.100000023841858 0
 endloop
endfacet
facet normal 0 0 0
 outer loop
  vertex -5.439992427825928 -7.0181803703308105 0
  vertex 10.221894264221191 -1.6854562759399414 0
  vertex 10.43999195098877 -1.6420738697052002 0
 endloop
endfacet
facet normal 0 0 0
 outer loop
  vertex 5.472322463989258 -15.03508186340332 0
  vertex -3.527756929397583 -9.51025390625 0
  vertex -3.4294047355651855 -9.310815811157227 0
 endloop
endfacet
facet normal 0 0 0
 outer loop
  vertex -3.651299238204956 9.695148468017578 0
  vertex -3.7979185581207275 9.862335205078125 0
  vertex 15.75692367553711 2.7783708572387695 0
 endloop
endfacet
facet normal 0 0 0
 outer loop
  vertex -0.420951783657074 1.0162675380706787 0
  vertex -3.527756929397583 7.810254096984863 0
  vertex -3.4294047355651855 8.009692192077637 0
 endloop
endfacet
facet normal 0 0 0
 outer loop
  vertex 9.56000804901123 1.6420738697052002 0
  vertex 9.349437713623047 1.5705952644348145 0
  vertex -2.020667240591078e-16 1.100000023841858 0
 endloop
endfacet
facet normal 0 0 0
 outer loop
  vertex -5.22189474105835 -6.97479772567749 0
  vertex -5.439992427825928 -7.0181803703308105 0
  vertex 10.43999195098877 -1.6420738697052002 0
 endloop
endfacet
facet normal 0 0 0
 outer loop
  vertex 5.472322463989258 -15.03508186340332 0
  vertex -3.4294047355651855 -9.310815811157227 0
  vertex -3.3579261302948 -9.10024642944336 0
 endloop
endfacet
facet normal 0 0 0
 outer loop
  vertex -3.527756929397583 9.51025390625 0
  vertex -3.651299238204956 9.695148468017578 0
  vertex 15.75692367553711 2.7783708572387695 0
 endloop
endfacet
facet normal 0 0 0
 outer loop
  vertex -0.420951783657074 1.0162675380706787 0
  vertex -3.4294047355651855 8.009692192077637 0
  vertex -3.3579261302948 8.220261573791504 0
 endloop
endfacet
facet normal 0 0 0
 outer loop
  vertex 9.778105735778809 1.6854562759399414 0
  vertex 9.56000804901123 1.6420738697052002 0
  vertex -2.020667240591078e-16 1.100000023841858 0
 endloop
endfacet
facet normal 0 0 0
 outer loop
  vertex -5.22189474105835 -6.97479772567749 0
  vertex 10.43999195098877 -1.6420738697052002 0
  vertex 10.650562286376953 -1.5705952644348145 0
 endloop
endfacet
facet normal 0 0 0
 outer loop
  vertex 5.472322463989258 -15.03508186340332 0
  vertex -3.3579261302948 -9.10024642944336 0
  vertex -3.3145437240600586 -8.882148742675781 0
 endloop
endfacet
facet normal 0 0 0
 outer loop
  vertex -3.4294047355651855 9.310815811157227 0
  vertex -3.527756929397583 9.51025390625 0
  vertex 15.75692367553711 2.7783708572387695 0
 endloop
endfacet
facet normal 0 0 0
 outer loop
  vertex -0.420951783657074 1.0162675380706787 0
  vertex -3.3579261302948 8.220261573791504 0
  vertex -3.3145437240600586 8.438359260559082 0
 endloop
endfacet
facet normal 0 0 0
 outer loop
  vertex 10 1.7000000476837158 0
  vertex 9.778105735778809 1.6854562759399414 0
  vertex -2.020667240591078e-16 1.100000023841858 0
 endloop
endfacet
facet normal 0 0 0
 outer loop
  vertex -5 -6.960254192352295 0
  vertex -5.22189474105835 -6.97479772567749 0
  vertex 10.650562286376953 -1.5705952644348145 0
 endloop
endfacet
facet normal 0 0 0
 outer loop
  vertex 5.472322463989258 -15.03508186340332 0
  vertex -3.3145437240600586 -8.882148742675781 0
  vertex -3.299999952316284 -8.66025447845459 0
 endloop
endfacet
facet normal 0 0 0
 outer loop
  vertex -3.3579261302948 9.10024642944336 0
  vertex -3.4294047355651855 9.310815811157227 0
  vertex 15.75692367553711 2.7783708572387695 0
 endloop
endfacet
facet normal 0 0 0
 outer loop
  vertex -0.420951783657074 1.0162675380706787 0
  vertex -3.3145437240600586 8.438359260559082 0
  vertex -3.299999952316284 8.66025447845459 0
 endloop
endfacet
facet normal 0 0 0
 outer loop
  vertex -4.77810525894165 -6.97479772567749 0
  vertex -5 -6.960254192352295 0
  vertex 10.650562286376953 -1.5705952644348145 0
 endloop
endfacet
facet normal 0 0 0
 outer loop
  vertex 5.472322463989258 -15.03508186340332 0
  vertex -3.299999952316284 -8.66025447845459 0
  vertex -3.3145437240600586 -8.438359260559082 0
 endloop
endfacet
facet normal 0 0 0
 outer loop
  vertex -3.3145437240600586 8.882148742675781 0
  vertex -3.3579261302948 9.10024642944336 0
  vertex 15.75692367553711 2.7783708572387695 0
 endloop
endfacet
facet normal 0 0 0
 outer loop
  vertex -0.420951783657074 1.0162675380706787 0
  vertex -3.299999952316284 8.66025447845459 0
  vertex -3.3145437240600586 8.882148742675781 0
 endloop
endfacet
facet normal 0 0 0
 outer loop
  vertex -4.560007572174072 -7.0181803703308105 0
  vertex -4.77810525894165 -6.97479772567749 0
  vertex 10.650562286376953 -1.5705952644348145 0
 endloop
endfacet
facet normal 0 0 0
 outer loop
  vertex 5.472322463989258 -15.03508186340332 0
  vertex -3.3145437240600586 -8.438359260559082 0
  vertex -3.3579261302948 -8.220261573791504 0
 endloop
endfacet
facet normal 0 0 0
 outer loop
  vertex -0.2847009599208832 1.0625183582305908 0
  vertex -0.420951783657074 1.0162675380706787 0
  vertex -3.3145437240600586 8.882148742675781 0
 endloop
endfacet
facet normal 0 0 0
 outer loop
  vertex -4.349438190460205 -7.089658737182617 0
  vertex -4.560007572174072 -7.0181803703308105 0
  vertex 10.650562286376953 -1.5705952644348145 0
 endloop
endfacet
facet normal 0 0 0
 outer loop
  vertex 5.472322463989258 -15.03508186340332 0
  vertex -3.3579261302948 -8.220261573791504 0
  vertex -3.4294047355651855 -8.009692192077637 0
 endloop
endfacet
facet normal 0 0 0
 outer loop
  vertex -0.14357881247997284 1.0905894041061401 0
  vertex -0.2847009599208832 1.0625183582305908 0
  vertex -3.3145437240600586 8.882148742675781 0
 endloop
endfacet
facet normal 0 0 0
 outer loop
  vertex -4.150000095367432 -7.1880106925964355 0
  vertex -4.349438190460205 -7.089658737182617 0
  vertex 10.650562286376953 -1.5705952644348145 0
 endloop
endfacet
facet normal 0 0 0
 outer loop
  vertex 5.472322463989258 -15.03508186340332 0
  vertex -3.4294047355651855 -8.009692192077637 0
  vertex -3.527756929397583 -7.810254096984863 0
 endloop
endfacet
facet normal 0 0 0
 outer loop
  vertex -0.14357881247997284 1.0905894041061401 0
  vertex -3.3145437240600586 8.882148742675781 0
  vertex 15.75692367553711 2.7783708572387695 0
 endloop
endfacet
facet normal 0 0 0
 outer loop
  vertex -3.9651055335998535 -7.311553478240967 0
  vertex -4.150000095367432 -7.1880106925964355 0
  vertex 10.650562286376953 -1.5705952644348145 0
 endloop
endfacet
facet normal 0 0 0
 outer loop
  vertex 5.472322463989258 -15.03508186340332 0
  vertex -3.527756929397583 -7.810254096984863 0
  vertex -3.651299238204956 -7.625359535217285 0
 endloop
endfacet
facet normal 0 0 0
 outer loop
  vertex -2.020667240591078e-16 1.100000023841858 0
  vertex -0.14357881247997284 1.0905894041061401 0
  vertex 15.75692367553711 2.7783708572387695 0
 endloop
endfacet
facet normal 0 0 0
 outer loop
  vertex -3.7979185581207275 -7.45817232131958 0
  vertex -3.9651055335998535 -7.311553478240967 0
  vertex 10.650562286376953 -1.5705952644348145 0
 endloop
endfacet
facet normal 0 0 0
 outer loop
  vertex 5.472322463989258 -15.03508186340332 0
  vertex -3.651299238204956 -7.625359535217285 0
  vertex -3.7979185581207275 -7.45817232131958 0
 endloop
endfacet
facet normal 0 0 0
 outer loop
  vertex 10 1.7000000476837158 0
  vertex -2.020667240591078e-16 1.100000023841858 0
  vertex 15.75692367553711 2.7783708572387695 0
 endloop
endfacet
facet normal 0 0 0
 outer loop
  vertex 5.472322463989258 -15.03508186340332 0
  vertex -3.7979185581207275 -7.45817232131958 0
  vertex 10.650562286376953 -1.5705952644348145 0
 endloop
endfacet
facet normal 0 0 0
 outer loop
  vertex 10.221894264221191 1.6854562759399414 0
  vertex 10 1.7000000476837158 0
  vertex 15.75692367553711 2.7783708572387695 0
 endloop
endfacet
facet normal 0 0 0
 outer loop
  vertex 5.472322463989258 -15.03508186340332 0
  vertex 10.650562286376953 -1.5705952644348145 0
  vertex 10.850000381469727 -1.4722431898117065 0
 endloop
endfacet
facet normal 0 0 0
 outer loop
  vertex 10.43999195098877 1.6420738697052002 0
  vertex 10.221894264221191 1.6854562759399414 0
  vertex 15.75692367553711 2.7783708572387695 0
 endloop
endfacet
facet normal 0 0 0
 outer loop
  vertex 5.472322463989258 -15.03508186340332 0
  vertex 10.850000381469727 -1.4722431898117065 0
  vertex 11.034893989562988 -1.3487006425857544 0
 endloop
endfacet
facet normal 0 0 0
 outer loop
  vertex 10.650562286376953 1.5705952644348145 0
  vertex 10.43999195098877 1.6420738697052002 0
  vertex 15.75692367553711 2.7783708572387695 0
 endloop
endfacet
facet normal 0 0 0
 outer loop
  vertex 5.472322463989258 -15.03508186340332 0
  vertex 11.034893989562988 -1.3487006425857544 0
  vertex 11.202081680297852 -1.202081561088562 0
 endloop
endfacet
facet normal 0 0 0
 outer loop
  vertex 10.850000381469727 1.4722431898117065 0
  vertex 10.650562286376953 1.5705952644348145 0
  vertex 15.75692367553711 2.7783708572387695 0
 endloop
endfacet
facet normal 0 0 0
 outer loop
  vertex 5.472322463989258 -15.03508186340332 0
  vertex 11.202081680297852 -1.202081561088562 0
  vertex 11.348700523376465 -1.0348944664001465 0
 endloop
endfacet
facet normal 0 0 0
 outer loop
  vertex 11.034893989562988 1.3487006425857544 0
  vertex 10.850000381469727 1.4722431898117065 0
  vertex 15.75692367553711 2.7783708572387695 0
 endloop
endfacet
facet normal 0 0 0
 outer loop
  vertex 5.472322463989258 -15.03508186340332 0
  vertex 11.348700523376465 -1.0348944664001465 0
  vertex 11.472243309020996 -0.8500000238418579 0
 endloop
endfacet
facet normal 0 0 0
 outer loop
  vertex 11.202081680297852 1.202081561088562 0
  vertex 11.034893989562988 1.3487006425857544 0
  vertex 15.75692367553711 2.7783708572387695 0
 endloop
endfacet
facet normal 0 0 0
 outer loop
  vertex 5.472322463989258 -15.03508186340332 0
  vertex 11.472243309020996 -0.8500000238418579 0
  vertex 11.570594787597656 -0.6505618095397949 0
 endloop
endfacet
facet normal 0 0 0
 outer loop
  vertex 11.348700523376465 1.0348944664001465 0
  vertex 11.202081680297852 1.202081561088562 0
  vertex 15.75692367553711 2.7783708572387695 0
 endloop
endfacet
facet normal 0 0 0
 outer loop
  vertex 15.75692367553711 2.7783708572387695 0
  vertex 5.472322463989258 -15.03508186340332 0
  vertex 11.570594787597656 -0.6505618095397949 0
 endloop
endfacet
facet normal 0 0 0
 outer loop
  vertex 11.472243309020996 0.8500000238418579 0
  vertex 11.348700523376465 1.0348944664001465 0
  vertex 15.75692367553711 2.7783708572387695 0
 endloop
endfacet
facet normal 0 0 0
 outer loop
  vertex 15.75692367553711 2.7783708572387695 0
  vertex 11.570594787597656 -0.6505618095397949 0
  vertex 11.642073631286621 -0.43999236822128296 0
 endloop
endfacet
facet normal 0 0 0
 outer loop
  vertex 11.570594787597656 0.6505618095397949 0
  vertex 11.472243309020996 0.8500000238418579 0
  vertex 15.75692367553711 2.7783708572387695 0
 endloop
endfacet
facet normal 0 0 0
 outer loop
  vertex 15.75692367553711 2.7783708572387695 0
  vertex 11.642073631286621 -0.43999236822128296 0
  vertex 11.685456275939941 -0.2218945324420929 0
 endloop
endfacet
facet normal 0 0 0
 outer loop
  vertex 11.642073631286621 0.43999236822128296 0
  vertex 11.570594787597656 0.6505618095397949 0
  vertex 15.75692367553711 2.7783708572387695 0
 endloop
endfacet
facet normal 0 0 0
 outer loop
  vertex 15.75692367553711 2.7783708572387695 0
  vertex 11.685456275939941 -0.2218945324420929 0
  vertex 11.699999809265137 0 0
 endloop
endfacet
facet normal 0 0 0
 outer loop
  vertex 11.685456275939941 0.2218945324420929 0
  vertex 11.642073631286621 0.43999236822128296 0
  vertex 15.75692367553711 2.7783708572387695 0
 endloop
endfacet
facet normal 0 0 0
 outer loop
  vertex 15.75692367553711 2.7783708572387695 0
  vertex 11.699999809265137 0 0
  vertex 11.685456275939941 0.2218945324420929 0
 endloop
endfacet
facet normal 0 0 0
 outer loop
  vertex 1.0905894041061401 -0.14357881247997284 5
  vertex 8.300000190734863 -2.0818995170458873e-16 5
  vertex 8.314543724060059 0.2218945324420929 5
 endloop
endfacet
facet normal 0 0 0
 outer loop
  vertex 8.314543724060059 -0.2218945324420929 5
  vertex 8.300000190734863 -2.0818995170458873e-16 5
  vertex 1.0905894041061401 -0.14357881247997284 5
 endloop
endfacet
facet normal 0 0 0
 outer loop
  vertex -1.0905894041061401 -0.14357881247997284 5
  vertex -1.100000023841858 -1.3471115378436846e-16 5
  vertex -16 1.9594349641362686e-15 5
 endloop
endfacet
facet normal 0 0 0
 outer loop
  vertex -16 1.9594349641362686e-15 5
  vertex -15.939115524291992 -1.3944919109344482 5
  vertex -15.75692367553711 -2.7783708572387695 5
 endloop
endfacet
facet normal 0 0 0
 outer loop
  vertex -15.75692367553711 -2.7783708572387695 5
  vertex -15.454813003540039 -4.141104698181152 5
  vertex -15.03508186340332 -5.472322463989258 5
 endloop
endfacet
facet normal 0 0 0
 outer loop
  vertex -15.03508186340332 -5.472322463989258 5
  vertex -14.500925064086914 -6.761892318725586 5
  vertex -13.856406211853027 -8 5
 endloop
endfacet
facet normal 0 0 0
 outer loop
  vertex -13.856406211853027 -8 5
  vertex -6.699999809265137 -8.66025447845459 5
  vertex -6.685456275939941 -8.438359260559082 5
 endloop
endfacet
facet normal 0 0 0
 outer loop
  vertex -6.685456275939941 -8.882148742675781 5
  vertex -6.699999809265137 -8.66025447845459 5
  vertex -13.856406211853027 -8 5
 endloop
endfacet
facet normal 0 0 0
 outer loop
  vertex -13.856406211853027 -8 5
  vertex -13.106432914733887 -9.177223205566406 5
  vertex -12.25671100616455 -10.284602165222168 5
 endloop
endfacet
facet normal 0 0 0
 outer loop
  vertex -12.25671100616455 -10.284602165222168 5
  vertex -11.313708305358887 -11.313708305358887 5
  vertex -10.284602165222168 -12.25671100616455 5
 endloop
endfacet
facet normal 0 0 0
 outer loop
  vertex -10.284602165222168 -12.25671100616455 5
  vertex -9.177223205566406 -13.106432914733887 5
  vertex -8 -13.856406211853027 5
 endloop
endfacet
facet normal 0 0 0
 outer loop
  vertex -8 -13.856406211853027 5
  vertex -6.761892318725586 -14.500925064086914 5
  vertex -5.472322463989258 -15.03508186340332 5
 endloop
endfacet
facet normal 0 0 0
 outer loop
  vertex -5.472322463989258 -15.03508186340332 5
  vertex -4.141104698181152 -15.454813003540039 5
  vertex -2.7783708572387695 -15.75692367553711 5
 endloop
endfacet
facet normal 0 0 0
 outer loop
  vertex -2.7783708572387695 -15.75692367553711 5
  vertex -1.3944919109344482 -15.939115524291992 5
  vertex -2.939152234446166e-15 -16 5
 endloop
endfacet
facet normal 0 0 0
 outer loop
  vertex -2.939152234446166e-15 -16 5
  vertex 1.3944919109344482 -15.939115524291992 5
  vertex 2.7783708572387695 -15.75692367553711 5
 endloop
endfacet
facet normal 0 0 0
 outer loop
  vertex 2.7783708572387695 -15.75692367553711 5
  vertex 4.141104698181152 -15.454813003540039 5
  vertex 5.472322463989258 -15.03508186340332 5
 endloop
endfacet
facet normal 0 0 0
 outer loop
  vertex 5.472322463989258 -15.03508186340332 5
  vertex 6.761892318725586 -14.500925064086914 5
  vertex 8 -13.856406211853027 5
 endloop
endfacet
facet normal 0 0 0
 outer loop
  vertex 8 -13.856406211853027 5
  vertex 9.177223205566406 -13.106432914733887 5
  vertex 10.284602165222168 -12.25671100616455 5
 endloop
endfacet
facet normal 0 0 0
 outer loop
  vertex 10.284602165222168 -12.25671100616455 5
  vertex 11.313708305358887 -11.313708305358887 5
  vertex 12.25671100616455 -10.284602165222168 5
 endloop
endfacet
facet normal 0 0 0
 outer loop
  vertex 12.25671100616455 -10.284602165222168 5
  vertex 13.106432914733887 -9.177223205566406 5
  vertex 13.856406211853027 -8 5
 endloop
endfacet
facet normal 0 0 0
 outer loop
  vertex 13.856406211853027 -8 5
  vertex 14.500925064086914 -6.761892318725586 5
  vertex 15.03508186340332 -5.472322463989258 5
 endloop
endfacet
facet normal 0 0 0
 outer loop
  vertex 15.03508186340332 -5.472322463989258 5
  vertex 15.454813003540039 -4.141104698181152 5
  vertex 15.75692367553711 -2.7783708572387695 5
 endloop
endfacet
facet normal 0 0 0
 outer loop
  vertex 15.75692367553711 -2.7783708572387695 5
  vertex 15.939115524291992 -1.3944919109344482 5
  vertex 16 0 5
 endloop
endfacet
facet normal 0 0 0
 outer loop
  vertex 16 0 5
  vertex 15.939115524291992 1.3944919109344482 5
  vertex 15.75692367553711 2.7783708572387695 5
 endloop
endfacet
facet normal 0 0 0
 outer loop
  vertex 15.75692367553711 2.7783708572387695 5
  vertex 15.454813003540039 4.141104698181152 5
  vertex 15.03508186340332 5.472322463989258 5
 endloop
endfacet
facet normal 0 0 0
 outer loop
  vertex 15.03508186340332 5.472322463989258 5
  vertex 14.500925064086914 6.761892318725586 5
  vertex 13.856406211853027 8 5
 endloop
endfacet
facet normal 0 0 0
 outer loop
  vertex 13.856406211853027 8 5
  vertex 13.106432914733887 9.177223205566406 5
  vertex 12.25671100616455 10.284602165222168 5
 endloop
endfacet
facet normal 0 0 0
 outer loop
  vertex 12.25671100616455 10.284602165222168 5
  vertex 11.313708305358887 11.313708305358887 5
  vertex 10.284602165222168 12.25671100616455 5
 endloop
endfacet
facet normal 0 0 0
 outer loop
  vertex 10.284602165222168 12.25671100616455 5
  vertex 9.177223205566406 13.106432914733887 5
  vertex 8 13.856406211853027 5
 endloop
endfacet
facet normal 0 0 0
 outer loop
  vertex 8 13.856406211853027 5
  vertex 6.761892318725586 14.500925064086914 5
  vertex 5.472322463989258 15.03508186340332 5
 endloop
endfacet
facet normal 0 0 0
 outer loop
  vertex 5.472322463989258 15.03508186340332 5
  vertex 4.141104698181152 15.454813003540039 5
  vertex 2.7783708572387695 15.75692367553711 5
 endloop
endfacet
facet normal 0 0 0
 outer loop
  vertex 2.7783708572387695 15.75692367553711 5
  vertex 1.3944919109344482 15.939115524291992 5
  vertex 9.797174820681343e-16 16 5
 endloop
endfacet
facet normal 0 0 0
 outer loop
  vertex 9.797174820681343e-16 16 5
  vertex -1.3944919109344482 15.939115524291992 5
  vertex -2.7783708572387695 15.75692367553711 5
 endloop
endfacet
facet normal 0 0 0
 outer loop
  vertex -2.7783708572387695 15.75692367553711 5
  vertex -4.141104698181152 15.454813003540039 5
  vertex -5.472322463989258 15.03508186340332 5
 endloop
endfacet
facet normal 0 0 0
 outer loop
  vertex -5.472322463989258 15.03508186340332 5
  vertex -6.761892318725586 14.500925064086914 5
  vertex -8 13.856406211853027 5
 endloop
endfacet
facet normal 0 0 0
 outer loop
  vertex -8 13.856406211853027 5
  vertex -9.177223205566406 13.106432914733887 5
  vertex -10.284602165222168 12.25671100616455 5
 endloop
endfacet
facet normal 0 0 0
 outer loop
  vertex -10.284602165222168 12.25671100616455 5
  vertex -11.313708305358887 11.313708305358887 5
  vertex -12.25671100616455 10.284602165222168 5
 endloop
endfacet
facet normal 0 0 0
 outer loop
  vertex -12.25671100616455 10.284602165222168 5
  vertex -13.106432914733887 9.177223205566406 5
  vertex -13.856406211853027 8 5
 endloop
endfacet
facet normal 0 0 0
 outer loop
  vertex -13.856406211853027 8 5
  vertex -6.699999809265137 8.66025447845459 5
  vertex -6.685456275939941 8.882148742675781 5
 endloop
endfacet
facet normal 0 0 0
 outer loop
  vertex -6.685456275939941 8.438359260559082 5
  vertex -6.699999809265137 8.66025447845459 5
  vertex -13.856406211853027 8 5
 endloop
endfacet
facet normal 0 0 0
 outer loop
  vertex -13.856406211853027 8 5
  vertex -14.500925064086914 6.761892318725586 5
  vertex -15.03508186340332 5.472322463989258 5
 endloop
endfacet
facet normal 0 0 0
 outer loop
  vertex -15.03508186340332 5.472322463989258 5
  vertex -15.454813003540039 4.141104698181152 5
  vertex -15.75692367553711 2.7783708572387695 5
 endloop
endfacet
facet normal 0 0 0
 outer loop
  vertex -15.75692367553711 2.7783708572387695 5
  vertex -15.939115524291992 1.3944919109344482 5
  vertex -16 1.9594349641362686e-15 5
 endloop
endfacet
facet normal 0 0 0
 outer loop
  vertex -16 1.9594349641362686e-15 5
  vertex -1.100000023841858 -1.3471115378436846e-16 5
  vertex -1.0905894041061401 0.14357881247997284 5
 endloop
endfacet
facet normal 0 0 0
 outer loop
  vertex 1.100000023841858 0 5
  vertex 1.0905894041061401 -0.14357881247997284 5
  vertex 8.314543724060059 0.2218945324420929 5
 endloop
endfacet
facet normal 0 0 0
 outer loop
  vertex 8.357926368713379 -0.43999236822128296 5
  vertex 8.314543724060059 -0.2218945324420929 5
  vertex 1.0905894041061401 -0.14357881247997284 5
 endloop
endfacet
facet normal 0 0 0
 outer loop
  vertex -1.0625183582305908 -0.2847009599208832 5
  vertex -1.0905894041061401 -0.14357881247997284 5
  vertex -16 1.9594349641362686e-15 5
 endloop
endfacet
facet normal 0 0 0
 outer loop
  vertex -16 1.9594349641362686e-15 5
  vertex -15.75692367553711 -2.7783708572387695 5
  vertex -15.03508186340332 -5.472322463989258 5
 endloop
endfacet
facet normal 0 0 0
 outer loop
  vertex -15.03508186340332 -5.472322463989258 5
  vertex -13.856406211853027 -8 5
  vertex -6.685456275939941 -8.438359260559082 5
 endloop
endfacet
facet normal 0 0 0
 outer loop
  vertex -6.642074108123779 -9.10024642944336 5
  vertex -6.685456275939941 -8.882148742675781 5
  vertex -13.856406211853027 -8 5
 endloop
endfacet
facet normal 0 0 0
 outer loop
  vertex -13.856406211853027 -8 5
  vertex -12.25671100616455 -10.284602165222168 5
  vertex -10.284602165222168 -12.25671100616455 5
 endloop
endfacet
facet normal 0 0 0
 outer loop
  vertex -10.284602165222168 -12.25671100616455 5
  vertex -8 -13.856406211853027 5
  vertex -5.472322463989258 -15.03508186340332 5
 endloop
endfacet
facet normal 0 0 0
 outer loop
  vertex -5.472322463989258 -15.03508186340332 5
  vertex -2.7783708572387695 -15.75692367553711 5
  vertex -2.939152234446166e-15 -16 5
 endloop
endfacet
facet normal 0 0 0
 outer loop
  vertex -2.939152234446166e-15 -16 5
  vertex 2.7783708572387695 -15.75692367553711 5
  vertex 5.472322463989258 -15.03508186340332 5
 endloop
endfacet
facet normal 0 0 0
 outer loop
  vertex 5.472322463989258 -15.03508186340332 5
  vertex 8 -13.856406211853027 5
  vertex 10.284602165222168 -12.25671100616455 5
 endloop
endfacet
facet normal 0 0 0
 outer loop
  vertex 10.284602165222168 -12.25671100616455 5
  vertex 12.25671100616455 -10.284602165222168 5
  vertex 13.856406211853027 -8 5
 endloop
endfacet
facet normal 0 0 0
 outer loop
  vertex 13.856406211853027 -8 5
  vertex 15.03508186340332 -5.472322463989258 5
  vertex 15.75692367553711 -2.7783708572387695 5
 endloop
endfacet
facet normal 0 0 0
 outer loop
  vertex 15.75692367553711 -2.7783708572387695 5
  vertex 16 0 5
  vertex 15.75692367553711 2.7783708572387695 5
 endloop
endfacet
facet normal 0 0 0
 outer loop
  vertex 15.75692367553711 2.7783708572387695 5
  vertex 15.03508186340332 5.472322463989258 5
  vertex 13.856406211853027 8 5
 endloop
endfacet
facet normal 0 0 0
 outer loop
  vertex 13.856406211853027 8 5
  vertex 12.25671100616455 10.284602165222168 5
  vertex 10.284602165222168 12.25671100616455 5
 endloop
endfacet
facet normal 0 0 0
 outer loop
  vertex 10.284602165222168 12.25671100616455 5
  vertex 8 13.856406211853027 5
  vertex 5.472322463989258 15.03508186340332 5
 endloop
endfacet
facet normal 0 0 0
 outer loop
  vertex 5.472322463989258 15.03508186340332 5
  vertex 2.7783708572387695 15.75692367553711 5
  vertex 9.797174820681343e-16 16 5
 endloop
endfacet
facet normal 0 0 0
 outer loop
  vertex 9.797174820681343e-16 16 5
  vertex -2.7783708572387695 15.75692367553711 5
  vertex -5.472322463989258 15.03508186340332 5
 endloop
endfacet
facet normal 0 0 0
 outer loop
  vertex -5.472322463989258 15.03508186340332 5
  vertex -8 13.856406211853027 5
  vertex -10.284602165222168 12.25671100616455 5
 endloop
endfacet
facet normal 0 0 0
 outer loop
  vertex -10.284602165222168 12.25671100616455 5
  vertex -12.25671100616455 10.284602165222168 5
  vertex -13.856406211853027 8 5
 endloop
endfacet
facet normal 0 0 0
 outer loop
  vertex -13.856406211853027 8 5
  vertex -6.685456275939941 8.882148742675781 5
  vertex -6.642074108123779 9.10024642944336 5
 endloop
endfacet
facet normal 0 0 0
 outer loop
  vertex -6.642074108123779 8.220261573791504 5
  vertex -6.685456275939941 8.438359260559082 5
  vertex -13.856406211853027 8 5
 endloop
endfacet
facet normal 0 0 0
 outer loop
  vertex -13.856406211853027 8 5
  vertex -15.03508186340332 5.472322463989258 5
  vertex -15.75692367553711 2.7783708572387695 5
 endloop
endfacet
facet normal 0 0 0
 outer loop
  vertex -15.75692367553711 2.7783708572387695 5
  vertex -16 1.9594349641362686e-15 5
  vertex -1.0905894041061401 0.14357881247997284 5
 endloop
endfacet
facet normal 0 0 0
 outer loop
  vertex 1.0905894041061401 0.14357881247997284 5
  vertex 1.100000023841858 0 5
  vertex 8.314543724060059 0.2218945324420929 5
 endloop
endfacet
facet normal 0 0 0
 outer loop
  vertex 8.429405212402344 -0.6505618095397949 5
  vertex 8.357926368713379 -0.43999236822128296 5
  vertex 1.0905894041061401 -0.14357881247997284 5
 endloop
endfacet
facet normal 0 0 0
 outer loop
  vertex -1.0162675380706787 -0.420951783657074 5
  vertex -1.0625183582305908 -0.2847009599208832 5
  vertex -16 1.9594349641362686e-15 5
 endloop
endfacet
facet normal 0 0 0
 outer loop
  vertex -16 1.9594349641362686e-15 5
  vertex -15.03508186340332 -5.472322463989258 5
  vertex -6.685456275939941 -8.438359260559082 5
 endloop
endfacet
facet normal 0 0 0
 outer loop
  vertex -6.5705952644348145 -9.310815811157227 5
  vertex -6.642074108123779 -9.10024642944336 5
  vertex -13.856406211853027 -8 5
 endloop
endfacet
facet normal 0 0 0
 outer loop
  vertex -13.856406211853027 -8 5
  vertex -10.284602165222168 -12.25671100616455 5
  vertex -5.472322463989258 -15.03508186340332 5
 endloop
endfacet
facet normal 0 0 0
 outer loop
  vertex -5.472322463989258 -15.03508186340332 5
  vertex -2.939152234446166e-15 -16 5
  vertex 5.472322463989258 -15.03508186340332 5
 endloop
endfacet
facet normal 0 0 0
 outer loop
  vertex 5.472322463989258 -15.03508186340332 5
  vertex 10.284602165222168 -12.25671100616455 5
  vertex 13.856406211853027 -8 5
 endloop
endfacet
facet normal 0 0 0
 outer loop
  vertex 13.856406211853027 -8 5
  vertex 15.75692367553711 -2.7783708572387695 5
  vertex 15.75692367553711 2.7783708572387695 5
 endloop
endfacet
facet normal 0 0 0
 outer loop
  vertex 15.75692367553711 2.7783708572387695 5
  vertex 13.856406211853027 8 5
  vertex 10.284602165222168 12.25671100616455 5
 endloop
endfacet
facet normal 0 0 0
 outer loop
  vertex 10.284602165222168 12.25671100616455 5
  vertex 5.472322463989258 15.03508186340332 5
  vertex 9.797174820681343e-16 16 5
 endloop
endfacet
facet normal 0 0 0
 outer loop
  vertex 9.797174820681343e-16 16 5
  vertex -5.472322463989258 15.03508186340332 5
  vertex -10.284602165222168 12.25671100616455 5
 endloop
endfacet
facet normal 0 0 0
 outer loop
  vertex -10.284602165222168 12.25671100616455 5
  vertex -13.856406211853027 8 5
  vertex -6.642074108123779 9.10024642944336 5
 endloop
endfacet
facet normal 0 0 0
 outer loop
  vertex -6.5705952644348145 8.009692192077637 5
  vertex -6.642074108123779 8.220261573791504 5
  vertex -13.856406211853027 8 5
 endloop
endfacet
facet normal 0 0 0
 outer loop
  vertex -13.856406211853027 8 5
  vertex -15.75692367553711 2.7783708572387695 5
  vertex -1.0905894041061401 0.14357881247997284 5
 endloop
endfacet
facet normal 0 0 0
 outer loop
  vertex 1.0625183582305908 0.2847009599208832 5
  vertex 1.0905894041061401 0.14357881247997284 5
  vertex 8.314543724060059 0.2218945324420929 5
 endloop
endfacet
facet normal 0 0 0
 outer loop
  vertex 8.527756690979004 -0.8500000238418579 5
  vertex 8.429405212402344 -0.6505618095397949 5
  vertex 1.0905894041061401 -0.14357881247997284 5
 endloop
endfacet
facet normal 0 0 0
 outer loop
  vertex -0.952627956867218 -0.550000011920929 5
  vertex -1.0162675380706787 -0.420951783657074 5
  vertex -16 1.9594349641362686e-15 5
 endloop
endfacet
facet normal 0 0 0
 outer loop
  vertex -16 1.9594349641362686e-15 5
  vertex -6.685456275939941 -8.438359260559082 5
  vertex -6.642074108123779 -8.220261573791504 5
 endloop
endfacet
facet normal 0 0 0
 outer loop
  vertex -6.472243309020996 -9.51025390625 5
  vertex -6.5705952644348145 -9.310815811157227 5
  vertex -13.856406211853027 -8 5
 endloop
endfacet
facet normal 0 0 0
 outer loop
  vertex -13.856406211853027 -8 5
  vertex -5.472322463989258 -15.03508186340332 5
  vertex 5.472322463989258 -15.03508186340332 5
 endloop
endfacet
facet normal 0 0 0
 outer loop
  vertex 5.472322463989258 -15.03508186340332 5
  vertex 13.856406211853027 -8 5
  vertex 15.75692367553711 2.7783708572387695 5
 endloop
endfacet
facet normal 0 0 0
 outer loop
  vertex 15.75692367553711 2.7783708572387695 5
  vertex 10.284602165222168 12.25671100616455 5
  vertex 9.797174820681343e-16 16 5
 endloop
endfacet
facet normal 0 0 0
 outer loop
  vertex -10.284602165222168 12.25671100616455 5
  vertex -6.642074108123779 9.10024642944336 5
  vertex -6.5705952644348145 9.310815811157227 5
 endloop
endfacet
facet normal 0 0 0
 outer loop
  vertex -6.472243309020996 7.810254096984863 5
  vertex -6.5705952644348145 8.009692192077637 5
  vertex -13.856406211853027 8 5
 endloop
endfacet
facet normal 0 0 0
 outer loop
  vertex -13.856406211853027 8 5
  vertex -1.0905894041061401 0.14357881247997284 5
  vertex -1.0625183582305908 0.2847009599208832 5
 endloop
endfacet
facet normal 0 0 0
 outer loop
  vertex 1.0162675380706787 0.420951783657074 5
  vertex 1.0625183582305908 0.2847009599208832 5
  vertex 8.314543724060059 0.2218945324420929 5
 endloop
endfacet
facet normal 0 0 0
 outer loop
  vertex 8.651299476623535 -1.0348944664001465 5
  vertex 8.527756690979004 -0.8500000238418579 5
  vertex 1.0905894041061401 -0.14357881247997284 5
 endloop
endfacet
facet normal 0 0 0
 outer loop
  vertex -0.8726886510848999 -0.6696375608444214 5
  vertex -0.952627956867218 -0.550000011920929 5
  vertex -16 1.9594349641362686e-15 5
 endloop
endfacet
facet normal 0 0 0
 outer loop
  vertex -16 1.9594349641362686e-15 5
  vertex -6.642074108123779 -8.220261573791504 5
  vertex -6.5705952644348145 -8.009692192077637 5
 endloop
endfacet
facet normal 0 0 0
 outer loop
  vertex -6.348700523376465 -9.695148468017578 5
  vertex -6.472243309020996 -9.51025390625 5
  vertex -13.856406211853027 -8 5
 endloop
endfacet
facet normal 0 0 0
 outer loop
  vertex -10.284602165222168 12.25671100616455 5
  vertex -6.5705952644348145 9.310815811157227 5
  vertex -6.472243309020996 9.51025390625 5
 endloop
endfacet
facet normal 0 0 0
 outer loop
  vertex -6.348700523376465 7.625359535217285 5
  vertex -6.472243309020996 7.810254096984863 5
  vertex -13.856406211853027 8 5
 endloop
endfacet
facet normal 0 0 0
 outer loop
  vertex -13.856406211853027 8 5
  vertex -1.0625183582305908 0.2847009599208832 5
  vertex -1.0162675380706787 0.420951783657074 5
 endloop
endfacet
facet normal 0 0 0
 outer loop
  vertex 0.952627956867218 0.550000011920929 5
  vertex 1.0162675380706787 0.420951783657074 5
  vertex 8.314543724060059 0.2218945324420929 5
 endloop
endfacet
facet normal 0 0 0
 outer loop
  vertex 8.797918319702148 -1.202081561088562 5
  vertex 8.651299476623535 -1.0348944664001465 5
  vertex 1.0905894041061401 -0.14357881247997284 5
 endloop
endfacet
facet normal 0 0 0
 outer loop
  vertex -0.7778174877166748 -0.7778174877166748 5
  vertex -0.8726886510848999 -0.6696375608444214 5
  vertex -16 1.9594349641362686e-15 5
 endloop
endfacet
facet normal 0 0 0
 outer loop
  vertex -16 1.9594349641362686e-15 5
  vertex -6.5705952644348145 -8.009692192077637 5
  vertex -6.472243309020996 -7.810254096984863 5
 endloop
endfacet
facet normal 0 0 0
 outer loop
  vertex -6.202081680297852 -9.862335205078125 5
  vertex -6.348700523376465 -9.695148468017578 5
  vertex -13.856406211853027 -8 5
 endloop
endfacet
facet normal 0 0 0
 outer loop
  vertex -10.284602165222168 12.25671100616455 5
  vertex -6.472243309020996 9.51025390625 5
  vertex -6.348700523376465 9.695148468017578 5
 endloop
endfacet
facet normal 0 0 0
 outer loop
  vertex -6.202081680297852 7.45817232131958 5
  vertex -6.348700523376465 7.625359535217285 5
  vertex -13.856406211853027 8 5
 endloop
endfacet
facet normal 0 0 0
 outer loop
  vertex -13.856406211853027 8 5
  vertex -1.0162675380706787 0.420951783657074 5
  vertex -0.952627956867218 0.550000011920929 5
 endloop
endfacet
facet normal 0 0 0
 outer loop
  vertex 0.8726886510848999 0.6696375608444214 5
  vertex 0.952627956867218 0.550000011920929 5
  vertex 8.314543724060059 0.2218945324420929 5
 endloop
endfacet
facet normal 0 0 0
 outer loop
  vertex 8.965106010437012 -1.3487006425857544 5
  vertex 8.797918319702148 -1.202081561088562 5
  vertex 1.0905894041061401 -0.14357881247997284 5
 endloop
endfacet
facet normal 0 0 0
 outer loop
  vertex -0.6696375608444214 -0.8726886510848999 5
  vertex -0.7778174877166748 -0.7778174877166748 5
  vertex -16 1.9594349641362686e-15 5
 endloop
endfacet
facet normal 0 0 0
 outer loop
  vertex -16 1.9594349641362686e-15 5
  vertex -6.472243309020996 -7.810254096984863 5
  vertex -6.348700523376465 -7.625359535217285 5
 endloop
endfacet
facet normal 0 0 0
 outer loop
  vertex -6.0348944664001465 -10.008955001831055 5
  vertex -6.202081680297852 -9.862335205078125 5
  vertex -13.856406211853027 -8 5
 endloop
endfacet
facet normal 0 0 0
 outer loop
  vertex -10.284602165222168 12.25671100616455 5
  vertex -6.348700523376465 9.695148468017578 5
  vertex -6.202081680297852 9.862335205078125 5
 endloop
endfacet
facet normal 0 0 0
 outer loop
  vertex -6.0348944664001465 7.311553478240967 5
  vertex -6.202081680297852 7.45817232131958 5
  vertex -13.856406211853027 8 5
 endloop
endfacet
facet normal 0 0 0
 outer loop
  vertex -13.856406211853027 8 5
  vertex -0.952627956867218 0.550000011920929 5
  vertex -0.8726886510848999 0.6696375608444214 5
 endloop
endfacet
facet normal 0 0 0
 outer loop
  vertex 0.7778174877166748 0.7778174877166748 5
  vertex 0.8726886510848999 0.6696375608444214 5
  vertex 8.314543724060059 0.2218945324420929 5
 endloop
endfacet
facet normal 0 0 0
 outer loop
  vertex 9.149999618530273 -1.4722431898117065 5
  vertex 8.965106010437012 -1.3487006425857544 5
  vertex 1.0905894041061401 -0.14357881247997284 5
 endloop
endfacet
facet normal 0 0 0
 outer loop
  vertex -0.550000011920929 -0.952627956867218 5
  vertex -0.6696375608444214 -0.8726886510848999 5
  vertex -16 1.9594349641362686e-15 5
 endloop
endfacet
facet normal 0 0 0
 outer loop
  vertex -16 1.9594349641362686e-15 5
  vertex -6.348700523376465 -7.625359535217285 5
  vertex -6.202081680297852 -7.45817232131958 5
 endloop
endfacet
facet normal 0 0 0
 outer loop
  vertex -5.849999904632568 -10.13249683380127 5
  vertex -6.0348944664001465 -10.008955001831055 5
  vertex -13.856406211853027 -8 5
 endloop
endfacet
facet normal 0 0 0
 outer loop
  vertex 9.797174820681343e-16 16 5
  vertex -10.284602165222168 12.25671100616455 5
  vertex -6.202081680297852 9.862335205078125 5
 endloop
endfacet
facet normal 0 0 0
 outer loop
  vertex -5.849999904632568 7.1880106925964355 5
  vertex -6.0348944664001465 7.311553478240967 5
  vertex -13.856406211853027 8 5
 endloop
endfacet
facet normal 0 0 0
 outer loop
  vertex -13.856406211853027 8 5
  vertex -0.8726886510848999 0.6696375608444214 5
  vertex -0.7778174877166748 0.7778174877166748 5
 endloop
endfacet
facet normal 0 0 0
 outer loop
  vertex 0.6696375608444214 0.8726886510848999 5
  vertex 0.7778174877166748 0.7778174877166748 5
  vertex 8.314543724060059 0.2218945324420929 5
 endloop
endfacet
facet normal 0 0 0
 outer loop
  vertex 9.349437713623047 -1.5705952644348145 5
  vertex 9.149999618530273 -1.4722431898117065 5
  vertex 1.0905894041061401 -0.14357881247997284 5
 endloop
endfacet
facet normal 0 0 0
 outer loop
  vertex -0.420951783657074 -1.0162675380706787 5
  vertex -0.550000011920929 -0.952627956867218 5
  vertex -16 1.9594349641362686e-15 5
 endloop
endfacet
facet normal 0 0 0
 outer loop
  vertex -16 1.9594349641362686e-15 5
  vertex -6.202081680297852 -7.45817232131958 5
  vertex -6.0348944664001465 -7.311553478240967 5
 endloop
endfacet
facet normal 0 0 0
 outer loop
  vertex -5.650561809539795 -10.230849266052246 5
  vertex -5.849999904632568 -10.13249683380127 5
  vertex -13.856406211853027 -8 5
 endloop
endfacet
facet normal 0 0 0
 outer loop
  vertex 9.797174820681343e-16 16 5
  vertex -6.202081680297852 9.862335205078125 5
  vertex -6.0348944664001465 10.008955001831055 5
 endloop
endfacet
facet normal 0 0 0
 outer loop
  vertex -5.650561809539795 7.089658737182617 5
  vertex -5.849999904632568 7.1880106925964355 5
  vertex -13.856406211853027 8 5
 endloop
endfacet
facet normal 0 0 0
 outer loop
  vertex -13.856406211853027 8 5
  vertex -0.7778174877166748 0.7778174877166748 5
  vertex -0.6696375608444214 0.8726886510848999 5
 endloop
endfacet
facet normal 0 0 0
 outer loop
  vertex 0.550000011920929 0.952627956867218 5
  vertex 0.6696375608444214 0.8726886510848999 5
  vertex 8.314543724060059 0.2218945324420929 5
 endloop
endfacet
facet normal 0 0 0
 outer loop
  vertex 9.56000804901123 -1.6420738697052002 5
  vertex 9.349437713623047 -1.5705952644348145 5
  vertex 1.0905894041061401 -0.14357881247997284 5
 endloop
endfacet
facet normal 0 0 0
 outer loop
  vertex -0.2847009599208832 -1.0625183582305908 5
  vertex -0.420951783657074 -1.0162675380706787 5
  vertex -16 1.9594349641362686e-15 5
 endloop
endfacet
facet normal 0 0 0
 outer loop
  vertex -16 1.9594349641362686e-15 5
  vertex -6.0348944664001465 -7.311553478240967 5
  vertex -5.849999904632568 -7.1880106925964355 5
 endloop
endfacet
facet normal 0 0 0
 outer loop
  vertex -5.439992427825928 -10.302328109741211 5
  vertex -5.650561809539795 -10.230849266052246 5
  vertex -13.856406211853027 -8 5
 endloop
endfacet
facet normal 0 0 0
 outer loop
  vertex 9.797174820681343e-16 16 5
  vertex -6.0348944664001465 10.008955001831055 5
  vertex -5.849999904632568 10.13249683380127 5
 endloop
endfacet
facet normal 0 0 0
 outer loop
  vertex -5.439992427825928 7.0181803703308105 5
  vertex -5.650561809539795 7.089658737182617 5
  vertex -13.856406211853027 8 5
 endloop
endfacet
facet normal 0 0 0
 outer loop
  vertex -13.856406211853027 8 5
  vertex -0.6696375608444214 0.8726886510848999 5
  vertex -0.550000011920929 0.952627956867218 5
 endloop
endfacet
facet normal 0 0 0
 outer loop
  vertex 0.420951783657074 1.0162675380706787 5
  vertex 0.550000011920929 0.952627956867218 5
  vertex 8.314543724060059 0.2218945324420929 5
 endloop
endfacet
facet normal 0 0 0
 outer loop
  vertex 9.778105735778809 -1.6854562759399414 5
  vertex 9.56000804901123 -1.6420738697052002 5
  vertex 1.0905894041061401 -0.14357881247997284 5
 endloop
endfacet
facet normal 0 0 0
 outer loop
  vertex -0.14357881247997284 -1.0905894041061401 5
  vertex -0.2847009599208832 -1.0625183582305908 5
  vertex -16 1.9594349641362686e-15 5
 endloop
endfacet
facet normal 0 0 0
 outer loop
  vertex -16 1.9594349641362686e-15 5
  vertex -5.849999904632568 -7.1880106925964355 5
  vertex -5.650561809539795 -7.089658737182617 5
 endloop
endfacet
facet normal 0 0 0
 outer loop
  vertex -5.439992427825928 -10.302328109741211 5
  vertex -13.856406211853027 -8 5
  vertex 5.472322463989258 -15.03508186340332 5
 endloop
endfacet
facet normal 0 0 0
 outer loop
  vertex 9.797174820681343e-16 16 5
  vertex -5.849999904632568 10.13249683380127 5
  vertex -5.650561809539795 10.230849266052246 5
 endloop
endfacet
facet normal 0 0 0
 outer loop
  vertex -5.22189474105835 6.97479772567749 5
  vertex -5.439992427825928 7.0181803703308105 5
  vertex -13.856406211853027 8 5
 endloop
endfacet
facet normal 0 0 0
 outer loop
  vertex -13.856406211853027 8 5
  vertex -0.550000011920929 0.952627956867218 5
  vertex -0.420951783657074 1.0162675380706787 5
 endloop
endfacet
facet normal 0 0 0
 outer loop
  vertex 0.2847009599208832 1.0625183582305908 5
  vertex 0.420951783657074 1.0162675380706787 5
  vertex 8.314543724060059 0.2218945324420929 5
 endloop
endfacet
facet normal 0 0 0
 outer loop
  vertex 9.778105735778809 -1.6854562759399414 5
  vertex 1.0905894041061401 -0.14357881247997284 5
  vertex 1.0625183582305908 -0.2847009599208832 5
 endloop
endfacet
facet normal 0 0 0
 outer loop
  vertex -0.14357881247997284 -1.0905894041061401 5
  vertex -16 1.9594349641362686e-15 5
  vertex -5.650561809539795 -7.089658737182617 5
 endloop
endfacet
facet normal 0 0 0
 outer loop
  vertex -5.22189474105835 -10.345710754394531 5
  vertex -5.439992427825928 -10.302328109741211 5
  vertex 5.472322463989258 -15.03508186340332 5
 endloop
endfacet
facet normal 0 0 0
 outer loop
  vertex 9.797174820681343e-16 16 5
  vertex -5.650561809539795 10.230849266052246 5
  vertex -5.439992427825928 10.302328109741211 5
 endloop
endfacet
facet normal 0 0 0
 outer loop
  vertex -5.22189474105835 6.97479772567749 5
  vertex -13.856406211853027 8 5
  vertex -0.420951783657074 1.0162675380706787 5
 endloop
endfacet
facet normal 0 0 0
 outer loop
  vertex 0.14357881247997284 1.0905894041061401 5
  vertex 0.2847009599208832 1.0625183582305908 5
  vertex 8.314543724060059 0.2218945324420929 5
 endloop
endfacet
facet normal 0 0 0
 outer loop
  vertex 9.778105735778809 -1.6854562759399414 5
  vertex 1.0625183582305908 -0.2847009599208832 5
  vertex 1.0162675380706787 -0.420951783657074 5
 endloop
endfacet
facet normal 0 0 0
 outer loop
  vertex 6.735557689218423e-17 -1.100000023841858 5
  vertex -0.14357881247997284 -1.0905894041061401 5
  vertex -5.650561809539795 -7.089658737182617 5
 endloop
endfacet
facet normal 0 0 0
 outer loop
  vertex -5 -10.360254287719727 5
  vertex -5.22189474105835 -10.345710754394531 5
  vertex 5.472322463989258 -15.03508186340332 5
 endloop
endfacet
facet normal 0 0 0
 outer loop
  vertex 9.797174820681343e-16 16 5
  vertex -5.439992427825928 10.302328109741211 5
  vertex -5.22189474105835 10.345710754394531 5
 endloop
endfacet
facet normal 0 0 0
 outer loop
  vertex -5 6.960254192352295 5
  vertex -5.22189474105835 6.97479772567749 5
  vertex -0.420951783657074 1.0162675380706787 5
 endloop
endfacet
facet normal 0 0 0
 outer loop
  vertex 0.14357881247997284 1.0905894041061401 5
  vertex 8.314543724060059 0.2218945324420929 5
  vertex 8.357926368713379 0.43999236822128296 5
 endloop
endfacet
facet normal 0 0 0
 outer loop
  vertex 9.778105735778809 -1.6854562759399414 5
  vertex 1.0162675380706787 -0.420951783657074 5
  vertex 0.952627956867218 -0.550000011920929 5
 endloop
endfacet
facet normal 0 0 0
 outer loop
  vertex 0.14357881247997284 -1.0905894041061401 5
  vertex 6.735557689218423e-17 -1.100000023841858 5
  vertex -5.650561809539795 -7.089658737182617 5
 endloop
endfacet
facet normal 0 0 0
 outer loop
  vertex -4.77810525894165 -10.345710754394531 5
  vertex -5 -10.360254287719727 5
  vertex 5.472322463989258 -15.03508186340332 5
 endloop
endfacet
facet normal 0 0 0
 outer loop
  vertex 9.797174820681343e-16 16 5
  vertex -5.22189474105835 10.345710754394531 5
  vertex -5 10.360254287719727 5
 endloop
endfacet
facet normal 0 0 0
 outer loop
  vertex -4.77810525894165 6.97479772567749 5
  vertex -5 6.960254192352295 5
  vertex -0.420951783657074 1.0162675380706787 5
 endloop
endfacet
facet normal 0 0 0
 outer loop
  vertex 0.14357881247997284 1.0905894041061401 5
  vertex 8.357926368713379 0.43999236822128296 5
  vertex 8.429405212402344 0.6505618095397949 5
 endloop
endfacet
facet normal 0 0 0
 outer loop
  vertex 9.778105735778809 -1.6854562759399414 5
  vertex 0.952627956867218 -0.550000011920929 5
  vertex 0.8726886510848999 -0.6696375608444214 5
 endloop
endfacet
facet normal 0 0 0
 outer loop
  vertex 0.2847009599208832 -1.0625183582305908 5
  vertex 0.14357881247997284 -1.0905894041061401 5
  vertex -5.650561809539795 -7.089658737182617 5
 endloop
endfacet
facet normal 0 0 0
 outer loop
  vertex -4.560007572174072 -10.302328109741211 5
  vertex -4.77810525894165 -10.345710754394531 5
  vertex 5.472322463989258 -15.03508186340332 5
 endloop
endfacet
facet normal 0 0 0
 outer loop
  vertex 9.797174820681343e-16 16 5
  vertex -5 10.360254287719727 5
  vertex -4.77810525894165 10.345710754394531 5
 endloop
endfacet
facet normal 0 0 0
 outer loop
  vertex -4.560007572174072 7.0181803703308105 5
  vertex -4.77810525894165 6.97479772567749 5
  vertex -0.420951783657074 1.0162675380706787 5
 endloop
endfacet
facet normal 0 0 0
 outer loop
  vertex -2.020667240591078e-16 1.100000023841858 5
  vertex 0.14357881247997284 1.0905894041061401 5
  vertex 8.429405212402344 0.6505618095397949 5
 endloop
endfacet
facet normal 0 0 0
 outer loop
  vertex 9.778105735778809 -1.6854562759399414 5
  vertex 0.8726886510848999 -0.6696375608444214 5
  vertex 0.7778174877166748 -0.7778174877166748 5
 endloop
endfacet
facet normal 0 0 0
 outer loop
  vertex 0.420951783657074 -1.0162675380706787 5
  vertex 0.2847009599208832 -1.0625183582305908 5
  vertex -5.650561809539795 -7.089658737182617 5
 endloop
endfacet
facet normal 0 0 0
 outer loop
  vertex -4.349438190460205 -10.230849266052246 5
  vertex -4.560007572174072 -10.302328109741211 5
  vertex 5.472322463989258 -15.03508186340332 5
 endloop
endfacet
facet normal 0 0 0
 outer loop
  vertex 9.797174820681343e-16 16 5
  vertex -4.77810525894165 10.345710754394531 5
  vertex -4.560007572174072 10.302328109741211 5
 endloop
endfacet
facet normal 0 0 0
 outer loop
  vertex -4.349438190460205 7.089658737182617 5
  vertex -4.560007572174072 7.0181803703308105 5
  vertex -0.420951783657074 1.0162675380706787 5
 endloop
endfacet
facet normal 0 0 0
 outer loop
  vertex -2.020667240591078e-16 1.100000023841858 5
  vertex 8.429405212402344 0.6505618095397949 5
  vertex 8.527756690979004 0.8500000238418579 5
 endloop
endfacet
facet normal 0 0 0
 outer loop
  vertex 9.778105735778809 -1.6854562759399414 5
  vertex 0.7778174877166748 -0.7778174877166748 5
  vertex 0.6696375608444214 -0.8726886510848999 5
 endloop
endfacet
facet normal 0 0 0
 outer loop
  vertex 0.550000011920929 -0.952627956867218 5
  vertex 0.420951783657074 -1.0162675380706787 5
  vertex -5.650561809539795 -7.089658737182617 5
 endloop
endfacet
facet normal 0 0 0
 outer loop
  vertex -4.150000095367432 -10.13249683380127 5
  vertex -4.349438190460205 -10.230849266052246 5
  vertex 5.472322463989258 -15.03508186340332 5
 endloop
endfacet
facet normal 0 0 0
 outer loop
  vertex 9.797174820681343e-16 16 5
  vertex -4.560007572174072 10.302328109741211 5
  vertex -4.349438190460205 10.230849266052246 5
 endloop
endfacet
facet normal 0 0 0
 outer loop
  vertex -4.150000095367432 7.1880106925964355 5
  vertex -4.349438190460205 7.089658737182617 5
  vertex -0.420951783657074 1.0162675380706787 5
 endloop
endfacet
facet normal 0 0 0
 outer loop
  vertex -2.020667240591078e-16 1.100000023841858 5
  vertex 8.527756690979004 0.8500000238418579 5
  vertex 8.651299476623535 1.0348944664001465 5
 endloop
endfacet
facet normal 0 0 0
 outer loop
  vertex 9.778105735778809 -1.6854562759399414 5
  vertex 0.6696375608444214 -0.8726886510848999 5
  vertex 0.550000011920929 -0.952627956867218 5
 endloop
endfacet
facet normal 0 0 0
 outer loop
  vertex 0.550000011920929 -0.952627956867218 5
  vertex -5.650561809539795 -7.089658737182617 5
  vertex -5.439992427825928 -7.0181803703308105 5
 endloop
endfacet
facet normal 0 0 0
 outer loop
  vertex -3.9651055335998535 -10.008955001831055 5
  vertex -4.150000095367432 -10.13249683380127 5
  vertex 5.472322463989258 -15.03508186340332 5
 endloop
endfacet
facet normal 0 0 0
 outer loop
  vertex 15.75692367553711 2.7783708572387695 5
  vertex 9.797174820681343e-16 16 5
  vertex -4.349438190460205 10.230849266052246 5
 endloop
endfacet
facet normal 0 0 0
 outer loop
  vertex -3.9651055335998535 7.311553478240967 5
  vertex -4.150000095367432 7.1880106925964355 5
  vertex -0.420951783657074 1.0162675380706787 5
 endloop
endfacet
facet normal 0 0 0
 outer loop
  vertex -2.020667240591078e-16 1.100000023841858 5
  vertex 8.651299476623535 1.0348944664001465 5
  vertex 8.797918319702148 1.202081561088562 5
 endloop
endfacet
facet normal 0 0 0
 outer loop
  vertex 9.778105735778809 -1.6854562759399414 5
  vertex 0.550000011920929 -0.952627956867218 5
  vertex -5.439992427825928 -7.0181803703308105 5
 endloop
endfacet
facet normal 0 0 0
 outer loop
  vertex -3.7979185581207275 -9.862335205078125 5
  vertex -3.9651055335998535 -10.008955001831055 5
  vertex 5.472322463989258 -15.03508186340332 5
 endloop
endfacet
facet normal 0 0 0
 outer loop
  vertex 15.75692367553711 2.7783708572387695 5
  vertex -4.349438190460205 10.230849266052246 5
  vertex -4.150000095367432 10.13249683380127 5
 endloop
endfacet
facet normal 0 0 0
 outer loop
  vertex -3.7979185581207275 7.45817232131958 5
  vertex -3.9651055335998535 7.311553478240967 5
  vertex -0.420951783657074 1.0162675380706787 5
 endloop
endfacet
facet normal 0 0 0
 outer loop
  vertex -2.020667240591078e-16 1.100000023841858 5
  vertex 8.797918319702148 1.202081561088562 5
  vertex 8.965106010437012 1.3487006425857544 5
 endloop
endfacet
facet normal 0 0 0
 outer loop
  vertex 10 -1.7000000476837158 5
  vertex 9.778105735778809 -1.6854562759399414 5
  vertex -5.439992427825928 -7.0181803703308105 5
 endloop
endfacet
facet normal 0 0 0
 outer loop
  vertex -3.651299238204956 -9.695148468017578 5
  vertex -3.7979185581207275 -9.862335205078125 5
  vertex 5.472322463989258 -15.03508186340332 5
 endloop
endfacet
facet normal 0 0 0
 outer loop
  vertex 15.75692367553711 2.7783708572387695 5
  vertex -4.150000095367432 10.13249683380127 5
  vertex -3.9651055335998535 10.008955001831055 5
 endloop
endfacet
facet normal 0 0 0
 outer loop
  vertex -3.651299238204956 7.625359535217285 5
  vertex -3.7979185581207275 7.45817232131958 5
  vertex -0.420951783657074 1.0162675380706787 5
 endloop
endfacet
facet normal 0 0 0
 outer loop
  vertex -2.020667240591078e-16 1.100000023841858 5
  vertex 8.965106010437012 1.3487006425857544 5
  vertex 9.149999618530273 1.4722431898117065 5
 endloop
endfacet
facet normal 0 0 0
 outer loop
  vertex 10.221894264221191 -1.6854562759399414 5
  vertex 10 -1.7000000476837158 5
  vertex -5.439992427825928 -7.0181803703308105 5
 endloop
endfacet
facet normal 0 0 0
 outer loop
  vertex -3.527756929397583 -9.51025390625 5
  vertex -3.651299238204956 -9.695148468017578 5
  vertex 5.472322463989258 -15.03508186340332 5
 endloop
endfacet
facet normal 0 0 0
 outer loop
  vertex 15.75692367553711 2.7783708572387695 5
  vertex -3.9651055335998535 10.008955001831055 5
  vertex -3.7979185581207275 9.862335205078125 5
 endloop
endfacet
facet normal 0 0 0
 outer loop
  vertex -3.527756929397583 7.810254096984863 5
  vertex -3.651299238204956 7.625359535217285 5
  vertex -0.420951783657074 1.0162675380706787 5
 endloop
endfacet
facet normal 0 0 0
 outer loop
  vertex -2.020667240591078e-16 1.100000023841858 5
  vertex 9.149999618530273 1.4722431898117065 5
  vertex 9.349437713623047 1.5705952644348145 5
 endloop
endfacet
facet normal 0 0 0
 outer loop
  vertex 10.43999195098877 -1.6420738697052002 5
  vertex 10.221894264221191 -1.6854562759399414 5
  vertex -5.439992427825928 -7.0181803703308105 5
 endloop
endfacet
facet normal 0 0 0
 outer loop
  vertex -3.4294047355651855 -9.310815811157227 5
  vertex -3.527756929397583 -9.51025390625 5
  vertex 5.472322463989258 -15.03508186340332 5
 endloop
endfacet
facet normal 0 0 0
 outer loop
  vertex 15.75692367553711 2.7783708572387695 5
  vertex -3.7979185581207275 9.862335205078125 5
  vertex -3.651299238204956 9.695148468017578 5
 endloop
endfacet
facet normal 0 0 0
 outer loop
  vertex -3.4294047355651855 8.009692192077637 5
  vertex -3.527756929397583 7.810254096984863 5
  vertex -0.420951783657074 1.0162675380706787 5
 endloop
endfacet
facet normal 0 0 0
 outer loop
  vertex -2.020667240591078e-16 1.100000023841858 5
  vertex 9.349437713623047 1.5705952644348145 5
  vertex 9.56000804901123 1.6420738697052002 5
 endloop
endfacet
facet normal 0 0 0
 outer loop
  vertex 10.43999195098877 -1.6420738697052002 5
  vertex -5.439992427825928 -7.0181803703308105 5
  vertex -5.22189474105835 -6.97479772567749 5
 endloop
endfacet
facet normal 0 0 0
 outer loop
  vertex -3.3579261302948 -9.10024642944336 5
  vertex -3.4294047355651855 -9.310815811157227 5
  vertex 5.472322463989258 -15.03508186340332 5
 endloop
endfacet
facet normal 0 0 0
 outer loop
  vertex 15.75692367553711 2.7783708572387695 5
  vertex -3.651299238204956 9.695148468017578 5
  vertex -3.527756929397583 9.51025390625 5
 endloop
endfacet
facet normal 0 0 0
 outer loop
  vertex -3.3579261302948 8.220261573791504 5
  vertex -3.4294047355651855 8.009692192077637 5
  vertex -0.420951783657074 1.0162675380706787 5
 endloop
endfacet
facet normal 0 0 0
 outer loop
  vertex -2.020667240591078e-16 1.100000023841858 5
  vertex 9.56000804901123 1.6420738697052002 5
  vertex 9.778105735778809 1.6854562759399414 5
 endloop
endfacet
facet normal 0 0 0
 outer loop
  vertex 10.650562286376953 -1.5705952644348145 5
  vertex 10.43999195098877 -1.6420738697052002 5
  vertex -5.22189474105835 -6.97479772567749 5
 endloop
endfacet
facet normal 0 0 0
 outer loop
  vertex -3.3145437240600586 -8.882148742675781 5
  vertex -3.3579261302948 -9.10024642944336 5
  vertex 5.472322463989258 -15.03508186340332 5
 endloop
endfacet
facet normal 0 0 0
 outer loop
  vertex 15.75692367553711 2.7783708572387695 5
  vertex -3.527756929397583 9.51025390625 5
  vertex -3.4294047355651855 9.310815811157227 5
 endloop
endfacet
facet normal 0 0 0
 outer loop
  vertex -3.3145437240600586 8.438359260559082 5
  vertex -3.3579261302948 8.220261573791504 5
  vertex -0.420951783657074 1.0162675380706787 5
 endloop
endfacet
facet normal 0 0 0
 outer loop
  vertex -2.020667240591078e-16 1.100000023841858 5
  vertex 9.778105735778809 1.6854562759399414 5
  vertex 10 1.7000000476837158 5
 endloop
endfacet
facet normal 0 0 0
 outer loop
  vertex 10.650562286376953 -1.5705952644348145 5
  vertex -5.22189474105835 -6.97479772567749 5
  vertex -5 -6.960254192352295 5
 endloop
endfacet
facet normal 0 0 0
 outer loop
  vertex -3.299999952316284 -8.66025447845459 5
  vertex -3.3145437240600586 -8.882148742675781 5
  vertex 5.472322463989258 -15.03508186340332 5
 endloop
endfacet
facet normal 0 0 0
 outer loop
  vertex 15.75692367553711 2.7783708572387695 5
  vertex -3.4294047355651855 9.310815811157227 5
  vertex -3.3579261302948 9.10024642944336 5
 endloop
endfacet
facet normal 0 0 0
 outer loop
  vertex -3.299999952316284 8.66025447845459 5
  vertex -3.3145437240600586 8.438359260559082 5
  vertex -0.420951783657074 1.0162675380706787 5
 endloop
endfacet
facet normal 0 0 0
 outer loop
  vertex 10.650562286376953 -1.5705952644348145 5
  vertex -5 -6.960254192352295 5
  vertex -4.77810525894165 -6.97479772567749 5
 endloop
endfacet
facet normal 0 0 0
 outer loop
  vertex -3.3145437240600586 -8.438359260559082 5
  vertex -3.299999952316284 -8.66025447845459 5
  vertex 5.472322463989258 -15.03508186340332 5
 endloop
endfacet
facet normal 0 0 0
 outer loop
  vertex 15.75692367553711 2.7783708572387695 5
  vertex -3.3579261302948 9.10024642944336 5
  vertex -3.3145437240600586 8.882148742675781 5
 endloop
endfacet
facet normal 0 0 0
 outer loop
  vertex -3.3145437240600586 8.882148742675781 5
  vertex -3.299999952316284 8.66025447845459 5
  vertex -0.420951783657074 1.0162675380706787 5
 endloop
endfacet
facet normal 0 0 0
 outer loop
  vertex 10.650562286376953 -1.5705952644348145 5
  vertex -4.77810525894165 -6.97479772567749 5
  vertex -4.560007572174072 -7.0181803703308105 5
 endloop
endfacet
facet normal 0 0 0
 outer loop
  vertex -3.3579261302948 -8.220261573791504 5
  vertex -3.3145437240600586 -8.438359260559082 5
  vertex 5.472322463989258 -15.03508186340332 5
 endloop
endfacet
facet normal 0 0 0
 outer loop
  vertex -3.3145437240600586 8.882148742675781 5
  vertex -0.420951783657074 1.0162675380706787 5
  vertex -0.2847009599208832 1.0625183582305908 5
 endloop
endfacet
facet normal 0 0 0
 outer loop
  vertex 10.650562286376953 -1.5705952644348145 5
  vertex -4.560007572174072 -7.0181803703308105 5
  vertex -4.349438190460205 -7.089658737182617 5
 endloop
endfacet
facet normal 0 0 0
 outer loop
  vertex -3.4294047355651855 -8.009692192077637 5
  vertex -3.3579261302948 -8.220261573791504 5
  vertex 5.472322463989258 -15.03508186340332 5
 endloop
endfacet
facet normal 0 0 0
 outer loop
  vertex -3.3145437240600586 8.882148742675781 5
  vertex -0.2847009599208832 1.0625183582305908 5
  vertex -0.14357881247997284 1.0905894041061401 5
 endloop
endfacet
facet normal 0 0 0
 outer loop
  vertex 10.650562286376953 -1.5705952644348145 5
  vertex -4.349438190460205 -7.089658737182617 5
  vertex -4.150000095367432 -7.1880106925964355 5
 endloop
endfacet
facet normal 0 0 0
 outer loop
  vertex -3.527756929397583 -7.810254096984863 5
  vertex -3.4294047355651855 -8.009692192077637 5
  vertex 5.472322463989258 -15.03508186340332 5
 endloop
endfacet
facet normal 0 0 0
 outer loop
  vertex 15.75692367553711 2.7783708572387695 5
  vertex -3.3145437240600586 8.882148742675781 5
  vertex -0.14357881247997284 1.0905894041061401 5
 endloop
endfacet
facet normal 0 0 0
 outer loop
  vertex 10.650562286376953 -1.5705952644348145 5
  vertex -4.150000095367432 -7.1880106925964355 5
  vertex -3.9651055335998535 -7.311553478240967 5
 endloop
endfacet
facet normal 0 0 0
 outer loop
  vertex -3.651299238204956 -7.625359535217285 5
  vertex -3.527756929397583 -7.810254096984863 5
  vertex 5.472322463989258 -15.03508186340332 5
 endloop
endfacet
facet normal 0 0 0
 outer loop
  vertex 15.75692367553711 2.7783708572387695 5
  vertex -0.14357881247997284 1.0905894041061401 5
  vertex -2.020667240591078e-16 1.100000023841858 5
 endloop
endfacet
facet normal 0 0 0
 outer loop
  vertex 10.650562286376953 -1.5705952644348145 5
  vertex -3.9651055335998535 -7.311553478240967 5
  vertex -3.7979185581207275 -7.45817232131958 5
 endloop
endfacet
facet normal 0 0 0
 outer loop
  vertex -3.7979185581207275 -7.45817232131958 5
  vertex -3.651299238204956 -7.625359535217285 5
  vertex 5.472322463989258 -15.03508186340332 5
 endloop
endfacet
facet normal 0 0 0
 outer loop
  vertex 15.75692367553711 2.7783708572387695 5
  vertex -2.020667240591078e-16 1.100000023841858 5
  vertex 10 1.7000000476837158 5
 endloop
endfacet
facet normal 0 0 0
 outer loop
  vertex 10.650562286376953 -1.5705952644348145 5
  vertex -3.7979185581207275 -7.45817232131958 5
  vertex 5.472322463989258 -15.03508186340332 5
 endloop
endfacet
facet normal 0 0 0
 outer loop
  vertex 15.75692367553711 2.7783708572387695 5
  vertex 10 1.7000000476837158 5
  vertex 10.221894264221191 1.6854562759399414 5
 endloop
endfacet
facet normal 0 0 0
 outer loop
  vertex 10.850000381469727 -1.4722431898117065 5
  vertex 10.650562286376953 -1.5705952644348145 5
  vertex 5.472322463989258 -15.03508186340332 5
 endloop
endfacet
facet normal 0 0 0
 outer loop
  vertex 15.75692367553711 2.7783708572387695 5
  vertex 10.221894264221191 1.6854562759399414 5
  vertex 10.43999195098877 1.6420738697052002 5
 endloop
endfacet
facet normal 0 0 0
 outer loop
  vertex 11.034893989562988 -1.3487006425857544 5
  vertex 10.850000381469727 -1.4722431898117065 5
  vertex 5.472322463989258 -15.03508186340332 5
 endloop
endfacet
facet normal 0 0 0
 outer loop
  vertex 15.75692367553711 2.7783708572387695 5
  vertex 10.43999195098877 1.6420738697052002 5
  vertex 10.650562286376953 1.5705952644348145 5
 endloop
endfacet
facet normal 0 0 0
 outer loop
  vertex 11.202081680297852 -1.202081561088562 5
  vertex 11.034893989562988 -1.3487006425857544 5
  vertex 5.472322463989258 -15.03508186340332 5
 endloop
endfacet
facet normal 0 0 0
 outer loop
  vertex 15.75692367553711 2.7783708572387695 5
  vertex 10.650562286376953 1.5705952644348145 5
  vertex 10.850000381469727 1.4722431898117065 5
 endloop
endfacet
facet normal 0 0 0
 outer loop
  vertex 11.348700523376465 -1.0348944664001465 5
  vertex 11.202081680297852 -1.202081561088562 5
  vertex 5.472322463989258 -15.03508186340332 5
 endloop
endfacet
facet normal 0 0 0
 outer loop
  vertex 15.75692367553711 2.7783708572387695 5
  vertex 10.850000381469727 1.4722431898117065 5
  vertex 11.034893989562988 1.3487006425857544 5
 endloop
endfacet
facet normal 0 0 0
 outer loop
  vertex 11.472243309020996 -0.8500000238418579 5
  vertex 11.348700523376465 -1.0348944664001465 5
  vertex 5.472322463989258 -15.03508186340332 5
 endloop
endfacet
facet normal 0 0 0
 outer loop
  vertex 15.75692367553711 2.7783708572387695 5
  vertex 11.034893989562988 1.3487006425857544 5
  vertex 11.202081680297852 1.202081561088562 5
 endloop
endfacet
facet normal 0 0 0
 outer loop
  vertex 11.570594787597656 -0.6505618095397949 5
  vertex 11.472243309020996 -0.8500000238418579 5
  vertex 5.472322463989258 -15.03508186340332 5
 endloop
endfacet
facet normal 0 0 0
 outer loop
  vertex 15.75692367553711 2.7783708572387695 5
  vertex 11.202081680297852 1.202081561088562 5
  vertex 11.348700523376465 1.0348944664001465 5
 endloop
endfacet
facet normal 0 0 0
 outer loop
  vertex 11.570594787597656 -0.6505618095397949 5
  vertex 5.472322463989258 -15.03508186340332 5
  vertex 15.75692367553711 2.7783708572387695 5
 endloop
endfacet
facet normal 0 0 0
 outer loop
  vertex 15.75692367553711 2.7783708572387695 5
  vertex 11.348700523376465 1.0348944664001465 5
  vertex 11.472243309020996 0.8500000238418579 5
 endloop
endfacet
facet normal 0 0 0
 outer loop
  vertex 11.642073631286621 -0.43999236822128296 5
  vertex 11.570594787597656 -0.6505618095397949 5
  vertex 15.75692367553711 2.7783708572387695 5
 endloop
endfacet
facet normal 0 0 0
 outer loop
  vertex 15.75692367553711 2.7783708572387695 5
  vertex 11.472243309020996 0.8500000238418579 5
  vertex 11.570594787597656 0.6505618095397949 5
 endloop
endfacet
facet normal 0 0 0
 outer loop
  vertex 11.685456275939941 -0.2218945324420929 5
  vertex 11.642073631286621 -0.43999236822128296 5
  vertex 15.75692367553711 2.7783708572387695 5
 endloop
endfacet
facet normal 0 0 0
 outer loop
  vertex 15.75692367553711 2.7783708572387695 5
  vertex 11.570594787597656 0.6505618095397949 5
  vertex 11.642073631286621 0.43999236822128296 5
 endloop
endfacet
facet normal 0 0 0
 outer loop
  vertex 11.699999809265137 0 5
  vertex 11.685456275939941 -0.2218945324420929 5
  vertex 15.75692367553711 2.7783708572387695 5
 endloop
endfacet
facet normal 0 0 0
 outer loop
  vertex 15.75692367553711 2.7783708572387695 5
  vertex 11.642073631286621 0.43999236822128296 5
  vertex 11.685456275939941 0.2218945324420929 5
 endloop
endfacet
facet normal 0 0 0
 outer loop
  vertex 11.685456275939941 0.2218945324420929 5
  vertex 11.699999809265137 0 5
  vertex 15.75692367553711 2.7783708572387695 5
 endloop
endfacet
facet normal 0 0 0
 outer loop
  vertex 16 0 0
  vertex 15.939115524291992 1.3944919109344482 0
  vertex 16 0 5
 endloop
endfacet
facet normal 0 0 0
 outer loop
  vertex 15.939115524291992 1.3944919109344482 0
  vertex 15.939115524291992 1.3944919109344482 5
  vertex 16 0 5
 endloop
endfacet
facet normal 0 0 0
 outer loop
  vertex 15.939115524291992 1.3944919109344482 0
  vertex 15.75692367553711 2.7783708572387695 0
  vertex 15.939115524291992 1.3944919109344482 5
 endloop
endfacet
facet normal 0 0 0
 outer loop
  vertex 15.75692367553711 2.7783708572387695 0
  vertex 15.75692367553711 2.7783708572387695 5
  vertex 15.939115524291992 1.3944919109344482 5
 endloop
endfacet
facet normal 0 0 0
 outer loop
  vertex 15.75692367553711 2.7783708572387695 0
  vertex 15.454813003540039 4.141104698181152 0
  vertex 15.75692367553711 2.7783708572387695 5
 endloop
endfacet
facet normal 0 0 0
 outer loop
  vertex 15.454813003540039 4.141104698181152 0
  vertex 15.454813003540039 4.141104698181152 5
  vertex 15.75692367553711 2.7783708572387695 5
 endloop
endfacet
facet normal 0 0 0
 outer loop
  vertex 15.454813003540039 4.141104698181152 0
  vertex 15.03508186340332 5.472322463989258 0
  vertex 15.454813003540039 4.141104698181152 5
 endloop
endfacet
facet normal 0 0 0
 outer loop
  vertex 15.03508186340332 5.472322463989258 0
  vertex 15.03508186340332 5.472322463989258 5
  vertex 15.454813003540039 4.141104698181152 5
 endloop
endfacet
facet normal 0 0 0
 outer loop
  vertex 15.03508186340332 5.472322463989258 0
  vertex 14.500925064086914 6.761892318725586 0
  vertex 15.03508186340332 5.472322463989258 5
 endloop
endfacet
facet normal 0 0 0
 outer loop
  vertex 14.500925064086914 6.761892318725586 0
  vertex 14.500925064086914 6.761892318725586 5
  vertex 15.03508186340332 5.472322463989258 5
 endloop
endfacet
facet normal 0 0 0
 outer loop
  vertex 14.500925064086914 6.761892318725586 0
  vertex 13.856406211853027 8 0
  vertex 14.500925064086914 6.761892318725586 5
 endloop
endfacet
facet normal 0 0 0
 outer loop
  vertex 13.856406211853027 8 0
  vertex 13.856406211853027 8 5
  vertex 14.500925064086914 6.761892318725586 5
 endloop
endfacet
facet normal 0 0 0
 outer loop
  vertex 13.856406211853027 8 0
  vertex 13.106432914733887 9.177223205566406 0
  vertex 13.856406211853027 8 5
 endloop
endfacet
facet normal 0 0 0
 outer loop
  vertex 13.106432914733887 9.177223205566406 0
  vertex 13.106432914733887 9.177223205566406 5
  vertex 13.856406211853027 8 5
 endloop
endfacet
facet normal 0 0 0
 outer loop
  vertex 13.106432914733887 9.177223205566406 0
  vertex 12.25671100616455 10.284602165222168 0
  vertex 13.106432914733887 9.177223205566406 5
 endloop
endfacet
facet normal 0 0 0
 outer loop
  vertex 12.25671100616455 10.284602165222168 0
  vertex 12.25671100616455 10.284602165222168 5
  vertex 13.106432914733887 9.177223205566406 5
 endloop
endfacet
facet normal 0 0 0
 outer loop
  vertex 12.25671100616455 10.284602165222168 0
  vertex 11.313708305358887 11.313708305358887 0
  vertex 12.25671100616455 10.284602165222168 5
 endloop
endfacet
facet normal 0 0 0
 outer loop
  vertex 11.313708305358887 11.313708305358887 0
  vertex 11.313708305358887 11.313708305358887 5
  vertex 12.25671100616455 10.284602165222168 5
 endloop
endfacet
facet normal 0 0 0
 outer loop
  vertex 11.313708305358887 11.313708305358887 0
  vertex 10.284602165222168 12.25671100616455 0
  vertex 11.313708305358887 11.313708305358887 5
 endloop
endfacet
facet normal 0 0 0
 outer loop
  vertex 10.284602165222168 12.25671100616455 0
  vertex 10.284602165222168 12.25671100616455 5
  vertex 11.313708305358887 11.313708305358887 5
 endloop
endfacet
facet normal 0 0 0
 outer loop
  vertex 10.284602165222168 12.25671100616455 0
  vertex 9.177223205566406 13.106432914733887 0
  vertex 10.284602165222168 12.25671100616455 5
 endloop
endfacet
facet normal 0 0 0
 outer loop
  vertex 9.177223205566406 13.106432914733887 0
  vertex 9.177223205566406 13.106432914733887 5
  vertex 10.284602165222168 12.25671100616455 5
 endloop
endfacet
facet normal 0 0 0
 outer loop
  vertex 9.177223205566406 13.106432914733887 0
  vertex 8 13.856406211853027 0
  vertex 9.177223205566406 13.106432914733887 5
 endloop
endfacet
facet normal 0 0 0
 outer loop
  vertex 8 13.856406211853027 0
  vertex 8 13.856406211853027 5
  vertex 9.177223205566406 13.106432914733887 5
 endloop
endfacet
facet normal 0 0 0
 outer loop
  vertex 8 13.856406211853027 0
  vertex 6.761892318725586 14.500925064086914 0
  vertex 8 13.856406211853027 5
 endloop
endfacet
facet normal 0 0 0
 outer loop
  vertex 6.761892318725586 14.500925064086914 0
  vertex 6.761892318725586 14.500925064086914 5
  vertex 8 13.856406211853027 5
 endloop
endfacet
facet normal 0 0 0
 outer loop
  vertex 6.761892318725586 14.500925064086914 0
  vertex 5.472322463989258 15.03508186340332 0
  vertex 6.761892318725586 14.500925064086914 5
 endloop
endfacet
facet normal 0 0 0
 outer loop
  vertex 5.472322463989258 15.03508186340332 0
  vertex 5.472322463989258 15.03508186340332 5
  vertex 6.761892318725586 14.500925064086914 5
 endloop
endfacet
facet normal 0 0 0
 outer loop
  vertex 5.472322463989258 15.03508186340332 0
  vertex 4.141104698181152 15.454813003540039 0
  vertex 5.472322463989258 15.03508186340332 5
 endloop
endfacet
facet normal 0 0 0
 outer loop
  vertex 4.141104698181152 15.454813003540039 0
  vertex 4.141104698181152 15.454813003540039 5
  vertex 5.472322463989258 15.03508186340332 5
 endloop
endfacet
facet normal 0 0 0
 outer loop
  vertex 4.141104698181152 15.454813003540039 0
  vertex 2.7783708572387695 15.75692367553711 0
  vertex 4.141104698181152 15.454813003540039 5
 endloop
endfacet
facet normal 0 0 0
 outer loop
  vertex 2.7783708572387695 15.75692367553711 0
  vertex 2.7783708572387695 15.75692367553711 5
  vertex 4.141104698181152 15.454813003540039 5
 endloop
endfacet
facet normal 0 0 0
 outer loop
  vertex 2.7783708572387695 15.75692367553711 0
  vertex 1.3944919109344482 15.939115524291992 0
  vertex 2.7783708572387695 15.75692367553711 5
 endloop
endfacet
facet normal 0 0 0
 outer loop
  vertex 1.3944919109344482 15.939115524291992 0
  vertex 1.3944919109344482 15.939115524291992 5
  vertex 2.7783708572387695 15.75692367553711 5
 endloop
endfacet
facet normal 0 0 0
 outer loop
  vertex 1.3944919109344482 15.939115524291992 0
  vertex 9.797174820681343e-16 16 0
  vertex 1.3944919109344482 15.939115524291992 5
 endloop
endfacet
facet normal 0 0 0
 outer loop
  vertex 9.797174820681343e-16 16 0
  vertex 9.797174820681343e-16 16 5
  vertex 1.3944919109344482 15.939115524291992 5
 endloop
endfacet
facet normal 0 0 0
 outer loop
  vertex 9.797174820681343e-16 16 0
  vertex -1.3944919109344482 15.939115524291992 0
  vertex 9.797174820681343e-16 16 5
 endloop
endfacet
facet normal 0 0 0
 outer loop
  vertex -1.3944919109344482 15.939115524291992 0
  vertex -1.3944919109344482 15.939115524291992 5
  vertex 9.797174820681343e-16 16 5
 endloop
endfacet
facet normal 0 0 0
 outer loop
  vertex -1.3944919109344482 15.939115524291992 0
  vertex -2.7783708572387695 15.75692367553711 0
  vertex -1.3944919109344482 15.939115524291992 5
 endloop
endfacet
facet normal 0 0 0
 outer loop
  vertex -2.7783708572387695 15.75692367553711 0
  vertex -2.7783708572387695 15.75692367553711 5
  vertex -1.3944919109344482 15.939115524291992 5
 endloop
endfacet
facet normal 0 0 0
 outer loop
  vertex -2.7783708572387695 15.75692367553711 0
  vertex -4.141104698181152 15.454813003540039 0
  vertex -2.7783708572387695 15.75692367553711 5
 endloop
endfacet
facet normal 0 0 0
 outer loop
  vertex -4.141104698181152 15.454813003540039 0
  vertex -4.141104698181152 15.454813003540039 5
  vertex -2.7783708572387695 15.75692367553711 5
 endloop
endfacet
facet normal 0 0 0
 outer loop
  vertex -4.141104698181152 15.454813003540039 0
  vertex -5.472322463989258 15.03508186340332 0
  vertex -4.141104698181152 15.454813003540039 5
 endloop
endfacet
facet normal 0 0 0
 outer loop
  vertex -5.472322463989258 15.03508186340332 0
  vertex -5.472322463989258 15.03508186340332 5
  vertex -4.141104698181152 15.454813003540039 5
 endloop
endfacet
facet normal 0 0 0
 outer loop
  vertex -5.472322463989258 15.03508186340332 0
  vertex -6.761892318725586 14.500925064086914 0
  vertex -5.472322463989258 15.03508186340332 5
 endloop
endfacet
facet normal 0 0 0
 outer loop
  vertex -6.761892318725586 14.500925064086914 0
  vertex -6.761892318725586 14.500925064086914 5
  vertex -5.472322463989258 15.03508186340332 5
 endloop
endfacet
facet normal 0 0 0
 outer loop
  vertex -6.761892318725586 14.500925064086914 0
  vertex -8 13.856406211853027 0
  vertex -6.761892318725586 14.500925064086914 5
 endloop
endfacet
facet normal 0 0 0
 outer loop
  vertex -8 13.856406211853027 0
  vertex -8 13.856406211853027 5
  vertex -6.761892318725586 14.500925064086914 5
 endloop
endfacet
facet normal 0 0 0
 outer loop
  vertex -8 13.856406211853027 0
  vertex -9.177223205566406 13.106432914733887 0
  vertex -8 13.856406211853027 5
 endloop
endfacet
facet normal 0 0 0
 outer loop
  vertex -9.177223205566406 13.106432914733887 0
  vertex -9.177223205566406 13.106432914733887 5
  vertex -8 13.856406211853027 5
 endloop
endfacet
facet normal 0 0 0
 outer loop
  vertex -9.177223205566406 13.106432914733887 0
  vertex -10.284602165222168 12.25671100616455 0
  vertex -9.177223205566406 13.106432914733887 5
 endloop
endfacet
facet normal 0 0 0
 outer loop
  vertex -10.284602165222168 12.25671100616455 0
  vertex -10.284602165222168 12.25671100616455 5
  vertex -9.177223205566406 13.106432914733887 5
 endloop
endfacet
facet normal 0 0 0
 outer loop
  vertex -10.284602165222168 12.25671100616455 0
  vertex -11.313708305358887 11.313708305358887 0
  vertex -10.284602165222168 12.25671100616455 5
 endloop
endfacet
facet normal 0 0 0
 outer loop
  vertex -11.313708305358887 11.313708305358887 0
  vertex -11.313708305358887 11.313708305358887 5
  vertex -10.284602165222168 12.25671100616455 5
 endloop
endfacet
facet normal 0 0 0
 outer loop
  vertex -11.313708305358887 11.313708305358887 0
  vertex -12.25671100616455 10.284602165222168 0
  vertex -11.313708305358887 11.313708305358887 5
 endloop
endfacet
facet normal 0 0 0
 outer loop
  vertex -12.25671100616455 10.284602165222168 0
  vertex -12.25671100616455 10.284602165222168 5
  vertex -11.313708305358887 11.313708305358887 5
 endloop
endfacet
facet normal 0 0 0
 outer loop
  vertex -12.25671100616455 10.284602165222168 0
  vertex -13.106432914733887 9.177223205566406 0
  vertex -12.25671100616455 10.284602165222168 5
 endloop
endfacet
facet normal 0 0 0
 outer loop
  vertex -13.106432914733887 9.177223205566406 0
  vertex -13.106432914733887 9.177223205566406 5
  vertex -12.25671100616455 10.284602165222168 5
 endloop
endfacet
facet normal 0 0 0
 outer loop
  vertex -13.106432914733887 9.177223205566406 0
  vertex -13.856406211853027 8 0
  vertex -13.106432914733887 9.177223205566406 5
 endloop
endfacet
facet normal 0 0 0
 outer loop
  vertex -13.856406211853027 8 0
  vertex -13.856406211853027 8 5
  vertex -13.106432914733887 9.177223205566406 5
 endloop
endfacet
facet normal 0 0 0
 outer loop
  vertex -13.856406211853027 8 0
  vertex -14.500925064086914 6.761892318725586 0
  vertex -13.856406211853027 8 5
 endloop
endfacet
facet normal 0 0 0
 outer loop
  vertex -14.500925064086914 6.761892318725586 0
  vertex -14.500925064086914 6.761892318725586 5
  vertex -13.856406211853027 8 5
 endloop
endfacet
facet normal 0 0 0
 outer loop
  vertex -14.500925064086914 6.761892318725586 0
  vertex -15.03508186340332 5.472322463989258 0
  vertex -14.500925064086914 6.761892318725586 5
 endloop
endfacet
facet normal 0 0 0
 outer loop
  vertex -15.03508186340332 5.472322463989258 0
  vertex -15.03508186340332 5.472322463989258 5
  vertex -14.500925064086914 6.761892318725586 5
 endloop
endfacet
facet normal 0 0 0
 outer loop
  vertex -15.03508186340332 5.472322463989258 0
  vertex -15.454813003540039 4.141104698181152 0
  vertex -15.03508186340332 5.472322463989258 5
 endloop
endfacet
facet normal 0 0 0
 outer loop
  vertex -15.454813003540039 4.141104698181152 0
  vertex -15.454813003540039 4.141104698181152 5
  vertex -15.03508186340332 5.472322463989258 5
 endloop
endfacet
facet normal 0 0 0
 outer loop
  vertex -15.454813003540039 4.141104698181152 0
  vertex -15.75692367553711 2.7783708572387695 0
  vertex -15.454813003540039 4.141104698181152 5
 endloop
endfacet
facet normal 0 0 0
 outer loop
  vertex -15.75692367553711 2.7783708572387695 0
  vertex -15.75692367553711 2.7783708572387695 5
  vertex -15.454813003540039 4.141104698181152 5
 endloop
endfacet
facet normal 0 0 0
 outer loop
  vertex -15.75692367553711 2.7783708572387695 0
  vertex -15.939115524291992 1.3944919109344482 0
  vertex -15.75692367553711 2.7783708572387695 5
 endloop
endfacet
facet normal 0 0 0
 outer loop
  vertex -15.939115524291992 1.3944919109344482 0
  vertex -15.939115524291992 1.3944919109344482 5
  vertex -15.75692367553711 2.7783708572387695 5
 endloop
endfacet
facet normal 0 0 0
 outer loop
  vertex -15.939115524291992 1.3944919109344482 0
  vertex -16 1.9594349641362686e-15 0
  vertex -15.939115524291992 1.3944919109344482 5
 endloop
endfacet
facet normal 0 0 0
 outer loop
  vertex -16 1.9594349641362686e-15 0
  vertex -16 1.9594349641362686e-15 5
  vertex -15.939115524291992 1.3944919109344482 5
 endloop
endfacet
facet normal 0 0 0
 outer loop
  vertex -16 1.9594349641362686e-15 0
  vertex -15.939115524291992 -1.3944919109344482 0
  vertex -16 1.9594349641362686e-15 5
 endloop
endfacet
facet normal 0 0 0
 outer loop
  vertex -15.939115524291992 -1.3944919109344482 0
  vertex -15.939115524291992 -1.3944919109344482 5
  vertex -16 1.9594349641362686e-15 5
 endloop
endfacet
facet normal 0 0 0
 outer loop
  vertex -15.939115524291992 -1.3944919109344482 0
  vertex -15.75692367553711 -2.7783708572387695 0
  vertex -15.939115524291992 -1.3944919109344482 5
 endloop
endfacet
facet normal 0 0 0
 outer loop
  vertex -15.75692367553711 -2.7783708572387695 0
  vertex -15.75692367553711 -2.7783708572387695 5
  vertex -15.939115524291992 -1.3944919109344482 5
 endloop
endfacet
facet normal 0 0 0
 outer loop
  vertex -15.75692367553711 -2.7783708572387695 0
  vertex -15.454813003540039 -4.141104698181152 0
  vertex -15.75692367553711 -2.7783708572387695 5
 endloop
endfacet
facet normal 0 0 0
 outer loop
  vertex -15.454813003540039 -4.141104698181152 0
  vertex -15.454813003540039 -4.141104698181152 5
  vertex -15.75692367553711 -2.7783708572387695 5
 endloop
endfacet
facet normal 0 0 0
 outer loop
  vertex -15.454813003540039 -4.141104698181152 0
  vertex -15.03508186340332 -5.472322463989258 0
  vertex -15.454813003540039 -4.141104698181152 5
 endloop
endfacet
facet normal 0 0 0
 outer loop
  vertex -15.03508186340332 -5.472322463989258 0
  vertex -15.03508186340332 -5.472322463989258 5
  vertex -15.454813003540039 -4.141104698181152 5
 endloop
endfacet
facet normal 0 0 0
 outer loop
  vertex -15.03508186340332 -5.472322463989258 0
  vertex -14.500925064086914 -6.761892318725586 0
  vertex -15.03508186340332 -5.472322463989258 5
 endloop
endfacet
facet normal 0 0 0
 outer loop
  vertex -14.500925064086914 -6.761892318725586 0
  vertex -14.500925064086914 -6.761892318725586 5
  vertex -15.03508186340332 -5.472322463989258 5
 endloop
endfacet
facet normal 0 0 0
 outer loop
  vertex -14.500925064086914 -6.761892318725586 0
  vertex -13.856406211853027 -8 0
  vertex -14.500925064086914 -6.761892318725586 5
 endloop
endfacet
facet normal 0 0 0
 outer loop
  vertex -13.856406211853027 -8 0
  vertex -13.856406211853027 -8 5
  vertex -14.500925064086914 -6.761892318725586 5
 endloop
endfacet
facet normal 0 0 0
 outer loop
  vertex -13.856406211853027 -8 0
  vertex -13.106432914733887 -9.177223205566406 0
  vertex -13.856406211853027 -8 5
 endloop
endfacet
facet normal 0 0 0
 outer loop
  vertex -13.106432914733887 -9.177223205566406 0
  vertex -13.106432914733887 -9.177223205566406 5
  vertex -13.856406211853027 -8 5
 endloop
endfacet
facet normal 0 0 0
 outer loop
  vertex -13.106432914733887 -9.177223205566406 0
  vertex -12.25671100616455 -10.284602165222168 0
  vertex -13.106432914733887 -9.177223205566406 5
 endloop
endfacet
facet normal 0 0 0
 outer loop
  vertex -12.25671100616455 -10.284602165222168 0
  vertex -12.25671100616455 -10.284602165222168 5
  vertex -13.106432914733887 -9.177223205566406 5
 endloop
endfacet
facet normal 0 0 0
 outer loop
  vertex -12.25671100616455 -10.284602165222168 0
  vertex -11.313708305358887 -11.313708305358887 0
  vertex -12.25671100616455 -10.284602165222168 5
 endloop
endfacet
facet normal 0 0 0
 outer loop
  vertex -11.313708305358887 -11.313708305358887 0
  vertex -11.313708305358887 -11.313708305358887 5
  vertex -12.25671100616455 -10.284602165222168 5
 endloop
endfacet
facet normal 0 0 0
 outer loop
  vertex -11.313708305358887 -11.313708305358887 0
  vertex -10.284602165222168 -12.25671100616455 0
  vertex -11.313708305358887 -11.313708305358887 5
 endloop
endfacet
facet normal 0 0 0
 outer loop
  vertex -10.284602165222168 -12.25671100616455 0
  vertex -10.284602165222168 -12.25671100616455 5
  vertex -11.313708305358887 -11.313708305358887 5
 endloop
endfacet
facet normal 0 0 0
 outer loop
  vertex -10.284602165222168 -12.25671100616455 0
  vertex -9.177223205566406 -13.106432914733887 0
  vertex -10.284602165222168 -12.25671100616455 5
 endloop
endfacet
facet normal 0 0 0
 outer loop
  vertex -9.177223205566406 -13.106432914733887 0
  vertex -9.177223205566406 -13.106432914733887 5
  vertex -10.284602165222168 -12.25671100616455 5
 endloop
endfacet
facet normal 0 0 0
 outer loop
  vertex -9.177223205566406 -13.106432914733887 0
  vertex -8 -13.856406211853027 0
  vertex -9.177223205566406 -13.106432914733887 5
 endloop
endfacet
facet normal 0 0 0
 outer loop
  vertex -8 -13.856406211853027 0
  vertex -8 -13.856406211853027 5
  vertex -9.177223205566406 -13.106432914733887 5
 endloop
endfacet
facet normal 0 0 0
 outer loop
  vertex -8 -13.856406211853027 0
  vertex -6.761892318725586 -14.500925064086914 0
  vertex -8 -13.856406211853027 5
 endloop
endfacet
facet normal 0 0 0
 outer loop
  vertex -6.761892318725586 -14.500925064086914 0
  vertex -6.761892318725586 -14.500925064086914 5
  vertex -8 -13.856406211853027 5
 endloop
endfacet
facet normal 0 0 0
 outer loop
  vertex -6.761892318725586 -14.500925064086914 0
  vertex -5.472322463989258 -15.03508186340332 0
  vertex -6.761892318725586 -14.500925064086914 5
 endloop
endfacet
facet normal 0 0 0
 outer loop
  vertex -5.472322463989258 -15.03508186340332 0
  vertex -5.472322463989258 -15.03508186340332 5
  vertex -6.761892318725586 -14.500925064086914 5
 endloop
endfacet
facet normal 0 0 0
 outer loop
  vertex -5.472322463989258 -15.03508186340332 0
  vertex -4.141104698181152 -15.454813003540039 0
  vertex -5.472322463989258 -15.03508186340332 5
 endloop
endfacet
facet normal 0 0 0
 outer loop
  vertex -4.141104698181152 -15.454813003540039 0
  vertex -4.141104698181152 -15.454813003540039 5
  vertex -5.472322463989258 -15.03508186340332 5
 endloop
endfacet
facet normal 0 0 0
 outer loop
  vertex -4.141104698181152 -15.454813003540039 0
  vertex -2.7783708572387695 -15.75692367553711 0
  vertex -4.141104698181152 -15.454813003540039 5
 endloop
endfacet
facet normal 0 0 0
 outer loop
  vertex -2.7783708572387695 -15.75692367553711 0
  vertex -2.7783708572387695 -15.75692367553711 5
  vertex -4.141104698181152 -15.454813003540039 5
 endloop
endfacet
facet normal 0 0 0
 outer loop
  vertex -2.7783708572387695 -15.75692367553711 0
  vertex -1.3944919109344482 -15.939115524291992 0
  vertex -2.7783708572387695 -15.75692367553711 5
 endloop
endfacet
facet normal 0 0 0
 outer loop
  vertex -1.3944919109344482 -15.939115524291992 0
  vertex -1.3944919109344482 -15.939115524291992 5
  vertex -2.7783708572387695 -15.75692367553711 5
 endloop
endfacet
facet normal 0 0 0
 outer loop
  vertex -1.3944919109344482 -15.939115524291992 0
  vertex -2.939152234446166e-15 -16 0
  vertex -1.3944919109344482 -15.939115524291992 5
 endloop
endfacet
facet normal 0 0 0
 outer loop
  vertex -2.939152234446166e-15 -16 0
  vertex -2.939152234446166e-15 -16 5
  vertex -1.3944919109344482 -15.939115524291992 5
 endloop
endfacet
facet normal 0 0 0
 outer loop
  vertex -2.939152234446166e-15 -16 0
  vertex 1.3944919109344482 -15.939115524291992 0
  vertex -2.939152234446166e-15 -16 5
 endloop
endfacet
facet normal 0 0 0
 outer loop
  vertex 1.3944919109344482 -15.939115524291992 0
  vertex 1.3944919109344482 -15.939115524291992 5
  vertex -2.939152234446166e-15 -16 5
 endloop
endfacet
facet normal 0 0 0
 outer loop
  vertex 1.3944919109344482 -15.939115524291992 0
  vertex 2.7783708572387695 -15.75692367553711 0
  vertex 1.3944919109344482 -15.939115524291992 5
 endloop
endfacet
facet normal 0 0 0
 outer loop
  vertex 2.7783708572387695 -15.75692367553711 0
  vertex 2.7783708572387695 -15.75692367553711 5
  vertex 1.3944919109344482 -15.939115524291992 5
 endloop
endfacet
facet normal 0 0 0
 outer loop
  vertex 2.7783708572387695 -15.75692367553711 0
  vertex 4.141104698181152 -15.454813003540039 0
  vertex 2.7783708572387695 -15.75692367553711 5
 endloop
endfacet
facet normal 0 0 0
 outer loop
  vertex 4.141104698181152 -15.454813003540039 0
  vertex 4.141104698181152 -15.454813003540039 5
  vertex 2.7783708572387695 -15.75692367553711 5
 endloop
endfacet
facet normal 0 0 0
 outer loop
  vertex 4.141104698181152 -15.454813003540039 0
  vertex 5.472322463989258 -15.03508186340332 0
  vertex 4.141104698181152 -15.454813003540039 5
 endloop
endfacet
facet normal 0 0 0
 outer loop
  vertex 5.472322463989258 -15.03508186340332 0
  vertex 5.472322463989258 -15.03508186340332 5
  vertex 4.141104698181152 -15.454813003540039 5
 endloop
endfacet
facet normal 0 0 0
 outer loop
  vertex 5.472322463989258 -15.03508186340332 0
  vertex 6.761892318725586 -14.500925064086914 0
  vertex 5.472322463989258 -15.03508186340332 5
 endloop
endfacet
facet normal 0 0 0
 outer loop
  vertex 6.761892318725586 -14.500925064086914 0
  vertex 6.761892318725586 -14.500925064086914 5
  vertex 5.472322463989258 -15.03508186340332 5
 endloop
endfacet
facet normal 0 0 0
 outer loop
  vertex 6.761892318725586 -14.500925064086914 0
  vertex 8 -13.856406211853027 0
  vertex 6.761892318725586 -14.500925064086914 5
 endloop
endfacet
facet normal 0 0 0
 outer loop
  vertex 8 -13.856406211853027 0
  vertex 8 -13.856406211853027 5
  vertex 6.761892318725586 -14.500925064086914 5
 endloop
endfacet
facet normal 0 0 0
 outer loop
  vertex 8 -13.856406211853027 0
  vertex 9.177223205566406 -13.106432914733887 0
  vertex 8 -13.856406211853027 5
 endloop
endfacet
facet normal 0 0 0
 outer loop
  vertex 9.177223205566406 -13.106432914733887 0
  vertex 9.177223205566406 -13.106432914733887 5
  vertex 8 -13.856406211853027 5
 endloop
endfacet
facet normal 0 0 0
 outer loop
  vertex 9.177223205566406 -13.106432914733887 0
  vertex 10.284602165222168 -12.25671100616455 0
  vertex 9.177223205566406 -13.106432914733887 5
 endloop
endfacet
facet normal 0 0 0
 outer loop
  vertex 10.284602165222168 -12.25671100616455 0
  vertex 10.284602165222168 -12.25671100616455 5
  vertex 9.177223205566406 -13.106432914733887 5
 endloop
endfacet
facet normal 0 0 0
 outer loop
  vertex 10.284602165222168 -12.25671100616455 0
  vertex 11.313708305358887 -11.313708305358887 0
  vertex 10.284602165222168 -12.25671100616455 5
 endloop
endfacet
facet normal 0 0 0
 outer loop
  vertex 11.313708305358887 -11.313708305358887 0
  vertex 11.313708305358887 -11.313708305358887 5
  vertex 10.284602165222168 -12.25671100616455 5
 endloop
endfacet
facet normal 0 0 0
 outer loop
  vertex 11.313708305358887 -11.313708305358887 0
  vertex 12.25671100616455 -10.284602165222168 0
  vertex 11.313708305358887 -11.313708305358887 5
 endloop
endfacet
facet normal 0 0 0
 outer loop
  vertex 12.25671100616455 -10.284602165222168 0
  vertex 12.25671100616455 -10.284602165222168 5
  vertex 11.313708305358887 -11.313708305358887 5
 endloop
endfacet
facet normal 0 0 0
 outer loop
  vertex 12.25671100616455 -10.284602165222168 0
  vertex 13.106432914733887 -9.177223205566406 0
  vertex 12.25671100616455 -10.284602165222168 5
 endloop
endfacet
facet normal 0 0 0
 outer loop
  vertex 13.106432914733887 -9.177223205566406 0
  vertex 13.106432914733887 -9.177223205566406 5
  vertex 12.25671100616455 -10.284602165222168 5
 endloop
endfacet
facet normal 0 0 0
 outer loop
  vertex 13.106432914733887 -9.177223205566406 0
  vertex 13.856406211853027 -8 0
  vertex 13.106432914733887 -9.177223205566406 5
 endloop
endfacet
facet normal 0 0 0
 outer loop
  vertex 13.856406211853027 -8 0
  vertex 13.856406211853027 -8 5
  vertex 13.106432914733887 -9.177223205566406 5
 endloop
endfacet
facet normal 0 0 0
 outer loop
  vertex 13.856406211853027 -8 0
  vertex 14.500925064086914 -6.761892318725586 0
  vertex 13.856406211853027 -8 5
 endloop
endfacet
facet normal 0 0 0
 outer loop
  vertex 14.500925064086914 -6.761892318725586 0
  vertex 14.500925064086914 -6.761892318725586 5
  vertex 13.856406211853027 -8 5
 endloop
endfacet
facet normal 0 0 0
 outer loop
  vertex 14.500925064086914 -6.761892318725586 0
  vertex 15.03508186340332 -5.472322463989258 0
  vertex 14.500925064086914 -6.761892318725586 5
 endloop
endfacet
facet normal 0 0 0
 outer loop
  vertex 15.03508186340332 -5.472322463989258 0
  vertex 15.03508186340332 -5.472322463989258 5
  vertex 14.500925064086914 -6.761892318725586 5
 endloop
endfacet
facet normal 0 0 0
 outer loop
  vertex 15.03508186340332 -5.472322463989258 0
  vertex 15.454813003540039 -4.141104698181152 0
  vertex 15.03508186340332 -5.472322463989258 5
 endloop
endfacet
facet normal 0 0 0
 outer loop
  vertex 15.454813003540039 -4.141104698181152 0
  vertex 15.454813003540039 -4.141104698181152 5
  vertex 15.03508186340332 -5.472322463989258 5
 endloop
endfacet
facet normal 0 0 0
 outer loop
  vertex 15.454813003540039 -4.141104698181152 0
  vertex 15.75692367553711 -2.7783708572387695 0
  vertex 15.454813003540039 -4.141104698181152 5
 endloop
endfacet
facet normal 0 0 0
 outer loop
  vertex 15.75692367553711 -2.7783708572387695 0
  vertex 15.75692367553711 -2.7783708572387695 5
  vertex 15.454813003540039 -4.141104698181152 5
 endloop
endfacet
facet normal 0 0 0
 outer loop
  vertex 15.75692367553711 -2.7783708572387695 0
  vertex 15.939115524291992 -1.3944919109344482 0
  vertex 15.75692367553711 -2.7783708572387695 5
 endloop
endfacet
facet normal 0 0 0
 outer loop
  vertex 15.939115524291992 -1.3944919109344482 0
  vertex 15.939115524291992 -1.3944919109344482 5
  vertex 15.75692367553711 -2.7783708572387695 5
 endloop
endfacet
facet normal 0 0 0
 outer loop
  vertex 15.939115524291992 -1.3944919109344482 0
  vertex 16 0 0
  vertex 15.939115524291992 -1.3944919109344482 5
 endloop
endfacet
facet normal 0 0 0
 outer loop
  vertex 16 0 0
  vertex 16 0 5
  vertex 15.939115524291992 -1.3944919109344482 5
 endloop
endfacet
facet normal 0 0 0
 outer loop
  vertex 1.100000023841858 0 0
  vertex 1.0905894041061401 -0.14357881247997284 0
  vertex 1.100000023841858 0 5
 endloop
endfacet
facet normal 0 0 0
 outer loop
  vertex 1.0905894041061401 -0.14357881247997284 0
  vertex 1.0905894041061401 -0.14357881247997284 5
  vertex 1.100000023841858 0 5
 endloop
endfacet
facet normal 0 0 0
 outer loop
  vertex 1.0905894041061401 -0.14357881247997284 0
  vertex 1.0625183582305908 -0.2847009599208832 0
  vertex 1.0905894041061401 -0.14357881247997284 5
 endloop
endfacet
facet normal 0 0 0
 outer loop
  vertex 1.0625183582305908 -0.2847009599208832 0
  vertex 1.0625183582305908 -0.2847009599208832 5
  vertex 1.0905894041061401 -0.14357881247997284 5
 endloop
endfacet
facet normal 0 0 0
 outer loop
  vertex 1.0625183582305908 -0.2847009599208832 0
  vertex 1.0162675380706787 -0.420951783657074 0
  vertex 1.0625183582305908 -0.2847009599208832 5
 endloop
endfacet
facet normal 0 0 0
 outer loop
  vertex 1.0162675380706787 -0.420951783657074 0
  vertex 1.0162675380706787 -0.420951783657074 5
  vertex 1.0625183582305908 -0.2847009599208832 5
 endloop
endfacet
facet normal 0 0 0
 outer loop
  vertex 1.0162675380706787 -0.420951783657074 0
  vertex 0.952627956867218 -0.550000011920929 0
  vertex 1.0162675380706787 -0.420951783657074 5
 endloop
endfacet
facet normal 0 0 0
 outer loop
  vertex 0.952627956867218 -0.550000011920929 0
  vertex 0.952627956867218 -0.550000011920929 5
  vertex 1.0162675380706787 -0.420951783657074 5
 endloop
endfacet
facet normal 0 0 0
 outer loop
  vertex 0.952627956867218 -0.550000011920929 0
  vertex 0.8726886510848999 -0.6696375608444214 0
  vertex 0.952627956867218 -0.550000011920929 5
 endloop
endfacet
facet normal 0 0 0
 outer loop
  vertex 0.8726886510848999 -0.6696375608444214 0
  vertex 0.8726886510848999 -0.6696375608444214 5
  vertex 0.952627956867218 -0.550000011920929 5
 endloop
endfacet
facet normal 0 0 0
 outer loop
  vertex 0.8726886510848999 -0.6696375608444214 0
  vertex 0.7778174877166748 -0.7778174877166748 0
  vertex 0.8726886510848999 -0.6696375608444214 5
 endloop
endfacet
facet normal 0 0 0
 outer loop
  vertex 0.7778174877166748 -0.7778174877166748 0
  vertex 0.7778174877166748 -0.7778174877166748 5
  vertex 0.8726886510848999 -0.6696375608444214 5
 endloop
endfacet
facet normal 0 0 0
 outer loop
  vertex 0.7778174877166748 -0.7778174877166748 0
  vertex 0.6696375608444214 -0.8726886510848999 0
  vertex 0.7778174877166748 -0.7778174877166748 5
 endloop
endfacet
facet normal 0 0 0
 outer loop
  vertex 0.6696375608444214 -0.8726886510848999 0
  vertex 0.6696375608444214 -0.8726886510848999 5
  vertex 0.7778174877166748 -0.7778174877166748 5
 endloop
endfacet
facet normal 0 0 0
 outer loop
  vertex 0.6696375608444214 -0.8726886510848999 0
  vertex 0.550000011920929 -0.952627956867218 0
  vertex 0.6696375608444214 -0.8726886510848999 5
 endloop
endfacet
facet normal 0 0 0
 outer loop
  vertex 0.550000011920929 -0.952627956867218 0
  vertex 0.550000011920929 -0.952627956867218 5
  vertex 0.6696375608444214 -0.8726886510848999 5
 endloop
endfacet
facet normal 0 0 0
 outer loop
  vertex 0.550000011920929 -0.952627956867218 0
  vertex 0.420951783657074 -1.0162675380706787 0
  vertex 0.550000011920929 -0.952627956867218 5
 endloop
endfacet
facet normal 0 0 0
 outer loop
  vertex 0.420951783657074 -1.0162675380706787 0
  vertex 0.420951783657074 -1.0162675380706787 5
  vertex 0.550000011920929 -0.952627956867218 5
 endloop
endfacet
facet normal 0 0 0
 outer loop
  vertex 0.420951783657074 -1.0162675380706787 0
  vertex 0.2847009599208832 -1.0625183582305908 0
  vertex 0.420951783657074 -1.0162675380706787 5
 endloop
endfacet
facet normal 0 0 0
 outer loop
  vertex 0.2847009599208832 -1.0625183582305908 0
  vertex 0.2847009599208832 -1.0625183582305908 5
  vertex 0.420951783657074 -1.0162675380706787 5
 endloop
endfacet
facet normal 0 0 0
 outer loop
  vertex 0.2847009599208832 -1.0625183582305908 0
  vertex 0.14357881247997284 -1.0905894041061401 0
  vertex 0.2847009599208832 -1.0625183582305908 5
 endloop
endfacet
facet normal 0 0 0
 outer loop
  vertex 0.14357881247997284 -1.0905894041061401 0
  vertex 0.14357881247997284 -1.0905894041061401 5
  vertex 0.2847009599208832 -1.0625183582305908 5
 endloop
endfacet
facet normal 0 0 0
 outer loop
  vertex 0.14357881247997284 -1.0905894041061401 0
  vertex 6.735557689218423e-17 -1.100000023841858 0
  vertex 0.14357881247997284 -1.0905894041061401 5
 endloop
endfacet
facet normal 0 0 0
 outer loop
  vertex 6.735557689218423e-17 -1.100000023841858 0
  vertex 6.735557689218423e-17 -1.100000023841858 5
  vertex 0.14357881247997284 -1.0905894041061401 5
 endloop
endfacet
facet normal 0 0 0
 outer loop
  vertex 6.735557689218423e-17 -1.100000023841858 0
  vertex -0.14357881247997284 -1.0905894041061401 0
  vertex 6.735557689218423e-17 -1.100000023841858 5
 endloop
endfacet
facet normal 0 0 0
 outer loop
  vertex -0.14357881247997284 -1.0905894041061401 0
  vertex -0.14357881247997284 -1.0905894041061401 5
  vertex 6.735557689218423e-17 -1.100000023841858 5
 endloop
endfacet
facet normal 0 0 0
 outer loop
  vertex -0.14357881247997284 -1.0905894041061401 0
  vertex -0.2847009599208832 -1.0625183582305908 0
  vertex -0.14357881247997284 -1.0905894041061401 5
 endloop
endfacet
facet normal 0 0 0
 outer loop
  vertex -0.2847009599208832 -1.0625183582305908 0
  vertex -0.2847009599208832 -1.0625183582305908 5
  vertex -0.14357881247997284 -1.0905894041061401 5
 endloop
endfacet
facet normal 0 0 0
 outer loop
  vertex -0.2847009599208832 -1.0625183582305908 0
  vertex -0.420951783657074 -1.0162675380706787 0
  vertex -0.2847009599208832 -1.0625183582305908 5
 endloop
endfacet
facet normal 0 0 0
 outer loop
  vertex -0.420951783657074 -1.0162675380706787 0
  vertex -0.420951783657074 -1.0162675380706787 5
  vertex -0.2847009599208832 -1.0625183582305908 5
 endloop
endfacet
facet normal 0 0 0
 outer loop
  vertex -0.420951783657074 -1.0162675380706787 0
  vertex -0.550000011920929 -0.952627956867218 0
  vertex -0.420951783657074 -1.0162675380706787 5
 endloop
endfacet
facet normal 0 0 0
 outer loop
  vertex -0.550000011920929 -0.952627956867218 0
  vertex -0.550000011920929 -0.952627956867218 5
  vertex -0.420951783657074 -1.0162675380706787 5
 endloop
endfacet
facet normal 0 0 0
 outer loop
  vertex -0.550000011920929 -0.952627956867218 0
  vertex -0.6696375608444214 -0.8726886510848999 0
  vertex -0.550000011920929 -0.952627956867218 5
 endloop
endfacet
facet normal 0 0 0
 outer loop
  vertex -0.6696375608444214 -0.8726886510848999 0
  vertex -0.6696375608444214 -0.8726886510848999 5
  vertex -0.550000011920929 -0.952627956867218 5
 endloop
endfacet
facet normal 0 0 0
 outer loop
  vertex -0.6696375608444214 -0.8726886510848999 0
  vertex -0.7778174877166748 -0.7778174877166748 0
  vertex -0.6696375608444214 -0.8726886510848999 5
 endloop
endfacet
facet normal 0 0 0
 outer loop
  vertex -0.7778174877166748 -0.7778174877166748 0
  vertex -0.7778174877166748 -0.7778174877166748 5
  vertex -0.6696375608444214 -0.8726886510848999 5
 endloop
endfacet
facet normal 0 0 0
 outer loop
  vertex -0.7778174877166748 -0.7778174877166748 0
  vertex -0.8726886510848999 -0.6696375608444214 0
  vertex -0.7778174877166748 -0.7778174877166748 5
 endloop
endfacet
facet normal 0 0 0
 outer loop
  vertex -0.8726886510848999 -0.6696375608444214 0
  vertex -0.8726886510848999 -0.6696375608444214 5
  vertex -0.7778174877166748 -0.7778174877166748 5
 endloop
endfacet
facet normal 0 0 0
 outer loop
  vertex -0.8726886510848999 -0.6696375608444214 0
  vertex -0.952627956867218 -0.550000011920929 0
  vertex -0.8726886510848999 -0.6696375608444214 5
 endloop
endfacet
facet normal 0 0 0
 outer loop
  vertex -0.952627956867218 -0.550000011920929 0
  vertex -0.952627956867218 -0.550000011920929 5
  vertex -0.8726886510848999 -0.6696375608444214 5
 endloop
endfacet
facet normal 0 0 0
 outer loop
  vertex -0.952627956867218 -0.550000011920929 0
  vertex -1.0162675380706787 -0.420951783657074 0
  vertex -0.952627956867218 -0.550000011920929 5
 endloop
endfacet
facet normal 0 0 0
 outer loop
  vertex -1.0162675380706787 -0.420951783657074 0
  vertex -1.0162675380706787 -0.420951783657074 5
  vertex -0.952627956867218 -0.550000011920929 5
 endloop
endfacet
facet normal 0 0 0
 outer loop
  vertex -1.0162675380706787 -0.420951783657074 0
  vertex -1.0625183582305908 -0.2847009599208832 0
  vertex -1.0162675380706787 -0.420951783657074 5
 endloop
endfacet
facet normal 0 0 0
 outer loop
  vertex -1.0625183582305908 -0.2847009599208832 0
  vertex -1.0625183582305908 -0.2847009599208832 5
  vertex -1.0162675380706787 -0.420951783657074 5
 endloop
endfacet
facet normal 0 0 0
 outer loop
  vertex -1.0625183582305908 -0.2847009599208832 0
  vertex -1.0905894041061401 -0.14357881247997284 0
  vertex -1.0625183582305908 -0.2847009599208832 5
 endloop
endfacet
facet normal 0 0 0
 outer loop
  vertex -1.0905894041061401 -0.14357881247997284 0
  vertex -1.0905894041061401 -0.14357881247997284 5
  vertex -1.0625183582305908 -0.2847009599208832 5
 endloop
endfacet
facet normal 0 0 0
 outer loop
  vertex -1.0905894041061401 -0.14357881247997284 0
  vertex -1.100000023841858 -1.3471115378436846e-16 0
  vertex -1.0905894041061401 -0.14357881247997284 5
 endloop
endfacet
facet normal 0 0 0
 outer loop
  vertex -1.100000023841858 -1.3471115378436846e-16 0
  vertex -1.100000023841858 -1.3471115378436846e-16 5
  vertex -1.0905894041061401 -0.14357881247997284 5
 endloop
endfacet
facet normal 0 0 0
 outer loop
  vertex -1.100000023841858 -1.3471115378436846e-16 0
  vertex -1.0905894041061401 0.14357881247997284 0
  vertex -1.100000023841858 -1.3471115378436846e-16 5
 endloop
endfacet
facet normal 0 0 0
 outer loop
  vertex -1.0905894041061401 0.14357881247997284 0
  vertex -1.0905894041061401 0.14357881247997284 5
  vertex -1.100000023841858 -1.3471115378436846e-16 5
 endloop
endfacet
facet normal 0 0 0
 outer loop
  vertex -1.0905894041061401 0.14357881247997284 0
  vertex -1.0625183582305908 0.2847009599208832 0
  vertex -1.0905894041061401 0.14357881247997284 5
 endloop
endfacet
facet normal 0 0 0
 outer loop
  vertex -1.0625183582305908 0.2847009599208832 0
  vertex -1.0625183582305908 0.2847009599208832 5
  vertex -1.0905894041061401 0.14357881247997284 5
 endloop
endfacet
facet normal 0 0 0
 outer loop
  vertex -1.0625183582305908 0.2847009599208832 0
  vertex -1.0162675380706787 0.420951783657074 0
  vertex -1.0625183582305908 0.2847009599208832 5
 endloop
endfacet
facet normal 0 0 0
 outer loop
  vertex -1.0162675380706787 0.420951783657074 0
  vertex -1.0162675380706787 0.420951783657074 5
  vertex -1.0625183582305908 0.2847009599208832 5
 endloop
endfacet
facet normal 0 0 0
 outer loop
  vertex -1.0162675380706787 0.420951783657074 0
  vertex -0.952627956867218 0.550000011920929 0
  vertex -1.0162675380706787 0.420951783657074 5
 endloop
endfacet
facet normal 0 0 0
 outer loop
  vertex -0.952627956867218 0.550000011920929 0
  vertex -0.952627956867218 0.550000011920929 5
  vertex -1.0162675380706787 0.420951783657074 5
 endloop
endfacet
facet normal 0 0 0
 outer loop
  vertex -0.952627956867218 0.550000011920929 0
  vertex -0.8726886510848999 0.6696375608444214 0
  vertex -0.952627956867218 0.550000011920929 5
 endloop
endfacet
facet normal 0 0 0
 outer loop
  vertex -0.8726886510848999 0.6696375608444214 0
  vertex -0.8726886510848999 0.6696375608444214 5
  vertex -0.952627956867218 0.550000011920929 5
 endloop
endfacet
facet normal 0 0 0
 outer loop
  vertex -0.8726886510848999 0.6696375608444214 0
  vertex -0.7778174877166748 0.7778174877166748 0
  vertex -0.8726886510848999 0.6696375608444214 5
 endloop
endfacet
facet normal 0 0 0
 outer loop
  vertex -0.7778174877166748 0.7778174877166748 0
  vertex -0.7778174877166748 0.7778174877166748 5
  vertex -0.8726886510848999 0.6696375608444214 5
 endloop
endfacet
facet normal 0 0 0
 outer loop
  vertex -0.7778174877166748 0.7778174877166748 0
  vertex -0.6696375608444214 0.8726886510848999 0
  vertex -0.7778174877166748 0.7778174877166748 5
 endloop
endfacet
facet normal 0 0 0
 outer loop
  vertex -0.6696375608444214 0.8726886510848999 0
  vertex -0.6696375608444214 0.8726886510848999 5
  vertex -0.7778174877166748 0.7778174877166748 5
 endloop
endfacet
facet normal 0 0 0
 outer loop
  vertex -0.6696375608444214 0.8726886510848999 0
  vertex -0.550000011920929 0.952627956867218 0
  vertex -0.6696375608444214 0.8726886510848999 5
 endloop
endfacet
facet normal 0 0 0
 outer loop
  vertex -0.550000011920929 0.952627956867218 0
  vertex -0.550000011920929 0.952627956867218 5
  vertex -0.6696375608444214 0.8726886510848999 5
 endloop
endfacet
facet normal 0 0 0
 outer loop
  vertex -0.550000011920929 0.952627956867218 0
  vertex -0.420951783657074 1.0162675380706787 0
  vertex -0.550000011920929 0.952627956867218 5
 endloop
endfacet
facet normal 0 0 0
 outer loop
  vertex -0.420951783657074 1.0162675380706787 0
  vertex -0.420951783657074 1.0162675380706787 5
  vertex -0.550000011920929 0.952627956867218 5
 endloop
endfacet
facet normal 0 0 0
 outer loop
  vertex -0.420951783657074 1.0162675380706787 0
  vertex -0.2847009599208832 1.0625183582305908 0
  vertex -0.420951783657074 1.0162675380706787 5
 endloop
endfacet
facet normal 0 0 0
 outer loop
  vertex -0.2847009599208832 1.0625183582305908 0
  vertex -0.2847009599208832 1.0625183582305908 5
  vertex -0.420951783657074 1.0162675380706787 5
 endloop
endfacet
facet normal 0 0 0
 outer loop
  vertex -0.2847009599208832 1.0625183582305908 0
  vertex -0.14357881247997284 1.0905894041061401 0
  vertex -0.2847009599208832 1.0625183582305908 5
 endloop
endfacet
facet normal 0 0 0
 outer loop
  vertex -0.14357881247997284 1.0905894041061401 0
  vertex -0.14357881247997284 1.0905894041061401 5
  vertex -0.2847009599208832 1.0625183582305908 5
 endloop
endfacet
facet normal 0 0 0
 outer loop
  vertex -0.14357881247997284 1.0905894041061401 0
  vertex -2.020667240591078e-16 1.100000023841858 0
  vertex -0.14357881247997284 1.0905894041061401 5
 endloop
endfacet
facet normal 0 0 0
 outer loop
  vertex -2.020667240591078e-16 1.100000023841858 0
  vertex -2.020667240591078e-16 1.100000023841858 5
  vertex -0.14357881247997284 1.0905894041061401 5
 endloop
endfacet
facet normal 0 0 0
 outer loop
  vertex -2.020667240591078e-16 1.100000023841858 0
  vertex 0.14357881247997284 1.0905894041061401 0
  vertex -2.020667240591078e-16 1.100000023841858 5
 endloop
endfacet
facet normal 0 0 0
 outer loop
  vertex 0.14357881247997284 1.0905894041061401 0
  vertex 0.14357881247997284 1.0905894041061401 5
  vertex -2.020667240591078e-16 1.100000023841858 5
 endloop
endfacet
facet normal 0 0 0
 outer loop
  vertex 0.14357881247997284 1.0905894041061401 0
  vertex 0.2847009599208832 1.0625183582305908 0
  vertex 0.14357881247997284 1.0905894041061401 5
 endloop
endfacet
facet normal 0 0 0
 outer loop
  vertex 0.2847009599208832 1.0625183582305908 0
  vertex 0.2847009599208832 1.0625183582305908 5
  vertex 0.14357881247997284 1.0905894041061401 5
 endloop
endfacet
facet normal 0 0 0
 outer loop
  vertex 0.2847009599208832 1.0625183582305908 0
  vertex 0.420951783657074 1.0162675380706787 0
  vertex 0.2847009599208832 1.0625183582305908 5
 endloop
endfacet
facet normal 0 0 0
 outer loop
  vertex 0.420951783657074 1.0162675380706787 0
  vertex 0.420951783657074 1.0162675380706787 5
  vertex 0.2847009599208832 1.0625183582305908 5
 endloop
endfacet
facet normal 0 0 0
 outer loop
  vertex 0.420951783657074 1.0162675380706787 0
  vertex 0.550000011920929 0.952627956867218 0
  vertex 0.420951783657074 1.0162675380706787 5
 endloop
endfacet
facet normal 0 0 0
 outer loop
  vertex 0.550000011920929 0.952627956867218 0
  vertex 0.550000011920929 0.952627956867218 5
  vertex 0.420951783657074 1.0162675380706787 5
 endloop
endfacet
facet normal 0 0 0
 outer loop
  vertex 0.550000011920929 0.952627956867218 0
  vertex 0.6696375608444214 0.8726886510848999 0
  vertex 0.550000011920929 0.952627956867218 5
 endloop
endfacet
facet normal 0 0 0
 outer loop
  vertex 0.6696375608444214 0.8726886510848999 0
  vertex 0.6696375608444214 0.8726886510848999 5
  vertex 0.550000011920929 0.952627956867218 5
 endloop
endfacet
facet normal 0 0 0
 outer loop
  vertex 0.6696375608444214 0.8726886510848999 0
  vertex 0.7778174877166748 0.7778174877166748 0
  vertex 0.6696375608444214 0.8726886510848999 5
 endloop
endfacet
facet normal 0 0 0
 outer loop
  vertex 0.7778174877166748 0.7778174877166748 0
  vertex 0.7778174877166748 0.7778174877166748 5
  vertex 0.6696375608444214 0.8726886510848999 5
 endloop
endfacet
facet normal 0 0 0
 outer loop
  vertex 0.7778174877166748 0.7778174877166748 0
  vertex 0.8726886510848999 0.6696375608444214 0
  vertex 0.7778174877166748 0.7778174877166748 5
 endloop
endfacet
facet normal 0 0 0
 outer loop
  vertex 0.8726886510848999 0.6696375608444214 0
  vertex 0.8726886510848999 0.6696375608444214 5
  vertex 0.7778174877166748 0.7778174877166748 5
 endloop
endfacet
facet normal 0 0 0
 outer loop
  vertex 0.8726886510848999 0.6696375608444214 0
  vertex 0.952627956867218 0.550000011920929 0
  vertex 0.8726886510848999 0.6696375608444214 5
 endloop
endfacet
facet normal 0 0 0
 outer loop
  vertex 0.952627956867218 0.550000011920929 0
  vertex 0.952627956867218 0.550000011920929 5
  vertex 0.8726886510848999 0.6696375608444214 5
 endloop
endfacet
facet normal 0 0 0
 outer loop
  vertex 0.952627956867218 0.550000011920929 0
  vertex 1.0162675380706787 0.420951783657074 0
  vertex 0.952627956867218 0.550000011920929 5
 endloop
endfacet
facet normal 0 0 0
 outer loop
  vertex 1.0162675380706787 0.420951783657074 0
  vertex 1.0162675380706787 0.420951783657074 5
  vertex 0.952627956867218 0.550000011920929 5
 endloop
endfacet
facet normal 0 0 0
 outer loop
  vertex 1.0162675380706787 0.420951783657074 0
  vertex 1.0625183582305908 0.2847009599208832 0
  vertex 1.0162675380706787 0.420951783657074 5
 endloop
endfacet
facet normal 0 0 0
 outer loop
  vertex 1.0625183582305908 0.2847009599208832 0
  vertex 1.0625183582305908 0.2847009599208832 5
  vertex 1.0162675380706787 0.420951783657074 5
 endloop
endfacet
facet normal 0 0 0
 outer loop
  vertex 1.0625183582305908 0.2847009599208832 0
  vertex 1.0905894041061401 0.14357881247997284 0
  vertex 1.0625183582305908 0.2847009599208832 5
 endloop
endfacet
facet normal 0 0 0
 outer loop
  vertex 1.0905894041061401 0.14357881247997284 0
  vertex 1.0905894041061401 0.14357881247997284 5
  vertex 1.0625183582305908 0.2847009599208832 5
 endloop
endfacet
facet normal 0 0 0
 outer loop
  vertex 1.0905894041061401 0.14357881247997284 0
  vertex 1.100000023841858 0 0
  vertex 1.0905894041061401 0.14357881247997284 5
 endloop
endfacet
facet normal 0 0 0
 outer loop
  vertex 1.100000023841858 0 0
  vertex 1.100000023841858 0 5
  vertex 1.0905894041061401 0.14357881247997284 5
 endloop
endfacet
facet normal 0 0 0
 outer loop
  vertex 11.699999809265137 0 0
  vertex 11.685456275939941 -0.2218945324420929 0
  vertex 11.699999809265137 0 5
 endloop
endfacet
facet normal 0 0 0
 outer loop
  vertex 11.685456275939941 -0.2218945324420929 0
  vertex 11.685456275939941 -0.2218945324420929 5
  vertex 11.699999809265137 0 5
 endloop
endfacet
facet normal 0 0 0
 outer loop
  vertex 11.685456275939941 -0.2218945324420929 0
  vertex 11.642073631286621 -0.43999236822128296 0
  vertex 11.685456275939941 -0.2218945324420929 5
 endloop
endfacet
facet normal 0 0 0
 outer loop
  vertex 11.642073631286621 -0.43999236822128296 0
  vertex 11.642073631286621 -0.43999236822128296 5
  vertex 11.685456275939941 -0.2218945324420929 5
 endloop
endfacet
facet normal 0 0 0
 outer loop
  vertex 11.642073631286621 -0.43999236822128296 0
  vertex 11.570594787597656 -0.6505618095397949 0
  vertex 11.642073631286621 -0.43999236822128296 5
 endloop
endfacet
facet normal 0 0 0
 outer loop
  vertex 11.570594787597656 -0.6505618095397949 0
  vertex 11.570594787597656 -0.6505618095397949 5
  vertex 11.642073631286621 -0.43999236822128296 5
 endloop
endfacet
facet normal 0 0 0
 outer loop
  vertex 11.570594787597656 -0.6505618095397949 0
  vertex 11.472243309020996 -0.8500000238418579 0
  vertex 11.570594787597656 -0.6505618095397949 5
 endloop
endfacet
facet normal 0 0 0
 outer loop
  vertex 11.472243309020996 -0.8500000238418579 0
  vertex 11.472243309020996 -0.8500000238418579 5
  vertex 11.570594787597656 -0.6505618095397949 5
 endloop
endfacet
facet normal 0 0 0
 outer loop
  vertex 11.472243309020996 -0.8500000238418579 0
  vertex 11.348700523376465 -1.0348944664001465 0
  vertex 11.472243309020996 -0.8500000238418579 5
 endloop
endfacet
facet normal 0 0 0
 outer loop
  vertex 11.348700523376465 -1.0348944664001465 0
  vertex 11.348700523376465 -1.0348944664001465 5
  vertex 11.472243309020996 -0.8500000238418579 5
 endloop
endfacet
facet normal 0 0 0
 outer loop
  vertex 11.348700523376465 -1.0348944664001465 0
  vertex 11.202081680297852 -1.202081561088562 0
  vertex 11.348700523376465 -1.0348944664001465 5
 endloop
endfacet
facet normal 0 0 0
 outer loop
  vertex 11.202081680297852 -1.202081561088562 0
  vertex 11.202081680297852 -1.202081561088562 5
  vertex 11.348700523376465 -1.0348944664001465 5
 endloop
endfacet
facet normal 0 0 0
 outer loop
  vertex 11.202081680297852 -1.202081561088562 0
  vertex 11.034893989562988 -1.3487006425857544 0
  vertex 11.202081680297852 -1.202081561088562 5
 endloop
endfacet
facet normal 0 0 0
 outer loop
  vertex 11.034893989562988 -1.3487006425857544 0
  vertex 11.034893989562988 -1.3487006425857544 5
  vertex 11.202081680297852 -1.202081561088562 5
 endloop
endfacet
facet normal 0 0 0
 outer loop
  vertex 11.034893989562988 -1.3487006425857544 0
  vertex 10.850000381469727 -1.4722431898117065 0
  vertex 11.034893989562988 -1.3487006425857544 5
 endloop
endfacet
facet normal 0 0 0
 outer loop
  vertex 10.850000381469727 -1.4722431898117065 0
  vertex 10.850000381469727 -1.4722431898117065 5
  vertex 11.034893989562988 -1.3487006425857544 5
 endloop
endfacet
facet normal 0 0 0
 outer loop
  vertex 10.850000381469727 -1.4722431898117065 0
  vertex 10.650562286376953 -1.5705952644348145 0
  vertex 10.850000381469727 -1.4722431898117065 5
 endloop
endfacet
facet normal 0 0 0
 outer loop
  vertex 10.650562286376953 -1.5705952644348145 0
  vertex 10.650562286376953 -1.5705952644348145 5
  vertex 10.850000381469727 -1.4722431898117065 5
 endloop
endfacet
facet normal 0 0 0
 outer loop
  vertex 10.650562286376953 -1.5705952644348145 0
  vertex 10.43999195098877 -1.6420738697052002 0
  vertex 10.650562286376953 -1.5705952644348145 5
 endloop
endfacet
facet normal 0 0 0
 outer loop
  vertex 10.43999195098877 -1.6420738697052002 0
  vertex 10.43999195098877 -1.6420738697052002 5
  vertex 10.650562286376953 -1.5705952644348145 5
 endloop
endfacet
facet normal 0 0 0
 outer loop
  vertex 10.43999195098877 -1.6420738697052002 0
  vertex 10.221894264221191 -1.6854562759399414 0
  vertex 10.43999195098877 -1.6420738697052002 5
 endloop
endfacet
facet normal 0 0 0
 outer loop
  vertex 10.221894264221191 -1.6854562759399414 0
  vertex 10.221894264221191 -1.6854562759399414 5
  vertex 10.43999195098877 -1.6420738697052002 5
 endloop
endfacet
facet normal 0 0 0
 outer loop
  vertex 10.221894264221191 -1.6854562759399414 0
  vertex 10 -1.7000000476837158 0
  vertex 10.221894264221191 -1.6854562759399414 5
 endloop
endfacet
facet normal 0 0 0
 outer loop
  vertex 10 -1.7000000476837158 0
  vertex 10 -1.7000000476837158 5
  vertex 10.221894264221191 -1.6854562759399414 5
 endloop
endfacet
facet normal 0 0 0
 outer loop
  vertex 10 -1.7000000476837158 0
  vertex 9.778105735778809 -1.6854562759399414 0
  vertex 10 -1.7000000476837158 5
 endloop
endfacet
facet normal 0 0 0
 outer loop
  vertex 9.778105735778809 -1.6854562759399414 0
  vertex 9.778105735778809 -1.6854562759399414 5
  vertex 10 -1.7000000476837158 5
 endloop
endfacet
facet normal 0 0 0
 outer loop
  vertex 9.778105735778809 -1.6854562759399414 0
  vertex 9.56000804901123 -1.6420738697052002 0
  vertex 9.778105735778809 -1.6854562759399414 5
 endloop
endfacet
facet normal 0 0 0
 outer loop
  vertex 9.56000804901123 -1.6420738697052002 0
  vertex 9.56000804901123 -1.6420738697052002 5
  vertex 9.778105735778809 -1.6854562759399414 5
 endloop
endfacet
facet normal 0 0 0
 outer loop
  vertex 9.56000804901123 -1.6420738697052002 0
  vertex 9.349437713623047 -1.5705952644348145 0
  vertex 9.56000804901123 -1.6420738697052002 5
 endloop
endfacet
facet normal 0 0 0
 outer loop
  vertex 9.349437713623047 -1.5705952644348145 0
  vertex 9.349437713623047 -1.5705952644348145 5
  vertex 9.56000804901123 -1.6420738697052002 5
 endloop
endfacet
facet normal 0 0 0
 outer loop
  vertex 9.349437713623047 -1.5705952644348145 0
  vertex 9.149999618530273 -1.4722431898117065 0
  vertex 9.349437713623047 -1.5705952644348145 5
 endloop
endfacet
facet normal 0 0 0
 outer loop
  vertex 9.149999618530273 -1.4722431898117065 0
  vertex 9.149999618530273 -1.4722431898117065 5
  vertex 9.349437713623047 -1.5705952644348145 5
 endloop
endfacet
facet normal 0 0 0
 outer loop
  vertex 9.149999618530273 -1.4722431898117065 0
  vertex 8.965106010437012 -1.3487006425857544 0
  vertex 9.149999618530273 -1.4722431898117065 5
 endloop
endfacet
facet normal 0 0 0
 outer loop
  vertex 8.965106010437012 -1.3487006425857544 0
  vertex 8.965106010437012 -1.3487006425857544 5
  vertex 9.149999618530273 -1.4722431898117065 5
 endloop
endfacet
facet normal 0 0 0
 outer loop
  vertex 8.965106010437012 -1.3487006425857544 0
  vertex 8.797918319702148 -1.202081561088562 0
  vertex 8.965106010437012 -1.3487006425857544 5
 endloop
endfacet
facet normal 0 0 0
 outer loop
  vertex 8.797918319702148 -1.202081561088562 0
  vertex 8.797918319702148 -1.202081561088562 5
  vertex 8.965106010437012 -1.3487006425857544 5
 endloop
endfacet
facet normal 0 0 0
 outer loop
  vertex 8.797918319702148 -1.202081561088562 0
  vertex 8.651299476623535 -1.0348944664001465 0
  vertex 8.797918319702148 -1.202081561088562 5
 endloop
endfacet
facet normal 0 0 0
 outer loop
  vertex 8.651299476623535 -1.0348944664001465 0
  vertex 8.651299476623535 -1.0348944664001465 5
  vertex 8.797918319702148 -1.202081561088562 5
 endloop
endfacet
facet normal 0 0 0
 outer loop
  vertex 8.651299476623535 -1.0348944664001465 0
  vertex 8.527756690979004 -0.8500000238418579 0
  vertex 8.651299476623535 -1.0348944664001465 5
 endloop
endfacet
facet normal 0 0 0
 outer loop
  vertex 8.527756690979004 -0.8500000238418579 0
  vertex 8.527756690979004 -0.8500000238418579 5
  vertex 8.651299476623535 -1.0348944664001465 5
 endloop
endfacet
facet normal 0 0 0
 outer loop
  vertex 8.527756690979004 -0.8500000238418579 0
  vertex 8.429405212402344 -0.6505618095397949 0
  vertex 8.527756690979004 -0.8500000238418579 5
 endloop
endfacet
facet normal 0 0 0
 outer loop
  vertex 8.429405212402344 -0.6505618095397949 0
  vertex 8.429405212402344 -0.6505618095397949 5
  vertex 8.527756690979004 -0.8500000238418579 5
 endloop
endfacet
facet normal 0 0 0
 outer loop
  vertex 8.429405212402344 -0.6505618095397949 0
  vertex 8.357926368713379 -0.43999236822128296 0
  vertex 8.429405212402344 -0.6505618095397949 5
 endloop
endfacet
facet normal 0 0 0
 outer loop
  vertex 8.357926368713379 -0.43999236822128296 0
  vertex 8.357926368713379 -0.43999236822128296 5
  vertex 8.429405212402344 -0.6505618095397949 5
 endloop
endfacet
facet normal 0 0 0
 outer loop
  vertex 8.357926368713379 -0.43999236822128296 0
  vertex 8.314543724060059 -0.2218945324420929 0
  vertex 8.357926368713379 -0.43999236822128296 5
 endloop
endfacet
facet normal 0 0 0
 outer loop
  vertex 8.314543724060059 -0.2218945324420929 0
  vertex 8.314543724060059 -0.2218945324420929 5
  vertex 8.357926368713379 -0.43999236822128296 5
 endloop
endfacet
facet normal 0 0 0
 outer loop
  vertex 8.314543724060059 -0.2218945324420929 0
  vertex 8.300000190734863 -2.0818995170458873e-16 0
  vertex 8.314543724060059 -0.2218945324420929 5
 endloop
endfacet
facet normal 0 0 0
 outer loop
  vertex 8.300000190734863 -2.0818995170458873e-16 0
  vertex 8.300000190734863 -2.0818995170458873e-16 5
  vertex 8.314543724060059 -0.2218945324420929 5
 endloop
endfacet
facet normal 0 0 0
 outer loop
  vertex 8.300000190734863 -2.0818995170458873e-16 0
  vertex 8.314543724060059 0.2218945324420929 0
  vertex 8.300000190734863 -2.0818995170458873e-16 5
 endloop
endfacet
facet normal 0 0 0
 outer loop
  vertex 8.314543724060059 0.2218945324420929 0
  vertex 8.314543724060059 0.2218945324420929 5
  vertex 8.300000190734863 -2.0818995170458873e-16 5
 endloop
endfacet
facet normal 0 0 0
 outer loop
  vertex 8.314543724060059 0.2218945324420929 0
  vertex 8.357926368713379 0.43999236822128296 0
  vertex 8.314543724060059 0.2218945324420929 5
 endloop
endfacet
facet normal 0 0 0
 outer loop
  vertex 8.357926368713379 0.43999236822128296 0
  vertex 8.357926368713379 0.43999236822128296 5
  vertex 8.314543724060059 0.2218945324420929 5
 endloop
endfacet
facet normal 0 0 0
 outer loop
  vertex 8.357926368713379 0.43999236822128296 0
  vertex 8.429405212402344 0.6505618095397949 0
  vertex 8.357926368713379 0.43999236822128296 5
 endloop
endfacet
facet normal 0 0 0
 outer loop
  vertex 8.429405212402344 0.6505618095397949 0
  vertex 8.429405212402344 0.6505618095397949 5
  vertex 8.357926368713379 0.43999236822128296 5
 endloop
endfacet
facet normal 0 0 0
 outer loop
  vertex 8.429405212402344 0.6505618095397949 0
  vertex 8.527756690979004 0.8500000238418579 0
  vertex 8.429405212402344 0.6505618095397949 5
 endloop
endfacet
facet normal 0 0 0
 outer loop
  vertex 8.527756690979004 0.8500000238418579 0
  vertex 8.527756690979004 0.8500000238418579 5
  vertex 8.429405212402344 0.6505618095397949 5
 endloop
endfacet
facet normal 0 0 0
 outer loop
  vertex 8.527756690979004 0.8500000238418579 0
  vertex 8.651299476623535 1.0348944664001465 0
  vertex 8.527756690979004 0.8500000238418579 5
 endloop
endfacet
facet normal 0 0 0
 outer loop
  vertex 8.651299476623535 1.0348944664001465 0
  vertex 8.651299476623535 1.0348944664001465 5
  vertex 8.527756690979004 0.8500000238418579 5
 endloop
endfacet
facet normal 0 0 0
 outer loop
  vertex 8.651299476623535 1.0348944664001465 0
  vertex 8.797918319702148 1.202081561088562 0
  vertex 8.651299476623535 1.0348944664001465 5
 endloop
endfacet
facet normal 0 0 0
 outer loop
  vertex 8.797918319702148 1.202081561088562 0
  vertex 8.797918319702148 1.202081561088562 5
  vertex 8.651299476623535 1.0348944664001465 5
 endloop
endfacet
facet normal 0 0 0
 outer loop
  vertex 8.797918319702148 1.202081561088562 0
  vertex 8.965106010437012 1.3487006425857544 0
  vertex 8.797918319702148 1.202081561088562 5
 endloop
endfacet
facet normal 0 0 0
 outer loop
  vertex 8.965106010437012 1.3487006425857544 0
  vertex 8.965106010437012 1.3487006425857544 5
  vertex 8.797918319702148 1.202081561088562 5
 endloop
endfacet
facet normal 0 0 0
 outer loop
  vertex 8.965106010437012 1.3487006425857544 0
  vertex 9.149999618530273 1.4722431898117065 0
  vertex 8.965106010437012 1.3487006425857544 5
 endloop
endfacet
facet normal 0 0 0
 outer loop
  vertex 9.149999618530273 1.4722431898117065 0
  vertex 9.149999618530273 1.4722431898117065 5
  vertex 8.965106010437012 1.3487006425857544 5
 endloop
endfacet
facet normal 0 0 0
 outer loop
  vertex 9.149999618530273 1.4722431898117065 0
  vertex 9.349437713623047 1.5705952644348145 0
  vertex 9.149999618530273 1.4722431898117065 5
 endloop
endfacet
facet normal 0 0 0
 outer loop
  vertex 9.349437713623047 1.5705952644348145 0
  vertex 9.349437713623047 1.5705952644348145 5
  vertex 9.149999618530273 1.4722431898117065 5
 endloop
endfacet
facet normal 0 0 0
 outer loop
  vertex 9.349437713623047 1.5705952644348145 0
  vertex 9.56000804901123 1.6420738697052002 0
  vertex 9.349437713623047 1.5705952644348145 5
 endloop
endfacet
facet normal 0 0 0
 outer loop
  vertex 9.56000804901123 1.6420738697052002 0
  vertex 9.56000804901123 1.6420738697052002 5
  vertex 9.349437713623047 1.5705952644348145 5
 endloop
endfacet
facet normal 0 0 0
 outer loop
  vertex 9.56000804901123 1.6420738697052002 0
  vertex 9.778105735778809 1.6854562759399414 0
  vertex 9.56000804901123 1.6420738697052002 5
 endloop
endfacet
facet normal 0 0 0
 outer loop
  vertex 9.778105735778809 1.6854562759399414 0
  vertex 9.778105735778809 1.6854562759399414 5
  vertex 9.56000804901123 1.6420738697052002 5
 endloop
endfacet
facet normal 0 0 0
 outer loop
  vertex 9.778105735778809 1.6854562759399414 0
  vertex 10 1.7000000476837158 0
  vertex 9.778105735778809 1.6854562759399414 5
 endloop
endfacet
facet normal 0 0 0
 outer loop
  vertex 10 1.7000000476837158 0
  vertex 10 1.7000000476837158 5
  vertex 9.778105735778809 1.6854562759399414 5
 endloop
endfacet
facet normal 0 0 0
 outer loop
  vertex 10 1.7000000476837158 0
  vertex 10.221894264221191 1.6854562759399414 0
  vertex 10 1.7000000476837158 5
 endloop
endfacet
facet normal 0 0 0
 outer loop
  vertex 10.221894264221191 1.6854562759399414 0
  vertex 10.221894264221191 1.6854562759399414 5
  vertex 10 1.7000000476837158 5
 endloop
endfacet
facet normal 0 0 0
 outer loop
  vertex 10.221894264221191 1.6854562759399414 0
  vertex 10.43999195098877 1.6420738697052002 0
  vertex 10.221894264221191 1.6854562759399414 5
 endloop
endfacet
facet normal 0 0 0
 outer loop
  vertex 10.43999195098877 1.6420738697052002 0
  vertex 10.43999195098877 1.6420738697052002 5
  vertex 10.221894264221191 1.6854562759399414 5
 endloop
endfacet
facet normal 0 0 0
 outer loop
  vertex 10.43999195098877 1.6420738697052002 0
  vertex 10.650562286376953 1.5705952644348145 0
  vertex 10.43999195098877 1.6420738697052002 5
 endloop
endfacet
facet normal 0 0 0
 outer loop
  vertex 10.650562286376953 1.5705952644348145 0
  vertex 10.650562286376953 1.5705952644348145 5
  vertex 10.43999195098877 1.6420738697052002 5
 endloop
endfacet
facet normal 0 0 0
 outer loop
  vertex 10.650562286376953 1.5705952644348145 0
  vertex 10.850000381469727 1.4722431898117065 0
  vertex 10.650562286376953 1.5705952644348145 5
 endloop
endfacet
facet normal 0 0 0
 outer loop
  vertex 10.850000381469727 1.4722431898117065 0
  vertex 10.850000381469727 1.4722431898117065 5
  vertex 10.650562286376953 1.5705952644348145 5
 endloop
endfacet
facet normal 0 0 0
 outer loop
  vertex 10.850000381469727 1.4722431898117065 0
  vertex 11.034893989562988 1.3487006425857544 0
  vertex 10.850000381469727 1.4722431898117065 5
 endloop
endfacet
facet normal 0 0 0
 outer loop
  vertex 11.034893989562988 1.3487006425857544 0
  vertex 11.034893989562988 1.3487006425857544 5
  vertex 10.850000381469727 1.4722431898117065 5
 endloop
endfacet
facet normal 0 0 0
 outer loop
  vertex 11.034893989562988 1.3487006425857544 0
  vertex 11.202081680297852 1.202081561088562 0
  vertex 11.034893989562988 1.3487006425857544 5
 endloop
endfacet
facet normal 0 0 0
 outer loop
  vertex 11.202081680297852 1.202081561088562 0
  vertex 11.202081680297852 1.202081561088562 5
  vertex 11.034893989562988 1.3487006425857544 5
 endloop
endfacet
facet normal 0 0 0
 outer loop
  vertex 11.202081680297852 1.202081561088562 0
  vertex 11.348700523376465 1.0348944664001465 0
  vertex 11.202081680297852 1.202081561088562 5
 endloop
endfacet
facet normal 0 0 0
 outer loop
  vertex 11.348700523376465 1.0348944664001465 0
  vertex 11.348700523376465 1.0348944664001465 5
  vertex 11.202081680297852 1.202081561088562 5
 endloop
endfacet
facet normal 0 0 0
 outer loop
  vertex 11.348700523376465 1.0348944664001465 0
  vertex 11.472243309020996 0.8500000238418579 0
  vertex 11.348700523376465 1.0348944664001465 5
 endloop
endfacet
facet normal 0 0 0
 outer loop
  vertex 11.472243309020996 0.8500000238418579 0
  vertex 11.472243309020996 0.8500000238418579 5
  vertex 11.348700523376465 1.0348944664001465 5
 endloop
endfacet
facet normal 0 0 0
 outer loop
  vertex 11.472243309020996 0.8500000238418579 0
  vertex 11.570594787597656 0.6505618095397949 0
  vertex 11.472243309020996 0.8500000238418579 5
 endloop
endfacet
facet normal 0 0 0
 outer loop
  vertex 11.570594787597656 0.6505618095397949 0
  vertex 11.570594787597656 0.6505618095397949 5
  vertex 11.472243309020996 0.8500000238418579 5
 endloop
endfacet
facet normal 0 0 0
 outer loop
  vertex 11.570594787597656 0.6505618095397949 0
  vertex 11.642073631286621 0.43999236822128296 0
  vertex 11.570594787597656 0.6505618095397949 5
 endloop
endfacet
facet normal 0 0 0
 outer loop
  vertex 11.642073631286621 0.43999236822128296 0
  vertex 11.642073631286621 0.43999236822128296 5
  vertex 11.570594787597656 0.6505618095397949 5
 endloop
endfacet
facet normal 0 0 0
 outer loop
  vertex 11.642073631286621 0.43999236822128296 0
  vertex 11.685456275939941 0.2218945324420929 0
  vertex 11.642073631286621 0.43999236822128296 5
 endloop
endfacet
facet normal 0 0 0
 outer loop
  vertex 11.685456275939941 0.2218945324420929 0
  vertex 11.685456275939941 0.2218945324420929 5
  vertex 11.642073631286621 0.43999236822128296 5
 endloop
endfacet
facet normal 0 0 0
 outer loop
  vertex 11.685456275939941 0.2218945324420929 0
  vertex 11.699999809265137 0 0
  vertex 11.685456275939941 0.2218945324420929 5
 endloop
endfacet
facet normal 0 0 0
 outer loop
  vertex 11.699999809265137 0 0
  vertex 11.699999809265137 0 5
  vertex 11.685456275939941 0.2218945324420929 5
 endloop
endfacet
facet normal 0 0 0
 outer loop
  vertex -3.299999952316284 8.66025447845459 0
  vertex -3.3145437240600586 8.438359260559082 0
  vertex -3.299999952316284 8.66025447845459 5
 endloop
endfacet
facet normal 0 0 0
 outer loop
  vertex -3.3145437240600586 8.438359260559082 0
  vertex -3.3145437240600586 8.438359260559082 5
  vertex -3.299999952316284 8.66025447845459 5
 endloop
endfacet
facet normal 0 0 0
 outer loop
  vertex -3.3145437240600586 8.438359260559082 0
  vertex -3.3579261302948 8.220261573791504 0
  vertex -3.3145437240600586 8.438359260559082 5
 endloop
endfacet
facet normal 0 0 0
 outer loop
  vertex -3.3579261302948 8.220261573791504 0
  vertex -3.3579261302948 8.220261573791504 5
  vertex -3.3145437240600586 8.438359260559082 5
 endloop
endfacet
facet normal 0 0 0
 outer loop
  vertex -3.3579261302948 8.220261573791504 0
  vertex -3.4294047355651855 8.009692192077637 0
  vertex -3.3579261302948 8.220261573791504 5
 endloop
endfacet
facet normal 0 0 0
 outer loop
  vertex -3.4294047355651855 8.009692192077637 0
  vertex -3.4294047355651855 8.009692192077637 5
  vertex -3.3579261302948 8.220261573791504 5
 endloop
endfacet
facet normal 0 0 0
 outer loop
  vertex -3.4294047355651855 8.009692192077637 0
  vertex -3.527756929397583 7.810254096984863 0
  vertex -3.4294047355651855 8.009692192077637 5
 endloop
endfacet
facet normal 0 0 0
 outer loop
  vertex -3.527756929397583 7.810254096984863 0
  vertex -3.527756929397583 7.810254096984863 5
  vertex -3.4294047355651855 8.009692192077637 5
 endloop
endfacet
facet normal 0 0 0
 outer loop
  vertex -3.527756929397583 7.810254096984863 0
  vertex -3.651299238204956 7.625359535217285 0
  vertex -3.527756929397583 7.810254096984863 5
 endloop
endfacet
facet normal 0 0 0
 outer loop
  vertex -3.651299238204956 7.625359535217285 0
  vertex -3.651299238204956 7.625359535217285 5
  vertex -3.527756929397583 7.810254096984863 5
 endloop
endfacet
facet normal 0 0 0
 outer loop
  vertex -3.651299238204956 7.625359535217285 0
  vertex -3.7979185581207275 7.45817232131958 0
  vertex -3.651299238204956 7.625359535217285 5
 endloop
endfacet
facet normal 0 0 0
 outer loop
  vertex -3.7979185581207275 7.45817232131958 0
  vertex -3.7979185581207275 7.45817232131958 5
  vertex -3.651299238204956 7.625359535217285 5
 endloop
endfacet
facet normal 0 0 0
 outer loop
  vertex -3.7979185581207275 7.45817232131958 0
  vertex -3.9651055335998535 7.311553478240967 0
  vertex -3.7979185581207275 7.45817232131958 5
 endloop
endfacet
facet normal 0 0 0
 outer loop
  vertex -3.9651055335998535 7.311553478240967 0
  vertex -3.9651055335998535 7.311553478240967 5
  vertex -3.7979185581207275 7.45817232131958 5
 endloop
endfacet
facet normal 0 0 0
 outer loop
  vertex -3.9651055335998535 7.311553478240967 0
  vertex -4.150000095367432 7.1880106925964355 0
  vertex -3.9651055335998535 7.311553478240967 5
 endloop
endfacet
facet normal 0 0 0
 outer loop
  vertex -4.150000095367432 7.1880106925964355 0
  vertex -4.150000095367432 7.1880106925964355 5
  vertex -3.9651055335998535 7.311553478240967 5
 endloop
endfacet
facet normal 0 0 0
 outer loop
  vertex -4.150000095367432 7.1880106925964355 0
  vertex -4.349438190460205 7.089658737182617 0
  vertex -4.150000095367432 7.1880106925964355 5
 endloop
endfacet
facet normal 0 0 0
 outer loop
  vertex -4.349438190460205 7.089658737182617 0
  vertex -4.349438190460205 7.089658737182617 5
  vertex -4.150000095367432 7.1880106925964355 5
 endloop
endfacet
facet normal 0 0 0
 outer loop
  vertex -4.349438190460205 7.089658737182617 0
  vertex -4.560007572174072 7.0181803703308105 0
  vertex -4.349438190460205 7.089658737182617 5
 endloop
endfacet
facet normal 0 0 0
 outer loop
  vertex -4.560007572174072 7.0181803703308105 0
  vertex -4.560007572174072 7.0181803703308105 5
  vertex -4.349438190460205 7.089658737182617 5
 endloop
endfacet
facet normal 0 0 0
 outer loop
  vertex -4.560007572174072 7.0181803703308105 0
  vertex -4.77810525894165 6.97479772567749 0
  vertex -4.560007572174072 7.0181803703308105 5
 endloop
endfacet
facet normal 0 0 0
 outer loop
  vertex -4.77810525894165 6.97479772567749 0
  vertex -4.77810525894165 6.97479772567749 5
  vertex -4.560007572174072 7.0181803703308105 5
 endloop
endfacet
facet normal 0 0 0
 outer loop
  vertex -4.77810525894165 6.97479772567749 0
  vertex -5 6.960254192352295 0
  vertex -4.77810525894165 6.97479772567749 5
 endloop
endfacet
facet normal 0 0 0
 outer loop
  vertex -5 6.960254192352295 0
  vertex -5 6.960254192352295 5
  vertex -4.77810525894165 6.97479772567749 5
 endloop
endfacet
facet normal 0 0 0
 outer loop
  vertex -5 6.960254192352295 0
  vertex -5.22189474105835 6.97479772567749 0
  vertex -5 6.960254192352295 5
 endloop
endfacet
facet normal 0 0 0
 outer loop
  vertex -5.22189474105835 6.97479772567749 0
  vertex -5.22189474105835 6.97479772567749 5
  vertex -5 6.960254192352295 5
 endloop
endfacet
facet normal 0 0 0
 outer loop
  vertex -5.22189474105835 6.97479772567749 0
  vertex -5.439992427825928 7.0181803703308105 0
  vertex -5.22189474105835 6.97479772567749 5
 endloop
endfacet
facet normal 0 0 0
 outer loop
  vertex -5.439992427825928 7.0181803703308105 0
  vertex -5.439992427825928 7.0181803703308105 5
  vertex -5.22189474105835 6.97479772567749 5
 endloop
endfacet
facet normal 0 0 0
 outer loop
  vertex -5.439992427825928 7.0181803703308105 0
  vertex -5.650561809539795 7.089658737182617 0
  vertex -5.439992427825928 7.0181803703308105 5
 endloop
endfacet
facet normal 0 0 0
 outer loop
  vertex -5.650561809539795 7.089658737182617 0
  vertex -5.650561809539795 7.089658737182617 5
  vertex -5.439992427825928 7.0181803703308105 5
 endloop
endfacet
facet normal 0 0 0
 outer loop
  vertex -5.650561809539795 7.089658737182617 0
  vertex -5.849999904632568 7.1880106925964355 0
  vertex -5.650561809539795 7.089658737182617 5
 endloop
endfacet
facet normal 0 0 0
 outer loop
  vertex -5.849999904632568 7.1880106925964355 0
  vertex -5.849999904632568 7.1880106925964355 5
  vertex -5.650561809539795 7.089658737182617 5
 endloop
endfacet
facet normal 0 0 0
 outer loop
  vertex -5.849999904632568 7.1880106925964355 0
  vertex -6.0348944664001465 7.311553478240967 0
  vertex -5.849999904632568 7.1880106925964355 5
 endloop
endfacet
facet normal 0 0 0
 outer loop
  vertex -6.0348944664001465 7.311553478240967 0
  vertex -6.0348944664001465 7.311553478240967 5
  vertex -5.849999904632568 7.1880106925964355 5
 endloop
endfacet
facet normal 0 0 0
 outer loop
  vertex -6.0348944664001465 7.311553478240967 0
  vertex -6.202081680297852 7.45817232131958 0
  vertex -6.0348944664001465 7.311553478240967 5
 endloop
endfacet
facet normal 0 0 0
 outer loop
  vertex -6.202081680297852 7.45817232131958 0
  vertex -6.202081680297852 7.45817232131958 5
  vertex -6.0348944664001465 7.311553478240967 5
 endloop
endfacet
facet normal 0 0 0
 outer loop
  vertex -6.202081680297852 7.45817232131958 0
  vertex -6.348700523376465 7.625359535217285 0
  vertex -6.202081680297852 7.45817232131958 5
 endloop
endfacet
facet normal 0 0 0
 outer loop
  vertex -6.348700523376465 7.625359535217285 0
  vertex -6.348700523376465 7.625359535217285 5
  vertex -6.202081680297852 7.45817232131958 5
 endloop
endfacet
facet normal 0 0 0
 outer loop
  vertex -6.348700523376465 7.625359535217285 0
  vertex -6.472243309020996 7.810254096984863 0
  vertex -6.348700523376465 7.625359535217285 5
 endloop
endfacet
facet normal 0 0 0
 outer loop
  vertex -6.472243309020996 7.810254096984863 0
  vertex -6.472243309020996 7.810254096984863 5
  vertex -6.348700523376465 7.625359535217285 5
 endloop
endfacet
facet normal 0 0 0
 outer loop
  vertex -6.472243309020996 7.810254096984863 0
  vertex -6.5705952644348145 8.009692192077637 0
  vertex -6.472243309020996 7.810254096984863 5
 endloop
endfacet
facet normal 0 0 0
 outer loop
  vertex -6.5705952644348145 8.009692192077637 0
  vertex -6.5705952644348145 8.009692192077637 5
  vertex -6.472243309020996 7.810254096984863 5
 endloop
endfacet
facet normal 0 0 0
 outer loop
  vertex -6.5705952644348145 8.009692192077637 0
  vertex -6.642074108123779 8.220261573791504 0
  vertex -6.5705952644348145 8.009692192077637 5
 endloop
endfacet
facet normal 0 0 0
 outer loop
  vertex -6.642074108123779 8.220261573791504 0
  vertex -6.642074108123779 8.220261573791504 5
  vertex -6.5705952644348145 8.009692192077637 5
 endloop
endfacet
facet normal 0 0 0
 outer loop
  vertex -6.642074108123779 8.220261573791504 0
  vertex -6.685456275939941 8.438359260559082 0
  vertex -6.642074108123779 8.220261573791504 5
 endloop
endfacet
facet normal 0 0 0
 outer loop
  vertex -6.685456275939941 8.438359260559082 0
  vertex -6.685456275939941 8.438359260559082 5
  vertex -6.642074108123779 8.220261573791504 5
 endloop
endfacet
facet normal 0 0 0
 outer loop
  vertex -6.685456275939941 8.438359260559082 0
  vertex -6.699999809265137 8.66025447845459 0
  vertex -6.685456275939941 8.438359260559082 5
 endloop
endfacet
facet normal 0 0 0
 outer loop
  vertex -6.699999809265137 8.66025447845459 0
  vertex -6.699999809265137 8.66025447845459 5
  vertex -6.685456275939941 8.438359260559082 5
 endloop
endfacet
facet normal 0 0 0
 outer loop
  vertex -6.699999809265137 8.66025447845459 0
  vertex -6.685456275939941 8.882148742675781 0
  vertex -6.699999809265137 8.66025447845459 5
 endloop
endfacet
facet normal 0 0 0
 outer loop
  vertex -6.685456275939941 8.882148742675781 0
  vertex -6.685456275939941 8.882148742675781 5
  vertex -6.699999809265137 8.66025447845459 5
 endloop
endfacet
facet normal 0 0 0
 outer loop
  vertex -6.685456275939941 8.882148742675781 0
  vertex -6.642074108123779 9.10024642944336 0
  vertex -6.685456275939941 8.882148742675781 5
 endloop
endfacet
facet normal 0 0 0
 outer loop
  vertex -6.642074108123779 9.10024642944336 0
  vertex -6.642074108123779 9.10024642944336 5
  vertex -6.685456275939941 8.882148742675781 5
 endloop
endfacet
facet normal 0 0 0
 outer loop
  vertex -6.642074108123779 9.10024642944336 0
  vertex -6.5705952644348145 9.310815811157227 0
  vertex -6.642074108123779 9.10024642944336 5
 endloop
endfacet
facet normal 0 0 0
 outer loop
  vertex -6.5705952644348145 9.310815811157227 0
  vertex -6.5705952644348145 9.310815811157227 5
  vertex -6.642074108123779 9.10024642944336 5
 endloop
endfacet
facet normal 0 0 0
 outer loop
  vertex -6.5705952644348145 9.310815811157227 0
  vertex -6.472243309020996 9.51025390625 0
  vertex -6.5705952644348145 9.310815811157227 5
 endloop
endfacet
facet normal 0 0 0
 outer loop
  vertex -6.472243309020996 9.51025390625 0
  vertex -6.472243309020996 9.51025390625 5
  vertex -6.5705952644348145 9.310815811157227 5
 endloop
endfacet
facet normal 0 0 0
 outer loop
  vertex -6.472243309020996 9.51025390625 0
  vertex -6.348700523376465 9.695148468017578 0
  vertex -6.472243309020996 9.51025390625 5
 endloop
endfacet
facet normal 0 0 0
 outer loop
  vertex -6.348700523376465 9.695148468017578 0
  vertex -6.348700523376465 9.695148468017578 5
  vertex -6.472243309020996 9.51025390625 5
 endloop
endfacet
facet normal 0 0 0
 outer loop
  vertex -6.348700523376465 9.695148468017578 0
  vertex -6.202081680297852 9.862335205078125 0
  vertex -6.348700523376465 9.695148468017578 5
 endloop
endfacet
facet normal 0 0 0
 outer loop
  vertex -6.202081680297852 9.862335205078125 0
  vertex -6.202081680297852 9.862335205078125 5
  vertex -6.348700523376465 9.695148468017578 5
 endloop
endfacet
facet normal 0 0 0
 outer loop
  vertex -6.202081680297852 9.862335205078125 0
  vertex -6.0348944664001465 10.008955001831055 0
  vertex -6.202081680297852 9.862335205078125 5
 endloop
endfacet
facet normal 0 0 0
 outer loop
  vertex -6.0348944664001465 10.008955001831055 0
  vertex -6.0348944664001465 10.008955001831055 5
  vertex -6.202081680297852 9.862335205078125 5
 endloop
endfacet
facet normal 0 0 0
 outer loop
  vertex -6.0348944664001465 10.008955001831055 0
  vertex -5.849999904632568 10.13249683380127 0
  vertex -6.0348944664001465 10.008955001831055 5
 endloop
endfacet
facet normal 0 0 0
 outer loop
  vertex -5.849999904632568 10.13249683380127 0
  vertex -5.849999904632568 10.13249683380127 5
  vertex -6.0348944664001465 10.008955001831055 5
 endloop
endfacet
facet normal 0 0 0
 outer loop
  vertex -5.849999904632568 10.13249683380127 0
  vertex -5.650561809539795 10.230849266052246 0
  vertex -5.849999904632568 10.13249683380127 5
 endloop
endfacet
facet normal 0 0 0
 outer loop
  vertex -5.650561809539795 10.230849266052246 0
  vertex -5.650561809539795 10.230849266052246 5
  vertex -5.849999904632568 10.13249683380127 5
 endloop
endfacet
facet normal 0 0 0
 outer loop
  vertex -5.650561809539795 10.230849266052246 0
  vertex -5.439992427825928 10.302328109741211 0
  vertex -5.650561809539795 10.230849266052246 5
 endloop
endfacet
facet normal 0 0 0
 outer loop
  vertex -5.439992427825928 10.302328109741211 0
  vertex -5.439992427825928 10.302328109741211 5
  vertex -5.650561809539795 10.230849266052246 5
 endloop
endfacet
facet normal 0 0 0
 outer loop
  vertex -5.439992427825928 10.302328109741211 0
  vertex -5.22189474105835 10.345710754394531 0
  vertex -5.439992427825928 10.302328109741211 5
 endloop
endfacet
facet normal 0 0 0
 outer loop
  vertex -5.22189474105835 10.345710754394531 0
  vertex -5.22189474105835 10.345710754394531 5
  vertex -5.439992427825928 10.302328109741211 5
 endloop
endfacet
facet normal 0 0 0
 outer loop
  vertex -5.22189474105835 10.345710754394531 0
  vertex -5 10.360254287719727 0
  vertex -5.22189474105835 10.345710754394531 5
 endloop
endfacet
facet normal 0 0 0
 outer loop
  vertex -5 10.360254287719727 0
  vertex -5 10.360254287719727 5
  vertex -5.22189474105835 10.345710754394531 5
 endloop
endfacet
facet normal 0 0 0
 outer loop
  vertex -5 10.360254287719727 0
  vertex -4.77810525894165 10.345710754394531 0
  vertex -5 10.360254287719727 5
 endloop
endfacet
facet normal 0 0 0
 outer loop
  vertex -4.77810525894165 10.345710754394531 0
  vertex -4.77810525894165 10.345710754394531 5
  vertex -5 10.360254287719727 5
 endloop
endfacet
facet normal 0 0 0
 outer loop
  vertex -4.77810525894165 10.345710754394531 0
  vertex -4.560007572174072 10.302328109741211 0
  vertex -4.77810525894165 10.345710754394531 5
 endloop
endfacet
facet normal 0 0 0
 outer loop
  vertex -4.560007572174072 10.302328109741211 0
  vertex -4.560007572174072 10.302328109741211 5
  vertex -4.77810525894165 10.345710754394531 5
 endloop
endfacet
facet normal 0 0 0
 outer loop
  vertex -4.560007572174072 10.302328109741211 0
  vertex -4.349438190460205 10.230849266052246 0
  vertex -4.560007572174072 10.302328109741211 5
 endloop
endfacet
facet normal 0 0 0
 outer loop
  vertex -4.349438190460205 10.230849266052246 0
  vertex -4.349438190460205 10.230849266052246 5
  vertex -4.560007572174072 10.302328109741211 5
 endloop
endfacet
facet normal 0 0 0
 outer loop
  vertex -4.349438190460205 10.230849266052246 0
  vertex -4.150000095367432 10.13249683380127 0
  vertex -4.349438190460205 10.230849266052246 5
 endloop
endfacet
facet normal 0 0 0
 outer loop
  vertex -4.150000095367432 10.13249683380127 0
  vertex -4.150000095367432 10.13249683380127 5
  vertex -4.349438190460205 10.230849266052246 5
 endloop
endfacet
facet normal 0 0 0
 outer loop
  vertex -4.150000095367432 10.13249683380127 0
  vertex -3.9651055335998535 10.008955001831055 0
  vertex -4.150000095367432 10.13249683380127 5
 endloop
endfacet
facet normal 0 0 0
 outer loop
  vertex -3.9651055335998535 10.008955001831055 0
  vertex -3.9651055335998535 10.008955001831055 5
  vertex -4.150000095367432 10.13249683380127 5
 endloop
endfacet
facet normal 0 0 0
 outer loop
  vertex -3.9651055335998535 10.008955001831055 0
  vertex -3.7979185581207275 9.862335205078125 0
  vertex -3.9651055335998535 10.008955001831055 5
 endloop
endfacet
facet normal 0 0 0
 outer loop
  vertex -3.7979185581207275 9.862335205078125 0
  vertex -3.7979185581207275 9.862335205078125 5
  vertex -3.9651055335998535 10.008955001831055 5
 endloop
endfacet
facet normal 0 0 0
 outer loop
  vertex -3.7979185581207275 9.862335205078125 0
  vertex -3.651299238204956 9.695148468017578 0
  vertex -3.7979185581207275 9.862335205078125 5
 endloop
endfacet
facet normal 0 0 0
 outer loop
  vertex -3.651299238204956 9.695148468017578 0
  vertex -3.651299238204956 9.695148468017578 5
  vertex -3.7979185581207275 9.862335205078125 5
 endloop
endfacet
facet normal 0 0 0
 outer loop
  vertex -3.651299238204956 9.695148468017578 0
  vertex -3.527756929397583 9.51025390625 0
  vertex -3.651299238204956 9.695148468017578 5
 endloop
endfacet
facet normal 0 0 0
 outer loop
  vertex -3.527756929397583 9.51025390625 0
  vertex -3.527756929397583 9.51025390625 5
  vertex -3.651299238204956 9.695148468017578 5
 endloop
endfacet
facet normal 0 0 0
 outer loop
  vertex -3.527756929397583 9.51025390625 0
  vertex -3.4294047355651855 9.310815811157227 0
  vertex -3.527756929397583 9.51025390625 5
 endloop
endfacet
facet normal 0 0 0
 outer loop
  vertex -3.4294047355651855 9.310815811157227 0
  vertex -3.4294047355651855 9.310815811157227 5
  vertex -3.527756929397583 9.51025390625 5
 endloop
endfacet
facet normal 0 0 0
 outer loop
  vertex -3.4294047355651855 9.310815811157227 0
  vertex -3.3579261302948 9.10024642944336 0
  vertex -3.4294047355651855 9.310815811157227 5
 endloop
endfacet
facet normal 0 0 0
 outer loop
  vertex -3.3579261302948 9.10024642944336 0
  vertex -3.3579261302948 9.10024642944336 5
  vertex -3.4294047355651855 9.310815811157227 5
 endloop
endfacet
facet normal 0 0 0
 outer loop
  vertex -3.3579261302948 9.10024642944336 0
  vertex -3.3145437240600586 8.882148742675781 0
  vertex -3.3579261302948 9.10024642944336 5
 endloop
endfacet
facet normal 0 0 0
 outer loop
  vertex -3.3145437240600586 8.882148742675781 0
  vertex -3.3145437240600586 8.882148742675781 5
  vertex -3.3579261302948 9.10024642944336 5
 endloop
endfacet
facet normal 0 0 0
 outer loop
  vertex -3.3145437240600586 8.882148742675781 0
  vertex -3.299999952316284 8.66025447845459 0
  vertex -3.3145437240600586 8.882148742675781 5
 endloop
endfacet
facet normal 0 0 0
 outer loop
  vertex -3.299999952316284 8.66025447845459 0
  vertex -3.299999952316284 8.66025447845459 5
  vertex -3.3145437240600586 8.882148742675781 5
 endloop
endfacet
facet normal 0 0 0
 outer loop
  vertex -3.299999952316284 -8.66025447845459 0
  vertex -3.3145437240600586 -8.882148742675781 0
  vertex -3.299999952316284 -8.66025447845459 5
 endloop
endfacet
facet normal 0 0 0
 outer loop
  vertex -3.3145437240600586 -8.882148742675781 0
  vertex -3.3145437240600586 -8.882148742675781 5
  vertex -3.299999952316284 -8.66025447845459 5
 endloop
endfacet
facet normal 0 0 0
 outer loop
  vertex -3.3145437240600586 -8.882148742675781 0
  vertex -3.3579261302948 -9.10024642944336 0
  vertex -3.3145437240600586 -8.882148742675781 5
 endloop
endfacet
facet normal 0 0 0
 outer loop
  vertex -3.3579261302948 -9.10024642944336 0
  vertex -3.3579261302948 -9.10024642944336 5
  vertex -3.3145437240600586 -8.882148742675781 5
 endloop
endfacet
facet normal 0 0 0
 outer loop
  vertex -3.3579261302948 -9.10024642944336 0
  vertex -3.4294047355651855 -9.310815811157227 0
  vertex -3.3579261302948 -9.10024642944336 5
 endloop
endfacet
facet normal 0 0 0
 outer loop
  vertex -3.4294047355651855 -9.310815811157227 0
  vertex -3.4294047355651855 -9.310815811157227 5
  vertex -3.3579261302948 -9.10024642944336 5
 endloop
endfacet
facet normal 0 0 0
 outer loop
  vertex -3.4294047355651855 -9.310815811157227 0
  vertex -3.527756929397583 -9.51025390625 0
  vertex -3.4294047355651855 -9.310815811157227 5
 endloop
endfacet
facet normal 0 0 0
 outer loop
  vertex -3.527756929397583 -9.51025390625 0
  vertex -3.527756929397583 -9.51025390625 5
  vertex -3.4294047355651855 -9.310815811157227 5
 endloop
endfacet
facet normal 0 0 0
 outer loop
  vertex -3.527756929397583 -9.51025390625 0
  vertex -3.651299238204956 -9.695148468017578 0
  vertex -3.527756929397583 -9.51025390625 5
 endloop
endfacet
facet normal 0 0 0
 outer loop
  vertex -3.651299238204956 -9.695148468017578 0
  vertex -3.651299238204956 -9.695148468017578 5
  vertex -3.527756929397583 -9.51025390625 5
 endloop
endfacet
facet normal 0 0 0
 outer loop
  vertex -3.651299238204956 -9.695148468017578 0
  vertex -3.7979185581207275 -9.862335205078125 0
  vertex -3.651299238204956 -9.695148468017578 5
 endloop
endfacet
facet normal 0 0 0
 outer loop
  vertex -3.7979185581207275 -9.862335205078125 0
  vertex -3.7979185581207275 -9.862335205078125 5
  vertex -3.651299238204956 -9.695148468017578 5
 endloop
endfacet
facet normal 0 0 0
 outer loop
  vertex -3.7979185581207275 -9.862335205078125 0
  vertex -3.9651055335998535 -10.008955001831055 0
  vertex -3.7979185581207275 -9.862335205078125 5
 endloop
endfacet
facet normal 0 0 0
 outer loop
  vertex -3.9651055335998535 -10.008955001831055 0
  vertex -3.9651055335998535 -10.008955001831055 5
  vertex -3.7979185581207275 -9.862335205078125 5
 endloop
endfacet
facet normal 0 0 0
 outer loop
  vertex -3.9651055335998535 -10.008955001831055 0
  vertex -4.150000095367432 -10.13249683380127 0
  vertex -3.9651055335998535 -10.008955001831055 5
 endloop
endfacet
facet normal 0 0 0
 outer loop
  vertex -4.150000095367432 -10.13249683380127 0
  vertex -4.150000095367432 -10.13249683380127 5
  vertex -3.9651055335998535 -10.008955001831055 5
 endloop
endfacet
facet normal 0 0 0
 outer loop
  vertex -4.150000095367432 -10.13249683380127 0
  vertex -4.349438190460205 -10.230849266052246 0
  vertex -4.150000095367432 -10.13249683380127 5
 endloop
endfacet
facet normal 0 0 0
 outer loop
  vertex -4.349438190460205 -10.230849266052246 0
  vertex -4.349438190460205 -10.230849266052246 5
  vertex -4.150000095367432 -10.13249683380127 5
 endloop
endfacet
facet normal 0 0 0
 outer loop
  vertex -4.349438190460205 -10.230849266052246 0
  vertex -4.560007572174072 -10.302328109741211 0
  vertex -4.349438190460205 -10.230849266052246 5
 endloop
endfacet
facet normal 0 0 0
 outer loop
  vertex -4.560007572174072 -10.302328109741211 0
  vertex -4.560007572174072 -10.302328109741211 5
  vertex -4.349438190460205 -10.230849266052246 5
 endloop
endfacet
facet normal 0 0 0
 outer loop
  vertex -4.560007572174072 -10.302328109741211 0
  vertex -4.77810525894165 -10.345710754394531 0
  vertex -4.560007572174072 -10.302328109741211 5
 endloop
endfacet
facet normal 0 0 0
 outer loop
  vertex -4.77810525894165 -10.345710754394531 0
  vertex -4.77810525894165 -10.345710754394531 5
  vertex -4.560007572174072 -10.302328109741211 5
 endloop
endfacet
facet normal 0 0 0
 outer loop
  vertex -4.77810525894165 -10.345710754394531 0
  vertex -5 -10.360254287719727 0
  vertex -4.77810525894165 -10.345710754394531 5
 endloop
endfacet
facet normal 0 0 0
 outer loop
  vertex -5 -10.360254287719727 0
  vertex -5 -10.360254287719727 5
  vertex -4.77810525894165 -10.345710754394531 5
 endloop
endfacet
facet normal 0 0 0
 outer loop
  vertex -5 -10.360254287719727 0
  vertex -5.22189474105835 -10.345710754394531 0
  vertex -5 -10.360254287719727 5
 endloop
endfacet
facet normal 0 0 0
 outer loop
  vertex -5.22189474105835 -10.345710754394531 0
  vertex -5.22189474105835 -10.345710754394531 5
  vertex -5 -10.360254287719727 5
 endloop
endfacet
facet normal 0 0 0
 outer loop
  vertex -5.22189474105835 -10.345710754394531 0
  vertex -5.439992427825928 -10.302328109741211 0
  vertex -5.22189474105835 -10.345710754394531 5
 endloop
endfacet
facet normal 0 0 0
 outer loop
  vertex -5.439992427825928 -10.302328109741211 0
  vertex -5.439992427825928 -10.302328109741211 5
  vertex -5.22189474105835 -10.345710754394531 5
 endloop
endfacet
facet normal 0 0 0
 outer loop
  vertex -5.439992427825928 -10.302328109741211 0
  vertex -5.650561809539795 -10.230849266052246 0
  vertex -5.439992427825928 -10.302328109741211 5
 endloop
endfacet
facet normal 0 0 0
 outer loop
  vertex -5.650561809539795 -10.230849266052246 0
  vertex -5.650561809539795 -10.230849266052246 5
  vertex -5.439992427825928 -10.302328109741211 5
 endloop
endfacet
facet normal 0 0 0
 outer loop
  vertex -5.650561809539795 -10.230849266052246 0
  vertex -5.849999904632568 -10.13249683380127 0
  vertex -5.650561809539795 -10.230849266052246 5
 endloop
endfacet
facet normal 0 0 0
 outer loop
  vertex -5.849999904632568 -10.13249683380127 0
  vertex -5.849999904632568 -10.13249683380127 5
  vertex -5.650561809539795 -10.230849266052246 5
 endloop
endfacet
facet normal 0 0 0
 outer loop
  vertex -5.849999904632568 -10.13249683380127 0
  vertex -6.0348944664001465 -10.008955001831055 0
  vertex -5.849999904632568 -10.13249683380127 5
 endloop
endfacet
facet normal 0 0 0
 outer loop
  vertex -6.0348944664001465 -10.008955001831055 0
  vertex -6.0348944664001465 -10.008955001831055 5
  vertex -5.849999904632568 -10.13249683380127 5
 endloop
endfacet
facet normal 0 0 0
 outer loop
  vertex -6.0348944664001465 -10.008955001831055 0
  vertex -6.202081680297852 -9.862335205078125 0
  vertex -6.0348944664001465 -10.008955001831055 5
 endloop
endfacet
facet normal 0 0 0
 outer loop
  vertex -6.202081680297852 -9.862335205078125 0
  vertex -6.202081680297852 -9.862335205078125 5
  vertex -6.0348944664001465 -10.008955001831055 5
 endloop
endfacet
facet normal 0 0 0
 outer loop
  vertex -6.202081680297852 -9.862335205078125 0
  vertex -6.348700523376465 -9.695148468017578 0
  vertex -6.202081680297852 -9.862335205078125 5
 endloop
endfacet
facet normal 0 0 0
 outer loop
  vertex -6.348700523376465 -9.695148468017578 0
  vertex -6.348700523376465 -9.695148468017578 5
  vertex -6.202081680297852 -9.862335205078125 5
 endloop
endfacet
facet normal 0 0 0
 outer loop
  vertex -6.348700523376465 -9.695148468017578 0
  vertex -6.472243309020996 -9.51025390625 0
  vertex -6.348700523376465 -9.695148468017578 5
 endloop
endfacet
facet normal 0 0 0
 outer loop
  vertex -6.472243309020996 -9.51025390625 0
  vertex -6.472243309020996 -9.51025390625 5
  vertex -6.348700523376465 -9.695148468017578 5
 endloop
endfacet
facet normal 0 0 0
 outer loop
  vertex -6.472243309020996 -9.51025390625 0
  vertex -6.5705952644348145 -9.310815811157227 0
  vertex -6.472243309020996 -9.51025390625 5
 endloop
endfacet
facet normal 0 0 0
 outer loop
  vertex -6.5705952644348145 -9.310815811157227 0
  vertex -6.5705952644348145 -9.310815811157227 5
  vertex -6.472243309020996 -9.51025390625 5
 endloop
endfacet
facet normal 0 0 0
 outer loop
  vertex -6.5705952644348145 -9.310815811157227 0
  vertex -6.642074108123779 -9.10024642944336 0
  vertex -6.5705952644348145 -9.310815811157227 5
 endloop
endfacet
facet normal 0 0 0
 outer loop
  vertex -6.642074108123779 -9.10024642944336 0
  vertex -6.642074108123779 -9.10024642944336 5
  vertex -6.5705952644348145 -9.310815811157227 5
 endloop
endfacet
facet normal 0 0 0
 outer loop
  vertex -6.642074108123779 -9.10024642944336 0
  vertex -6.685456275939941 -8.882148742675781 0
  vertex -6.642074108123779 -9.10024642944336 5
 endloop
endfacet
facet normal 0 0 0
 outer loop
  vertex -6.685456275939941 -8.882148742675781 0
  vertex -6.685456275939941 -8.882148742675781 5
  vertex -6.642074108123779 -9.10024642944336 5
 endloop
endfacet
facet normal 0 0 0
 outer loop
  vertex -6.685456275939941 -8.882148742675781 0
  vertex -6.699999809265137 -8.66025447845459 0
  vertex -6.685456275939941 -8.882148742675781 5
 endloop
endfacet
facet normal 0 0 0
 outer loop
  vertex -6.699999809265137 -8.66025447845459 0
  vertex -6.699999809265137 -8.66025447845459 5
  vertex -6.685456275939941 -8.882148742675781 5
 endloop
endfacet
facet normal 0 0 0
 outer loop
  vertex -6.699999809265137 -8.66025447845459 0
  vertex -6.685456275939941 -8.438359260559082 0
  vertex -6.699999809265137 -8.66025447845459 5
 endloop
endfacet
facet normal 0 0 0
 outer loop
  vertex -6.685456275939941 -8.438359260559082 0
  vertex -6.685456275939941 -8.438359260559082 5
  vertex -6.699999809265137 -8.66025447845459 5
 endloop
endfacet
facet normal 0 0 0
 outer loop
  vertex -6.685456275939941 -8.438359260559082 0
  vertex -6.642074108123779 -8.220261573791504 0
  vertex -6.685456275939941 -8.438359260559082 5
 endloop
endfacet
facet normal 0 0 0
 outer loop
  vertex -6.642074108123779 -8.220261573791504 0
  vertex -6.642074108123779 -8.220261573791504 5
  vertex -6.685456275939941 -8.438359260559082 5
 endloop
endfacet
facet normal 0 0 0
 outer loop
  vertex -6.642074108123779 -8.220261573791504 0
  vertex -6.5705952644348145 -8.009692192077637 0
  vertex -6.642074108123779 -8.220261573791504 5
 endloop
endfacet
facet normal 0 0 0
 outer loop
  vertex -6.5705952644348145 -8.009692192077637 0
  vertex -6.5705952644348145 -8.009692192077637 5
  vertex -6.642074108123779 -8.220261573791504 5
 endloop
endfacet
facet normal 0 0 0
 outer loop
  vertex -6.5705952644348145 -8.009692192077637 0
  vertex -6.472243309020996 -7.810254096984863 0
  vertex -6.5705952644348145 -8.009692192077637 5
 endloop
endfacet
facet normal 0 0 0
 outer loop
  vertex -6.472243309020996 -7.810254096984863 0
  vertex -6.472243309020996 -7.810254096984863 5
  vertex -6.5705952644348145 -8.009692192077637 5
 endloop
endfacet
facet normal 0 0 0
 outer loop
  vertex -6.472243309020996 -7.810254096984863 0
  vertex -6.348700523376465 -7.625359535217285 0
  vertex -6.472243309020996 -7.810254096984863 5
 endloop
endfacet
facet normal 0 0 0
 outer loop
  vertex -6.348700523376465 -7.625359535217285 0
  vertex -6.348700523376465 -7.625359535217285 5
  vertex -6.472243309020996 -7.810254096984863 5
 endloop
endfacet
facet normal 0 0 0
 outer loop
  vertex -6.348700523376465 -7.625359535217285 0
  vertex -6.202081680297852 -7.45817232131958 0
  vertex -6.348700523376465 -7.625359535217285 5
 endloop
endfacet
facet normal 0 0 0
 outer loop
  vertex -6.202081680297852 -7.45817232131958 0
  vertex -6.202081680297852 -7.45817232131958 5
  vertex -6.348700523376465 -7.625359535217285 5
 endloop
endfacet
facet normal 0 0 0
 outer loop
  vertex -6.202081680297852 -7.45817232131958 0
  vertex -6.0348944664001465 -7.311553478240967 0
  vertex -6.202081680297852 -7.45817232131958 5
 endloop
endfacet
facet normal 0 0 0
 outer loop
  vertex -6.0348944664001465 -7.311553478240967 0
  vertex -6.0348944664001465 -7.311553478240967 5
  vertex -6.202081680297852 -7.45817232131958 5
 endloop
endfacet
facet normal 0 0 0
 outer loop
  vertex -6.0348944664001465 -7.311553478240967 0
  vertex -5.849999904632568 -7.1880106925964355 0
  vertex -6.0348944664001465 -7.311553478240967 5
 endloop
endfacet
facet normal 0 0 0
 outer loop
  vertex -5.849999904632568 -7.1880106925964355 0
  vertex -5.849999904632568 -7.1880106925964355 5
  vertex -6.0348944664001465 -7.311553478240967 5
 endloop
endfacet
facet normal 0 0 0
 outer loop
  vertex -5.849999904632568 -7.1880106925964355 0
  vertex -5.650561809539795 -7.089658737182617 0
  vertex -5.849999904632568 -7.1880106925964355 5
 endloop
endfacet
facet normal 0 0 0
 outer loop
  vertex -5.650561809539795 -7.089658737182617 0
  vertex -5.650561809539795 -7.089658737182617 5
  vertex -5.849999904632568 -7.1880106925964355 5
 endloop
endfacet
facet normal 0 0 0
 outer loop
  vertex -5.650561809539795 -7.089658737182617 0
  vertex -5.439992427825928 -7.0181803703308105 0
  vertex -5.650561809539795 -7.089658737182617 5
 endloop
endfacet
facet normal 0 0 0
 outer loop
  vertex -5.439992427825928 -7.0181803703308105 0
  vertex -5.439992427825928 -7.0181803703308105 5
  vertex -5.650561809539795 -7.089658737182617 5
 endloop
endfacet
facet normal 0 0 0
 outer loop
  vertex -5.439992427825928 -7.0181803703308105 0
  vertex -5.22189474105835 -6.97479772567749 0
  vertex -5.439992427825928 -7.0181803703308105 5
 endloop
endfacet
facet normal 0 0 0
 outer loop
  vertex -5.22189474105835 -6.97479772567749 0
  vertex -5.22189474105835 -6.97479772567749 5
  vertex -5.439992427825928 -7.0181803703308105 5
 endloop
endfacet
facet normal 0 0 0
 outer loop
  vertex -5.22189474105835 -6.97479772567749 0
  vertex -5 -6.960254192352295 0
  vertex -5.22189474105835 -6.97479772567749 5
 endloop
endfacet
facet normal 0 0 0
 outer loop
  vertex -5 -6.960254192352295 0
  vertex -5 -6.960254192352295 5
  vertex -5.22189474105835 -6.97479772567749 5
 endloop
endfacet
facet normal 0 0 0
 outer loop
  vertex -5 -6.960254192352295 0
  vertex -4.77810525894165 -6.97479772567749 0
  vertex -5 -6.960254192352295 5
 endloop
endfacet
facet normal 0 0 0
 outer loop
  vertex -4.77810525894165 -6.97479772567749 0
  vertex -4.77810525894165 -6.97479772567749 5
  vertex -5 -6.960254192352295 5
 endloop
endfacet
facet normal 0 0 0
 outer loop
  vertex -4.77810525894165 -6.97479772567749 0
  vertex -4.560007572174072 -7.0181803703308105 0
  vertex -4.77810525894165 -6.97479772567749 5
 endloop
endfacet
facet normal 0 0 0
 outer loop
  vertex -4.560007572174072 -7.0181803703308105 0
  vertex -4.560007572174072 -7.0181803703308105 5
  vertex -4.77810525894165 -6.97479772567749 5
 endloop
endfacet
facet normal 0 0 0
 outer loop
  vertex -4.560007572174072 -7.0181803703308105 0
  vertex -4.349438190460205 -7.089658737182617 0
  vertex -4.560007572174072 -7.0181803703308105 5
 endloop
endfacet
facet normal 0 0 0
 outer loop
  vertex -4.349438190460205 -7.089658737182617 0
  vertex -4.349438190460205 -7.089658737182617 5
  vertex -4.560007572174072 -7.0181803703308105 5
 endloop
endfacet
facet normal 0 0 0
 outer loop
  vertex -4.349438190460205 -7.089658737182617 0
  vertex -4.150000095367432 -7.1880106925964355 0
  vertex -4.349438190460205 -7.089658737182617 5
 endloop
endfacet
facet normal 0 0 0
 outer loop
  vertex -4.150000095367432 -7.1880106925964355 0
  vertex -4.150000095367432 -7.1880106925964355 5
  vertex -4.349438190460205 -7.089658737182617 5
 endloop
endfacet
facet normal 0 0 0
 outer loop
  vertex -4.150000095367432 -7.1880106925964355 0
  vertex -3.9651055335998535 -7.311553478240967 0
  vertex -4.150000095367432 -7.1880106925964355 5
 endloop
endfacet
facet normal 0 0 0
 outer loop
  vertex -3.9651055335998535 -7.311553478240967 0
  vertex -3.9651055335998535 -7.311553478240967 5
  vertex -4.150000095367432 -7.1880106925964355 5
 endloop
endfacet
facet normal 0 0 0
 outer loop
  vertex -3.9651055335998535 -7.311553478240967 0
  vertex -3.7979185581207275 -7.45817232131958 0
  vertex -3.9651055335998535 -7.311553478240967 5
 endloop
endfacet
facet normal 0 0 0
 outer loop
  vertex -3.7979185581207275 -7.45817232131958 0
  vertex -3.7979185581207275 -7.45817232131958 5
  vertex -3.9651055335998535 -7.311553478240967 5
 endloop
endfacet
facet normal 0 0 0
 outer loop
  vertex -3.7979185581207275 -7.45817232131958 0
  vertex -3.651299238204956 -7.625359535217285 0
  vertex -3.7979185581207275 -7.45817232131958 5
 endloop
endfacet
facet normal 0 0 0
 outer loop
  vertex -3.651299238204956 -7.625359535217285 0
  vertex -3.651299238204956 -7.625359535217285 5
  vertex -3.7979185581207275 -7.45817232131958 5
 endloop
endfacet
facet normal 0 0 0
 outer loop
  vertex -3.651299238204956 -7.625359535217285 0
  vertex -3.527756929397583 -7.810254096984863 0
  vertex -3.651299238204956 -7.625359535217285 5
 endloop
endfacet
facet normal 0 0 0
 outer loop
  vertex -3.527756929397583 -7.810254096984863 0
  vertex -3.527756929397583 -7.810254096984863 5
  vertex -3.651299238204956 -7.625359535217285 5
 endloop
endfacet
facet normal 0 0 0
 outer loop
  vertex -3.527756929397583 -7.810254096984863 0
  vertex -3.4294047355651855 -8.009692192077637 0
  vertex -3.527756929397583 -7.810254096984863 5
 endloop
endfacet
facet normal 0 0 0
 outer loop
  vertex -3.4294047355651855 -8.009692192077637 0
  vertex -3.4294047355651855 -8.009692192077637 5
  vertex -3.527756929397583 -7.810254096984863 5
 endloop
endfacet
facet normal 0 0 0
 outer loop
  vertex -3.4294047355651855 -8.009692192077637 0
  vertex -3.3579261302948 -8.220261573791504 0
  vertex -3.4294047355651855 -8.009692192077637 5
 endloop
endfacet
facet normal 0 0 0
 outer loop
  vertex -3.3579261302948 -8.220261573791504 0
  vertex -3.3579261302948 -8.220261573791504 5
  vertex -3.4294047355651855 -8.009692192077637 5
 endloop
endfacet
facet normal 0 0 0
 outer loop
  vertex -3.3579261302948 -8.220261573791504 0
  vertex -3.3145437240600586 -8.438359260559082 0
  vertex -3.3579261302948 -8.220261573791504 5
 endloop
endfacet
facet normal 0 0 0
 outer loop
  vertex -3.3145437240600586 -8.438359260559082 0
  vertex -3.3145437240600586 -8.438359260559082 5
  vertex -3.3579261302948 -8.220261573791504 5
 endloop
endfacet
facet normal 0 0 0
 outer loop
  vertex -3.3145437240600586 -8.438359260559082 0
  vertex -3.299999952316284 -8.66025447845459 0
  vertex -3.3145437240600586 -8.438359260559082 5
 endloop
endfacet
facet normal 0 0 0
 outer loop
  vertex -3.299999952316284 -8.66025447845459 0
  vertex -3.299999952316284 -8.66025447845459 5
  vertex -3.3145437240600586 -8.438359260559082 5
 endloop
endfacet
endsolid systemedu
