solid systemedu
facet normal 0 0 0
 outer loop
  vertex 19.314544677734375 21.221895217895508 0
  vertex 19.299999237060547 21 0
  vertex -19.299999237060547 21 0
 endloop
endfacet
facet normal 0 0 0
 outer loop
  vertex -19.299999237060547 21 0
  vertex 19.299999237060547 21 0
  vertex 19.314544677734375 20.778104782104492 0
 endloop
endfacet
facet normal 0 0 0
 outer loop
  vertex -22.700000762939453 -21 0
  vertex -25.5 -25.5 0
  vertex -22.700000762939453 21 0
 endloop
endfacet
facet normal 0 0 0
 outer loop
  vertex -1.6854562759399414 0.2218945324420929 0
  vertex -1.7000000476837158 -2.0818995170458873e-16 0
  vertex -22.20208168029785 -19.79791831970215 0
 endloop
endfacet
facet normal 0 0 0
 outer loop
  vertex 19.299999237060547 -21 0
  vertex -19.299999237060547 -21 0
  vertex -19.314544677734375 -20.778104782104492 0
 endloop
endfacet
facet normal 0 0 0
 outer loop
  vertex -19.299999237060547 -21 0
  vertex 19.299999237060547 -21 0
  vertex 19.314544677734375 -21.221895217895508 0
 endloop
endfacet
facet normal 0 0 0
 outer loop
  vertex -25.5 -25.5 0
  vertex -22.700000762939453 -21 0
  vertex -22.685455322265625 -21.221895217895508 0
 endloop
endfacet
facet normal 0 0 0
 outer loop
  vertex -22.700000762939453 21 0
  vertex -25.5 -25.5 0
  vertex -25.5 25.5 0
 endloop
endfacet
facet normal 0 0 0
 outer loop
  vertex 19.314544677734375 21.221895217895508 0
  vertex -19.299999237060547 21 0
  vertex -19.314544677734375 21.221895217895508 0
 endloop
endfacet
facet normal 0 0 0
 outer loop
  vertex -19.299999237060547 21 0
  vertex 19.314544677734375 20.778104782104492 0
  vertex 19.357925415039062 20.560007095336914 0
 endloop
endfacet
facet normal 0 0 0
 outer loop
  vertex -22.700000762939453 -21 0
  vertex -22.700000762939453 21 0
  vertex -22.685455322265625 20.778104782104492 0
 endloop
endfacet
facet normal 0 0 0
 outer loop
  vertex -1.6420738697052002 0.43999236822128296 0
  vertex -1.6854562759399414 0.2218945324420929 0
  vertex -22.20208168029785 -19.79791831970215 0
 endloop
endfacet
facet normal 0 0 0
 outer loop
  vertex 19.299999237060547 -21 0
  vertex -19.314544677734375 -20.778104782104492 0
  vertex -19.357925415039062 -20.560007095336914 0
 endloop
endfacet
facet normal 0 0 0
 outer loop
  vertex -19.299999237060547 -21 0
  vertex 19.314544677734375 -21.221895217895508 0
  vertex 19.357925415039062 -21.439992904663086 0
 endloop
endfacet
facet normal 0 0 0
 outer loop
  vertex -25.5 -25.5 0
  vertex -22.685455322265625 -21.221895217895508 0
  vertex -22.642074584960938 -21.439992904663086 0
 endloop
endfacet
facet normal 0 0 0
 outer loop
  vertex -22.685455322265625 21.221895217895508 0
  vertex -22.700000762939453 21 0
  vertex -25.5 25.5 0
 endloop
endfacet
facet normal 0 0 0
 outer loop
  vertex 19.314544677734375 21.221895217895508 0
  vertex -19.314544677734375 21.221895217895508 0
  vertex -19.357925415039062 21.439992904663086 0
 endloop
endfacet
facet normal 0 0 0
 outer loop
  vertex -19.299999237060547 21 0
  vertex 19.357925415039062 20.560007095336914 0
  vertex 19.429405212402344 20.349437713623047 0
 endloop
endfacet
facet normal 0 0 0
 outer loop
  vertex -22.700000762939453 -21 0
  vertex -22.685455322265625 20.778104782104492 0
  vertex -22.642074584960938 20.560007095336914 0
 endloop
endfacet
facet normal 0 0 0
 outer loop
  vertex -1.5705952644348145 0.6505618095397949 0
  vertex -1.6420738697052002 0.43999236822128296 0
  vertex -22.20208168029785 -19.79791831970215 0
 endloop
endfacet
facet normal 0 0 0
 outer loop
  vertex 19.299999237060547 -21 0
  vertex -19.357925415039062 -20.560007095336914 0
  vertex -19.429405212402344 -20.349437713623047 0
 endloop
endfacet
facet normal 0 0 0
 outer loop
  vertex -19.299999237060547 -21 0
  vertex 19.357925415039062 -21.439992904663086 0
  vertex 19.429405212402344 -21.650562286376953 0
 endloop
endfacet
facet normal 0 0 0
 outer loop
  vertex -25.5 -25.5 0
  vertex -22.642074584960938 -21.439992904663086 0
  vertex -22.570594787597656 -21.650562286376953 0
 endloop
endfacet
facet normal 0 0 0
 outer loop
  vertex -22.642074584960938 21.439992904663086 0
  vertex -22.685455322265625 21.221895217895508 0
  vertex -25.5 25.5 0
 endloop
endfacet
facet normal 0 0 0
 outer loop
  vertex 19.314544677734375 21.221895217895508 0
  vertex -19.357925415039062 21.439992904663086 0
  vertex -19.429405212402344 21.650562286376953 0
 endloop
endfacet
facet normal 0 0 0
 outer loop
  vertex -19.299999237060547 21 0
  vertex 19.429405212402344 20.349437713623047 0
  vertex 19.52775764465332 20.149999618530273 0
 endloop
endfacet
facet normal 0 0 0
 outer loop
  vertex -22.700000762939453 -21 0
  vertex -22.642074584960938 20.560007095336914 0
  vertex -22.570594787597656 20.349437713623047 0
 endloop
endfacet
facet normal 0 0 0
 outer loop
  vertex -1.4722431898117065 0.8500000238418579 0
  vertex -1.5705952644348145 0.6505618095397949 0
  vertex -22.20208168029785 -19.79791831970215 0
 endloop
endfacet
facet normal 0 0 0
 outer loop
  vertex 19.299999237060547 -21 0
  vertex -19.429405212402344 -20.349437713623047 0
  vertex -19.52775764465332 -20.149999618530273 0
 endloop
endfacet
facet normal 0 0 0
 outer loop
  vertex -19.299999237060547 -21 0
  vertex 19.429405212402344 -21.650562286376953 0
  vertex 19.52775764465332 -21.850000381469727 0
 endloop
endfacet
facet normal 0 0 0
 outer loop
  vertex -25.5 -25.5 0
  vertex -22.570594787597656 -21.650562286376953 0
  vertex -22.47224235534668 -21.850000381469727 0
 endloop
endfacet
facet normal 0 0 0
 outer loop
  vertex -22.570594787597656 21.650562286376953 0
  vertex -22.642074584960938 21.439992904663086 0
  vertex -25.5 25.5 0
 endloop
endfacet
facet normal 0 0 0
 outer loop
  vertex 19.314544677734375 21.221895217895508 0
  vertex -19.429405212402344 21.650562286376953 0
  vertex -19.52775764465332 21.850000381469727 0
 endloop
endfacet
facet normal 0 0 0
 outer loop
  vertex -19.299999237060547 21 0
  vertex 19.52775764465332 20.149999618530273 0
  vertex 19.65129852294922 19.965105056762695 0
 endloop
endfacet
facet normal 0 0 0
 outer loop
  vertex -22.700000762939453 -21 0
  vertex -22.570594787597656 20.349437713623047 0
  vertex -22.47224235534668 20.149999618530273 0
 endloop
endfacet
facet normal 0 0 0
 outer loop
  vertex -1.3487006425857544 1.0348944664001465 0
  vertex -1.4722431898117065 0.8500000238418579 0
  vertex -22.20208168029785 -19.79791831970215 0
 endloop
endfacet
facet normal 0 0 0
 outer loop
  vertex 19.299999237060547 -21 0
  vertex -19.52775764465332 -20.149999618530273 0
  vertex -19.65129852294922 -19.965105056762695 0
 endloop
endfacet
facet normal 0 0 0
 outer loop
  vertex -19.299999237060547 -21 0
  vertex 19.52775764465332 -21.850000381469727 0
  vertex 19.65129852294922 -22.034894943237305 0
 endloop
endfacet
facet normal 0 0 0
 outer loop
  vertex -25.5 -25.5 0
  vertex -22.47224235534668 -21.850000381469727 0
  vertex -22.34870147705078 -22.034894943237305 0
 endloop
endfacet
facet normal 0 0 0
 outer loop
  vertex -22.47224235534668 21.850000381469727 0
  vertex -22.570594787597656 21.650562286376953 0
  vertex -25.5 25.5 0
 endloop
endfacet
facet normal 0 0 0
 outer loop
  vertex 19.314544677734375 21.221895217895508 0
  vertex -19.52775764465332 21.850000381469727 0
  vertex -19.65129852294922 22.034894943237305 0
 endloop
endfacet
facet normal 0 0 0
 outer loop
  vertex -19.299999237060547 21 0
  vertex 19.65129852294922 19.965105056762695 0
  vertex 19.79791831970215 19.79791831970215 0
 endloop
endfacet
facet normal 0 0 0
 outer loop
  vertex -22.700000762939453 -21 0
  vertex -22.47224235534668 20.149999618530273 0
  vertex -22.34870147705078 19.965105056762695 0
 endloop
endfacet
facet normal 0 0 0
 outer loop
  vertex -1.202081561088562 1.202081561088562 0
  vertex -1.3487006425857544 1.0348944664001465 0
  vertex -22.20208168029785 -19.79791831970215 0
 endloop
endfacet
facet normal 0 0 0
 outer loop
  vertex 19.299999237060547 -21 0
  vertex -19.65129852294922 -19.965105056762695 0
  vertex -19.79791831970215 -19.79791831970215 0
 endloop
endfacet
facet normal 0 0 0
 outer loop
  vertex -19.299999237060547 -21 0
  vertex 19.65129852294922 -22.034894943237305 0
  vertex 19.79791831970215 -22.20208168029785 0
 endloop
endfacet
facet normal 0 0 0
 outer loop
  vertex -25.5 -25.5 0
  vertex -22.34870147705078 -22.034894943237305 0
  vertex -22.20208168029785 -22.20208168029785 0
 endloop
endfacet
facet normal 0 0 0
 outer loop
  vertex -22.34870147705078 22.034894943237305 0
  vertex -22.47224235534668 21.850000381469727 0
  vertex -25.5 25.5 0
 endloop
endfacet
facet normal 0 0 0
 outer loop
  vertex 19.314544677734375 21.221895217895508 0
  vertex -19.65129852294922 22.034894943237305 0
  vertex -19.79791831970215 22.20208168029785 0
 endloop
endfacet
facet normal 0 0 0
 outer loop
  vertex -19.299999237060547 21 0
  vertex 19.79791831970215 19.79791831970215 0
  vertex 19.965105056762695 19.65129852294922 0
 endloop
endfacet
facet normal 0 0 0
 outer loop
  vertex -22.700000762939453 -21 0
  vertex -22.34870147705078 19.965105056762695 0
  vertex -22.20208168029785 19.79791831970215 0
 endloop
endfacet
facet normal 0 0 0
 outer loop
  vertex 19.299999237060547 -21 0
  vertex -19.79791831970215 -19.79791831970215 0
  vertex -19.965105056762695 -19.65129852294922 0
 endloop
endfacet
facet normal 0 0 0
 outer loop
  vertex -19.299999237060547 -21 0
  vertex 19.79791831970215 -22.20208168029785 0
  vertex 19.965105056762695 -22.34870147705078 0
 endloop
endfacet
facet normal 0 0 0
 outer loop
  vertex -25.5 -25.5 0
  vertex -22.20208168029785 -22.20208168029785 0
  vertex -22.034894943237305 -22.34870147705078 0
 endloop
endfacet
facet normal 0 0 0
 outer loop
  vertex -22.20208168029785 22.20208168029785 0
  vertex -22.34870147705078 22.034894943237305 0
  vertex -25.5 25.5 0
 endloop
endfacet
facet normal 0 0 0
 outer loop
  vertex 19.314544677734375 21.221895217895508 0
  vertex -19.79791831970215 22.20208168029785 0
  vertex -19.965105056762695 22.34870147705078 0
 endloop
endfacet
facet normal 0 0 0
 outer loop
  vertex -19.299999237060547 21 0
  vertex 19.965105056762695 19.65129852294922 0
  vertex 20.149999618530273 19.52775764465332 0
 endloop
endfacet
facet normal 0 0 0
 outer loop
  vertex -22.700000762939453 -21 0
  vertex -22.20208168029785 19.79791831970215 0
  vertex -22.034894943237305 19.65129852294922 0
 endloop
endfacet
facet normal 0 0 0
 outer loop
  vertex 19.299999237060547 -21 0
  vertex -19.965105056762695 -19.65129852294922 0
  vertex -20.149999618530273 -19.52775764465332 0
 endloop
endfacet
facet normal 0 0 0
 outer loop
  vertex -19.299999237060547 -21 0
  vertex 19.965105056762695 -22.34870147705078 0
  vertex 20.149999618530273 -22.47224235534668 0
 endloop
endfacet
facet normal 0 0 0
 outer loop
  vertex -25.5 -25.5 0
  vertex -22.034894943237305 -22.34870147705078 0
  vertex -21.850000381469727 -22.47224235534668 0
 endloop
endfacet
facet normal 0 0 0
 outer loop
  vertex -22.034894943237305 22.34870147705078 0
  vertex -22.20208168029785 22.20208168029785 0
  vertex -25.5 25.5 0
 endloop
endfacet
facet normal 0 0 0
 outer loop
  vertex 19.314544677734375 21.221895217895508 0
  vertex -19.965105056762695 22.34870147705078 0
  vertex -20.149999618530273 22.47224235534668 0
 endloop
endfacet
facet normal 0 0 0
 outer loop
  vertex -19.299999237060547 21 0
  vertex 20.149999618530273 19.52775764465332 0
  vertex 20.349437713623047 19.429405212402344 0
 endloop
endfacet
facet normal 0 0 0
 outer loop
  vertex -22.700000762939453 -21 0
  vertex -22.034894943237305 19.65129852294922 0
  vertex -21.850000381469727 19.52775764465332 0
 endloop
endfacet
facet normal 0 0 0
 outer loop
  vertex 19.299999237060547 -21 0
  vertex -20.149999618530273 -19.52775764465332 0
  vertex -20.349437713623047 -19.429405212402344 0
 endloop
endfacet
facet normal 0 0 0
 outer loop
  vertex -19.299999237060547 -21 0
  vertex 20.149999618530273 -22.47224235534668 0
  vertex 20.349437713623047 -22.570594787597656 0
 endloop
endfacet
facet normal 0 0 0
 outer loop
  vertex -25.5 -25.5 0
  vertex -21.850000381469727 -22.47224235534668 0
  vertex -21.650562286376953 -22.570594787597656 0
 endloop
endfacet
facet normal 0 0 0
 outer loop
  vertex -21.850000381469727 22.47224235534668 0
  vertex -22.034894943237305 22.34870147705078 0
  vertex -25.5 25.5 0
 endloop
endfacet
facet normal 0 0 0
 outer loop
  vertex 19.314544677734375 21.221895217895508 0
  vertex -20.149999618530273 22.47224235534668 0
  vertex -20.349437713623047 22.570594787597656 0
 endloop
endfacet
facet normal 0 0 0
 outer loop
  vertex -19.299999237060547 21 0
  vertex 20.349437713623047 19.429405212402344 0
  vertex 20.560007095336914 19.357925415039062 0
 endloop
endfacet
facet normal 0 0 0
 outer loop
  vertex -22.700000762939453 -21 0
  vertex -21.850000381469727 19.52775764465332 0
  vertex -21.650562286376953 19.429405212402344 0
 endloop
endfacet
facet normal 0 0 0
 outer loop
  vertex 19.299999237060547 -21 0
  vertex -20.349437713623047 -19.429405212402344 0
  vertex -20.560007095336914 -19.357925415039062 0
 endloop
endfacet
facet normal 0 0 0
 outer loop
  vertex -19.299999237060547 -21 0
  vertex 20.349437713623047 -22.570594787597656 0
  vertex 20.560007095336914 -22.642074584960938 0
 endloop
endfacet
facet normal 0 0 0
 outer loop
  vertex -25.5 -25.5 0
  vertex -21.650562286376953 -22.570594787597656 0
  vertex -21.439992904663086 -22.642074584960938 0
 endloop
endfacet
facet normal 0 0 0
 outer loop
  vertex -21.650562286376953 22.570594787597656 0
  vertex -21.850000381469727 22.47224235534668 0
  vertex -25.5 25.5 0
 endloop
endfacet
facet normal 0 0 0
 outer loop
  vertex 19.314544677734375 21.221895217895508 0
  vertex -20.349437713623047 22.570594787597656 0
  vertex -20.560007095336914 22.642074584960938 0
 endloop
endfacet
facet normal 0 0 0
 outer loop
  vertex -19.299999237060547 21 0
  vertex 20.560007095336914 19.357925415039062 0
  vertex 20.778104782104492 19.314544677734375 0
 endloop
endfacet
facet normal 0 0 0
 outer loop
  vertex -22.700000762939453 -21 0
  vertex -21.650562286376953 19.429405212402344 0
  vertex -21.439992904663086 19.357925415039062 0
 endloop
endfacet
facet normal 0 0 0
 outer loop
  vertex 19.299999237060547 -21 0
  vertex -20.560007095336914 -19.357925415039062 0
  vertex -20.778104782104492 -19.314544677734375 0
 endloop
endfacet
facet normal 0 0 0
 outer loop
  vertex -19.299999237060547 -21 0
  vertex 20.560007095336914 -22.642074584960938 0
  vertex 20.778104782104492 -22.685455322265625 0
 endloop
endfacet
facet normal 0 0 0
 outer loop
  vertex -25.5 -25.5 0
  vertex -21.439992904663086 -22.642074584960938 0
  vertex -21.221895217895508 -22.685455322265625 0
 endloop
endfacet
facet normal 0 0 0
 outer loop
  vertex -21.439992904663086 22.642074584960938 0
  vertex -21.650562286376953 22.570594787597656 0
  vertex -25.5 25.5 0
 endloop
endfacet
facet normal 0 0 0
 outer loop
  vertex 19.314544677734375 21.221895217895508 0
  vertex -20.560007095336914 22.642074584960938 0
  vertex -20.778104782104492 22.685455322265625 0
 endloop
endfacet
facet normal 0 0 0
 outer loop
  vertex -19.299999237060547 21 0
  vertex 20.778104782104492 19.314544677734375 0
  vertex 21 19.299999237060547 0
 endloop
endfacet
facet normal 0 0 0
 outer loop
  vertex -22.700000762939453 -21 0
  vertex -21.439992904663086 19.357925415039062 0
  vertex -21.221895217895508 19.314544677734375 0
 endloop
endfacet
facet normal 0 0 0
 outer loop
  vertex 19.299999237060547 -21 0
  vertex -20.778104782104492 -19.314544677734375 0
  vertex -21 -19.299999237060547 0
 endloop
endfacet
facet normal 0 0 0
 outer loop
  vertex -19.299999237060547 -21 0
  vertex 20.778104782104492 -22.685455322265625 0
  vertex 21 -22.700000762939453 0
 endloop
endfacet
facet normal 0 0 0
 outer loop
  vertex -25.5 -25.5 0
  vertex -21.221895217895508 -22.685455322265625 0
  vertex -21 -22.700000762939453 0
 endloop
endfacet
facet normal 0 0 0
 outer loop
  vertex -21.221895217895508 22.685455322265625 0
  vertex -21.439992904663086 22.642074584960938 0
  vertex -25.5 25.5 0
 endloop
endfacet
facet normal 0 0 0
 outer loop
  vertex 19.314544677734375 21.221895217895508 0
  vertex -20.778104782104492 22.685455322265625 0
  vertex -21 22.700000762939453 0
 endloop
endfacet
facet normal 0 0 0
 outer loop
  vertex -19.314544677734375 20.778104782104492 0
  vertex -19.299999237060547 21 0
  vertex 21 19.299999237060547 0
 endloop
endfacet
facet normal 0 0 0
 outer loop
  vertex -22.700000762939453 -21 0
  vertex -21.221895217895508 19.314544677734375 0
  vertex -21 19.299999237060547 0
 endloop
endfacet
facet normal 0 0 0
 outer loop
  vertex 19.314544677734375 -20.778104782104492 0
  vertex 19.299999237060547 -21 0
  vertex -21 -19.299999237060547 0
 endloop
endfacet
facet normal 0 0 0
 outer loop
  vertex -19.314544677734375 -21.221895217895508 0
  vertex -19.299999237060547 -21 0
  vertex 21 -22.700000762939453 0
 endloop
endfacet
facet normal 0 0 0
 outer loop
  vertex -25.5 -25.5 0
  vertex -21 -22.700000762939453 0
  vertex -20.778104782104492 -22.685455322265625 0
 endloop
endfacet
facet normal 0 0 0
 outer loop
  vertex -21 22.700000762939453 0
  vertex -21.221895217895508 22.685455322265625 0
  vertex -25.5 25.5 0
 endloop
endfacet
facet normal 0 0 0
 outer loop
  vertex 19.357925415039062 21.439992904663086 0
  vertex 19.314544677734375 21.221895217895508 0
  vertex -21 22.700000762939453 0
 endloop
endfacet
facet normal 0 0 0
 outer loop
  vertex -19.357925415039062 20.560007095336914 0
  vertex -19.314544677734375 20.778104782104492 0
  vertex 21 19.299999237060547 0
 endloop
endfacet
facet normal 0 0 0
 outer loop
  vertex -22.700000762939453 -21 0
  vertex -21 19.299999237060547 0
  vertex -20.778104782104492 19.314544677734375 0
 endloop
endfacet
facet normal 0 0 0
 outer loop
  vertex 19.357925415039062 -20.560007095336914 0
  vertex 19.314544677734375 -20.778104782104492 0
  vertex -21 -19.299999237060547 0
 endloop
endfacet
facet normal 0 0 0
 outer loop
  vertex -19.357925415039062 -21.439992904663086 0
  vertex -19.314544677734375 -21.221895217895508 0
  vertex 21 -22.700000762939453 0
 endloop
endfacet
facet normal 0 0 0
 outer loop
  vertex -25.5 -25.5 0
  vertex -20.778104782104492 -22.685455322265625 0
  vertex -20.560007095336914 -22.642074584960938 0
 endloop
endfacet
facet normal 0 0 0
 outer loop
  vertex -21 22.700000762939453 0
  vertex -25.5 25.5 0
  vertex 25.5 25.5 0
 endloop
endfacet
facet normal 0 0 0
 outer loop
  vertex 19.429405212402344 21.650562286376953 0
  vertex 19.357925415039062 21.439992904663086 0
  vertex -21 22.700000762939453 0
 endloop
endfacet
facet normal 0 0 0
 outer loop
  vertex -19.429405212402344 20.349437713623047 0
  vertex -19.357925415039062 20.560007095336914 0
  vertex 21 19.299999237060547 0
 endloop
endfacet
facet normal 0 0 0
 outer loop
  vertex -22.700000762939453 -21 0
  vertex -20.778104782104492 19.314544677734375 0
  vertex -20.560007095336914 19.357925415039062 0
 endloop
endfacet
facet normal 0 0 0
 outer loop
  vertex 19.429405212402344 -20.349437713623047 0
  vertex 19.357925415039062 -20.560007095336914 0
  vertex -21 -19.299999237060547 0
 endloop
endfacet
facet normal 0 0 0
 outer loop
  vertex -19.429405212402344 -21.650562286376953 0
  vertex -19.357925415039062 -21.439992904663086 0
  vertex 21 -22.700000762939453 0
 endloop
endfacet
facet normal 0 0 0
 outer loop
  vertex -25.5 -25.5 0
  vertex -20.560007095336914 -22.642074584960938 0
  vertex -20.349437713623047 -22.570594787597656 0
 endloop
endfacet
facet normal 0 0 0
 outer loop
  vertex 19.52775764465332 21.850000381469727 0
  vertex 19.429405212402344 21.650562286376953 0
  vertex -21 22.700000762939453 0
 endloop
endfacet
facet normal 0 0 0
 outer loop
  vertex -19.52775764465332 20.149999618530273 0
  vertex -19.429405212402344 20.349437713623047 0
  vertex 21 19.299999237060547 0
 endloop
endfacet
facet normal 0 0 0
 outer loop
  vertex -22.700000762939453 -21 0
  vertex -20.560007095336914 19.357925415039062 0
  vertex -20.349437713623047 19.429405212402344 0
 endloop
endfacet
facet normal 0 0 0
 outer loop
  vertex 19.52775764465332 -20.149999618530273 0
  vertex 19.429405212402344 -20.349437713623047 0
  vertex -21 -19.299999237060547 0
 endloop
endfacet
facet normal 0 0 0
 outer loop
  vertex -19.52775764465332 -21.850000381469727 0
  vertex -19.429405212402344 -21.650562286376953 0
  vertex 21 -22.700000762939453 0
 endloop
endfacet
facet normal 0 0 0
 outer loop
  vertex -25.5 -25.5 0
  vertex -20.349437713623047 -22.570594787597656 0
  vertex -20.149999618530273 -22.47224235534668 0
 endloop
endfacet
facet normal 0 0 0
 outer loop
  vertex 19.65129852294922 22.034894943237305 0
  vertex 19.52775764465332 21.850000381469727 0
  vertex -21 22.700000762939453 0
 endloop
endfacet
facet normal 0 0 0
 outer loop
  vertex -19.65129852294922 19.965105056762695 0
  vertex -19.52775764465332 20.149999618530273 0
  vertex 21 19.299999237060547 0
 endloop
endfacet
facet normal 0 0 0
 outer loop
  vertex -22.700000762939453 -21 0
  vertex -20.349437713623047 19.429405212402344 0
  vertex -20.149999618530273 19.52775764465332 0
 endloop
endfacet
facet normal 0 0 0
 outer loop
  vertex 19.65129852294922 -19.965105056762695 0
  vertex 19.52775764465332 -20.149999618530273 0
  vertex -21 -19.299999237060547 0
 endloop
endfacet
facet normal 0 0 0
 outer loop
  vertex -19.65129852294922 -22.034894943237305 0
  vertex -19.52775764465332 -21.850000381469727 0
  vertex 21 -22.700000762939453 0
 endloop
endfacet
facet normal 0 0 0
 outer loop
  vertex 25.5 -25.5 0
  vertex -25.5 -25.5 0
  vertex -20.149999618530273 -22.47224235534668 0
 endloop
endfacet
facet normal 0 0 0
 outer loop
  vertex 19.79791831970215 22.20208168029785 0
  vertex 19.65129852294922 22.034894943237305 0
  vertex -21 22.700000762939453 0
 endloop
endfacet
facet normal 0 0 0
 outer loop
  vertex -19.79791831970215 19.79791831970215 0
  vertex -19.65129852294922 19.965105056762695 0
  vertex 21 19.299999237060547 0
 endloop
endfacet
facet normal 0 0 0
 outer loop
  vertex -22.685455322265625 -20.778104782104492 0
  vertex -22.700000762939453 -21 0
  vertex -20.149999618530273 19.52775764465332 0
 endloop
endfacet
facet normal 0 0 0
 outer loop
  vertex 19.79791831970215 -19.79791831970215 0
  vertex 19.65129852294922 -19.965105056762695 0
  vertex -21 -19.299999237060547 0
 endloop
endfacet
facet normal 0 0 0
 outer loop
  vertex -19.79791831970215 -22.20208168029785 0
  vertex -19.65129852294922 -22.034894943237305 0
  vertex 21 -22.700000762939453 0
 endloop
endfacet
facet normal 0 0 0
 outer loop
  vertex 25.5 -25.5 0
  vertex -20.149999618530273 -22.47224235534668 0
  vertex -19.965105056762695 -22.34870147705078 0
 endloop
endfacet
facet normal 0 0 0
 outer loop
  vertex 19.965105056762695 22.34870147705078 0
  vertex 19.79791831970215 22.20208168029785 0
  vertex -21 22.700000762939453 0
 endloop
endfacet
facet normal 0 0 0
 outer loop
  vertex -19.965105056762695 19.65129852294922 0
  vertex -19.79791831970215 19.79791831970215 0
  vertex 21 19.299999237060547 0
 endloop
endfacet
facet normal 0 0 0
 outer loop
  vertex -22.685455322265625 -20.778104782104492 0
  vertex -20.149999618530273 19.52775764465332 0
  vertex -19.965105056762695 19.65129852294922 0
 endloop
endfacet
facet normal 0 0 0
 outer loop
  vertex 19.965105056762695 -19.65129852294922 0
  vertex 19.79791831970215 -19.79791831970215 0
  vertex -21 -19.299999237060547 0
 endloop
endfacet
facet normal 0 0 0
 outer loop
  vertex -19.965105056762695 -22.34870147705078 0
  vertex -19.79791831970215 -22.20208168029785 0
  vertex 21 -22.700000762939453 0
 endloop
endfacet
facet normal 0 0 0
 outer loop
  vertex 20.149999618530273 22.47224235534668 0
  vertex 19.965105056762695 22.34870147705078 0
  vertex -21 22.700000762939453 0
 endloop
endfacet
facet normal 0 0 0
 outer loop
  vertex -22.642074584960938 -20.560007095336914 0
  vertex -22.685455322265625 -20.778104782104492 0
  vertex -19.965105056762695 19.65129852294922 0
 endloop
endfacet
facet normal 0 0 0
 outer loop
  vertex 20.149999618530273 -19.52775764465332 0
  vertex 19.965105056762695 -19.65129852294922 0
  vertex -21 -19.299999237060547 0
 endloop
endfacet
facet normal 0 0 0
 outer loop
  vertex 25.5 -25.5 0
  vertex -19.965105056762695 -22.34870147705078 0
  vertex 21 -22.700000762939453 0
 endloop
endfacet
facet normal 0 0 0
 outer loop
  vertex 20.149999618530273 22.47224235534668 0
  vertex -21 22.700000762939453 0
  vertex 25.5 25.5 0
 endloop
endfacet
facet normal 0 0 0
 outer loop
  vertex -22.570594787597656 -20.349437713623047 0
  vertex -22.642074584960938 -20.560007095336914 0
  vertex -19.965105056762695 19.65129852294922 0
 endloop
endfacet
facet normal 0 0 0
 outer loop
  vertex 20.349437713623047 -19.429405212402344 0
  vertex 20.149999618530273 -19.52775764465332 0
  vertex -21 -19.299999237060547 0
 endloop
endfacet
facet normal 0 0 0
 outer loop
  vertex 25.5 -25.5 0
  vertex 21 -22.700000762939453 0
  vertex 21.221895217895508 -22.685455322265625 0
 endloop
endfacet
facet normal 0 0 0
 outer loop
  vertex 20.349437713623047 22.570594787597656 0
  vertex 20.149999618530273 22.47224235534668 0
  vertex 25.5 25.5 0
 endloop
endfacet
facet normal 0 0 0
 outer loop
  vertex -22.47224235534668 -20.149999618530273 0
  vertex -22.570594787597656 -20.349437713623047 0
  vertex -19.965105056762695 19.65129852294922 0
 endloop
endfacet
facet normal 0 0 0
 outer loop
  vertex 20.560007095336914 -19.357925415039062 0
  vertex 20.349437713623047 -19.429405212402344 0
  vertex -21 -19.299999237060547 0
 endloop
endfacet
facet normal 0 0 0
 outer loop
  vertex 25.5 -25.5 0
  vertex 21.221895217895508 -22.685455322265625 0
  vertex 21.439992904663086 -22.642074584960938 0
 endloop
endfacet
facet normal 0 0 0
 outer loop
  vertex 20.560007095336914 22.642074584960938 0
  vertex 20.349437713623047 22.570594787597656 0
  vertex 25.5 25.5 0
 endloop
endfacet
facet normal 0 0 0
 outer loop
  vertex -22.34870147705078 -19.965105056762695 0
  vertex -22.47224235534668 -20.149999618530273 0
  vertex -19.965105056762695 19.65129852294922 0
 endloop
endfacet
facet normal 0 0 0
 outer loop
  vertex 20.778104782104492 -19.314544677734375 0
  vertex 20.560007095336914 -19.357925415039062 0
  vertex -21 -19.299999237060547 0
 endloop
endfacet
facet normal 0 0 0
 outer loop
  vertex 25.5 -25.5 0
  vertex 21.439992904663086 -22.642074584960938 0
  vertex 21.650562286376953 -22.570594787597656 0
 endloop
endfacet
facet normal 0 0 0
 outer loop
  vertex 20.778104782104492 22.685455322265625 0
  vertex 20.560007095336914 22.642074584960938 0
  vertex 25.5 25.5 0
 endloop
endfacet
facet normal 0 0 0
 outer loop
  vertex -22.20208168029785 -19.79791831970215 0
  vertex -22.34870147705078 -19.965105056762695 0
  vertex -19.965105056762695 19.65129852294922 0
 endloop
endfacet
facet normal 0 0 0
 outer loop
  vertex -22.20208168029785 -19.79791831970215 0
  vertex -1.7000000476837158 -2.0818995170458873e-16 0
  vertex -1.6854562759399414 -0.2218945324420929 0
 endloop
endfacet
facet normal 0 0 0
 outer loop
  vertex 21 -19.299999237060547 0
  vertex 20.778104782104492 -19.314544677734375 0
  vertex -21 -19.299999237060547 0
 endloop
endfacet
facet normal 0 0 0
 outer loop
  vertex 25.5 -25.5 0
  vertex 21.650562286376953 -22.570594787597656 0
  vertex 21.850000381469727 -22.47224235534668 0
 endloop
endfacet
facet normal 0 0 0
 outer loop
  vertex 21 22.700000762939453 0
  vertex 20.778104782104492 22.685455322265625 0
  vertex 25.5 25.5 0
 endloop
endfacet
facet normal 0 0 0
 outer loop
  vertex -1.202081561088562 1.202081561088562 0
  vertex -22.20208168029785 -19.79791831970215 0
  vertex -19.965105056762695 19.65129852294922 0
 endloop
endfacet
facet normal 0 0 0
 outer loop
  vertex -22.20208168029785 -19.79791831970215 0
  vertex -1.6854562759399414 -0.2218945324420929 0
  vertex -1.6420738697052002 -0.43999236822128296 0
 endloop
endfacet
facet normal 0 0 0
 outer loop
  vertex 25.5 -25.5 0
  vertex 21.850000381469727 -22.47224235534668 0
  vertex 22.034894943237305 -22.34870147705078 0
 endloop
endfacet
facet normal 0 0 0
 outer loop
  vertex 21.221895217895508 22.685455322265625 0
  vertex 21 22.700000762939453 0
  vertex 25.5 25.5 0
 endloop
endfacet
facet normal 0 0 0
 outer loop
  vertex -1.0348944664001465 1.3487006425857544 0
  vertex -1.202081561088562 1.202081561088562 0
  vertex -19.965105056762695 19.65129852294922 0
 endloop
endfacet
facet normal 0 0 0
 outer loop
  vertex -22.20208168029785 -19.79791831970215 0
  vertex -1.6420738697052002 -0.43999236822128296 0
  vertex -1.5705952644348145 -0.6505618095397949 0
 endloop
endfacet
facet normal 0 0 0
 outer loop
  vertex 25.5 -25.5 0
  vertex 22.034894943237305 -22.34870147705078 0
  vertex 22.20208168029785 -22.20208168029785 0
 endloop
endfacet
facet normal 0 0 0
 outer loop
  vertex 21.439992904663086 22.642074584960938 0
  vertex 21.221895217895508 22.685455322265625 0
  vertex 25.5 25.5 0
 endloop
endfacet
facet normal 0 0 0
 outer loop
  vertex -1.0348944664001465 1.3487006425857544 0
  vertex -19.965105056762695 19.65129852294922 0
  vertex 21 19.299999237060547 0
 endloop
endfacet
facet normal 0 0 0
 outer loop
  vertex -22.20208168029785 -19.79791831970215 0
  vertex -1.5705952644348145 -0.6505618095397949 0
  vertex -1.4722431898117065 -0.8500000238418579 0
 endloop
endfacet
facet normal 0 0 0
 outer loop
  vertex 25.5 -25.5 0
  vertex 22.20208168029785 -22.20208168029785 0
  vertex 22.34870147705078 -22.034894943237305 0
 endloop
endfacet
facet normal 0 0 0
 outer loop
  vertex 21.650562286376953 22.570594787597656 0
  vertex 21.439992904663086 22.642074584960938 0
  vertex 25.5 25.5 0
 endloop
endfacet
facet normal 0 0 0
 outer loop
  vertex -1.0348944664001465 1.3487006425857544 0
  vertex 21 19.299999237060547 0
  vertex 21.221895217895508 19.314544677734375 0
 endloop
endfacet
facet normal 0 0 0
 outer loop
  vertex -22.20208168029785 -19.79791831970215 0
  vertex -1.4722431898117065 -0.8500000238418579 0
  vertex -1.3487006425857544 -1.0348944664001465 0
 endloop
endfacet
facet normal 0 0 0
 outer loop
  vertex 25.5 -25.5 0
  vertex 22.34870147705078 -22.034894943237305 0
  vertex 22.47224235534668 -21.850000381469727 0
 endloop
endfacet
facet normal 0 0 0
 outer loop
  vertex 21.850000381469727 22.47224235534668 0
  vertex 21.650562286376953 22.570594787597656 0
  vertex 25.5 25.5 0
 endloop
endfacet
facet normal 0 0 0
 outer loop
  vertex -1.0348944664001465 1.3487006425857544 0
  vertex 21.221895217895508 19.314544677734375 0
  vertex 21.439992904663086 19.357925415039062 0
 endloop
endfacet
facet normal 0 0 0
 outer loop
  vertex -22.20208168029785 -19.79791831970215 0
  vertex -1.3487006425857544 -1.0348944664001465 0
  vertex -1.202081561088562 -1.202081561088562 0
 endloop
endfacet
facet normal 0 0 0
 outer loop
  vertex 25.5 -25.5 0
  vertex 22.47224235534668 -21.850000381469727 0
  vertex 22.570594787597656 -21.650562286376953 0
 endloop
endfacet
facet normal 0 0 0
 outer loop
  vertex 22.034894943237305 22.34870147705078 0
  vertex 21.850000381469727 22.47224235534668 0
  vertex 25.5 25.5 0
 endloop
endfacet
facet normal 0 0 0
 outer loop
  vertex -1.0348944664001465 1.3487006425857544 0
  vertex 21.439992904663086 19.357925415039062 0
  vertex 21.650562286376953 19.429405212402344 0
 endloop
endfacet
facet normal 0 0 0
 outer loop
  vertex -22.034894943237305 -19.65129852294922 0
  vertex -22.20208168029785 -19.79791831970215 0
  vertex -1.202081561088562 -1.202081561088562 0
 endloop
endfacet
facet normal 0 0 0
 outer loop
  vertex 25.5 -25.5 0
  vertex 22.570594787597656 -21.650562286376953 0
  vertex 22.642074584960938 -21.439992904663086 0
 endloop
endfacet
facet normal 0 0 0
 outer loop
  vertex 22.20208168029785 22.20208168029785 0
  vertex 22.034894943237305 22.34870147705078 0
  vertex 25.5 25.5 0
 endloop
endfacet
facet normal 0 0 0
 outer loop
  vertex -1.0348944664001465 1.3487006425857544 0
  vertex 21.650562286376953 19.429405212402344 0
  vertex 21.850000381469727 19.52775764465332 0
 endloop
endfacet
facet normal 0 0 0
 outer loop
  vertex -22.034894943237305 -19.65129852294922 0
  vertex -1.202081561088562 -1.202081561088562 0
  vertex -1.0348944664001465 -1.3487006425857544 0
 endloop
endfacet
facet normal 0 0 0
 outer loop
  vertex 25.5 -25.5 0
  vertex 22.642074584960938 -21.439992904663086 0
  vertex 22.685455322265625 -21.221895217895508 0
 endloop
endfacet
facet normal 0 0 0
 outer loop
  vertex 22.34870147705078 22.034894943237305 0
  vertex 22.20208168029785 22.20208168029785 0
  vertex 25.5 25.5 0
 endloop
endfacet
facet normal 0 0 0
 outer loop
  vertex -1.0348944664001465 1.3487006425857544 0
  vertex 21.850000381469727 19.52775764465332 0
  vertex 22.034894943237305 19.65129852294922 0
 endloop
endfacet
facet normal 0 0 0
 outer loop
  vertex -22.034894943237305 -19.65129852294922 0
  vertex -1.0348944664001465 -1.3487006425857544 0
  vertex -0.8500000238418579 -1.4722431898117065 0
 endloop
endfacet
facet normal 0 0 0
 outer loop
  vertex 25.5 -25.5 0
  vertex 22.685455322265625 -21.221895217895508 0
  vertex 22.700000762939453 -21 0
 endloop
endfacet
facet normal 0 0 0
 outer loop
  vertex 22.47224235534668 21.850000381469727 0
  vertex 22.34870147705078 22.034894943237305 0
  vertex 25.5 25.5 0
 endloop
endfacet
facet normal 0 0 0
 outer loop
  vertex -0.8500000238418579 1.4722431898117065 0
  vertex -1.0348944664001465 1.3487006425857544 0
  vertex 22.034894943237305 19.65129852294922 0
 endloop
endfacet
facet normal 0 0 0
 outer loop
  vertex -22.034894943237305 -19.65129852294922 0
  vertex -0.8500000238418579 -1.4722431898117065 0
  vertex -0.6505618095397949 -1.5705952644348145 0
 endloop
endfacet
facet normal 0 0 0
 outer loop
  vertex 25.5 -25.5 0
  vertex 22.700000762939453 -21 0
  vertex 22.685455322265625 -20.778104782104492 0
 endloop
endfacet
facet normal 0 0 0
 outer loop
  vertex 22.570594787597656 21.650562286376953 0
  vertex 22.47224235534668 21.850000381469727 0
  vertex 25.5 25.5 0
 endloop
endfacet
facet normal 0 0 0
 outer loop
  vertex -0.6505618095397949 1.5705952644348145 0
  vertex -0.8500000238418579 1.4722431898117065 0
  vertex 22.034894943237305 19.65129852294922 0
 endloop
endfacet
facet normal 0 0 0
 outer loop
  vertex -22.034894943237305 -19.65129852294922 0
  vertex -0.6505618095397949 -1.5705952644348145 0
  vertex -0.43999236822128296 -1.6420738697052002 0
 endloop
endfacet
facet normal 0 0 0
 outer loop
  vertex 25.5 -25.5 0
  vertex 22.685455322265625 -20.778104782104492 0
  vertex 22.642074584960938 -20.560007095336914 0
 endloop
endfacet
facet normal 0 0 0
 outer loop
  vertex 22.642074584960938 21.439992904663086 0
  vertex 22.570594787597656 21.650562286376953 0
  vertex 25.5 25.5 0
 endloop
endfacet
facet normal 0 0 0
 outer loop
  vertex -0.43999236822128296 1.6420738697052002 0
  vertex -0.6505618095397949 1.5705952644348145 0
  vertex 22.034894943237305 19.65129852294922 0
 endloop
endfacet
facet normal 0 0 0
 outer loop
  vertex -22.034894943237305 -19.65129852294922 0
  vertex -0.43999236822128296 -1.6420738697052002 0
  vertex -0.2218945324420929 -1.6854562759399414 0
 endloop
endfacet
facet normal 0 0 0
 outer loop
  vertex 25.5 -25.5 0
  vertex 22.642074584960938 -20.560007095336914 0
  vertex 22.570594787597656 -20.349437713623047 0
 endloop
endfacet
facet normal 0 0 0
 outer loop
  vertex 22.685455322265625 21.221895217895508 0
  vertex 22.642074584960938 21.439992904663086 0
  vertex 25.5 25.5 0
 endloop
endfacet
facet normal 0 0 0
 outer loop
  vertex -0.2218945324420929 1.6854562759399414 0
  vertex -0.43999236822128296 1.6420738697052002 0
  vertex 22.034894943237305 19.65129852294922 0
 endloop
endfacet
facet normal 0 0 0
 outer loop
  vertex -22.034894943237305 -19.65129852294922 0
  vertex -0.2218945324420929 -1.6854562759399414 0
  vertex 1.0409497585229437e-16 -1.7000000476837158 0
 endloop
endfacet
facet normal 0 0 0
 outer loop
  vertex 25.5 -25.5 0
  vertex 22.570594787597656 -20.349437713623047 0
  vertex 22.47224235534668 -20.149999618530273 0
 endloop
endfacet
facet normal 0 0 0
 outer loop
  vertex 22.700000762939453 21 0
  vertex 22.685455322265625 21.221895217895508 0
  vertex 25.5 25.5 0
 endloop
endfacet
facet normal 0 0 0
 outer loop
  vertex -3.122849275568831e-16 1.7000000476837158 0
  vertex -0.2218945324420929 1.6854562759399414 0
  vertex 22.034894943237305 19.65129852294922 0
 endloop
endfacet
facet normal 0 0 0
 outer loop
  vertex -22.034894943237305 -19.65129852294922 0
  vertex 1.0409497585229437e-16 -1.7000000476837158 0
  vertex 0.2218945324420929 -1.6854562759399414 0
 endloop
endfacet
facet normal 0 0 0
 outer loop
  vertex 25.5 25.5 0
  vertex 25.5 -25.5 0
  vertex 22.47224235534668 -20.149999618530273 0
 endloop
endfacet
facet normal 0 0 0
 outer loop
  vertex 22.685455322265625 20.778104782104492 0
  vertex 22.700000762939453 21 0
  vertex 25.5 25.5 0
 endloop
endfacet
facet normal 0 0 0
 outer loop
  vertex 0.2218945324420929 1.6854562759399414 0
  vertex -3.122849275568831e-16 1.7000000476837158 0
  vertex 22.034894943237305 19.65129852294922 0
 endloop
endfacet
facet normal 0 0 0
 outer loop
  vertex -22.034894943237305 -19.65129852294922 0
  vertex 0.2218945324420929 -1.6854562759399414 0
  vertex 0.43999236822128296 -1.6420738697052002 0
 endloop
endfacet
facet normal 0 0 0
 outer loop
  vertex 25.5 25.5 0
  vertex 22.47224235534668 -20.149999618530273 0
  vertex 22.34870147705078 -19.965105056762695 0
 endloop
endfacet
facet normal 0 0 0
 outer loop
  vertex 22.642074584960938 20.560007095336914 0
  vertex 22.685455322265625 20.778104782104492 0
  vertex 25.5 25.5 0
 endloop
endfacet
facet normal 0 0 0
 outer loop
  vertex 0.43999236822128296 1.6420738697052002 0
  vertex 0.2218945324420929 1.6854562759399414 0
  vertex 22.034894943237305 19.65129852294922 0
 endloop
endfacet
facet normal 0 0 0
 outer loop
  vertex -22.034894943237305 -19.65129852294922 0
  vertex 0.43999236822128296 -1.6420738697052002 0
  vertex 0.6505618095397949 -1.5705952644348145 0
 endloop
endfacet
facet normal 0 0 0
 outer loop
  vertex 25.5 25.5 0
  vertex 22.34870147705078 -19.965105056762695 0
  vertex 22.20208168029785 -19.79791831970215 0
 endloop
endfacet
facet normal 0 0 0
 outer loop
  vertex 22.570594787597656 20.349437713623047 0
  vertex 22.642074584960938 20.560007095336914 0
  vertex 25.5 25.5 0
 endloop
endfacet
facet normal 0 0 0
 outer loop
  vertex 0.6505618095397949 1.5705952644348145 0
  vertex 0.43999236822128296 1.6420738697052002 0
  vertex 22.034894943237305 19.65129852294922 0
 endloop
endfacet
facet normal 0 0 0
 outer loop
  vertex -22.034894943237305 -19.65129852294922 0
  vertex 0.6505618095397949 -1.5705952644348145 0
  vertex 0.8500000238418579 -1.4722431898117065 0
 endloop
endfacet
facet normal 0 0 0
 outer loop
  vertex 25.5 25.5 0
  vertex 22.20208168029785 -19.79791831970215 0
  vertex 22.034894943237305 -19.65129852294922 0
 endloop
endfacet
facet normal 0 0 0
 outer loop
  vertex 22.47224235534668 20.149999618530273 0
  vertex 22.570594787597656 20.349437713623047 0
  vertex 25.5 25.5 0
 endloop
endfacet
facet normal 0 0 0
 outer loop
  vertex 0.8500000238418579 1.4722431898117065 0
  vertex 0.6505618095397949 1.5705952644348145 0
  vertex 22.034894943237305 19.65129852294922 0
 endloop
endfacet
facet normal 0 0 0
 outer loop
  vertex -22.034894943237305 -19.65129852294922 0
  vertex 0.8500000238418579 -1.4722431898117065 0
  vertex 1.0348944664001465 -1.3487006425857544 0
 endloop
endfacet
facet normal 0 0 0
 outer loop
  vertex 25.5 25.5 0
  vertex 22.034894943237305 -19.65129852294922 0
  vertex 21.850000381469727 -19.52775764465332 0
 endloop
endfacet
facet normal 0 0 0
 outer loop
  vertex 1.0348944664001465 1.3487006425857544 0
  vertex 0.8500000238418579 1.4722431898117065 0
  vertex 22.034894943237305 19.65129852294922 0
 endloop
endfacet
facet normal 0 0 0
 outer loop
  vertex -21.850000381469727 -19.52775764465332 0
  vertex -22.034894943237305 -19.65129852294922 0
  vertex 1.0348944664001465 -1.3487006425857544 0
 endloop
endfacet
facet normal 0 0 0
 outer loop
  vertex 25.5 25.5 0
  vertex 21.850000381469727 -19.52775764465332 0
  vertex 21.650562286376953 -19.429405212402344 0
 endloop
endfacet
facet normal 0 0 0
 outer loop
  vertex 1.202081561088562 1.202081561088562 0
  vertex 1.0348944664001465 1.3487006425857544 0
  vertex 22.034894943237305 19.65129852294922 0
 endloop
endfacet
facet normal 0 0 0
 outer loop
  vertex -21.650562286376953 -19.429405212402344 0
  vertex -21.850000381469727 -19.52775764465332 0
  vertex 1.0348944664001465 -1.3487006425857544 0
 endloop
endfacet
facet normal 0 0 0
 outer loop
  vertex 25.5 25.5 0
  vertex 21.650562286376953 -19.429405212402344 0
  vertex 21.439992904663086 -19.357925415039062 0
 endloop
endfacet
facet normal 0 0 0
 outer loop
  vertex 1.202081561088562 1.202081561088562 0
  vertex 22.034894943237305 19.65129852294922 0
  vertex 22.20208168029785 19.79791831970215 0
 endloop
endfacet
facet normal 0 0 0
 outer loop
  vertex -21.439992904663086 -19.357925415039062 0
  vertex -21.650562286376953 -19.429405212402344 0
  vertex 1.0348944664001465 -1.3487006425857544 0
 endloop
endfacet
facet normal 0 0 0
 outer loop
  vertex 25.5 25.5 0
  vertex 21.439992904663086 -19.357925415039062 0
  vertex 21.221895217895508 -19.314544677734375 0
 endloop
endfacet
facet normal 0 0 0
 outer loop
  vertex 1.3487006425857544 1.0348944664001465 0
  vertex 1.202081561088562 1.202081561088562 0
  vertex 22.20208168029785 19.79791831970215 0
 endloop
endfacet
facet normal 0 0 0
 outer loop
  vertex -21.221895217895508 -19.314544677734375 0
  vertex -21.439992904663086 -19.357925415039062 0
  vertex 1.0348944664001465 -1.3487006425857544 0
 endloop
endfacet
facet normal 0 0 0
 outer loop
  vertex 25.5 25.5 0
  vertex 21.221895217895508 -19.314544677734375 0
  vertex 21 -19.299999237060547 0
 endloop
endfacet
facet normal 0 0 0
 outer loop
  vertex 1.4722431898117065 0.8500000238418579 0
  vertex 1.3487006425857544 1.0348944664001465 0
  vertex 22.20208168029785 19.79791831970215 0
 endloop
endfacet
facet normal 0 0 0
 outer loop
  vertex -21 -19.299999237060547 0
  vertex -21.221895217895508 -19.314544677734375 0
  vertex 1.0348944664001465 -1.3487006425857544 0
 endloop
endfacet
facet normal 0 0 0
 outer loop
  vertex 22.47224235534668 20.149999618530273 0
  vertex 25.5 25.5 0
  vertex 21 -19.299999237060547 0
 endloop
endfacet
facet normal 0 0 0
 outer loop
  vertex 1.5705952644348145 0.6505618095397949 0
  vertex 1.4722431898117065 0.8500000238418579 0
  vertex 22.20208168029785 19.79791831970215 0
 endloop
endfacet
facet normal 0 0 0
 outer loop
  vertex 21 -19.299999237060547 0
  vertex -21 -19.299999237060547 0
  vertex 1.0348944664001465 -1.3487006425857544 0
 endloop
endfacet
facet normal 0 0 0
 outer loop
  vertex 22.34870147705078 19.965105056762695 0
  vertex 22.47224235534668 20.149999618530273 0
  vertex 21 -19.299999237060547 0
 endloop
endfacet
facet normal 0 0 0
 outer loop
  vertex 1.6420738697052002 0.43999236822128296 0
  vertex 1.5705952644348145 0.6505618095397949 0
  vertex 22.20208168029785 19.79791831970215 0
 endloop
endfacet
facet normal 0 0 0
 outer loop
  vertex 21 -19.299999237060547 0
  vertex 1.0348944664001465 -1.3487006425857544 0
  vertex 1.202081561088562 -1.202081561088562 0
 endloop
endfacet
facet normal 0 0 0
 outer loop
  vertex 22.20208168029785 19.79791831970215 0
  vertex 22.34870147705078 19.965105056762695 0
  vertex 21 -19.299999237060547 0
 endloop
endfacet
facet normal 0 0 0
 outer loop
  vertex 1.6854562759399414 0.2218945324420929 0
  vertex 1.6420738697052002 0.43999236822128296 0
  vertex 22.20208168029785 19.79791831970215 0
 endloop
endfacet
facet normal 0 0 0
 outer loop
  vertex 21 -19.299999237060547 0
  vertex 1.202081561088562 -1.202081561088562 0
  vertex 1.3487006425857544 -1.0348944664001465 0
 endloop
endfacet
facet normal 0 0 0
 outer loop
  vertex 1.6854562759399414 0.2218945324420929 0
  vertex 22.20208168029785 19.79791831970215 0
  vertex 21 -19.299999237060547 0
 endloop
endfacet
facet normal 0 0 0
 outer loop
  vertex 21 -19.299999237060547 0
  vertex 1.3487006425857544 -1.0348944664001465 0
  vertex 1.4722431898117065 -0.8500000238418579 0
 endloop
endfacet
facet normal 0 0 0
 outer loop
  vertex 1.7000000476837158 0 0
  vertex 1.6854562759399414 0.2218945324420929 0
  vertex 21 -19.299999237060547 0
 endloop
endfacet
facet normal 0 0 0
 outer loop
  vertex 21 -19.299999237060547 0
  vertex 1.4722431898117065 -0.8500000238418579 0
  vertex 1.5705952644348145 -0.6505618095397949 0
 endloop
endfacet
facet normal 0 0 0
 outer loop
  vertex 1.6854562759399414 -0.2218945324420929 0
  vertex 1.7000000476837158 0 0
  vertex 21 -19.299999237060547 0
 endloop
endfacet
facet normal 0 0 0
 outer loop
  vertex 21 -19.299999237060547 0
  vertex 1.5705952644348145 -0.6505618095397949 0
  vertex 1.6420738697052002 -0.43999236822128296 0
 endloop
endfacet
facet normal 0 0 0
 outer loop
  vertex 1.6420738697052002 -0.43999236822128296 0
  vertex 1.6854562759399414 -0.2218945324420929 0
  vertex 21 -19.299999237060547 0
 endloop
endfacet
facet normal 0 0 0
 outer loop
  vertex -19.299999237060547 21 3
  vertex 19.299999237060547 21 3
  vertex 19.314544677734375 21.221895217895508 3
 endloop
endfacet
facet normal 0 0 0
 outer loop
  vertex 19.314544677734375 20.778104782104492 3
  vertex 19.299999237060547 21 3
  vertex -19.299999237060547 21 3
 endloop
endfacet
facet normal 0 0 0
 outer loop
  vertex -22.700000762939453 21 3
  vertex -25.5 -25.5 3
  vertex -22.700000762939453 -21 3
 endloop
endfacet
facet normal 0 0 0
 outer loop
  vertex -22.20208168029785 -19.79791831970215 3
  vertex -1.7000000476837158 -2.0818995170458873e-16 3
  vertex -1.6854562759399414 0.2218945324420929 3
 endloop
endfacet
facet normal 0 0 0
 outer loop
  vertex -19.314544677734375 -20.778104782104492 3
  vertex -19.299999237060547 -21 3
  vertex 19.299999237060547 -21 3
 endloop
endfacet
facet normal 0 0 0
 outer loop
  vertex 19.314544677734375 -21.221895217895508 3
  vertex 19.299999237060547 -21 3
  vertex -19.299999237060547 -21 3
 endloop
endfacet
facet normal 0 0 0
 outer loop
  vertex -22.685455322265625 -21.221895217895508 3
  vertex -22.700000762939453 -21 3
  vertex -25.5 -25.5 3
 endloop
endfacet
facet normal 0 0 0
 outer loop
  vertex -25.5 25.5 3
  vertex -25.5 -25.5 3
  vertex -22.700000762939453 21 3
 endloop
endfacet
facet normal 0 0 0
 outer loop
  vertex -19.314544677734375 21.221895217895508 3
  vertex -19.299999237060547 21 3
  vertex 19.314544677734375 21.221895217895508 3
 endloop
endfacet
facet normal 0 0 0
 outer loop
  vertex 19.357925415039062 20.560007095336914 3
  vertex 19.314544677734375 20.778104782104492 3
  vertex -19.299999237060547 21 3
 endloop
endfacet
facet normal 0 0 0
 outer loop
  vertex -22.685455322265625 20.778104782104492 3
  vertex -22.700000762939453 21 3
  vertex -22.700000762939453 -21 3
 endloop
endfacet
facet normal 0 0 0
 outer loop
  vertex -22.20208168029785 -19.79791831970215 3
  vertex -1.6854562759399414 0.2218945324420929 3
  vertex -1.6420738697052002 0.43999236822128296 3
 endloop
endfacet
facet normal 0 0 0
 outer loop
  vertex -19.357925415039062 -20.560007095336914 3
  vertex -19.314544677734375 -20.778104782104492 3
  vertex 19.299999237060547 -21 3
 endloop
endfacet
facet normal 0 0 0
 outer loop
  vertex 19.357925415039062 -21.439992904663086 3
  vertex 19.314544677734375 -21.221895217895508 3
  vertex -19.299999237060547 -21 3
 endloop
endfacet
facet normal 0 0 0
 outer loop
  vertex -22.642074584960938 -21.439992904663086 3
  vertex -22.685455322265625 -21.221895217895508 3
  vertex -25.5 -25.5 3
 endloop
endfacet
facet normal 0 0 0
 outer loop
  vertex -25.5 25.5 3
  vertex -22.700000762939453 21 3
  vertex -22.685455322265625 21.221895217895508 3
 endloop
endfacet
facet normal 0 0 0
 outer loop
  vertex -19.357925415039062 21.439992904663086 3
  vertex -19.314544677734375 21.221895217895508 3
  vertex 19.314544677734375 21.221895217895508 3
 endloop
endfacet
facet normal 0 0 0
 outer loop
  vertex 19.429405212402344 20.349437713623047 3
  vertex 19.357925415039062 20.560007095336914 3
  vertex -19.299999237060547 21 3
 endloop
endfacet
facet normal 0 0 0
 outer loop
  vertex -22.642074584960938 20.560007095336914 3
  vertex -22.685455322265625 20.778104782104492 3
  vertex -22.700000762939453 -21 3
 endloop
endfacet
facet normal 0 0 0
 outer loop
  vertex -22.20208168029785 -19.79791831970215 3
  vertex -1.6420738697052002 0.43999236822128296 3
  vertex -1.5705952644348145 0.6505618095397949 3
 endloop
endfacet
facet normal 0 0 0
 outer loop
  vertex -19.429405212402344 -20.349437713623047 3
  vertex -19.357925415039062 -20.560007095336914 3
  vertex 19.299999237060547 -21 3
 endloop
endfacet
facet normal 0 0 0
 outer loop
  vertex 19.429405212402344 -21.650562286376953 3
  vertex 19.357925415039062 -21.439992904663086 3
  vertex -19.299999237060547 -21 3
 endloop
endfacet
facet normal 0 0 0
 outer loop
  vertex -22.570594787597656 -21.650562286376953 3
  vertex -22.642074584960938 -21.439992904663086 3
  vertex -25.5 -25.5 3
 endloop
endfacet
facet normal 0 0 0
 outer loop
  vertex -25.5 25.5 3
  vertex -22.685455322265625 21.221895217895508 3
  vertex -22.642074584960938 21.439992904663086 3
 endloop
endfacet
facet normal 0 0 0
 outer loop
  vertex -19.429405212402344 21.650562286376953 3
  vertex -19.357925415039062 21.439992904663086 3
  vertex 19.314544677734375 21.221895217895508 3
 endloop
endfacet
facet normal 0 0 0
 outer loop
  vertex 19.52775764465332 20.149999618530273 3
  vertex 19.429405212402344 20.349437713623047 3
  vertex -19.299999237060547 21 3
 endloop
endfacet
facet normal 0 0 0
 outer loop
  vertex -22.570594787597656 20.349437713623047 3
  vertex -22.642074584960938 20.560007095336914 3
  vertex -22.700000762939453 -21 3
 endloop
endfacet
facet normal 0 0 0
 outer loop
  vertex -22.20208168029785 -19.79791831970215 3
  vertex -1.5705952644348145 0.6505618095397949 3
  vertex -1.4722431898117065 0.8500000238418579 3
 endloop
endfacet
facet normal 0 0 0
 outer loop
  vertex -19.52775764465332 -20.149999618530273 3
  vertex -19.429405212402344 -20.349437713623047 3
  vertex 19.299999237060547 -21 3
 endloop
endfacet
facet normal 0 0 0
 outer loop
  vertex 19.52775764465332 -21.850000381469727 3
  vertex 19.429405212402344 -21.650562286376953 3
  vertex -19.299999237060547 -21 3
 endloop
endfacet
facet normal 0 0 0
 outer loop
  vertex -22.47224235534668 -21.850000381469727 3
  vertex -22.570594787597656 -21.650562286376953 3
  vertex -25.5 -25.5 3
 endloop
endfacet
facet normal 0 0 0
 outer loop
  vertex -25.5 25.5 3
  vertex -22.642074584960938 21.439992904663086 3
  vertex -22.570594787597656 21.650562286376953 3
 endloop
endfacet
facet normal 0 0 0
 outer loop
  vertex -19.52775764465332 21.850000381469727 3
  vertex -19.429405212402344 21.650562286376953 3
  vertex 19.314544677734375 21.221895217895508 3
 endloop
endfacet
facet normal 0 0 0
 outer loop
  vertex 19.65129852294922 19.965105056762695 3
  vertex 19.52775764465332 20.149999618530273 3
  vertex -19.299999237060547 21 3
 endloop
endfacet
facet normal 0 0 0
 outer loop
  vertex -22.47224235534668 20.149999618530273 3
  vertex -22.570594787597656 20.349437713623047 3
  vertex -22.700000762939453 -21 3
 endloop
endfacet
facet normal 0 0 0
 outer loop
  vertex -22.20208168029785 -19.79791831970215 3
  vertex -1.4722431898117065 0.8500000238418579 3
  vertex -1.3487006425857544 1.0348944664001465 3
 endloop
endfacet
facet normal 0 0 0
 outer loop
  vertex -19.65129852294922 -19.965105056762695 3
  vertex -19.52775764465332 -20.149999618530273 3
  vertex 19.299999237060547 -21 3
 endloop
endfacet
facet normal 0 0 0
 outer loop
  vertex 19.65129852294922 -22.034894943237305 3
  vertex 19.52775764465332 -21.850000381469727 3
  vertex -19.299999237060547 -21 3
 endloop
endfacet
facet normal 0 0 0
 outer loop
  vertex -22.34870147705078 -22.034894943237305 3
  vertex -22.47224235534668 -21.850000381469727 3
  vertex -25.5 -25.5 3
 endloop
endfacet
facet normal 0 0 0
 outer loop
  vertex -25.5 25.5 3
  vertex -22.570594787597656 21.650562286376953 3
  vertex -22.47224235534668 21.850000381469727 3
 endloop
endfacet
facet normal 0 0 0
 outer loop
  vertex -19.65129852294922 22.034894943237305 3
  vertex -19.52775764465332 21.850000381469727 3
  vertex 19.314544677734375 21.221895217895508 3
 endloop
endfacet
facet normal 0 0 0
 outer loop
  vertex 19.79791831970215 19.79791831970215 3
  vertex 19.65129852294922 19.965105056762695 3
  vertex -19.299999237060547 21 3
 endloop
endfacet
facet normal 0 0 0
 outer loop
  vertex -22.34870147705078 19.965105056762695 3
  vertex -22.47224235534668 20.149999618530273 3
  vertex -22.700000762939453 -21 3
 endloop
endfacet
facet normal 0 0 0
 outer loop
  vertex -22.20208168029785 -19.79791831970215 3
  vertex -1.3487006425857544 1.0348944664001465 3
  vertex -1.202081561088562 1.202081561088562 3
 endloop
endfacet
facet normal 0 0 0
 outer loop
  vertex -19.79791831970215 -19.79791831970215 3
  vertex -19.65129852294922 -19.965105056762695 3
  vertex 19.299999237060547 -21 3
 endloop
endfacet
facet normal 0 0 0
 outer loop
  vertex 19.79791831970215 -22.20208168029785 3
  vertex 19.65129852294922 -22.034894943237305 3
  vertex -19.299999237060547 -21 3
 endloop
endfacet
facet normal 0 0 0
 outer loop
  vertex -22.20208168029785 -22.20208168029785 3
  vertex -22.34870147705078 -22.034894943237305 3
  vertex -25.5 -25.5 3
 endloop
endfacet
facet normal 0 0 0
 outer loop
  vertex -25.5 25.5 3
  vertex -22.47224235534668 21.850000381469727 3
  vertex -22.34870147705078 22.034894943237305 3
 endloop
endfacet
facet normal 0 0 0
 outer loop
  vertex -19.79791831970215 22.20208168029785 3
  vertex -19.65129852294922 22.034894943237305 3
  vertex 19.314544677734375 21.221895217895508 3
 endloop
endfacet
facet normal 0 0 0
 outer loop
  vertex 19.965105056762695 19.65129852294922 3
  vertex 19.79791831970215 19.79791831970215 3
  vertex -19.299999237060547 21 3
 endloop
endfacet
facet normal 0 0 0
 outer loop
  vertex -22.20208168029785 19.79791831970215 3
  vertex -22.34870147705078 19.965105056762695 3
  vertex -22.700000762939453 -21 3
 endloop
endfacet
facet normal 0 0 0
 outer loop
  vertex -19.965105056762695 -19.65129852294922 3
  vertex -19.79791831970215 -19.79791831970215 3
  vertex 19.299999237060547 -21 3
 endloop
endfacet
facet normal 0 0 0
 outer loop
  vertex 19.965105056762695 -22.34870147705078 3
  vertex 19.79791831970215 -22.20208168029785 3
  vertex -19.299999237060547 -21 3
 endloop
endfacet
facet normal 0 0 0
 outer loop
  vertex -22.034894943237305 -22.34870147705078 3
  vertex -22.20208168029785 -22.20208168029785 3
  vertex -25.5 -25.5 3
 endloop
endfacet
facet normal 0 0 0
 outer loop
  vertex -25.5 25.5 3
  vertex -22.34870147705078 22.034894943237305 3
  vertex -22.20208168029785 22.20208168029785 3
 endloop
endfacet
facet normal 0 0 0
 outer loop
  vertex -19.965105056762695 22.34870147705078 3
  vertex -19.79791831970215 22.20208168029785 3
  vertex 19.314544677734375 21.221895217895508 3
 endloop
endfacet
facet normal 0 0 0
 outer loop
  vertex 20.149999618530273 19.52775764465332 3
  vertex 19.965105056762695 19.65129852294922 3
  vertex -19.299999237060547 21 3
 endloop
endfacet
facet normal 0 0 0
 outer loop
  vertex -22.034894943237305 19.65129852294922 3
  vertex -22.20208168029785 19.79791831970215 3
  vertex -22.700000762939453 -21 3
 endloop
endfacet
facet normal 0 0 0
 outer loop
  vertex -20.149999618530273 -19.52775764465332 3
  vertex -19.965105056762695 -19.65129852294922 3
  vertex 19.299999237060547 -21 3
 endloop
endfacet
facet normal 0 0 0
 outer loop
  vertex 20.149999618530273 -22.47224235534668 3
  vertex 19.965105056762695 -22.34870147705078 3
  vertex -19.299999237060547 -21 3
 endloop
endfacet
facet normal 0 0 0
 outer loop
  vertex -21.850000381469727 -22.47224235534668 3
  vertex -22.034894943237305 -22.34870147705078 3
  vertex -25.5 -25.5 3
 endloop
endfacet
facet normal 0 0 0
 outer loop
  vertex -25.5 25.5 3
  vertex -22.20208168029785 22.20208168029785 3
  vertex -22.034894943237305 22.34870147705078 3
 endloop
endfacet
facet normal 0 0 0
 outer loop
  vertex -20.149999618530273 22.47224235534668 3
  vertex -19.965105056762695 22.34870147705078 3
  vertex 19.314544677734375 21.221895217895508 3
 endloop
endfacet
facet normal 0 0 0
 outer loop
  vertex 20.349437713623047 19.429405212402344 3
  vertex 20.149999618530273 19.52775764465332 3
  vertex -19.299999237060547 21 3
 endloop
endfacet
facet normal 0 0 0
 outer loop
  vertex -21.850000381469727 19.52775764465332 3
  vertex -22.034894943237305 19.65129852294922 3
  vertex -22.700000762939453 -21 3
 endloop
endfacet
facet normal 0 0 0
 outer loop
  vertex -20.349437713623047 -19.429405212402344 3
  vertex -20.149999618530273 -19.52775764465332 3
  vertex 19.299999237060547 -21 3
 endloop
endfacet
facet normal 0 0 0
 outer loop
  vertex 20.349437713623047 -22.570594787597656 3
  vertex 20.149999618530273 -22.47224235534668 3
  vertex -19.299999237060547 -21 3
 endloop
endfacet
facet normal 0 0 0
 outer loop
  vertex -21.650562286376953 -22.570594787597656 3
  vertex -21.850000381469727 -22.47224235534668 3
  vertex -25.5 -25.5 3
 endloop
endfacet
facet normal 0 0 0
 outer loop
  vertex -25.5 25.5 3
  vertex -22.034894943237305 22.34870147705078 3
  vertex -21.850000381469727 22.47224235534668 3
 endloop
endfacet
facet normal 0 0 0
 outer loop
  vertex -20.349437713623047 22.570594787597656 3
  vertex -20.149999618530273 22.47224235534668 3
  vertex 19.314544677734375 21.221895217895508 3
 endloop
endfacet
facet normal 0 0 0
 outer loop
  vertex 20.560007095336914 19.357925415039062 3
  vertex 20.349437713623047 19.429405212402344 3
  vertex -19.299999237060547 21 3
 endloop
endfacet
facet normal 0 0 0
 outer loop
  vertex -21.650562286376953 19.429405212402344 3
  vertex -21.850000381469727 19.52775764465332 3
  vertex -22.700000762939453 -21 3
 endloop
endfacet
facet normal 0 0 0
 outer loop
  vertex -20.560007095336914 -19.357925415039062 3
  vertex -20.349437713623047 -19.429405212402344 3
  vertex 19.299999237060547 -21 3
 endloop
endfacet
facet normal 0 0 0
 outer loop
  vertex 20.560007095336914 -22.642074584960938 3
  vertex 20.349437713623047 -22.570594787597656 3
  vertex -19.299999237060547 -21 3
 endloop
endfacet
facet normal 0 0 0
 outer loop
  vertex -21.439992904663086 -22.642074584960938 3
  vertex -21.650562286376953 -22.570594787597656 3
  vertex -25.5 -25.5 3
 endloop
endfacet
facet normal 0 0 0
 outer loop
  vertex -25.5 25.5 3
  vertex -21.850000381469727 22.47224235534668 3
  vertex -21.650562286376953 22.570594787597656 3
 endloop
endfacet
facet normal 0 0 0
 outer loop
  vertex -20.560007095336914 22.642074584960938 3
  vertex -20.349437713623047 22.570594787597656 3
  vertex 19.314544677734375 21.221895217895508 3
 endloop
endfacet
facet normal 0 0 0
 outer loop
  vertex 20.778104782104492 19.314544677734375 3
  vertex 20.560007095336914 19.357925415039062 3
  vertex -19.299999237060547 21 3
 endloop
endfacet
facet normal 0 0 0
 outer loop
  vertex -21.439992904663086 19.357925415039062 3
  vertex -21.650562286376953 19.429405212402344 3
  vertex -22.700000762939453 -21 3
 endloop
endfacet
facet normal 0 0 0
 outer loop
  vertex -20.778104782104492 -19.314544677734375 3
  vertex -20.560007095336914 -19.357925415039062 3
  vertex 19.299999237060547 -21 3
 endloop
endfacet
facet normal 0 0 0
 outer loop
  vertex 20.778104782104492 -22.685455322265625 3
  vertex 20.560007095336914 -22.642074584960938 3
  vertex -19.299999237060547 -21 3
 endloop
endfacet
facet normal 0 0 0
 outer loop
  vertex -21.221895217895508 -22.685455322265625 3
  vertex -21.439992904663086 -22.642074584960938 3
  vertex -25.5 -25.5 3
 endloop
endfacet
facet normal 0 0 0
 outer loop
  vertex -25.5 25.5 3
  vertex -21.650562286376953 22.570594787597656 3
  vertex -21.439992904663086 22.642074584960938 3
 endloop
endfacet
facet normal 0 0 0
 outer loop
  vertex -20.778104782104492 22.685455322265625 3
  vertex -20.560007095336914 22.642074584960938 3
  vertex 19.314544677734375 21.221895217895508 3
 endloop
endfacet
facet normal 0 0 0
 outer loop
  vertex 21 19.299999237060547 3
  vertex 20.778104782104492 19.314544677734375 3
  vertex -19.299999237060547 21 3
 endloop
endfacet
facet normal 0 0 0
 outer loop
  vertex -21.221895217895508 19.314544677734375 3
  vertex -21.439992904663086 19.357925415039062 3
  vertex -22.700000762939453 -21 3
 endloop
endfacet
facet normal 0 0 0
 outer loop
  vertex -21 -19.299999237060547 3
  vertex -20.778104782104492 -19.314544677734375 3
  vertex 19.299999237060547 -21 3
 endloop
endfacet
facet normal 0 0 0
 outer loop
  vertex 21 -22.700000762939453 3
  vertex 20.778104782104492 -22.685455322265625 3
  vertex -19.299999237060547 -21 3
 endloop
endfacet
facet normal 0 0 0
 outer loop
  vertex -21 -22.700000762939453 3
  vertex -21.221895217895508 -22.685455322265625 3
  vertex -25.5 -25.5 3
 endloop
endfacet
facet normal 0 0 0
 outer loop
  vertex -25.5 25.5 3
  vertex -21.439992904663086 22.642074584960938 3
  vertex -21.221895217895508 22.685455322265625 3
 endloop
endfacet
facet normal 0 0 0
 outer loop
  vertex -21 22.700000762939453 3
  vertex -20.778104782104492 22.685455322265625 3
  vertex 19.314544677734375 21.221895217895508 3
 endloop
endfacet
facet normal 0 0 0
 outer loop
  vertex 21 19.299999237060547 3
  vertex -19.299999237060547 21 3
  vertex -19.314544677734375 20.778104782104492 3
 endloop
endfacet
facet normal 0 0 0
 outer loop
  vertex -21 19.299999237060547 3
  vertex -21.221895217895508 19.314544677734375 3
  vertex -22.700000762939453 -21 3
 endloop
endfacet
facet normal 0 0 0
 outer loop
  vertex -21 -19.299999237060547 3
  vertex 19.299999237060547 -21 3
  vertex 19.314544677734375 -20.778104782104492 3
 endloop
endfacet
facet normal 0 0 0
 outer loop
  vertex 21 -22.700000762939453 3
  vertex -19.299999237060547 -21 3
  vertex -19.314544677734375 -21.221895217895508 3
 endloop
endfacet
facet normal 0 0 0
 outer loop
  vertex -20.778104782104492 -22.685455322265625 3
  vertex -21 -22.700000762939453 3
  vertex -25.5 -25.5 3
 endloop
endfacet
facet normal 0 0 0
 outer loop
  vertex -25.5 25.5 3
  vertex -21.221895217895508 22.685455322265625 3
  vertex -21 22.700000762939453 3
 endloop
endfacet
facet normal 0 0 0
 outer loop
  vertex -21 22.700000762939453 3
  vertex 19.314544677734375 21.221895217895508 3
  vertex 19.357925415039062 21.439992904663086 3
 endloop
endfacet
facet normal 0 0 0
 outer loop
  vertex 21 19.299999237060547 3
  vertex -19.314544677734375 20.778104782104492 3
  vertex -19.357925415039062 20.560007095336914 3
 endloop
endfacet
facet normal 0 0 0
 outer loop
  vertex -20.778104782104492 19.314544677734375 3
  vertex -21 19.299999237060547 3
  vertex -22.700000762939453 -21 3
 endloop
endfacet
facet normal 0 0 0
 outer loop
  vertex -21 -19.299999237060547 3
  vertex 19.314544677734375 -20.778104782104492 3
  vertex 19.357925415039062 -20.560007095336914 3
 endloop
endfacet
facet normal 0 0 0
 outer loop
  vertex 21 -22.700000762939453 3
  vertex -19.314544677734375 -21.221895217895508 3
  vertex -19.357925415039062 -21.439992904663086 3
 endloop
endfacet
facet normal 0 0 0
 outer loop
  vertex -20.560007095336914 -22.642074584960938 3
  vertex -20.778104782104492 -22.685455322265625 3
  vertex -25.5 -25.5 3
 endloop
endfacet
facet normal 0 0 0
 outer loop
  vertex 25.5 25.5 3
  vertex -25.5 25.5 3
  vertex -21 22.700000762939453 3
 endloop
endfacet
facet normal 0 0 0
 outer loop
  vertex -21 22.700000762939453 3
  vertex 19.357925415039062 21.439992904663086 3
  vertex 19.429405212402344 21.650562286376953 3
 endloop
endfacet
facet normal 0 0 0
 outer loop
  vertex 21 19.299999237060547 3
  vertex -19.357925415039062 20.560007095336914 3
  vertex -19.429405212402344 20.349437713623047 3
 endloop
endfacet
facet normal 0 0 0
 outer loop
  vertex -20.560007095336914 19.357925415039062 3
  vertex -20.778104782104492 19.314544677734375 3
  vertex -22.700000762939453 -21 3
 endloop
endfacet
facet normal 0 0 0
 outer loop
  vertex -21 -19.299999237060547 3
  vertex 19.357925415039062 -20.560007095336914 3
  vertex 19.429405212402344 -20.349437713623047 3
 endloop
endfacet
facet normal 0 0 0
 outer loop
  vertex 21 -22.700000762939453 3
  vertex -19.357925415039062 -21.439992904663086 3
  vertex -19.429405212402344 -21.650562286376953 3
 endloop
endfacet
facet normal 0 0 0
 outer loop
  vertex -20.349437713623047 -22.570594787597656 3
  vertex -20.560007095336914 -22.642074584960938 3
  vertex -25.5 -25.5 3
 endloop
endfacet
facet normal 0 0 0
 outer loop
  vertex -21 22.700000762939453 3
  vertex 19.429405212402344 21.650562286376953 3
  vertex 19.52775764465332 21.850000381469727 3
 endloop
endfacet
facet normal 0 0 0
 outer loop
  vertex 21 19.299999237060547 3
  vertex -19.429405212402344 20.349437713623047 3
  vertex -19.52775764465332 20.149999618530273 3
 endloop
endfacet
facet normal 0 0 0
 outer loop
  vertex -20.349437713623047 19.429405212402344 3
  vertex -20.560007095336914 19.357925415039062 3
  vertex -22.700000762939453 -21 3
 endloop
endfacet
facet normal 0 0 0
 outer loop
  vertex -21 -19.299999237060547 3
  vertex 19.429405212402344 -20.349437713623047 3
  vertex 19.52775764465332 -20.149999618530273 3
 endloop
endfacet
facet normal 0 0 0
 outer loop
  vertex 21 -22.700000762939453 3
  vertex -19.429405212402344 -21.650562286376953 3
  vertex -19.52775764465332 -21.850000381469727 3
 endloop
endfacet
facet normal 0 0 0
 outer loop
  vertex -20.149999618530273 -22.47224235534668 3
  vertex -20.349437713623047 -22.570594787597656 3
  vertex -25.5 -25.5 3
 endloop
endfacet
facet normal 0 0 0
 outer loop
  vertex -21 22.700000762939453 3
  vertex 19.52775764465332 21.850000381469727 3
  vertex 19.65129852294922 22.034894943237305 3
 endloop
endfacet
facet normal 0 0 0
 outer loop
  vertex 21 19.299999237060547 3
  vertex -19.52775764465332 20.149999618530273 3
  vertex -19.65129852294922 19.965105056762695 3
 endloop
endfacet
facet normal 0 0 0
 outer loop
  vertex -20.149999618530273 19.52775764465332 3
  vertex -20.349437713623047 19.429405212402344 3
  vertex -22.700000762939453 -21 3
 endloop
endfacet
facet normal 0 0 0
 outer loop
  vertex -21 -19.299999237060547 3
  vertex 19.52775764465332 -20.149999618530273 3
  vertex 19.65129852294922 -19.965105056762695 3
 endloop
endfacet
facet normal 0 0 0
 outer loop
  vertex 21 -22.700000762939453 3
  vertex -19.52775764465332 -21.850000381469727 3
  vertex -19.65129852294922 -22.034894943237305 3
 endloop
endfacet
facet normal 0 0 0
 outer loop
  vertex -20.149999618530273 -22.47224235534668 3
  vertex -25.5 -25.5 3
  vertex 25.5 -25.5 3
 endloop
endfacet
facet normal 0 0 0
 outer loop
  vertex -21 22.700000762939453 3
  vertex 19.65129852294922 22.034894943237305 3
  vertex 19.79791831970215 22.20208168029785 3
 endloop
endfacet
facet normal 0 0 0
 outer loop
  vertex 21 19.299999237060547 3
  vertex -19.65129852294922 19.965105056762695 3
  vertex -19.79791831970215 19.79791831970215 3
 endloop
endfacet
facet normal 0 0 0
 outer loop
  vertex -20.149999618530273 19.52775764465332 3
  vertex -22.700000762939453 -21 3
  vertex -22.685455322265625 -20.778104782104492 3
 endloop
endfacet
facet normal 0 0 0
 outer loop
  vertex -21 -19.299999237060547 3
  vertex 19.65129852294922 -19.965105056762695 3
  vertex 19.79791831970215 -19.79791831970215 3
 endloop
endfacet
facet normal 0 0 0
 outer loop
  vertex 21 -22.700000762939453 3
  vertex -19.65129852294922 -22.034894943237305 3
  vertex -19.79791831970215 -22.20208168029785 3
 endloop
endfacet
facet normal 0 0 0
 outer loop
  vertex -19.965105056762695 -22.34870147705078 3
  vertex -20.149999618530273 -22.47224235534668 3
  vertex 25.5 -25.5 3
 endloop
endfacet
facet normal 0 0 0
 outer loop
  vertex -21 22.700000762939453 3
  vertex 19.79791831970215 22.20208168029785 3
  vertex 19.965105056762695 22.34870147705078 3
 endloop
endfacet
facet normal 0 0 0
 outer loop
  vertex 21 19.299999237060547 3
  vertex -19.79791831970215 19.79791831970215 3
  vertex -19.965105056762695 19.65129852294922 3
 endloop
endfacet
facet normal 0 0 0
 outer loop
  vertex -19.965105056762695 19.65129852294922 3
  vertex -20.149999618530273 19.52775764465332 3
  vertex -22.685455322265625 -20.778104782104492 3
 endloop
endfacet
facet normal 0 0 0
 outer loop
  vertex -21 -19.299999237060547 3
  vertex 19.79791831970215 -19.79791831970215 3
  vertex 19.965105056762695 -19.65129852294922 3
 endloop
endfacet
facet normal 0 0 0
 outer loop
  vertex 21 -22.700000762939453 3
  vertex -19.79791831970215 -22.20208168029785 3
  vertex -19.965105056762695 -22.34870147705078 3
 endloop
endfacet
facet normal 0 0 0
 outer loop
  vertex -21 22.700000762939453 3
  vertex 19.965105056762695 22.34870147705078 3
  vertex 20.149999618530273 22.47224235534668 3
 endloop
endfacet
facet normal 0 0 0
 outer loop
  vertex -19.965105056762695 19.65129852294922 3
  vertex -22.685455322265625 -20.778104782104492 3
  vertex -22.642074584960938 -20.560007095336914 3
 endloop
endfacet
facet normal 0 0 0
 outer loop
  vertex -21 -19.299999237060547 3
  vertex 19.965105056762695 -19.65129852294922 3
  vertex 20.149999618530273 -19.52775764465332 3
 endloop
endfacet
facet normal 0 0 0
 outer loop
  vertex 21 -22.700000762939453 3
  vertex -19.965105056762695 -22.34870147705078 3
  vertex 25.5 -25.5 3
 endloop
endfacet
facet normal 0 0 0
 outer loop
  vertex 25.5 25.5 3
  vertex -21 22.700000762939453 3
  vertex 20.149999618530273 22.47224235534668 3
 endloop
endfacet
facet normal 0 0 0
 outer loop
  vertex -19.965105056762695 19.65129852294922 3
  vertex -22.642074584960938 -20.560007095336914 3
  vertex -22.570594787597656 -20.349437713623047 3
 endloop
endfacet
facet normal 0 0 0
 outer loop
  vertex -21 -19.299999237060547 3
  vertex 20.149999618530273 -19.52775764465332 3
  vertex 20.349437713623047 -19.429405212402344 3
 endloop
endfacet
facet normal 0 0 0
 outer loop
  vertex 21.221895217895508 -22.685455322265625 3
  vertex 21 -22.700000762939453 3
  vertex 25.5 -25.5 3
 endloop
endfacet
facet normal 0 0 0
 outer loop
  vertex 25.5 25.5 3
  vertex 20.149999618530273 22.47224235534668 3
  vertex 20.349437713623047 22.570594787597656 3
 endloop
endfacet
facet normal 0 0 0
 outer loop
  vertex -19.965105056762695 19.65129852294922 3
  vertex -22.570594787597656 -20.349437713623047 3
  vertex -22.47224235534668 -20.149999618530273 3
 endloop
endfacet
facet normal 0 0 0
 outer loop
  vertex -21 -19.299999237060547 3
  vertex 20.349437713623047 -19.429405212402344 3
  vertex 20.560007095336914 -19.357925415039062 3
 endloop
endfacet
facet normal 0 0 0
 outer loop
  vertex 21.439992904663086 -22.642074584960938 3
  vertex 21.221895217895508 -22.685455322265625 3
  vertex 25.5 -25.5 3
 endloop
endfacet
facet normal 0 0 0
 outer loop
  vertex 25.5 25.5 3
  vertex 20.349437713623047 22.570594787597656 3
  vertex 20.560007095336914 22.642074584960938 3
 endloop
endfacet
facet normal 0 0 0
 outer loop
  vertex -19.965105056762695 19.65129852294922 3
  vertex -22.47224235534668 -20.149999618530273 3
  vertex -22.34870147705078 -19.965105056762695 3
 endloop
endfacet
facet normal 0 0 0
 outer loop
  vertex -21 -19.299999237060547 3
  vertex 20.560007095336914 -19.357925415039062 3
  vertex 20.778104782104492 -19.314544677734375 3
 endloop
endfacet
facet normal 0 0 0
 outer loop
  vertex 21.650562286376953 -22.570594787597656 3
  vertex 21.439992904663086 -22.642074584960938 3
  vertex 25.5 -25.5 3
 endloop
endfacet
facet normal 0 0 0
 outer loop
  vertex 25.5 25.5 3
  vertex 20.560007095336914 22.642074584960938 3
  vertex 20.778104782104492 22.685455322265625 3
 endloop
endfacet
facet normal 0 0 0
 outer loop
  vertex -19.965105056762695 19.65129852294922 3
  vertex -22.34870147705078 -19.965105056762695 3
  vertex -22.20208168029785 -19.79791831970215 3
 endloop
endfacet
facet normal 0 0 0
 outer loop
  vertex -1.6854562759399414 -0.2218945324420929 3
  vertex -1.7000000476837158 -2.0818995170458873e-16 3
  vertex -22.20208168029785 -19.79791831970215 3
 endloop
endfacet
facet normal 0 0 0
 outer loop
  vertex -21 -19.299999237060547 3
  vertex 20.778104782104492 -19.314544677734375 3
  vertex 21 -19.299999237060547 3
 endloop
endfacet
facet normal 0 0 0
 outer loop
  vertex 21.850000381469727 -22.47224235534668 3
  vertex 21.650562286376953 -22.570594787597656 3
  vertex 25.5 -25.5 3
 endloop
endfacet
facet normal 0 0 0
 outer loop
  vertex 25.5 25.5 3
  vertex 20.778104782104492 22.685455322265625 3
  vertex 21 22.700000762939453 3
 endloop
endfacet
facet normal 0 0 0
 outer loop
  vertex -19.965105056762695 19.65129852294922 3
  vertex -22.20208168029785 -19.79791831970215 3
  vertex -1.202081561088562 1.202081561088562 3
 endloop
endfacet
facet normal 0 0 0
 outer loop
  vertex -1.6420738697052002 -0.43999236822128296 3
  vertex -1.6854562759399414 -0.2218945324420929 3
  vertex -22.20208168029785 -19.79791831970215 3
 endloop
endfacet
facet normal 0 0 0
 outer loop
  vertex 22.034894943237305 -22.34870147705078 3
  vertex 21.850000381469727 -22.47224235534668 3
  vertex 25.5 -25.5 3
 endloop
endfacet
facet normal 0 0 0
 outer loop
  vertex 25.5 25.5 3
  vertex 21 22.700000762939453 3
  vertex 21.221895217895508 22.685455322265625 3
 endloop
endfacet
facet normal 0 0 0
 outer loop
  vertex -19.965105056762695 19.65129852294922 3
  vertex -1.202081561088562 1.202081561088562 3
  vertex -1.0348944664001465 1.3487006425857544 3
 endloop
endfacet
facet normal 0 0 0
 outer loop
  vertex -1.5705952644348145 -0.6505618095397949 3
  vertex -1.6420738697052002 -0.43999236822128296 3
  vertex -22.20208168029785 -19.79791831970215 3
 endloop
endfacet
facet normal 0 0 0
 outer loop
  vertex 22.20208168029785 -22.20208168029785 3
  vertex 22.034894943237305 -22.34870147705078 3
  vertex 25.5 -25.5 3
 endloop
endfacet
facet normal 0 0 0
 outer loop
  vertex 25.5 25.5 3
  vertex 21.221895217895508 22.685455322265625 3
  vertex 21.439992904663086 22.642074584960938 3
 endloop
endfacet
facet normal 0 0 0
 outer loop
  vertex 21 19.299999237060547 3
  vertex -19.965105056762695 19.65129852294922 3
  vertex -1.0348944664001465 1.3487006425857544 3
 endloop
endfacet
facet normal 0 0 0
 outer loop
  vertex -1.4722431898117065 -0.8500000238418579 3
  vertex -1.5705952644348145 -0.6505618095397949 3
  vertex -22.20208168029785 -19.79791831970215 3
 endloop
endfacet
facet normal 0 0 0
 outer loop
  vertex 22.34870147705078 -22.034894943237305 3
  vertex 22.20208168029785 -22.20208168029785 3
  vertex 25.5 -25.5 3
 endloop
endfacet
facet normal 0 0 0
 outer loop
  vertex 25.5 25.5 3
  vertex 21.439992904663086 22.642074584960938 3
  vertex 21.650562286376953 22.570594787597656 3
 endloop
endfacet
facet normal 0 0 0
 outer loop
  vertex 21.221895217895508 19.314544677734375 3
  vertex 21 19.299999237060547 3
  vertex -1.0348944664001465 1.3487006425857544 3
 endloop
endfacet
facet normal 0 0 0
 outer loop
  vertex -1.3487006425857544 -1.0348944664001465 3
  vertex -1.4722431898117065 -0.8500000238418579 3
  vertex -22.20208168029785 -19.79791831970215 3
 endloop
endfacet
facet normal 0 0 0
 outer loop
  vertex 22.47224235534668 -21.850000381469727 3
  vertex 22.34870147705078 -22.034894943237305 3
  vertex 25.5 -25.5 3
 endloop
endfacet
facet normal 0 0 0
 outer loop
  vertex 25.5 25.5 3
  vertex 21.650562286376953 22.570594787597656 3
  vertex 21.850000381469727 22.47224235534668 3
 endloop
endfacet
facet normal 0 0 0
 outer loop
  vertex 21.439992904663086 19.357925415039062 3
  vertex 21.221895217895508 19.314544677734375 3
  vertex -1.0348944664001465 1.3487006425857544 3
 endloop
endfacet
facet normal 0 0 0
 outer loop
  vertex -1.202081561088562 -1.202081561088562 3
  vertex -1.3487006425857544 -1.0348944664001465 3
  vertex -22.20208168029785 -19.79791831970215 3
 endloop
endfacet
facet normal 0 0 0
 outer loop
  vertex 22.570594787597656 -21.650562286376953 3
  vertex 22.47224235534668 -21.850000381469727 3
  vertex 25.5 -25.5 3
 endloop
endfacet
facet normal 0 0 0
 outer loop
  vertex 25.5 25.5 3
  vertex 21.850000381469727 22.47224235534668 3
  vertex 22.034894943237305 22.34870147705078 3
 endloop
endfacet
facet normal 0 0 0
 outer loop
  vertex 21.650562286376953 19.429405212402344 3
  vertex 21.439992904663086 19.357925415039062 3
  vertex -1.0348944664001465 1.3487006425857544 3
 endloop
endfacet
facet normal 0 0 0
 outer loop
  vertex -1.202081561088562 -1.202081561088562 3
  vertex -22.20208168029785 -19.79791831970215 3
  vertex -22.034894943237305 -19.65129852294922 3
 endloop
endfacet
facet normal 0 0 0
 outer loop
  vertex 22.642074584960938 -21.439992904663086 3
  vertex 22.570594787597656 -21.650562286376953 3
  vertex 25.5 -25.5 3
 endloop
endfacet
facet normal 0 0 0
 outer loop
  vertex 25.5 25.5 3
  vertex 22.034894943237305 22.34870147705078 3
  vertex 22.20208168029785 22.20208168029785 3
 endloop
endfacet
facet normal 0 0 0
 outer loop
  vertex 21.850000381469727 19.52775764465332 3
  vertex 21.650562286376953 19.429405212402344 3
  vertex -1.0348944664001465 1.3487006425857544 3
 endloop
endfacet
facet normal 0 0 0
 outer loop
  vertex -1.0348944664001465 -1.3487006425857544 3
  vertex -1.202081561088562 -1.202081561088562 3
  vertex -22.034894943237305 -19.65129852294922 3
 endloop
endfacet
facet normal 0 0 0
 outer loop
  vertex 22.685455322265625 -21.221895217895508 3
  vertex 22.642074584960938 -21.439992904663086 3
  vertex 25.5 -25.5 3
 endloop
endfacet
facet normal 0 0 0
 outer loop
  vertex 25.5 25.5 3
  vertex 22.20208168029785 22.20208168029785 3
  vertex 22.34870147705078 22.034894943237305 3
 endloop
endfacet
facet normal 0 0 0
 outer loop
  vertex 22.034894943237305 19.65129852294922 3
  vertex 21.850000381469727 19.52775764465332 3
  vertex -1.0348944664001465 1.3487006425857544 3
 endloop
endfacet
facet normal 0 0 0
 outer loop
  vertex -0.8500000238418579 -1.4722431898117065 3
  vertex -1.0348944664001465 -1.3487006425857544 3
  vertex -22.034894943237305 -19.65129852294922 3
 endloop
endfacet
facet normal 0 0 0
 outer loop
  vertex 22.700000762939453 -21 3
  vertex 22.685455322265625 -21.221895217895508 3
  vertex 25.5 -25.5 3
 endloop
endfacet
facet normal 0 0 0
 outer loop
  vertex 25.5 25.5 3
  vertex 22.34870147705078 22.034894943237305 3
  vertex 22.47224235534668 21.850000381469727 3
 endloop
endfacet
facet normal 0 0 0
 outer loop
  vertex 22.034894943237305 19.65129852294922 3
  vertex -1.0348944664001465 1.3487006425857544 3
  vertex -0.8500000238418579 1.4722431898117065 3
 endloop
endfacet
facet normal 0 0 0
 outer loop
  vertex -0.6505618095397949 -1.5705952644348145 3
  vertex -0.8500000238418579 -1.4722431898117065 3
  vertex -22.034894943237305 -19.65129852294922 3
 endloop
endfacet
facet normal 0 0 0
 outer loop
  vertex 22.685455322265625 -20.778104782104492 3
  vertex 22.700000762939453 -21 3
  vertex 25.5 -25.5 3
 endloop
endfacet
facet normal 0 0 0
 outer loop
  vertex 25.5 25.5 3
  vertex 22.47224235534668 21.850000381469727 3
  vertex 22.570594787597656 21.650562286376953 3
 endloop
endfacet
facet normal 0 0 0
 outer loop
  vertex 22.034894943237305 19.65129852294922 3
  vertex -0.8500000238418579 1.4722431898117065 3
  vertex -0.6505618095397949 1.5705952644348145 3
 endloop
endfacet
facet normal 0 0 0
 outer loop
  vertex -0.43999236822128296 -1.6420738697052002 3
  vertex -0.6505618095397949 -1.5705952644348145 3
  vertex -22.034894943237305 -19.65129852294922 3
 endloop
endfacet
facet normal 0 0 0
 outer loop
  vertex 22.642074584960938 -20.560007095336914 3
  vertex 22.685455322265625 -20.778104782104492 3
  vertex 25.5 -25.5 3
 endloop
endfacet
facet normal 0 0 0
 outer loop
  vertex 25.5 25.5 3
  vertex 22.570594787597656 21.650562286376953 3
  vertex 22.642074584960938 21.439992904663086 3
 endloop
endfacet
facet normal 0 0 0
 outer loop
  vertex 22.034894943237305 19.65129852294922 3
  vertex -0.6505618095397949 1.5705952644348145 3
  vertex -0.43999236822128296 1.6420738697052002 3
 endloop
endfacet
facet normal 0 0 0
 outer loop
  vertex -0.2218945324420929 -1.6854562759399414 3
  vertex -0.43999236822128296 -1.6420738697052002 3
  vertex -22.034894943237305 -19.65129852294922 3
 endloop
endfacet
facet normal 0 0 0
 outer loop
  vertex 22.570594787597656 -20.349437713623047 3
  vertex 22.642074584960938 -20.560007095336914 3
  vertex 25.5 -25.5 3
 endloop
endfacet
facet normal 0 0 0
 outer loop
  vertex 25.5 25.5 3
  vertex 22.642074584960938 21.439992904663086 3
  vertex 22.685455322265625 21.221895217895508 3
 endloop
endfacet
facet normal 0 0 0
 outer loop
  vertex 22.034894943237305 19.65129852294922 3
  vertex -0.43999236822128296 1.6420738697052002 3
  vertex -0.2218945324420929 1.6854562759399414 3
 endloop
endfacet
facet normal 0 0 0
 outer loop
  vertex 1.0409497585229437e-16 -1.7000000476837158 3
  vertex -0.2218945324420929 -1.6854562759399414 3
  vertex -22.034894943237305 -19.65129852294922 3
 endloop
endfacet
facet normal 0 0 0
 outer loop
  vertex 22.47224235534668 -20.149999618530273 3
  vertex 22.570594787597656 -20.349437713623047 3
  vertex 25.5 -25.5 3
 endloop
endfacet
facet normal 0 0 0
 outer loop
  vertex 25.5 25.5 3
  vertex 22.685455322265625 21.221895217895508 3
  vertex 22.700000762939453 21 3
 endloop
endfacet
facet normal 0 0 0
 outer loop
  vertex 22.034894943237305 19.65129852294922 3
  vertex -0.2218945324420929 1.6854562759399414 3
  vertex -3.122849275568831e-16 1.7000000476837158 3
 endloop
endfacet
facet normal 0 0 0
 outer loop
  vertex 0.2218945324420929 -1.6854562759399414 3
  vertex 1.0409497585229437e-16 -1.7000000476837158 3
  vertex -22.034894943237305 -19.65129852294922 3
 endloop
endfacet
facet normal 0 0 0
 outer loop
  vertex 22.47224235534668 -20.149999618530273 3
  vertex 25.5 -25.5 3
  vertex 25.5 25.5 3
 endloop
endfacet
facet normal 0 0 0
 outer loop
  vertex 25.5 25.5 3
  vertex 22.700000762939453 21 3
  vertex 22.685455322265625 20.778104782104492 3
 endloop
endfacet
facet normal 0 0 0
 outer loop
  vertex 22.034894943237305 19.65129852294922 3
  vertex -3.122849275568831e-16 1.7000000476837158 3
  vertex 0.2218945324420929 1.6854562759399414 3
 endloop
endfacet
facet normal 0 0 0
 outer loop
  vertex 0.43999236822128296 -1.6420738697052002 3
  vertex 0.2218945324420929 -1.6854562759399414 3
  vertex -22.034894943237305 -19.65129852294922 3
 endloop
endfacet
facet normal 0 0 0
 outer loop
  vertex 22.34870147705078 -19.965105056762695 3
  vertex 22.47224235534668 -20.149999618530273 3
  vertex 25.5 25.5 3
 endloop
endfacet
facet normal 0 0 0
 outer loop
  vertex 25.5 25.5 3
  vertex 22.685455322265625 20.778104782104492 3
  vertex 22.642074584960938 20.560007095336914 3
 endloop
endfacet
facet normal 0 0 0
 outer loop
  vertex 22.034894943237305 19.65129852294922 3
  vertex 0.2218945324420929 1.6854562759399414 3
  vertex 0.43999236822128296 1.6420738697052002 3
 endloop
endfacet
facet normal 0 0 0
 outer loop
  vertex 0.6505618095397949 -1.5705952644348145 3
  vertex 0.43999236822128296 -1.6420738697052002 3
  vertex -22.034894943237305 -19.65129852294922 3
 endloop
endfacet
facet normal 0 0 0
 outer loop
  vertex 22.20208168029785 -19.79791831970215 3
  vertex 22.34870147705078 -19.965105056762695 3
  vertex 25.5 25.5 3
 endloop
endfacet
facet normal 0 0 0
 outer loop
  vertex 25.5 25.5 3
  vertex 22.642074584960938 20.560007095336914 3
  vertex 22.570594787597656 20.349437713623047 3
 endloop
endfacet
facet normal 0 0 0
 outer loop
  vertex 22.034894943237305 19.65129852294922 3
  vertex 0.43999236822128296 1.6420738697052002 3
  vertex 0.6505618095397949 1.5705952644348145 3
 endloop
endfacet
facet normal 0 0 0
 outer loop
  vertex 0.8500000238418579 -1.4722431898117065 3
  vertex 0.6505618095397949 -1.5705952644348145 3
  vertex -22.034894943237305 -19.65129852294922 3
 endloop
endfacet
facet normal 0 0 0
 outer loop
  vertex 22.034894943237305 -19.65129852294922 3
  vertex 22.20208168029785 -19.79791831970215 3
  vertex 25.5 25.5 3
 endloop
endfacet
facet normal 0 0 0
 outer loop
  vertex 25.5 25.5 3
  vertex 22.570594787597656 20.349437713623047 3
  vertex 22.47224235534668 20.149999618530273 3
 endloop
endfacet
facet normal 0 0 0
 outer loop
  vertex 22.034894943237305 19.65129852294922 3
  vertex 0.6505618095397949 1.5705952644348145 3
  vertex 0.8500000238418579 1.4722431898117065 3
 endloop
endfacet
facet normal 0 0 0
 outer loop
  vertex 1.0348944664001465 -1.3487006425857544 3
  vertex 0.8500000238418579 -1.4722431898117065 3
  vertex -22.034894943237305 -19.65129852294922 3
 endloop
endfacet
facet normal 0 0 0
 outer loop
  vertex 21.850000381469727 -19.52775764465332 3
  vertex 22.034894943237305 -19.65129852294922 3
  vertex 25.5 25.5 3
 endloop
endfacet
facet normal 0 0 0
 outer loop
  vertex 22.034894943237305 19.65129852294922 3
  vertex 0.8500000238418579 1.4722431898117065 3
  vertex 1.0348944664001465 1.3487006425857544 3
 endloop
endfacet
facet normal 0 0 0
 outer loop
  vertex 1.0348944664001465 -1.3487006425857544 3
  vertex -22.034894943237305 -19.65129852294922 3
  vertex -21.850000381469727 -19.52775764465332 3
 endloop
endfacet
facet normal 0 0 0
 outer loop
  vertex 21.650562286376953 -19.429405212402344 3
  vertex 21.850000381469727 -19.52775764465332 3
  vertex 25.5 25.5 3
 endloop
endfacet
facet normal 0 0 0
 outer loop
  vertex 22.034894943237305 19.65129852294922 3
  vertex 1.0348944664001465 1.3487006425857544 3
  vertex 1.202081561088562 1.202081561088562 3
 endloop
endfacet
facet normal 0 0 0
 outer loop
  vertex 1.0348944664001465 -1.3487006425857544 3
  vertex -21.850000381469727 -19.52775764465332 3
  vertex -21.650562286376953 -19.429405212402344 3
 endloop
endfacet
facet normal 0 0 0
 outer loop
  vertex 21.439992904663086 -19.357925415039062 3
  vertex 21.650562286376953 -19.429405212402344 3
  vertex 25.5 25.5 3
 endloop
endfacet
facet normal 0 0 0
 outer loop
  vertex 22.20208168029785 19.79791831970215 3
  vertex 22.034894943237305 19.65129852294922 3
  vertex 1.202081561088562 1.202081561088562 3
 endloop
endfacet
facet normal 0 0 0
 outer loop
  vertex 1.0348944664001465 -1.3487006425857544 3
  vertex -21.650562286376953 -19.429405212402344 3
  vertex -21.439992904663086 -19.357925415039062 3
 endloop
endfacet
facet normal 0 0 0
 outer loop
  vertex 21.221895217895508 -19.314544677734375 3
  vertex 21.439992904663086 -19.357925415039062 3
  vertex 25.5 25.5 3
 endloop
endfacet
facet normal 0 0 0
 outer loop
  vertex 22.20208168029785 19.79791831970215 3
  vertex 1.202081561088562 1.202081561088562 3
  vertex 1.3487006425857544 1.0348944664001465 3
 endloop
endfacet
facet normal 0 0 0
 outer loop
  vertex 1.0348944664001465 -1.3487006425857544 3
  vertex -21.439992904663086 -19.357925415039062 3
  vertex -21.221895217895508 -19.314544677734375 3
 endloop
endfacet
facet normal 0 0 0
 outer loop
  vertex 21 -19.299999237060547 3
  vertex 21.221895217895508 -19.314544677734375 3
  vertex 25.5 25.5 3
 endloop
endfacet
facet normal 0 0 0
 outer loop
  vertex 22.20208168029785 19.79791831970215 3
  vertex 1.3487006425857544 1.0348944664001465 3
  vertex 1.4722431898117065 0.8500000238418579 3
 endloop
endfacet
facet normal 0 0 0
 outer loop
  vertex 1.0348944664001465 -1.3487006425857544 3
  vertex -21.221895217895508 -19.314544677734375 3
  vertex -21 -19.299999237060547 3
 endloop
endfacet
facet normal 0 0 0
 outer loop
  vertex 21 -19.299999237060547 3
  vertex 25.5 25.5 3
  vertex 22.47224235534668 20.149999618530273 3
 endloop
endfacet
facet normal 0 0 0
 outer loop
  vertex 22.20208168029785 19.79791831970215 3
  vertex 1.4722431898117065 0.8500000238418579 3
  vertex 1.5705952644348145 0.6505618095397949 3
 endloop
endfacet
facet normal 0 0 0
 outer loop
  vertex 1.0348944664001465 -1.3487006425857544 3
  vertex -21 -19.299999237060547 3
  vertex 21 -19.299999237060547 3
 endloop
endfacet
facet normal 0 0 0
 outer loop
  vertex 21 -19.299999237060547 3
  vertex 22.47224235534668 20.149999618530273 3
  vertex 22.34870147705078 19.965105056762695 3
 endloop
endfacet
facet normal 0 0 0
 outer loop
  vertex 22.20208168029785 19.79791831970215 3
  vertex 1.5705952644348145 0.6505618095397949 3
  vertex 1.6420738697052002 0.43999236822128296 3
 endloop
endfacet
facet normal 0 0 0
 outer loop
  vertex 1.202081561088562 -1.202081561088562 3
  vertex 1.0348944664001465 -1.3487006425857544 3
  vertex 21 -19.299999237060547 3
 endloop
endfacet
facet normal 0 0 0
 outer loop
  vertex 21 -19.299999237060547 3
  vertex 22.34870147705078 19.965105056762695 3
  vertex 22.20208168029785 19.79791831970215 3
 endloop
endfacet
facet normal 0 0 0
 outer loop
  vertex 22.20208168029785 19.79791831970215 3
  vertex 1.6420738697052002 0.43999236822128296 3
  vertex 1.6854562759399414 0.2218945324420929 3
 endloop
endfacet
facet normal 0 0 0
 outer loop
  vertex 1.3487006425857544 -1.0348944664001465 3
  vertex 1.202081561088562 -1.202081561088562 3
  vertex 21 -19.299999237060547 3
 endloop
endfacet
facet normal 0 0 0
 outer loop
  vertex 21 -19.299999237060547 3
  vertex 22.20208168029785 19.79791831970215 3
  vertex 1.6854562759399414 0.2218945324420929 3
 endloop
endfacet
facet normal 0 0 0
 outer loop
  vertex 1.4722431898117065 -0.8500000238418579 3
  vertex 1.3487006425857544 -1.0348944664001465 3
  vertex 21 -19.299999237060547 3
 endloop
endfacet
facet normal 0 0 0
 outer loop
  vertex 21 -19.299999237060547 3
  vertex 1.6854562759399414 0.2218945324420929 3
  vertex 1.7000000476837158 0 3
 endloop
endfacet
facet normal 0 0 0
 outer loop
  vertex 1.5705952644348145 -0.6505618095397949 3
  vertex 1.4722431898117065 -0.8500000238418579 3
  vertex 21 -19.299999237060547 3
 endloop
endfacet
facet normal 0 0 0
 outer loop
  vertex 21 -19.299999237060547 3
  vertex 1.7000000476837158 0 3
  vertex 1.6854562759399414 -0.2218945324420929 3
 endloop
endfacet
facet normal 0 0 0
 outer loop
  vertex 1.6420738697052002 -0.43999236822128296 3
  vertex 1.5705952644348145 -0.6505618095397949 3
  vertex 21 -19.299999237060547 3
 endloop
endfacet
facet normal 0 0 0
 outer loop
  vertex 21 -19.299999237060547 3
  vertex 1.6854562759399414 -0.2218945324420929 3
  vertex 1.6420738697052002 -0.43999236822128296 3
 endloop
endfacet
facet normal 0 0 0
 outer loop
  vertex -25.5 -25.5 0
  vertex 25.5 -25.5 0
  vertex -25.5 -25.5 3
 endloop
endfacet
facet normal 0 0 0
 outer loop
  vertex 25.5 -25.5 0
  vertex 25.5 -25.5 3
  vertex -25.5 -25.5 3
 endloop
endfacet
facet normal 0 0 0
 outer loop
  vertex 25.5 -25.5 0
  vertex 25.5 25.5 0
  vertex 25.5 -25.5 3
 endloop
endfacet
facet normal 0 0 0
 outer loop
  vertex 25.5 25.5 0
  vertex 25.5 25.5 3
  vertex 25.5 -25.5 3
 endloop
endfacet
facet normal 0 0 0
 outer loop
  vertex 25.5 25.5 0
  vertex -25.5 25.5 0
  vertex 25.5 25.5 3
 endloop
endfacet
facet normal 0 0 0
 outer loop
  vertex -25.5 25.5 0
  vertex -25.5 25.5 3
  vertex 25.5 25.5 3
 endloop
endfacet
facet normal 0 0 0
 outer loop
  vertex -25.5 25.5 0
  vertex -25.5 -25.5 0
  vertex -25.5 25.5 3
 endloop
endfacet
facet normal 0 0 0
 outer loop
  vertex -25.5 -25.5 0
  vertex -25.5 -25.5 3
  vertex -25.5 25.5 3
 endloop
endfacet
facet normal 0 0 0
 outer loop
  vertex -19.299999237060547 -21 0
  vertex -19.314544677734375 -21.221895217895508 0
  vertex -19.299999237060547 -21 3
 endloop
endfacet
facet normal 0 0 0
 outer loop
  vertex -19.314544677734375 -21.221895217895508 0
  vertex -19.314544677734375 -21.221895217895508 3
  vertex -19.299999237060547 -21 3
 endloop
endfacet
facet normal 0 0 0
 outer loop
  vertex -19.314544677734375 -21.221895217895508 0
  vertex -19.357925415039062 -21.439992904663086 0
  vertex -19.314544677734375 -21.221895217895508 3
 endloop
endfacet
facet normal 0 0 0
 outer loop
  vertex -19.357925415039062 -21.439992904663086 0
  vertex -19.357925415039062 -21.439992904663086 3
  vertex -19.314544677734375 -21.221895217895508 3
 endloop
endfacet
facet normal 0 0 0
 outer loop
  vertex -19.357925415039062 -21.439992904663086 0
  vertex -19.429405212402344 -21.650562286376953 0
  vertex -19.357925415039062 -21.439992904663086 3
 endloop
endfacet
facet normal 0 0 0
 outer loop
  vertex -19.429405212402344 -21.650562286376953 0
  vertex -19.429405212402344 -21.650562286376953 3
  vertex -19.357925415039062 -21.439992904663086 3
 endloop
endfacet
facet normal 0 0 0
 outer loop
  vertex -19.429405212402344 -21.650562286376953 0
  vertex -19.52775764465332 -21.850000381469727 0
  vertex -19.429405212402344 -21.650562286376953 3
 endloop
endfacet
facet normal 0 0 0
 outer loop
  vertex -19.52775764465332 -21.850000381469727 0
  vertex -19.52775764465332 -21.850000381469727 3
  vertex -19.429405212402344 -21.650562286376953 3
 endloop
endfacet
facet normal 0 0 0
 outer loop
  vertex -19.52775764465332 -21.850000381469727 0
  vertex -19.65129852294922 -22.034894943237305 0
  vertex -19.52775764465332 -21.850000381469727 3
 endloop
endfacet
facet normal 0 0 0
 outer loop
  vertex -19.65129852294922 -22.034894943237305 0
  vertex -19.65129852294922 -22.034894943237305 3
  vertex -19.52775764465332 -21.850000381469727 3
 endloop
endfacet
facet normal 0 0 0
 outer loop
  vertex -19.65129852294922 -22.034894943237305 0
  vertex -19.79791831970215 -22.20208168029785 0
  vertex -19.65129852294922 -22.034894943237305 3
 endloop
endfacet
facet normal 0 0 0
 outer loop
  vertex -19.79791831970215 -22.20208168029785 0
  vertex -19.79791831970215 -22.20208168029785 3
  vertex -19.65129852294922 -22.034894943237305 3
 endloop
endfacet
facet normal 0 0 0
 outer loop
  vertex -19.79791831970215 -22.20208168029785 0
  vertex -19.965105056762695 -22.34870147705078 0
  vertex -19.79791831970215 -22.20208168029785 3
 endloop
endfacet
facet normal 0 0 0
 outer loop
  vertex -19.965105056762695 -22.34870147705078 0
  vertex -19.965105056762695 -22.34870147705078 3
  vertex -19.79791831970215 -22.20208168029785 3
 endloop
endfacet
facet normal 0 0 0
 outer loop
  vertex -19.965105056762695 -22.34870147705078 0
  vertex -20.149999618530273 -22.47224235534668 0
  vertex -19.965105056762695 -22.34870147705078 3
 endloop
endfacet
facet normal 0 0 0
 outer loop
  vertex -20.149999618530273 -22.47224235534668 0
  vertex -20.149999618530273 -22.47224235534668 3
  vertex -19.965105056762695 -22.34870147705078 3
 endloop
endfacet
facet normal 0 0 0
 outer loop
  vertex -20.149999618530273 -22.47224235534668 0
  vertex -20.349437713623047 -22.570594787597656 0
  vertex -20.149999618530273 -22.47224235534668 3
 endloop
endfacet
facet normal 0 0 0
 outer loop
  vertex -20.349437713623047 -22.570594787597656 0
  vertex -20.349437713623047 -22.570594787597656 3
  vertex -20.149999618530273 -22.47224235534668 3
 endloop
endfacet
facet normal 0 0 0
 outer loop
  vertex -20.349437713623047 -22.570594787597656 0
  vertex -20.560007095336914 -22.642074584960938 0
  vertex -20.349437713623047 -22.570594787597656 3
 endloop
endfacet
facet normal 0 0 0
 outer loop
  vertex -20.560007095336914 -22.642074584960938 0
  vertex -20.560007095336914 -22.642074584960938 3
  vertex -20.349437713623047 -22.570594787597656 3
 endloop
endfacet
facet normal 0 0 0
 outer loop
  vertex -20.560007095336914 -22.642074584960938 0
  vertex -20.778104782104492 -22.685455322265625 0
  vertex -20.560007095336914 -22.642074584960938 3
 endloop
endfacet
facet normal 0 0 0
 outer loop
  vertex -20.778104782104492 -22.685455322265625 0
  vertex -20.778104782104492 -22.685455322265625 3
  vertex -20.560007095336914 -22.642074584960938 3
 endloop
endfacet
facet normal 0 0 0
 outer loop
  vertex -20.778104782104492 -22.685455322265625 0
  vertex -21 -22.700000762939453 0
  vertex -20.778104782104492 -22.685455322265625 3
 endloop
endfacet
facet normal 0 0 0
 outer loop
  vertex -21 -22.700000762939453 0
  vertex -21 -22.700000762939453 3
  vertex -20.778104782104492 -22.685455322265625 3
 endloop
endfacet
facet normal 0 0 0
 outer loop
  vertex -21 -22.700000762939453 0
  vertex -21.221895217895508 -22.685455322265625 0
  vertex -21 -22.700000762939453 3
 endloop
endfacet
facet normal 0 0 0
 outer loop
  vertex -21.221895217895508 -22.685455322265625 0
  vertex -21.221895217895508 -22.685455322265625 3
  vertex -21 -22.700000762939453 3
 endloop
endfacet
facet normal 0 0 0
 outer loop
  vertex -21.221895217895508 -22.685455322265625 0
  vertex -21.439992904663086 -22.642074584960938 0
  vertex -21.221895217895508 -22.685455322265625 3
 endloop
endfacet
facet normal 0 0 0
 outer loop
  vertex -21.439992904663086 -22.642074584960938 0
  vertex -21.439992904663086 -22.642074584960938 3
  vertex -21.221895217895508 -22.685455322265625 3
 endloop
endfacet
facet normal 0 0 0
 outer loop
  vertex -21.439992904663086 -22.642074584960938 0
  vertex -21.650562286376953 -22.570594787597656 0
  vertex -21.439992904663086 -22.642074584960938 3
 endloop
endfacet
facet normal 0 0 0
 outer loop
  vertex -21.650562286376953 -22.570594787597656 0
  vertex -21.650562286376953 -22.570594787597656 3
  vertex -21.439992904663086 -22.642074584960938 3
 endloop
endfacet
facet normal 0 0 0
 outer loop
  vertex -21.650562286376953 -22.570594787597656 0
  vertex -21.850000381469727 -22.47224235534668 0
  vertex -21.650562286376953 -22.570594787597656 3
 endloop
endfacet
facet normal 0 0 0
 outer loop
  vertex -21.850000381469727 -22.47224235534668 0
  vertex -21.850000381469727 -22.47224235534668 3
  vertex -21.650562286376953 -22.570594787597656 3
 endloop
endfacet
facet normal 0 0 0
 outer loop
  vertex -21.850000381469727 -22.47224235534668 0
  vertex -22.034894943237305 -22.34870147705078 0
  vertex -21.850000381469727 -22.47224235534668 3
 endloop
endfacet
facet normal 0 0 0
 outer loop
  vertex -22.034894943237305 -22.34870147705078 0
  vertex -22.034894943237305 -22.34870147705078 3
  vertex -21.850000381469727 -22.47224235534668 3
 endloop
endfacet
facet normal 0 0 0
 outer loop
  vertex -22.034894943237305 -22.34870147705078 0
  vertex -22.20208168029785 -22.20208168029785 0
  vertex -22.034894943237305 -22.34870147705078 3
 endloop
endfacet
facet normal 0 0 0
 outer loop
  vertex -22.20208168029785 -22.20208168029785 0
  vertex -22.20208168029785 -22.20208168029785 3
  vertex -22.034894943237305 -22.34870147705078 3
 endloop
endfacet
facet normal 0 0 0
 outer loop
  vertex -22.20208168029785 -22.20208168029785 0
  vertex -22.34870147705078 -22.034894943237305 0
  vertex -22.20208168029785 -22.20208168029785 3
 endloop
endfacet
facet normal 0 0 0
 outer loop
  vertex -22.34870147705078 -22.034894943237305 0
  vertex -22.34870147705078 -22.034894943237305 3
  vertex -22.20208168029785 -22.20208168029785 3
 endloop
endfacet
facet normal 0 0 0
 outer loop
  vertex -22.34870147705078 -22.034894943237305 0
  vertex -22.47224235534668 -21.850000381469727 0
  vertex -22.34870147705078 -22.034894943237305 3
 endloop
endfacet
facet normal 0 0 0
 outer loop
  vertex -22.47224235534668 -21.850000381469727 0
  vertex -22.47224235534668 -21.850000381469727 3
  vertex -22.34870147705078 -22.034894943237305 3
 endloop
endfacet
facet normal 0 0 0
 outer loop
  vertex -22.47224235534668 -21.850000381469727 0
  vertex -22.570594787597656 -21.650562286376953 0
  vertex -22.47224235534668 -21.850000381469727 3
 endloop
endfacet
facet normal 0 0 0
 outer loop
  vertex -22.570594787597656 -21.650562286376953 0
  vertex -22.570594787597656 -21.650562286376953 3
  vertex -22.47224235534668 -21.850000381469727 3
 endloop
endfacet
facet normal 0 0 0
 outer loop
  vertex -22.570594787597656 -21.650562286376953 0
  vertex -22.642074584960938 -21.439992904663086 0
  vertex -22.570594787597656 -21.650562286376953 3
 endloop
endfacet
facet normal 0 0 0
 outer loop
  vertex -22.642074584960938 -21.439992904663086 0
  vertex -22.642074584960938 -21.439992904663086 3
  vertex -22.570594787597656 -21.650562286376953 3
 endloop
endfacet
facet normal 0 0 0
 outer loop
  vertex -22.642074584960938 -21.439992904663086 0
  vertex -22.685455322265625 -21.221895217895508 0
  vertex -22.642074584960938 -21.439992904663086 3
 endloop
endfacet
facet normal 0 0 0
 outer loop
  vertex -22.685455322265625 -21.221895217895508 0
  vertex -22.685455322265625 -21.221895217895508 3
  vertex -22.642074584960938 -21.439992904663086 3
 endloop
endfacet
facet normal 0 0 0
 outer loop
  vertex -22.685455322265625 -21.221895217895508 0
  vertex -22.700000762939453 -21 0
  vertex -22.685455322265625 -21.221895217895508 3
 endloop
endfacet
facet normal 0 0 0
 outer loop
  vertex -22.700000762939453 -21 0
  vertex -22.700000762939453 -21 3
  vertex -22.685455322265625 -21.221895217895508 3
 endloop
endfacet
facet normal 0 0 0
 outer loop
  vertex -22.700000762939453 -21 0
  vertex -22.685455322265625 -20.778104782104492 0
  vertex -22.700000762939453 -21 3
 endloop
endfacet
facet normal 0 0 0
 outer loop
  vertex -22.685455322265625 -20.778104782104492 0
  vertex -22.685455322265625 -20.778104782104492 3
  vertex -22.700000762939453 -21 3
 endloop
endfacet
facet normal 0 0 0
 outer loop
  vertex -22.685455322265625 -20.778104782104492 0
  vertex -22.642074584960938 -20.560007095336914 0
  vertex -22.685455322265625 -20.778104782104492 3
 endloop
endfacet
facet normal 0 0 0
 outer loop
  vertex -22.642074584960938 -20.560007095336914 0
  vertex -22.642074584960938 -20.560007095336914 3
  vertex -22.685455322265625 -20.778104782104492 3
 endloop
endfacet
facet normal 0 0 0
 outer loop
  vertex -22.642074584960938 -20.560007095336914 0
  vertex -22.570594787597656 -20.349437713623047 0
  vertex -22.642074584960938 -20.560007095336914 3
 endloop
endfacet
facet normal 0 0 0
 outer loop
  vertex -22.570594787597656 -20.349437713623047 0
  vertex -22.570594787597656 -20.349437713623047 3
  vertex -22.642074584960938 -20.560007095336914 3
 endloop
endfacet
facet normal 0 0 0
 outer loop
  vertex -22.570594787597656 -20.349437713623047 0
  vertex -22.47224235534668 -20.149999618530273 0
  vertex -22.570594787597656 -20.349437713623047 3
 endloop
endfacet
facet normal 0 0 0
 outer loop
  vertex -22.47224235534668 -20.149999618530273 0
  vertex -22.47224235534668 -20.149999618530273 3
  vertex -22.570594787597656 -20.349437713623047 3
 endloop
endfacet
facet normal 0 0 0
 outer loop
  vertex -22.47224235534668 -20.149999618530273 0
  vertex -22.34870147705078 -19.965105056762695 0
  vertex -22.47224235534668 -20.149999618530273 3
 endloop
endfacet
facet normal 0 0 0
 outer loop
  vertex -22.34870147705078 -19.965105056762695 0
  vertex -22.34870147705078 -19.965105056762695 3
  vertex -22.47224235534668 -20.149999618530273 3
 endloop
endfacet
facet normal 0 0 0
 outer loop
  vertex -22.34870147705078 -19.965105056762695 0
  vertex -22.20208168029785 -19.79791831970215 0
  vertex -22.34870147705078 -19.965105056762695 3
 endloop
endfacet
facet normal 0 0 0
 outer loop
  vertex -22.20208168029785 -19.79791831970215 0
  vertex -22.20208168029785 -19.79791831970215 3
  vertex -22.34870147705078 -19.965105056762695 3
 endloop
endfacet
facet normal 0 0 0
 outer loop
  vertex -22.20208168029785 -19.79791831970215 0
  vertex -22.034894943237305 -19.65129852294922 0
  vertex -22.20208168029785 -19.79791831970215 3
 endloop
endfacet
facet normal 0 0 0
 outer loop
  vertex -22.034894943237305 -19.65129852294922 0
  vertex -22.034894943237305 -19.65129852294922 3
  vertex -22.20208168029785 -19.79791831970215 3
 endloop
endfacet
facet normal 0 0 0
 outer loop
  vertex -22.034894943237305 -19.65129852294922 0
  vertex -21.850000381469727 -19.52775764465332 0
  vertex -22.034894943237305 -19.65129852294922 3
 endloop
endfacet
facet normal 0 0 0
 outer loop
  vertex -21.850000381469727 -19.52775764465332 0
  vertex -21.850000381469727 -19.52775764465332 3
  vertex -22.034894943237305 -19.65129852294922 3
 endloop
endfacet
facet normal 0 0 0
 outer loop
  vertex -21.850000381469727 -19.52775764465332 0
  vertex -21.650562286376953 -19.429405212402344 0
  vertex -21.850000381469727 -19.52775764465332 3
 endloop
endfacet
facet normal 0 0 0
 outer loop
  vertex -21.650562286376953 -19.429405212402344 0
  vertex -21.650562286376953 -19.429405212402344 3
  vertex -21.850000381469727 -19.52775764465332 3
 endloop
endfacet
facet normal 0 0 0
 outer loop
  vertex -21.650562286376953 -19.429405212402344 0
  vertex -21.439992904663086 -19.357925415039062 0
  vertex -21.650562286376953 -19.429405212402344 3
 endloop
endfacet
facet normal 0 0 0
 outer loop
  vertex -21.439992904663086 -19.357925415039062 0
  vertex -21.439992904663086 -19.357925415039062 3
  vertex -21.650562286376953 -19.429405212402344 3
 endloop
endfacet
facet normal 0 0 0
 outer loop
  vertex -21.439992904663086 -19.357925415039062 0
  vertex -21.221895217895508 -19.314544677734375 0
  vertex -21.439992904663086 -19.357925415039062 3
 endloop
endfacet
facet normal 0 0 0
 outer loop
  vertex -21.221895217895508 -19.314544677734375 0
  vertex -21.221895217895508 -19.314544677734375 3
  vertex -21.439992904663086 -19.357925415039062 3
 endloop
endfacet
facet normal 0 0 0
 outer loop
  vertex -21.221895217895508 -19.314544677734375 0
  vertex -21 -19.299999237060547 0
  vertex -21.221895217895508 -19.314544677734375 3
 endloop
endfacet
facet normal 0 0 0
 outer loop
  vertex -21 -19.299999237060547 0
  vertex -21 -19.299999237060547 3
  vertex -21.221895217895508 -19.314544677734375 3
 endloop
endfacet
facet normal 0 0 0
 outer loop
  vertex -21 -19.299999237060547 0
  vertex -20.778104782104492 -19.314544677734375 0
  vertex -21 -19.299999237060547 3
 endloop
endfacet
facet normal 0 0 0
 outer loop
  vertex -20.778104782104492 -19.314544677734375 0
  vertex -20.778104782104492 -19.314544677734375 3
  vertex -21 -19.299999237060547 3
 endloop
endfacet
facet normal 0 0 0
 outer loop
  vertex -20.778104782104492 -19.314544677734375 0
  vertex -20.560007095336914 -19.357925415039062 0
  vertex -20.778104782104492 -19.314544677734375 3
 endloop
endfacet
facet normal 0 0 0
 outer loop
  vertex -20.560007095336914 -19.357925415039062 0
  vertex -20.560007095336914 -19.357925415039062 3
  vertex -20.778104782104492 -19.314544677734375 3
 endloop
endfacet
facet normal 0 0 0
 outer loop
  vertex -20.560007095336914 -19.357925415039062 0
  vertex -20.349437713623047 -19.429405212402344 0
  vertex -20.560007095336914 -19.357925415039062 3
 endloop
endfacet
facet normal 0 0 0
 outer loop
  vertex -20.349437713623047 -19.429405212402344 0
  vertex -20.349437713623047 -19.429405212402344 3
  vertex -20.560007095336914 -19.357925415039062 3
 endloop
endfacet
facet normal 0 0 0
 outer loop
  vertex -20.349437713623047 -19.429405212402344 0
  vertex -20.149999618530273 -19.52775764465332 0
  vertex -20.349437713623047 -19.429405212402344 3
 endloop
endfacet
facet normal 0 0 0
 outer loop
  vertex -20.149999618530273 -19.52775764465332 0
  vertex -20.149999618530273 -19.52775764465332 3
  vertex -20.349437713623047 -19.429405212402344 3
 endloop
endfacet
facet normal 0 0 0
 outer loop
  vertex -20.149999618530273 -19.52775764465332 0
  vertex -19.965105056762695 -19.65129852294922 0
  vertex -20.149999618530273 -19.52775764465332 3
 endloop
endfacet
facet normal 0 0 0
 outer loop
  vertex -19.965105056762695 -19.65129852294922 0
  vertex -19.965105056762695 -19.65129852294922 3
  vertex -20.149999618530273 -19.52775764465332 3
 endloop
endfacet
facet normal 0 0 0
 outer loop
  vertex -19.965105056762695 -19.65129852294922 0
  vertex -19.79791831970215 -19.79791831970215 0
  vertex -19.965105056762695 -19.65129852294922 3
 endloop
endfacet
facet normal 0 0 0
 outer loop
  vertex -19.79791831970215 -19.79791831970215 0
  vertex -19.79791831970215 -19.79791831970215 3
  vertex -19.965105056762695 -19.65129852294922 3
 endloop
endfacet
facet normal 0 0 0
 outer loop
  vertex -19.79791831970215 -19.79791831970215 0
  vertex -19.65129852294922 -19.965105056762695 0
  vertex -19.79791831970215 -19.79791831970215 3
 endloop
endfacet
facet normal 0 0 0
 outer loop
  vertex -19.65129852294922 -19.965105056762695 0
  vertex -19.65129852294922 -19.965105056762695 3
  vertex -19.79791831970215 -19.79791831970215 3
 endloop
endfacet
facet normal 0 0 0
 outer loop
  vertex -19.65129852294922 -19.965105056762695 0
  vertex -19.52775764465332 -20.149999618530273 0
  vertex -19.65129852294922 -19.965105056762695 3
 endloop
endfacet
facet normal 0 0 0
 outer loop
  vertex -19.52775764465332 -20.149999618530273 0
  vertex -19.52775764465332 -20.149999618530273 3
  vertex -19.65129852294922 -19.965105056762695 3
 endloop
endfacet
facet normal 0 0 0
 outer loop
  vertex -19.52775764465332 -20.149999618530273 0
  vertex -19.429405212402344 -20.349437713623047 0
  vertex -19.52775764465332 -20.149999618530273 3
 endloop
endfacet
facet normal 0 0 0
 outer loop
  vertex -19.429405212402344 -20.349437713623047 0
  vertex -19.429405212402344 -20.349437713623047 3
  vertex -19.52775764465332 -20.149999618530273 3
 endloop
endfacet
facet normal 0 0 0
 outer loop
  vertex -19.429405212402344 -20.349437713623047 0
  vertex -19.357925415039062 -20.560007095336914 0
  vertex -19.429405212402344 -20.349437713623047 3
 endloop
endfacet
facet normal 0 0 0
 outer loop
  vertex -19.357925415039062 -20.560007095336914 0
  vertex -19.357925415039062 -20.560007095336914 3
  vertex -19.429405212402344 -20.349437713623047 3
 endloop
endfacet
facet normal 0 0 0
 outer loop
  vertex -19.357925415039062 -20.560007095336914 0
  vertex -19.314544677734375 -20.778104782104492 0
  vertex -19.357925415039062 -20.560007095336914 3
 endloop
endfacet
facet normal 0 0 0
 outer loop
  vertex -19.314544677734375 -20.778104782104492 0
  vertex -19.314544677734375 -20.778104782104492 3
  vertex -19.357925415039062 -20.560007095336914 3
 endloop
endfacet
facet normal 0 0 0
 outer loop
  vertex -19.314544677734375 -20.778104782104492 0
  vertex -19.299999237060547 -21 0
  vertex -19.314544677734375 -20.778104782104492 3
 endloop
endfacet
facet normal 0 0 0
 outer loop
  vertex -19.299999237060547 -21 0
  vertex -19.299999237060547 -21 3
  vertex -19.314544677734375 -20.778104782104492 3
 endloop
endfacet
facet normal 0 0 0
 outer loop
  vertex 22.700000762939453 -21 0
  vertex 22.685455322265625 -21.221895217895508 0
  vertex 22.700000762939453 -21 3
 endloop
endfacet
facet normal 0 0 0
 outer loop
  vertex 22.685455322265625 -21.221895217895508 0
  vertex 22.685455322265625 -21.221895217895508 3
  vertex 22.700000762939453 -21 3
 endloop
endfacet
facet normal 0 0 0
 outer loop
  vertex 22.685455322265625 -21.221895217895508 0
  vertex 22.642074584960938 -21.439992904663086 0
  vertex 22.685455322265625 -21.221895217895508 3
 endloop
endfacet
facet normal 0 0 0
 outer loop
  vertex 22.642074584960938 -21.439992904663086 0
  vertex 22.642074584960938 -21.439992904663086 3
  vertex 22.685455322265625 -21.221895217895508 3
 endloop
endfacet
facet normal 0 0 0
 outer loop
  vertex 22.642074584960938 -21.439992904663086 0
  vertex 22.570594787597656 -21.650562286376953 0
  vertex 22.642074584960938 -21.439992904663086 3
 endloop
endfacet
facet normal 0 0 0
 outer loop
  vertex 22.570594787597656 -21.650562286376953 0
  vertex 22.570594787597656 -21.650562286376953 3
  vertex 22.642074584960938 -21.439992904663086 3
 endloop
endfacet
facet normal 0 0 0
 outer loop
  vertex 22.570594787597656 -21.650562286376953 0
  vertex 22.47224235534668 -21.850000381469727 0
  vertex 22.570594787597656 -21.650562286376953 3
 endloop
endfacet
facet normal 0 0 0
 outer loop
  vertex 22.47224235534668 -21.850000381469727 0
  vertex 22.47224235534668 -21.850000381469727 3
  vertex 22.570594787597656 -21.650562286376953 3
 endloop
endfacet
facet normal 0 0 0
 outer loop
  vertex 22.47224235534668 -21.850000381469727 0
  vertex 22.34870147705078 -22.034894943237305 0
  vertex 22.47224235534668 -21.850000381469727 3
 endloop
endfacet
facet normal 0 0 0
 outer loop
  vertex 22.34870147705078 -22.034894943237305 0
  vertex 22.34870147705078 -22.034894943237305 3
  vertex 22.47224235534668 -21.850000381469727 3
 endloop
endfacet
facet normal 0 0 0
 outer loop
  vertex 22.34870147705078 -22.034894943237305 0
  vertex 22.20208168029785 -22.20208168029785 0
  vertex 22.34870147705078 -22.034894943237305 3
 endloop
endfacet
facet normal 0 0 0
 outer loop
  vertex 22.20208168029785 -22.20208168029785 0
  vertex 22.20208168029785 -22.20208168029785 3
  vertex 22.34870147705078 -22.034894943237305 3
 endloop
endfacet
facet normal 0 0 0
 outer loop
  vertex 22.20208168029785 -22.20208168029785 0
  vertex 22.034894943237305 -22.34870147705078 0
  vertex 22.20208168029785 -22.20208168029785 3
 endloop
endfacet
facet normal 0 0 0
 outer loop
  vertex 22.034894943237305 -22.34870147705078 0
  vertex 22.034894943237305 -22.34870147705078 3
  vertex 22.20208168029785 -22.20208168029785 3
 endloop
endfacet
facet normal 0 0 0
 outer loop
  vertex 22.034894943237305 -22.34870147705078 0
  vertex 21.850000381469727 -22.47224235534668 0
  vertex 22.034894943237305 -22.34870147705078 3
 endloop
endfacet
facet normal 0 0 0
 outer loop
  vertex 21.850000381469727 -22.47224235534668 0
  vertex 21.850000381469727 -22.47224235534668 3
  vertex 22.034894943237305 -22.34870147705078 3
 endloop
endfacet
facet normal 0 0 0
 outer loop
  vertex 21.850000381469727 -22.47224235534668 0
  vertex 21.650562286376953 -22.570594787597656 0
  vertex 21.850000381469727 -22.47224235534668 3
 endloop
endfacet
facet normal 0 0 0
 outer loop
  vertex 21.650562286376953 -22.570594787597656 0
  vertex 21.650562286376953 -22.570594787597656 3
  vertex 21.850000381469727 -22.47224235534668 3
 endloop
endfacet
facet normal 0 0 0
 outer loop
  vertex 21.650562286376953 -22.570594787597656 0
  vertex 21.439992904663086 -22.642074584960938 0
  vertex 21.650562286376953 -22.570594787597656 3
 endloop
endfacet
facet normal 0 0 0
 outer loop
  vertex 21.439992904663086 -22.642074584960938 0
  vertex 21.439992904663086 -22.642074584960938 3
  vertex 21.650562286376953 -22.570594787597656 3
 endloop
endfacet
facet normal 0 0 0
 outer loop
  vertex 21.439992904663086 -22.642074584960938 0
  vertex 21.221895217895508 -22.685455322265625 0
  vertex 21.439992904663086 -22.642074584960938 3
 endloop
endfacet
facet normal 0 0 0
 outer loop
  vertex 21.221895217895508 -22.685455322265625 0
  vertex 21.221895217895508 -22.685455322265625 3
  vertex 21.439992904663086 -22.642074584960938 3
 endloop
endfacet
facet normal 0 0 0
 outer loop
  vertex 21.221895217895508 -22.685455322265625 0
  vertex 21 -22.700000762939453 0
  vertex 21.221895217895508 -22.685455322265625 3
 endloop
endfacet
facet normal 0 0 0
 outer loop
  vertex 21 -22.700000762939453 0
  vertex 21 -22.700000762939453 3
  vertex 21.221895217895508 -22.685455322265625 3
 endloop
endfacet
facet normal 0 0 0
 outer loop
  vertex 21 -22.700000762939453 0
  vertex 20.778104782104492 -22.685455322265625 0
  vertex 21 -22.700000762939453 3
 endloop
endfacet
facet normal 0 0 0
 outer loop
  vertex 20.778104782104492 -22.685455322265625 0
  vertex 20.778104782104492 -22.685455322265625 3
  vertex 21 -22.700000762939453 3
 endloop
endfacet
facet normal 0 0 0
 outer loop
  vertex 20.778104782104492 -22.685455322265625 0
  vertex 20.560007095336914 -22.642074584960938 0
  vertex 20.778104782104492 -22.685455322265625 3
 endloop
endfacet
facet normal 0 0 0
 outer loop
  vertex 20.560007095336914 -22.642074584960938 0
  vertex 20.560007095336914 -22.642074584960938 3
  vertex 20.778104782104492 -22.685455322265625 3
 endloop
endfacet
facet normal 0 0 0
 outer loop
  vertex 20.560007095336914 -22.642074584960938 0
  vertex 20.349437713623047 -22.570594787597656 0
  vertex 20.560007095336914 -22.642074584960938 3
 endloop
endfacet
facet normal 0 0 0
 outer loop
  vertex 20.349437713623047 -22.570594787597656 0
  vertex 20.349437713623047 -22.570594787597656 3
  vertex 20.560007095336914 -22.642074584960938 3
 endloop
endfacet
facet normal 0 0 0
 outer loop
  vertex 20.349437713623047 -22.570594787597656 0
  vertex 20.149999618530273 -22.47224235534668 0
  vertex 20.349437713623047 -22.570594787597656 3
 endloop
endfacet
facet normal 0 0 0
 outer loop
  vertex 20.149999618530273 -22.47224235534668 0
  vertex 20.149999618530273 -22.47224235534668 3
  vertex 20.349437713623047 -22.570594787597656 3
 endloop
endfacet
facet normal 0 0 0
 outer loop
  vertex 20.149999618530273 -22.47224235534668 0
  vertex 19.965105056762695 -22.34870147705078 0
  vertex 20.149999618530273 -22.47224235534668 3
 endloop
endfacet
facet normal 0 0 0
 outer loop
  vertex 19.965105056762695 -22.34870147705078 0
  vertex 19.965105056762695 -22.34870147705078 3
  vertex 20.149999618530273 -22.47224235534668 3
 endloop
endfacet
facet normal 0 0 0
 outer loop
  vertex 19.965105056762695 -22.34870147705078 0
  vertex 19.79791831970215 -22.20208168029785 0
  vertex 19.965105056762695 -22.34870147705078 3
 endloop
endfacet
facet normal 0 0 0
 outer loop
  vertex 19.79791831970215 -22.20208168029785 0
  vertex 19.79791831970215 -22.20208168029785 3
  vertex 19.965105056762695 -22.34870147705078 3
 endloop
endfacet
facet normal 0 0 0
 outer loop
  vertex 19.79791831970215 -22.20208168029785 0
  vertex 19.65129852294922 -22.034894943237305 0
  vertex 19.79791831970215 -22.20208168029785 3
 endloop
endfacet
facet normal 0 0 0
 outer loop
  vertex 19.65129852294922 -22.034894943237305 0
  vertex 19.65129852294922 -22.034894943237305 3
  vertex 19.79791831970215 -22.20208168029785 3
 endloop
endfacet
facet normal 0 0 0
 outer loop
  vertex 19.65129852294922 -22.034894943237305 0
  vertex 19.52775764465332 -21.850000381469727 0
  vertex 19.65129852294922 -22.034894943237305 3
 endloop
endfacet
facet normal 0 0 0
 outer loop
  vertex 19.52775764465332 -21.850000381469727 0
  vertex 19.52775764465332 -21.850000381469727 3
  vertex 19.65129852294922 -22.034894943237305 3
 endloop
endfacet
facet normal 0 0 0
 outer loop
  vertex 19.52775764465332 -21.850000381469727 0
  vertex 19.429405212402344 -21.650562286376953 0
  vertex 19.52775764465332 -21.850000381469727 3
 endloop
endfacet
facet normal 0 0 0
 outer loop
  vertex 19.429405212402344 -21.650562286376953 0
  vertex 19.429405212402344 -21.650562286376953 3
  vertex 19.52775764465332 -21.850000381469727 3
 endloop
endfacet
facet normal 0 0 0
 outer loop
  vertex 19.429405212402344 -21.650562286376953 0
  vertex 19.357925415039062 -21.439992904663086 0
  vertex 19.429405212402344 -21.650562286376953 3
 endloop
endfacet
facet normal 0 0 0
 outer loop
  vertex 19.357925415039062 -21.439992904663086 0
  vertex 19.357925415039062 -21.439992904663086 3
  vertex 19.429405212402344 -21.650562286376953 3
 endloop
endfacet
facet normal 0 0 0
 outer loop
  vertex 19.357925415039062 -21.439992904663086 0
  vertex 19.314544677734375 -21.221895217895508 0
  vertex 19.357925415039062 -21.439992904663086 3
 endloop
endfacet
facet normal 0 0 0
 outer loop
  vertex 19.314544677734375 -21.221895217895508 0
  vertex 19.314544677734375 -21.221895217895508 3
  vertex 19.357925415039062 -21.439992904663086 3
 endloop
endfacet
facet normal 0 0 0
 outer loop
  vertex 19.314544677734375 -21.221895217895508 0
  vertex 19.299999237060547 -21 0
  vertex 19.314544677734375 -21.221895217895508 3
 endloop
endfacet
facet normal 0 0 0
 outer loop
  vertex 19.299999237060547 -21 0
  vertex 19.299999237060547 -21 3
  vertex 19.314544677734375 -21.221895217895508 3
 endloop
endfacet
facet normal 0 0 0
 outer loop
  vertex 19.299999237060547 -21 0
  vertex 19.314544677734375 -20.778104782104492 0
  vertex 19.299999237060547 -21 3
 endloop
endfacet
facet normal 0 0 0
 outer loop
  vertex 19.314544677734375 -20.778104782104492 0
  vertex 19.314544677734375 -20.778104782104492 3
  vertex 19.299999237060547 -21 3
 endloop
endfacet
facet normal 0 0 0
 outer loop
  vertex 19.314544677734375 -20.778104782104492 0
  vertex 19.357925415039062 -20.560007095336914 0
  vertex 19.314544677734375 -20.778104782104492 3
 endloop
endfacet
facet normal 0 0 0
 outer loop
  vertex 19.357925415039062 -20.560007095336914 0
  vertex 19.357925415039062 -20.560007095336914 3
  vertex 19.314544677734375 -20.778104782104492 3
 endloop
endfacet
facet normal 0 0 0
 outer loop
  vertex 19.357925415039062 -20.560007095336914 0
  vertex 19.429405212402344 -20.349437713623047 0
  vertex 19.357925415039062 -20.560007095336914 3
 endloop
endfacet
facet normal 0 0 0
 outer loop
  vertex 19.429405212402344 -20.349437713623047 0
  vertex 19.429405212402344 -20.349437713623047 3
  vertex 19.357925415039062 -20.560007095336914 3
 endloop
endfacet
facet normal 0 0 0
 outer loop
  vertex 19.429405212402344 -20.349437713623047 0
  vertex 19.52775764465332 -20.149999618530273 0
  vertex 19.429405212402344 -20.349437713623047 3
 endloop
endfacet
facet normal 0 0 0
 outer loop
  vertex 19.52775764465332 -20.149999618530273 0
  vertex 19.52775764465332 -20.149999618530273 3
  vertex 19.429405212402344 -20.349437713623047 3
 endloop
endfacet
facet normal 0 0 0
 outer loop
  vertex 19.52775764465332 -20.149999618530273 0
  vertex 19.65129852294922 -19.965105056762695 0
  vertex 19.52775764465332 -20.149999618530273 3
 endloop
endfacet
facet normal 0 0 0
 outer loop
  vertex 19.65129852294922 -19.965105056762695 0
  vertex 19.65129852294922 -19.965105056762695 3
  vertex 19.52775764465332 -20.149999618530273 3
 endloop
endfacet
facet normal 0 0 0
 outer loop
  vertex 19.65129852294922 -19.965105056762695 0
  vertex 19.79791831970215 -19.79791831970215 0
  vertex 19.65129852294922 -19.965105056762695 3
 endloop
endfacet
facet normal 0 0 0
 outer loop
  vertex 19.79791831970215 -19.79791831970215 0
  vertex 19.79791831970215 -19.79791831970215 3
  vertex 19.65129852294922 -19.965105056762695 3
 endloop
endfacet
facet normal 0 0 0
 outer loop
  vertex 19.79791831970215 -19.79791831970215 0
  vertex 19.965105056762695 -19.65129852294922 0
  vertex 19.79791831970215 -19.79791831970215 3
 endloop
endfacet
facet normal 0 0 0
 outer loop
  vertex 19.965105056762695 -19.65129852294922 0
  vertex 19.965105056762695 -19.65129852294922 3
  vertex 19.79791831970215 -19.79791831970215 3
 endloop
endfacet
facet normal 0 0 0
 outer loop
  vertex 19.965105056762695 -19.65129852294922 0
  vertex 20.149999618530273 -19.52775764465332 0
  vertex 19.965105056762695 -19.65129852294922 3
 endloop
endfacet
facet normal 0 0 0
 outer loop
  vertex 20.149999618530273 -19.52775764465332 0
  vertex 20.149999618530273 -19.52775764465332 3
  vertex 19.965105056762695 -19.65129852294922 3
 endloop
endfacet
facet normal 0 0 0
 outer loop
  vertex 20.149999618530273 -19.52775764465332 0
  vertex 20.349437713623047 -19.429405212402344 0
  vertex 20.149999618530273 -19.52775764465332 3
 endloop
endfacet
facet normal 0 0 0
 outer loop
  vertex 20.349437713623047 -19.429405212402344 0
  vertex 20.349437713623047 -19.429405212402344 3
  vertex 20.149999618530273 -19.52775764465332 3
 endloop
endfacet
facet normal 0 0 0
 outer loop
  vertex 20.349437713623047 -19.429405212402344 0
  vertex 20.560007095336914 -19.357925415039062 0
  vertex 20.349437713623047 -19.429405212402344 3
 endloop
endfacet
facet normal 0 0 0
 outer loop
  vertex 20.560007095336914 -19.357925415039062 0
  vertex 20.560007095336914 -19.357925415039062 3
  vertex 20.349437713623047 -19.429405212402344 3
 endloop
endfacet
facet normal 0 0 0
 outer loop
  vertex 20.560007095336914 -19.357925415039062 0
  vertex 20.778104782104492 -19.314544677734375 0
  vertex 20.560007095336914 -19.357925415039062 3
 endloop
endfacet
facet normal 0 0 0
 outer loop
  vertex 20.778104782104492 -19.314544677734375 0
  vertex 20.778104782104492 -19.314544677734375 3
  vertex 20.560007095336914 -19.357925415039062 3
 endloop
endfacet
facet normal 0 0 0
 outer loop
  vertex 20.778104782104492 -19.314544677734375 0
  vertex 21 -19.299999237060547 0
  vertex 20.778104782104492 -19.314544677734375 3
 endloop
endfacet
facet normal 0 0 0
 outer loop
  vertex 21 -19.299999237060547 0
  vertex 21 -19.299999237060547 3
  vertex 20.778104782104492 -19.314544677734375 3
 endloop
endfacet
facet normal 0 0 0
 outer loop
  vertex 21 -19.299999237060547 0
  vertex 21.221895217895508 -19.314544677734375 0
  vertex 21 -19.299999237060547 3
 endloop
endfacet
facet normal 0 0 0
 outer loop
  vertex 21.221895217895508 -19.314544677734375 0
  vertex 21.221895217895508 -19.314544677734375 3
  vertex 21 -19.299999237060547 3
 endloop
endfacet
facet normal 0 0 0
 outer loop
  vertex 21.221895217895508 -19.314544677734375 0
  vertex 21.439992904663086 -19.357925415039062 0
  vertex 21.221895217895508 -19.314544677734375 3
 endloop
endfacet
facet normal 0 0 0
 outer loop
  vertex 21.439992904663086 -19.357925415039062 0
  vertex 21.439992904663086 -19.357925415039062 3
  vertex 21.221895217895508 -19.314544677734375 3
 endloop
endfacet
facet normal 0 0 0
 outer loop
  vertex 21.439992904663086 -19.357925415039062 0
  vertex 21.650562286376953 -19.429405212402344 0
  vertex 21.439992904663086 -19.357925415039062 3
 endloop
endfacet
facet normal 0 0 0
 outer loop
  vertex 21.650562286376953 -19.429405212402344 0
  vertex 21.650562286376953 -19.429405212402344 3
  vertex 21.439992904663086 -19.357925415039062 3
 endloop
endfacet
facet normal 0 0 0
 outer loop
  vertex 21.650562286376953 -19.429405212402344 0
  vertex 21.850000381469727 -19.52775764465332 0
  vertex 21.650562286376953 -19.429405212402344 3
 endloop
endfacet
facet normal 0 0 0
 outer loop
  vertex 21.850000381469727 -19.52775764465332 0
  vertex 21.850000381469727 -19.52775764465332 3
  vertex 21.650562286376953 -19.429405212402344 3
 endloop
endfacet
facet normal 0 0 0
 outer loop
  vertex 21.850000381469727 -19.52775764465332 0
  vertex 22.034894943237305 -19.65129852294922 0
  vertex 21.850000381469727 -19.52775764465332 3
 endloop
endfacet
facet normal 0 0 0
 outer loop
  vertex 22.034894943237305 -19.65129852294922 0
  vertex 22.034894943237305 -19.65129852294922 3
  vertex 21.850000381469727 -19.52775764465332 3
 endloop
endfacet
facet normal 0 0 0
 outer loop
  vertex 22.034894943237305 -19.65129852294922 0
  vertex 22.20208168029785 -19.79791831970215 0
  vertex 22.034894943237305 -19.65129852294922 3
 endloop
endfacet
facet normal 0 0 0
 outer loop
  vertex 22.20208168029785 -19.79791831970215 0
  vertex 22.20208168029785 -19.79791831970215 3
  vertex 22.034894943237305 -19.65129852294922 3
 endloop
endfacet
facet normal 0 0 0
 outer loop
  vertex 22.20208168029785 -19.79791831970215 0
  vertex 22.34870147705078 -19.965105056762695 0
  vertex 22.20208168029785 -19.79791831970215 3
 endloop
endfacet
facet normal 0 0 0
 outer loop
  vertex 22.34870147705078 -19.965105056762695 0
  vertex 22.34870147705078 -19.965105056762695 3
  vertex 22.20208168029785 -19.79791831970215 3
 endloop
endfacet
facet normal 0 0 0
 outer loop
  vertex 22.34870147705078 -19.965105056762695 0
  vertex 22.47224235534668 -20.149999618530273 0
  vertex 22.34870147705078 -19.965105056762695 3
 endloop
endfacet
facet normal 0 0 0
 outer loop
  vertex 22.47224235534668 -20.149999618530273 0
  vertex 22.47224235534668 -20.149999618530273 3
  vertex 22.34870147705078 -19.965105056762695 3
 endloop
endfacet
facet normal 0 0 0
 outer loop
  vertex 22.47224235534668 -20.149999618530273 0
  vertex 22.570594787597656 -20.349437713623047 0
  vertex 22.47224235534668 -20.149999618530273 3
 endloop
endfacet
facet normal 0 0 0
 outer loop
  vertex 22.570594787597656 -20.349437713623047 0
  vertex 22.570594787597656 -20.349437713623047 3
  vertex 22.47224235534668 -20.149999618530273 3
 endloop
endfacet
facet normal 0 0 0
 outer loop
  vertex 22.570594787597656 -20.349437713623047 0
  vertex 22.642074584960938 -20.560007095336914 0
  vertex 22.570594787597656 -20.349437713623047 3
 endloop
endfacet
facet normal 0 0 0
 outer loop
  vertex 22.642074584960938 -20.560007095336914 0
  vertex 22.642074584960938 -20.560007095336914 3
  vertex 22.570594787597656 -20.349437713623047 3
 endloop
endfacet
facet normal 0 0 0
 outer loop
  vertex 22.642074584960938 -20.560007095336914 0
  vertex 22.685455322265625 -20.778104782104492 0
  vertex 22.642074584960938 -20.560007095336914 3
 endloop
endfacet
facet normal 0 0 0
 outer loop
  vertex 22.685455322265625 -20.778104782104492 0
  vertex 22.685455322265625 -20.778104782104492 3
  vertex 22.642074584960938 -20.560007095336914 3
 endloop
endfacet
facet normal 0 0 0
 outer loop
  vertex 22.685455322265625 -20.778104782104492 0
  vertex 22.700000762939453 -21 0
  vertex 22.685455322265625 -20.778104782104492 3
 endloop
endfacet
facet normal 0 0 0
 outer loop
  vertex 22.700000762939453 -21 0
  vertex 22.700000762939453 -21 3
  vertex 22.685455322265625 -20.778104782104492 3
 endloop
endfacet
facet normal 0 0 0
 outer loop
  vertex -19.299999237060547 21 0
  vertex -19.314544677734375 20.778104782104492 0
  vertex -19.299999237060547 21 3
 endloop
endfacet
facet normal 0 0 0
 outer loop
  vertex -19.314544677734375 20.778104782104492 0
  vertex -19.314544677734375 20.778104782104492 3
  vertex -19.299999237060547 21 3
 endloop
endfacet
facet normal 0 0 0
 outer loop
  vertex -19.314544677734375 20.778104782104492 0
  vertex -19.357925415039062 20.560007095336914 0
  vertex -19.314544677734375 20.778104782104492 3
 endloop
endfacet
facet normal 0 0 0
 outer loop
  vertex -19.357925415039062 20.560007095336914 0
  vertex -19.357925415039062 20.560007095336914 3
  vertex -19.314544677734375 20.778104782104492 3
 endloop
endfacet
facet normal 0 0 0
 outer loop
  vertex -19.357925415039062 20.560007095336914 0
  vertex -19.429405212402344 20.349437713623047 0
  vertex -19.357925415039062 20.560007095336914 3
 endloop
endfacet
facet normal 0 0 0
 outer loop
  vertex -19.429405212402344 20.349437713623047 0
  vertex -19.429405212402344 20.349437713623047 3
  vertex -19.357925415039062 20.560007095336914 3
 endloop
endfacet
facet normal 0 0 0
 outer loop
  vertex -19.429405212402344 20.349437713623047 0
  vertex -19.52775764465332 20.149999618530273 0
  vertex -19.429405212402344 20.349437713623047 3
 endloop
endfacet
facet normal 0 0 0
 outer loop
  vertex -19.52775764465332 20.149999618530273 0
  vertex -19.52775764465332 20.149999618530273 3
  vertex -19.429405212402344 20.349437713623047 3
 endloop
endfacet
facet normal 0 0 0
 outer loop
  vertex -19.52775764465332 20.149999618530273 0
  vertex -19.65129852294922 19.965105056762695 0
  vertex -19.52775764465332 20.149999618530273 3
 endloop
endfacet
facet normal 0 0 0
 outer loop
  vertex -19.65129852294922 19.965105056762695 0
  vertex -19.65129852294922 19.965105056762695 3
  vertex -19.52775764465332 20.149999618530273 3
 endloop
endfacet
facet normal 0 0 0
 outer loop
  vertex -19.65129852294922 19.965105056762695 0
  vertex -19.79791831970215 19.79791831970215 0
  vertex -19.65129852294922 19.965105056762695 3
 endloop
endfacet
facet normal 0 0 0
 outer loop
  vertex -19.79791831970215 19.79791831970215 0
  vertex -19.79791831970215 19.79791831970215 3
  vertex -19.65129852294922 19.965105056762695 3
 endloop
endfacet
facet normal 0 0 0
 outer loop
  vertex -19.79791831970215 19.79791831970215 0
  vertex -19.965105056762695 19.65129852294922 0
  vertex -19.79791831970215 19.79791831970215 3
 endloop
endfacet
facet normal 0 0 0
 outer loop
  vertex -19.965105056762695 19.65129852294922 0
  vertex -19.965105056762695 19.65129852294922 3
  vertex -19.79791831970215 19.79791831970215 3
 endloop
endfacet
facet normal 0 0 0
 outer loop
  vertex -19.965105056762695 19.65129852294922 0
  vertex -20.149999618530273 19.52775764465332 0
  vertex -19.965105056762695 19.65129852294922 3
 endloop
endfacet
facet normal 0 0 0
 outer loop
  vertex -20.149999618530273 19.52775764465332 0
  vertex -20.149999618530273 19.52775764465332 3
  vertex -19.965105056762695 19.65129852294922 3
 endloop
endfacet
facet normal 0 0 0
 outer loop
  vertex -20.149999618530273 19.52775764465332 0
  vertex -20.349437713623047 19.429405212402344 0
  vertex -20.149999618530273 19.52775764465332 3
 endloop
endfacet
facet normal 0 0 0
 outer loop
  vertex -20.349437713623047 19.429405212402344 0
  vertex -20.349437713623047 19.429405212402344 3
  vertex -20.149999618530273 19.52775764465332 3
 endloop
endfacet
facet normal 0 0 0
 outer loop
  vertex -20.349437713623047 19.429405212402344 0
  vertex -20.560007095336914 19.357925415039062 0
  vertex -20.349437713623047 19.429405212402344 3
 endloop
endfacet
facet normal 0 0 0
 outer loop
  vertex -20.560007095336914 19.357925415039062 0
  vertex -20.560007095336914 19.357925415039062 3
  vertex -20.349437713623047 19.429405212402344 3
 endloop
endfacet
facet normal 0 0 0
 outer loop
  vertex -20.560007095336914 19.357925415039062 0
  vertex -20.778104782104492 19.314544677734375 0
  vertex -20.560007095336914 19.357925415039062 3
 endloop
endfacet
facet normal 0 0 0
 outer loop
  vertex -20.778104782104492 19.314544677734375 0
  vertex -20.778104782104492 19.314544677734375 3
  vertex -20.560007095336914 19.357925415039062 3
 endloop
endfacet
facet normal 0 0 0
 outer loop
  vertex -20.778104782104492 19.314544677734375 0
  vertex -21 19.299999237060547 0
  vertex -20.778104782104492 19.314544677734375 3
 endloop
endfacet
facet normal 0 0 0
 outer loop
  vertex -21 19.299999237060547 0
  vertex -21 19.299999237060547 3
  vertex -20.778104782104492 19.314544677734375 3
 endloop
endfacet
facet normal 0 0 0
 outer loop
  vertex -21 19.299999237060547 0
  vertex -21.221895217895508 19.314544677734375 0
  vertex -21 19.299999237060547 3
 endloop
endfacet
facet normal 0 0 0
 outer loop
  vertex -21.221895217895508 19.314544677734375 0
  vertex -21.221895217895508 19.314544677734375 3
  vertex -21 19.299999237060547 3
 endloop
endfacet
facet normal 0 0 0
 outer loop
  vertex -21.221895217895508 19.314544677734375 0
  vertex -21.439992904663086 19.357925415039062 0
  vertex -21.221895217895508 19.314544677734375 3
 endloop
endfacet
facet normal 0 0 0
 outer loop
  vertex -21.439992904663086 19.357925415039062 0
  vertex -21.439992904663086 19.357925415039062 3
  vertex -21.221895217895508 19.314544677734375 3
 endloop
endfacet
facet normal 0 0 0
 outer loop
  vertex -21.439992904663086 19.357925415039062 0
  vertex -21.650562286376953 19.429405212402344 0
  vertex -21.439992904663086 19.357925415039062 3
 endloop
endfacet
facet normal 0 0 0
 outer loop
  vertex -21.650562286376953 19.429405212402344 0
  vertex -21.650562286376953 19.429405212402344 3
  vertex -21.439992904663086 19.357925415039062 3
 endloop
endfacet
facet normal 0 0 0
 outer loop
  vertex -21.650562286376953 19.429405212402344 0
  vertex -21.850000381469727 19.52775764465332 0
  vertex -21.650562286376953 19.429405212402344 3
 endloop
endfacet
facet normal 0 0 0
 outer loop
  vertex -21.850000381469727 19.52775764465332 0
  vertex -21.850000381469727 19.52775764465332 3
  vertex -21.650562286376953 19.429405212402344 3
 endloop
endfacet
facet normal 0 0 0
 outer loop
  vertex -21.850000381469727 19.52775764465332 0
  vertex -22.034894943237305 19.65129852294922 0
  vertex -21.850000381469727 19.52775764465332 3
 endloop
endfacet
facet normal 0 0 0
 outer loop
  vertex -22.034894943237305 19.65129852294922 0
  vertex -22.034894943237305 19.65129852294922 3
  vertex -21.850000381469727 19.52775764465332 3
 endloop
endfacet
facet normal 0 0 0
 outer loop
  vertex -22.034894943237305 19.65129852294922 0
  vertex -22.20208168029785 19.79791831970215 0
  vertex -22.034894943237305 19.65129852294922 3
 endloop
endfacet
facet normal 0 0 0
 outer loop
  vertex -22.20208168029785 19.79791831970215 0
  vertex -22.20208168029785 19.79791831970215 3
  vertex -22.034894943237305 19.65129852294922 3
 endloop
endfacet
facet normal 0 0 0
 outer loop
  vertex -22.20208168029785 19.79791831970215 0
  vertex -22.34870147705078 19.965105056762695 0
  vertex -22.20208168029785 19.79791831970215 3
 endloop
endfacet
facet normal 0 0 0
 outer loop
  vertex -22.34870147705078 19.965105056762695 0
  vertex -22.34870147705078 19.965105056762695 3
  vertex -22.20208168029785 19.79791831970215 3
 endloop
endfacet
facet normal 0 0 0
 outer loop
  vertex -22.34870147705078 19.965105056762695 0
  vertex -22.47224235534668 20.149999618530273 0
  vertex -22.34870147705078 19.965105056762695 3
 endloop
endfacet
facet normal 0 0 0
 outer loop
  vertex -22.47224235534668 20.149999618530273 0
  vertex -22.47224235534668 20.149999618530273 3
  vertex -22.34870147705078 19.965105056762695 3
 endloop
endfacet
facet normal 0 0 0
 outer loop
  vertex -22.47224235534668 20.149999618530273 0
  vertex -22.570594787597656 20.349437713623047 0
  vertex -22.47224235534668 20.149999618530273 3
 endloop
endfacet
facet normal 0 0 0
 outer loop
  vertex -22.570594787597656 20.349437713623047 0
  vertex -22.570594787597656 20.349437713623047 3
  vertex -22.47224235534668 20.149999618530273 3
 endloop
endfacet
facet normal 0 0 0
 outer loop
  vertex -22.570594787597656 20.349437713623047 0
  vertex -22.642074584960938 20.560007095336914 0
  vertex -22.570594787597656 20.349437713623047 3
 endloop
endfacet
facet normal 0 0 0
 outer loop
  vertex -22.642074584960938 20.560007095336914 0
  vertex -22.642074584960938 20.560007095336914 3
  vertex -22.570594787597656 20.349437713623047 3
 endloop
endfacet
facet normal 0 0 0
 outer loop
  vertex -22.642074584960938 20.560007095336914 0
  vertex -22.685455322265625 20.778104782104492 0
  vertex -22.642074584960938 20.560007095336914 3
 endloop
endfacet
facet normal 0 0 0
 outer loop
  vertex -22.685455322265625 20.778104782104492 0
  vertex -22.685455322265625 20.778104782104492 3
  vertex -22.642074584960938 20.560007095336914 3
 endloop
endfacet
facet normal 0 0 0
 outer loop
  vertex -22.685455322265625 20.778104782104492 0
  vertex -22.700000762939453 21 0
  vertex -22.685455322265625 20.778104782104492 3
 endloop
endfacet
facet normal 0 0 0
 outer loop
  vertex -22.700000762939453 21 0
  vertex -22.700000762939453 21 3
  vertex -22.685455322265625 20.778104782104492 3
 endloop
endfacet
facet normal 0 0 0
 outer loop
  vertex -22.700000762939453 21 0
  vertex -22.685455322265625 21.221895217895508 0
  vertex -22.700000762939453 21 3
 endloop
endfacet
facet normal 0 0 0
 outer loop
  vertex -22.685455322265625 21.221895217895508 0
  vertex -22.685455322265625 21.221895217895508 3
  vertex -22.700000762939453 21 3
 endloop
endfacet
facet normal 0 0 0
 outer loop
  vertex -22.685455322265625 21.221895217895508 0
  vertex -22.642074584960938 21.439992904663086 0
  vertex -22.685455322265625 21.221895217895508 3
 endloop
endfacet
facet normal 0 0 0
 outer loop
  vertex -22.642074584960938 21.439992904663086 0
  vertex -22.642074584960938 21.439992904663086 3
  vertex -22.685455322265625 21.221895217895508 3
 endloop
endfacet
facet normal 0 0 0
 outer loop
  vertex -22.642074584960938 21.439992904663086 0
  vertex -22.570594787597656 21.650562286376953 0
  vertex -22.642074584960938 21.439992904663086 3
 endloop
endfacet
facet normal 0 0 0
 outer loop
  vertex -22.570594787597656 21.650562286376953 0
  vertex -22.570594787597656 21.650562286376953 3
  vertex -22.642074584960938 21.439992904663086 3
 endloop
endfacet
facet normal 0 0 0
 outer loop
  vertex -22.570594787597656 21.650562286376953 0
  vertex -22.47224235534668 21.850000381469727 0
  vertex -22.570594787597656 21.650562286376953 3
 endloop
endfacet
facet normal 0 0 0
 outer loop
  vertex -22.47224235534668 21.850000381469727 0
  vertex -22.47224235534668 21.850000381469727 3
  vertex -22.570594787597656 21.650562286376953 3
 endloop
endfacet
facet normal 0 0 0
 outer loop
  vertex -22.47224235534668 21.850000381469727 0
  vertex -22.34870147705078 22.034894943237305 0
  vertex -22.47224235534668 21.850000381469727 3
 endloop
endfacet
facet normal 0 0 0
 outer loop
  vertex -22.34870147705078 22.034894943237305 0
  vertex -22.34870147705078 22.034894943237305 3
  vertex -22.47224235534668 21.850000381469727 3
 endloop
endfacet
facet normal 0 0 0
 outer loop
  vertex -22.34870147705078 22.034894943237305 0
  vertex -22.20208168029785 22.20208168029785 0
  vertex -22.34870147705078 22.034894943237305 3
 endloop
endfacet
facet normal 0 0 0
 outer loop
  vertex -22.20208168029785 22.20208168029785 0
  vertex -22.20208168029785 22.20208168029785 3
  vertex -22.34870147705078 22.034894943237305 3
 endloop
endfacet
facet normal 0 0 0
 outer loop
  vertex -22.20208168029785 22.20208168029785 0
  vertex -22.034894943237305 22.34870147705078 0
  vertex -22.20208168029785 22.20208168029785 3
 endloop
endfacet
facet normal 0 0 0
 outer loop
  vertex -22.034894943237305 22.34870147705078 0
  vertex -22.034894943237305 22.34870147705078 3
  vertex -22.20208168029785 22.20208168029785 3
 endloop
endfacet
facet normal 0 0 0
 outer loop
  vertex -22.034894943237305 22.34870147705078 0
  vertex -21.850000381469727 22.47224235534668 0
  vertex -22.034894943237305 22.34870147705078 3
 endloop
endfacet
facet normal 0 0 0
 outer loop
  vertex -21.850000381469727 22.47224235534668 0
  vertex -21.850000381469727 22.47224235534668 3
  vertex -22.034894943237305 22.34870147705078 3
 endloop
endfacet
facet normal 0 0 0
 outer loop
  vertex -21.850000381469727 22.47224235534668 0
  vertex -21.650562286376953 22.570594787597656 0
  vertex -21.850000381469727 22.47224235534668 3
 endloop
endfacet
facet normal 0 0 0
 outer loop
  vertex -21.650562286376953 22.570594787597656 0
  vertex -21.650562286376953 22.570594787597656 3
  vertex -21.850000381469727 22.47224235534668 3
 endloop
endfacet
facet normal 0 0 0
 outer loop
  vertex -21.650562286376953 22.570594787597656 0
  vertex -21.439992904663086 22.642074584960938 0
  vertex -21.650562286376953 22.570594787597656 3
 endloop
endfacet
facet normal 0 0 0
 outer loop
  vertex -21.439992904663086 22.642074584960938 0
  vertex -21.439992904663086 22.642074584960938 3
  vertex -21.650562286376953 22.570594787597656 3
 endloop
endfacet
facet normal 0 0 0
 outer loop
  vertex -21.439992904663086 22.642074584960938 0
  vertex -21.221895217895508 22.685455322265625 0
  vertex -21.439992904663086 22.642074584960938 3
 endloop
endfacet
facet normal 0 0 0
 outer loop
  vertex -21.221895217895508 22.685455322265625 0
  vertex -21.221895217895508 22.685455322265625 3
  vertex -21.439992904663086 22.642074584960938 3
 endloop
endfacet
facet normal 0 0 0
 outer loop
  vertex -21.221895217895508 22.685455322265625 0
  vertex -21 22.700000762939453 0
  vertex -21.221895217895508 22.685455322265625 3
 endloop
endfacet
facet normal 0 0 0
 outer loop
  vertex -21 22.700000762939453 0
  vertex -21 22.700000762939453 3
  vertex -21.221895217895508 22.685455322265625 3
 endloop
endfacet
facet normal 0 0 0
 outer loop
  vertex -21 22.700000762939453 0
  vertex -20.778104782104492 22.685455322265625 0
  vertex -21 22.700000762939453 3
 endloop
endfacet
facet normal 0 0 0
 outer loop
  vertex -20.778104782104492 22.685455322265625 0
  vertex -20.778104782104492 22.685455322265625 3
  vertex -21 22.700000762939453 3
 endloop
endfacet
facet normal 0 0 0
 outer loop
  vertex -20.778104782104492 22.685455322265625 0
  vertex -20.560007095336914 22.642074584960938 0
  vertex -20.778104782104492 22.685455322265625 3
 endloop
endfacet
facet normal 0 0 0
 outer loop
  vertex -20.560007095336914 22.642074584960938 0
  vertex -20.560007095336914 22.642074584960938 3
  vertex -20.778104782104492 22.685455322265625 3
 endloop
endfacet
facet normal 0 0 0
 outer loop
  vertex -20.560007095336914 22.642074584960938 0
  vertex -20.349437713623047 22.570594787597656 0
  vertex -20.560007095336914 22.642074584960938 3
 endloop
endfacet
facet normal 0 0 0
 outer loop
  vertex -20.349437713623047 22.570594787597656 0
  vertex -20.349437713623047 22.570594787597656 3
  vertex -20.560007095336914 22.642074584960938 3
 endloop
endfacet
facet normal 0 0 0
 outer loop
  vertex -20.349437713623047 22.570594787597656 0
  vertex -20.149999618530273 22.47224235534668 0
  vertex -20.349437713623047 22.570594787597656 3
 endloop
endfacet
facet normal 0 0 0
 outer loop
  vertex -20.149999618530273 22.47224235534668 0
  vertex -20.149999618530273 22.47224235534668 3
  vertex -20.349437713623047 22.570594787597656 3
 endloop
endfacet
facet normal 0 0 0
 outer loop
  vertex -20.149999618530273 22.47224235534668 0
  vertex -19.965105056762695 22.34870147705078 0
  vertex -20.149999618530273 22.47224235534668 3
 endloop
endfacet
facet normal 0 0 0
 outer loop
  vertex -19.965105056762695 22.34870147705078 0
  vertex -19.965105056762695 22.34870147705078 3
  vertex -20.149999618530273 22.47224235534668 3
 endloop
endfacet
facet normal 0 0 0
 outer loop
  vertex -19.965105056762695 22.34870147705078 0
  vertex -19.79791831970215 22.20208168029785 0
  vertex -19.965105056762695 22.34870147705078 3
 endloop
endfacet
facet normal 0 0 0
 outer loop
  vertex -19.79791831970215 22.20208168029785 0
  vertex -19.79791831970215 22.20208168029785 3
  vertex -19.965105056762695 22.34870147705078 3
 endloop
endfacet
facet normal 0 0 0
 outer loop
  vertex -19.79791831970215 22.20208168029785 0
  vertex -19.65129852294922 22.034894943237305 0
  vertex -19.79791831970215 22.20208168029785 3
 endloop
endfacet
facet normal 0 0 0
 outer loop
  vertex -19.65129852294922 22.034894943237305 0
  vertex -19.65129852294922 22.034894943237305 3
  vertex -19.79791831970215 22.20208168029785 3
 endloop
endfacet
facet normal 0 0 0
 outer loop
  vertex -19.65129852294922 22.034894943237305 0
  vertex -19.52775764465332 21.850000381469727 0
  vertex -19.65129852294922 22.034894943237305 3
 endloop
endfacet
facet normal 0 0 0
 outer loop
  vertex -19.52775764465332 21.850000381469727 0
  vertex -19.52775764465332 21.850000381469727 3
  vertex -19.65129852294922 22.034894943237305 3
 endloop
endfacet
facet normal 0 0 0
 outer loop
  vertex -19.52775764465332 21.850000381469727 0
  vertex -19.429405212402344 21.650562286376953 0
  vertex -19.52775764465332 21.850000381469727 3
 endloop
endfacet
facet normal 0 0 0
 outer loop
  vertex -19.429405212402344 21.650562286376953 0
  vertex -19.429405212402344 21.650562286376953 3
  vertex -19.52775764465332 21.850000381469727 3
 endloop
endfacet
facet normal 0 0 0
 outer loop
  vertex -19.429405212402344 21.650562286376953 0
  vertex -19.357925415039062 21.439992904663086 0
  vertex -19.429405212402344 21.650562286376953 3
 endloop
endfacet
facet normal 0 0 0
 outer loop
  vertex -19.357925415039062 21.439992904663086 0
  vertex -19.357925415039062 21.439992904663086 3
  vertex -19.429405212402344 21.650562286376953 3
 endloop
endfacet
facet normal 0 0 0
 outer loop
  vertex -19.357925415039062 21.439992904663086 0
  vertex -19.314544677734375 21.221895217895508 0
  vertex -19.357925415039062 21.439992904663086 3
 endloop
endfacet
facet normal 0 0 0
 outer loop
  vertex -19.314544677734375 21.221895217895508 0
  vertex -19.314544677734375 21.221895217895508 3
  vertex -19.357925415039062 21.439992904663086 3
 endloop
endfacet
facet normal 0 0 0
 outer loop
  vertex -19.314544677734375 21.221895217895508 0
  vertex -19.299999237060547 21 0
  vertex -19.314544677734375 21.221895217895508 3
 endloop
endfacet
facet normal 0 0 0
 outer loop
  vertex -19.299999237060547 21 0
  vertex -19.299999237060547 21 3
  vertex -19.314544677734375 21.221895217895508 3
 endloop
endfacet
facet normal 0 0 0
 outer loop
  vertex 22.700000762939453 21 0
  vertex 22.685455322265625 20.778104782104492 0
  vertex 22.700000762939453 21 3
 endloop
endfacet
facet normal 0 0 0
 outer loop
  vertex 22.685455322265625 20.778104782104492 0
  vertex 22.685455322265625 20.778104782104492 3
  vertex 22.700000762939453 21 3
 endloop
endfacet
facet normal 0 0 0
 outer loop
  vertex 22.685455322265625 20.778104782104492 0
  vertex 22.642074584960938 20.560007095336914 0
  vertex 22.685455322265625 20.778104782104492 3
 endloop
endfacet
facet normal 0 0 0
 outer loop
  vertex 22.642074584960938 20.560007095336914 0
  vertex 22.642074584960938 20.560007095336914 3
  vertex 22.685455322265625 20.778104782104492 3
 endloop
endfacet
facet normal 0 0 0
 outer loop
  vertex 22.642074584960938 20.560007095336914 0
  vertex 22.570594787597656 20.349437713623047 0
  vertex 22.642074584960938 20.560007095336914 3
 endloop
endfacet
facet normal 0 0 0
 outer loop
  vertex 22.570594787597656 20.349437713623047 0
  vertex 22.570594787597656 20.349437713623047 3
  vertex 22.642074584960938 20.560007095336914 3
 endloop
endfacet
facet normal 0 0 0
 outer loop
  vertex 22.570594787597656 20.349437713623047 0
  vertex 22.47224235534668 20.149999618530273 0
  vertex 22.570594787597656 20.349437713623047 3
 endloop
endfacet
facet normal 0 0 0
 outer loop
  vertex 22.47224235534668 20.149999618530273 0
  vertex 22.47224235534668 20.149999618530273 3
  vertex 22.570594787597656 20.349437713623047 3
 endloop
endfacet
facet normal 0 0 0
 outer loop
  vertex 22.47224235534668 20.149999618530273 0
  vertex 22.34870147705078 19.965105056762695 0
  vertex 22.47224235534668 20.149999618530273 3
 endloop
endfacet
facet normal 0 0 0
 outer loop
  vertex 22.34870147705078 19.965105056762695 0
  vertex 22.34870147705078 19.965105056762695 3
  vertex 22.47224235534668 20.149999618530273 3
 endloop
endfacet
facet normal 0 0 0
 outer loop
  vertex 22.34870147705078 19.965105056762695 0
  vertex 22.20208168029785 19.79791831970215 0
  vertex 22.34870147705078 19.965105056762695 3
 endloop
endfacet
facet normal 0 0 0
 outer loop
  vertex 22.20208168029785 19.79791831970215 0
  vertex 22.20208168029785 19.79791831970215 3
  vertex 22.34870147705078 19.965105056762695 3
 endloop
endfacet
facet normal 0 0 0
 outer loop
  vertex 22.20208168029785 19.79791831970215 0
  vertex 22.034894943237305 19.65129852294922 0
  vertex 22.20208168029785 19.79791831970215 3
 endloop
endfacet
facet normal 0 0 0
 outer loop
  vertex 22.034894943237305 19.65129852294922 0
  vertex 22.034894943237305 19.65129852294922 3
  vertex 22.20208168029785 19.79791831970215 3
 endloop
endfacet
facet normal 0 0 0
 outer loop
  vertex 22.034894943237305 19.65129852294922 0
  vertex 21.850000381469727 19.52775764465332 0
  vertex 22.034894943237305 19.65129852294922 3
 endloop
endfacet
facet normal 0 0 0
 outer loop
  vertex 21.850000381469727 19.52775764465332 0
  vertex 21.850000381469727 19.52775764465332 3
  vertex 22.034894943237305 19.65129852294922 3
 endloop
endfacet
facet normal 0 0 0
 outer loop
  vertex 21.850000381469727 19.52775764465332 0
  vertex 21.650562286376953 19.429405212402344 0
  vertex 21.850000381469727 19.52775764465332 3
 endloop
endfacet
facet normal 0 0 0
 outer loop
  vertex 21.650562286376953 19.429405212402344 0
  vertex 21.650562286376953 19.429405212402344 3
  vertex 21.850000381469727 19.52775764465332 3
 endloop
endfacet
facet normal 0 0 0
 outer loop
  vertex 21.650562286376953 19.429405212402344 0
  vertex 21.439992904663086 19.357925415039062 0
  vertex 21.650562286376953 19.429405212402344 3
 endloop
endfacet
facet normal 0 0 0
 outer loop
  vertex 21.439992904663086 19.357925415039062 0
  vertex 21.439992904663086 19.357925415039062 3
  vertex 21.650562286376953 19.429405212402344 3
 endloop
endfacet
facet normal 0 0 0
 outer loop
  vertex 21.439992904663086 19.357925415039062 0
  vertex 21.221895217895508 19.314544677734375 0
  vertex 21.439992904663086 19.357925415039062 3
 endloop
endfacet
facet normal 0 0 0
 outer loop
  vertex 21.221895217895508 19.314544677734375 0
  vertex 21.221895217895508 19.314544677734375 3
  vertex 21.439992904663086 19.357925415039062 3
 endloop
endfacet
facet normal 0 0 0
 outer loop
  vertex 21.221895217895508 19.314544677734375 0
  vertex 21 19.299999237060547 0
  vertex 21.221895217895508 19.314544677734375 3
 endloop
endfacet
facet normal 0 0 0
 outer loop
  vertex 21 19.299999237060547 0
  vertex 21 19.299999237060547 3
  vertex 21.221895217895508 19.314544677734375 3
 endloop
endfacet
facet normal 0 0 0
 outer loop
  vertex 21 19.299999237060547 0
  vertex 20.778104782104492 19.314544677734375 0
  vertex 21 19.299999237060547 3
 endloop
endfacet
facet normal 0 0 0
 outer loop
  vertex 20.778104782104492 19.314544677734375 0
  vertex 20.778104782104492 19.314544677734375 3
  vertex 21 19.299999237060547 3
 endloop
endfacet
facet normal 0 0 0
 outer loop
  vertex 20.778104782104492 19.314544677734375 0
  vertex 20.560007095336914 19.357925415039062 0
  vertex 20.778104782104492 19.314544677734375 3
 endloop
endfacet
facet normal 0 0 0
 outer loop
  vertex 20.560007095336914 19.357925415039062 0
  vertex 20.560007095336914 19.357925415039062 3
  vertex 20.778104782104492 19.314544677734375 3
 endloop
endfacet
facet normal 0 0 0
 outer loop
  vertex 20.560007095336914 19.357925415039062 0
  vertex 20.349437713623047 19.429405212402344 0
  vertex 20.560007095336914 19.357925415039062 3
 endloop
endfacet
facet normal 0 0 0
 outer loop
  vertex 20.349437713623047 19.429405212402344 0
  vertex 20.349437713623047 19.429405212402344 3
  vertex 20.560007095336914 19.357925415039062 3
 endloop
endfacet
facet normal 0 0 0
 outer loop
  vertex 20.349437713623047 19.429405212402344 0
  vertex 20.149999618530273 19.52775764465332 0
  vertex 20.349437713623047 19.429405212402344 3
 endloop
endfacet
facet normal 0 0 0
 outer loop
  vertex 20.149999618530273 19.52775764465332 0
  vertex 20.149999618530273 19.52775764465332 3
  vertex 20.349437713623047 19.429405212402344 3
 endloop
endfacet
facet normal 0 0 0
 outer loop
  vertex 20.149999618530273 19.52775764465332 0
  vertex 19.965105056762695 19.65129852294922 0
  vertex 20.149999618530273 19.52775764465332 3
 endloop
endfacet
facet normal 0 0 0
 outer loop
  vertex 19.965105056762695 19.65129852294922 0
  vertex 19.965105056762695 19.65129852294922 3
  vertex 20.149999618530273 19.52775764465332 3
 endloop
endfacet
facet normal 0 0 0
 outer loop
  vertex 19.965105056762695 19.65129852294922 0
  vertex 19.79791831970215 19.79791831970215 0
  vertex 19.965105056762695 19.65129852294922 3
 endloop
endfacet
facet normal 0 0 0
 outer loop
  vertex 19.79791831970215 19.79791831970215 0
  vertex 19.79791831970215 19.79791831970215 3
  vertex 19.965105056762695 19.65129852294922 3
 endloop
endfacet
facet normal 0 0 0
 outer loop
  vertex 19.79791831970215 19.79791831970215 0
  vertex 19.65129852294922 19.965105056762695 0
  vertex 19.79791831970215 19.79791831970215 3
 endloop
endfacet
facet normal 0 0 0
 outer loop
  vertex 19.65129852294922 19.965105056762695 0
  vertex 19.65129852294922 19.965105056762695 3
  vertex 19.79791831970215 19.79791831970215 3
 endloop
endfacet
facet normal 0 0 0
 outer loop
  vertex 19.65129852294922 19.965105056762695 0
  vertex 19.52775764465332 20.149999618530273 0
  vertex 19.65129852294922 19.965105056762695 3
 endloop
endfacet
facet normal 0 0 0
 outer loop
  vertex 19.52775764465332 20.149999618530273 0
  vertex 19.52775764465332 20.149999618530273 3
  vertex 19.65129852294922 19.965105056762695 3
 endloop
endfacet
facet normal 0 0 0
 outer loop
  vertex 19.52775764465332 20.149999618530273 0
  vertex 19.429405212402344 20.349437713623047 0
  vertex 19.52775764465332 20.149999618530273 3
 endloop
endfacet
facet normal 0 0 0
 outer loop
  vertex 19.429405212402344 20.349437713623047 0
  vertex 19.429405212402344 20.349437713623047 3
  vertex 19.52775764465332 20.149999618530273 3
 endloop
endfacet
facet normal 0 0 0
 outer loop
  vertex 19.429405212402344 20.349437713623047 0
  vertex 19.357925415039062 20.560007095336914 0
  vertex 19.429405212402344 20.349437713623047 3
 endloop
endfacet
facet normal 0 0 0
 outer loop
  vertex 19.357925415039062 20.560007095336914 0
  vertex 19.357925415039062 20.560007095336914 3
  vertex 19.429405212402344 20.349437713623047 3
 endloop
endfacet
facet normal 0 0 0
 outer loop
  vertex 19.357925415039062 20.560007095336914 0
  vertex 19.314544677734375 20.778104782104492 0
  vertex 19.357925415039062 20.560007095336914 3
 endloop
endfacet
facet normal 0 0 0
 outer loop
  vertex 19.314544677734375 20.778104782104492 0
  vertex 19.314544677734375 20.778104782104492 3
  vertex 19.357925415039062 20.560007095336914 3
 endloop
endfacet
facet normal 0 0 0
 outer loop
  vertex 19.314544677734375 20.778104782104492 0
  vertex 19.299999237060547 21 0
  vertex 19.314544677734375 20.778104782104492 3
 endloop
endfacet
facet normal 0 0 0
 outer loop
  vertex 19.299999237060547 21 0
  vertex 19.299999237060547 21 3
  vertex 19.314544677734375 20.778104782104492 3
 endloop
endfacet
facet normal 0 0 0
 outer loop
  vertex 19.299999237060547 21 0
  vertex 19.314544677734375 21.221895217895508 0
  vertex 19.299999237060547 21 3
 endloop
endfacet
facet normal 0 0 0
 outer loop
  vertex 19.314544677734375 21.221895217895508 0
  vertex 19.314544677734375 21.221895217895508 3
  vertex 19.299999237060547 21 3
 endloop
endfacet
facet normal 0 0 0
 outer loop
  vertex 19.314544677734375 21.221895217895508 0
  vertex 19.357925415039062 21.439992904663086 0
  vertex 19.314544677734375 21.221895217895508 3
 endloop
endfacet
facet normal 0 0 0
 outer loop
  vertex 19.357925415039062 21.439992904663086 0
  vertex 19.357925415039062 21.439992904663086 3
  vertex 19.314544677734375 21.221895217895508 3
 endloop
endfacet
facet normal 0 0 0
 outer loop
  vertex 19.357925415039062 21.439992904663086 0
  vertex 19.429405212402344 21.650562286376953 0
  vertex 19.357925415039062 21.439992904663086 3
 endloop
endfacet
facet normal 0 0 0
 outer loop
  vertex 19.429405212402344 21.650562286376953 0
  vertex 19.429405212402344 21.650562286376953 3
  vertex 19.357925415039062 21.439992904663086 3
 endloop
endfacet
facet normal 0 0 0
 outer loop
  vertex 19.429405212402344 21.650562286376953 0
  vertex 19.52775764465332 21.850000381469727 0
  vertex 19.429405212402344 21.650562286376953 3
 endloop
endfacet
facet normal 0 0 0
 outer loop
  vertex 19.52775764465332 21.850000381469727 0
  vertex 19.52775764465332 21.850000381469727 3
  vertex 19.429405212402344 21.650562286376953 3
 endloop
endfacet
facet normal 0 0 0
 outer loop
  vertex 19.52775764465332 21.850000381469727 0
  vertex 19.65129852294922 22.034894943237305 0
  vertex 19.52775764465332 21.850000381469727 3
 endloop
endfacet
facet normal 0 0 0
 outer loop
  vertex 19.65129852294922 22.034894943237305 0
  vertex 19.65129852294922 22.034894943237305 3
  vertex 19.52775764465332 21.850000381469727 3
 endloop
endfacet
facet normal 0 0 0
 outer loop
  vertex 19.65129852294922 22.034894943237305 0
  vertex 19.79791831970215 22.20208168029785 0
  vertex 19.65129852294922 22.034894943237305 3
 endloop
endfacet
facet normal 0 0 0
 outer loop
  vertex 19.79791831970215 22.20208168029785 0
  vertex 19.79791831970215 22.20208168029785 3
  vertex 19.65129852294922 22.034894943237305 3
 endloop
endfacet
facet normal 0 0 0
 outer loop
  vertex 19.79791831970215 22.20208168029785 0
  vertex 19.965105056762695 22.34870147705078 0
  vertex 19.79791831970215 22.20208168029785 3
 endloop
endfacet
facet normal 0 0 0
 outer loop
  vertex 19.965105056762695 22.34870147705078 0
  vertex 19.965105056762695 22.34870147705078 3
  vertex 19.79791831970215 22.20208168029785 3
 endloop
endfacet
facet normal 0 0 0
 outer loop
  vertex 19.965105056762695 22.34870147705078 0
  vertex 20.149999618530273 22.47224235534668 0
  vertex 19.965105056762695 22.34870147705078 3
 endloop
endfacet
facet normal 0 0 0
 outer loop
  vertex 20.149999618530273 22.47224235534668 0
  vertex 20.149999618530273 22.47224235534668 3
  vertex 19.965105056762695 22.34870147705078 3
 endloop
endfacet
facet normal 0 0 0
 outer loop
  vertex 20.149999618530273 22.47224235534668 0
  vertex 20.349437713623047 22.570594787597656 0
  vertex 20.149999618530273 22.47224235534668 3
 endloop
endfacet
facet normal 0 0 0
 outer loop
  vertex 20.349437713623047 22.570594787597656 0
  vertex 20.349437713623047 22.570594787597656 3
  vertex 20.149999618530273 22.47224235534668 3
 endloop
endfacet
facet normal 0 0 0
 outer loop
  vertex 20.349437713623047 22.570594787597656 0
  vertex 20.560007095336914 22.642074584960938 0
  vertex 20.349437713623047 22.570594787597656 3
 endloop
endfacet
facet normal 0 0 0
 outer loop
  vertex 20.560007095336914 22.642074584960938 0
  vertex 20.560007095336914 22.642074584960938 3
  vertex 20.349437713623047 22.570594787597656 3
 endloop
endfacet
facet normal 0 0 0
 outer loop
  vertex 20.560007095336914 22.642074584960938 0
  vertex 20.778104782104492 22.685455322265625 0
  vertex 20.560007095336914 22.642074584960938 3
 endloop
endfacet
facet normal 0 0 0
 outer loop
  vertex 20.778104782104492 22.685455322265625 0
  vertex 20.778104782104492 22.685455322265625 3
  vertex 20.560007095336914 22.642074584960938 3
 endloop
endfacet
facet normal 0 0 0
 outer loop
  vertex 20.778104782104492 22.685455322265625 0
  vertex 21 22.700000762939453 0
  vertex 20.778104782104492 22.685455322265625 3
 endloop
endfacet
facet normal 0 0 0
 outer loop
  vertex 21 22.700000762939453 0
  vertex 21 22.700000762939453 3
  vertex 20.778104782104492 22.685455322265625 3
 endloop
endfacet
facet normal 0 0 0
 outer loop
  vertex 21 22.700000762939453 0
  vertex 21.221895217895508 22.685455322265625 0
  vertex 21 22.700000762939453 3
 endloop
endfacet
facet normal 0 0 0
 outer loop
  vertex 21.221895217895508 22.685455322265625 0
  vertex 21.221895217895508 22.685455322265625 3
  vertex 21 22.700000762939453 3
 endloop
endfacet
facet normal 0 0 0
 outer loop
  vertex 21.221895217895508 22.685455322265625 0
  vertex 21.439992904663086 22.642074584960938 0
  vertex 21.221895217895508 22.685455322265625 3
 endloop
endfacet
facet normal 0 0 0
 outer loop
  vertex 21.439992904663086 22.642074584960938 0
  vertex 21.439992904663086 22.642074584960938 3
  vertex 21.221895217895508 22.685455322265625 3
 endloop
endfacet
facet normal 0 0 0
 outer loop
  vertex 21.439992904663086 22.642074584960938 0
  vertex 21.650562286376953 22.570594787597656 0
  vertex 21.439992904663086 22.642074584960938 3
 endloop
endfacet
facet normal 0 0 0
 outer loop
  vertex 21.650562286376953 22.570594787597656 0
  vertex 21.650562286376953 22.570594787597656 3
  vertex 21.439992904663086 22.642074584960938 3
 endloop
endfacet
facet normal 0 0 0
 outer loop
  vertex 21.650562286376953 22.570594787597656 0
  vertex 21.850000381469727 22.47224235534668 0
  vertex 21.650562286376953 22.570594787597656 3
 endloop
endfacet
facet normal 0 0 0
 outer loop
  vertex 21.850000381469727 22.47224235534668 0
  vertex 21.850000381469727 22.47224235534668 3
  vertex 21.650562286376953 22.570594787597656 3
 endloop
endfacet
facet normal 0 0 0
 outer loop
  vertex 21.850000381469727 22.47224235534668 0
  vertex 22.034894943237305 22.34870147705078 0
  vertex 21.850000381469727 22.47224235534668 3
 endloop
endfacet
facet normal 0 0 0
 outer loop
  vertex 22.034894943237305 22.34870147705078 0
  vertex 22.034894943237305 22.34870147705078 3
  vertex 21.850000381469727 22.47224235534668 3
 endloop
endfacet
facet normal 0 0 0
 outer loop
  vertex 22.034894943237305 22.34870147705078 0
  vertex 22.20208168029785 22.20208168029785 0
  vertex 22.034894943237305 22.34870147705078 3
 endloop
endfacet
facet normal 0 0 0
 outer loop
  vertex 22.20208168029785 22.20208168029785 0
  vertex 22.20208168029785 22.20208168029785 3
  vertex 22.034894943237305 22.34870147705078 3
 endloop
endfacet
facet normal 0 0 0
 outer loop
  vertex 22.20208168029785 22.20208168029785 0
  vertex 22.34870147705078 22.034894943237305 0
  vertex 22.20208168029785 22.20208168029785 3
 endloop
endfacet
facet normal 0 0 0
 outer loop
  vertex 22.34870147705078 22.034894943237305 0
  vertex 22.34870147705078 22.034894943237305 3
  vertex 22.20208168029785 22.20208168029785 3
 endloop
endfacet
facet normal 0 0 0
 outer loop
  vertex 22.34870147705078 22.034894943237305 0
  vertex 22.47224235534668 21.850000381469727 0
  vertex 22.34870147705078 22.034894943237305 3
 endloop
endfacet
facet normal 0 0 0
 outer loop
  vertex 22.47224235534668 21.850000381469727 0
  vertex 22.47224235534668 21.850000381469727 3
  vertex 22.34870147705078 22.034894943237305 3
 endloop
endfacet
facet normal 0 0 0
 outer loop
  vertex 22.47224235534668 21.850000381469727 0
  vertex 22.570594787597656 21.650562286376953 0
  vertex 22.47224235534668 21.850000381469727 3
 endloop
endfacet
facet normal 0 0 0
 outer loop
  vertex 22.570594787597656 21.650562286376953 0
  vertex 22.570594787597656 21.650562286376953 3
  vertex 22.47224235534668 21.850000381469727 3
 endloop
endfacet
facet normal 0 0 0
 outer loop
  vertex 22.570594787597656 21.650562286376953 0
  vertex 22.642074584960938 21.439992904663086 0
  vertex 22.570594787597656 21.650562286376953 3
 endloop
endfacet
facet normal 0 0 0
 outer loop
  vertex 22.642074584960938 21.439992904663086 0
  vertex 22.642074584960938 21.439992904663086 3
  vertex 22.570594787597656 21.650562286376953 3
 endloop
endfacet
facet normal 0 0 0
 outer loop
  vertex 22.642074584960938 21.439992904663086 0
  vertex 22.685455322265625 21.221895217895508 0
  vertex 22.642074584960938 21.439992904663086 3
 endloop
endfacet
facet normal 0 0 0
 outer loop
  vertex 22.685455322265625 21.221895217895508 0
  vertex 22.685455322265625 21.221895217895508 3
  vertex 22.642074584960938 21.439992904663086 3
 endloop
endfacet
facet normal 0 0 0
 outer loop
  vertex 22.685455322265625 21.221895217895508 0
  vertex 22.700000762939453 21 0
  vertex 22.685455322265625 21.221895217895508 3
 endloop
endfacet
facet normal 0 0 0
 outer loop
  vertex 22.700000762939453 21 0
  vertex 22.700000762939453 21 3
  vertex 22.685455322265625 21.221895217895508 3
 endloop
endfacet
facet normal 0 0 0
 outer loop
  vertex 1.7000000476837158 0 0
  vertex 1.6854562759399414 -0.2218945324420929 0
  vertex 1.7000000476837158 0 3
 endloop
endfacet
facet normal 0 0 0
 outer loop
  vertex 1.6854562759399414 -0.2218945324420929 0
  vertex 1.6854562759399414 -0.2218945324420929 3
  vertex 1.7000000476837158 0 3
 endloop
endfacet
facet normal 0 0 0
 outer loop
  vertex 1.6854562759399414 -0.2218945324420929 0
  vertex 1.6420738697052002 -0.43999236822128296 0
  vertex 1.6854562759399414 -0.2218945324420929 3
 endloop
endfacet
facet normal 0 0 0
 outer loop
  vertex 1.6420738697052002 -0.43999236822128296 0
  vertex 1.6420738697052002 -0.43999236822128296 3
  vertex 1.6854562759399414 -0.2218945324420929 3
 endloop
endfacet
facet normal 0 0 0
 outer loop
  vertex 1.6420738697052002 -0.43999236822128296 0
  vertex 1.5705952644348145 -0.6505618095397949 0
  vertex 1.6420738697052002 -0.43999236822128296 3
 endloop
endfacet
facet normal 0 0 0
 outer loop
  vertex 1.5705952644348145 -0.6505618095397949 0
  vertex 1.5705952644348145 -0.6505618095397949 3
  vertex 1.6420738697052002 -0.43999236822128296 3
 endloop
endfacet
facet normal 0 0 0
 outer loop
  vertex 1.5705952644348145 -0.6505618095397949 0
  vertex 1.4722431898117065 -0.8500000238418579 0
  vertex 1.5705952644348145 -0.6505618095397949 3
 endloop
endfacet
facet normal 0 0 0
 outer loop
  vertex 1.4722431898117065 -0.8500000238418579 0
  vertex 1.4722431898117065 -0.8500000238418579 3
  vertex 1.5705952644348145 -0.6505618095397949 3
 endloop
endfacet
facet normal 0 0 0
 outer loop
  vertex 1.4722431898117065 -0.8500000238418579 0
  vertex 1.3487006425857544 -1.0348944664001465 0
  vertex 1.4722431898117065 -0.8500000238418579 3
 endloop
endfacet
facet normal 0 0 0
 outer loop
  vertex 1.3487006425857544 -1.0348944664001465 0
  vertex 1.3487006425857544 -1.0348944664001465 3
  vertex 1.4722431898117065 -0.8500000238418579 3
 endloop
endfacet
facet normal 0 0 0
 outer loop
  vertex 1.3487006425857544 -1.0348944664001465 0
  vertex 1.202081561088562 -1.202081561088562 0
  vertex 1.3487006425857544 -1.0348944664001465 3
 endloop
endfacet
facet normal 0 0 0
 outer loop
  vertex 1.202081561088562 -1.202081561088562 0
  vertex 1.202081561088562 -1.202081561088562 3
  vertex 1.3487006425857544 -1.0348944664001465 3
 endloop
endfacet
facet normal 0 0 0
 outer loop
  vertex 1.202081561088562 -1.202081561088562 0
  vertex 1.0348944664001465 -1.3487006425857544 0
  vertex 1.202081561088562 -1.202081561088562 3
 endloop
endfacet
facet normal 0 0 0
 outer loop
  vertex 1.0348944664001465 -1.3487006425857544 0
  vertex 1.0348944664001465 -1.3487006425857544 3
  vertex 1.202081561088562 -1.202081561088562 3
 endloop
endfacet
facet normal 0 0 0
 outer loop
  vertex 1.0348944664001465 -1.3487006425857544 0
  vertex 0.8500000238418579 -1.4722431898117065 0
  vertex 1.0348944664001465 -1.3487006425857544 3
 endloop
endfacet
facet normal 0 0 0
 outer loop
  vertex 0.8500000238418579 -1.4722431898117065 0
  vertex 0.8500000238418579 -1.4722431898117065 3
  vertex 1.0348944664001465 -1.3487006425857544 3
 endloop
endfacet
facet normal 0 0 0
 outer loop
  vertex 0.8500000238418579 -1.4722431898117065 0
  vertex 0.6505618095397949 -1.5705952644348145 0
  vertex 0.8500000238418579 -1.4722431898117065 3
 endloop
endfacet
facet normal 0 0 0
 outer loop
  vertex 0.6505618095397949 -1.5705952644348145 0
  vertex 0.6505618095397949 -1.5705952644348145 3
  vertex 0.8500000238418579 -1.4722431898117065 3
 endloop
endfacet
facet normal 0 0 0
 outer loop
  vertex 0.6505618095397949 -1.5705952644348145 0
  vertex 0.43999236822128296 -1.6420738697052002 0
  vertex 0.6505618095397949 -1.5705952644348145 3
 endloop
endfacet
facet normal 0 0 0
 outer loop
  vertex 0.43999236822128296 -1.6420738697052002 0
  vertex 0.43999236822128296 -1.6420738697052002 3
  vertex 0.6505618095397949 -1.5705952644348145 3
 endloop
endfacet
facet normal 0 0 0
 outer loop
  vertex 0.43999236822128296 -1.6420738697052002 0
  vertex 0.2218945324420929 -1.6854562759399414 0
  vertex 0.43999236822128296 -1.6420738697052002 3
 endloop
endfacet
facet normal 0 0 0
 outer loop
  vertex 0.2218945324420929 -1.6854562759399414 0
  vertex 0.2218945324420929 -1.6854562759399414 3
  vertex 0.43999236822128296 -1.6420738697052002 3
 endloop
endfacet
facet normal 0 0 0
 outer loop
  vertex 0.2218945324420929 -1.6854562759399414 0
  vertex 1.0409497585229437e-16 -1.7000000476837158 0
  vertex 0.2218945324420929 -1.6854562759399414 3
 endloop
endfacet
facet normal 0 0 0
 outer loop
  vertex 1.0409497585229437e-16 -1.7000000476837158 0
  vertex 1.0409497585229437e-16 -1.7000000476837158 3
  vertex 0.2218945324420929 -1.6854562759399414 3
 endloop
endfacet
facet normal 0 0 0
 outer loop
  vertex 1.0409497585229437e-16 -1.7000000476837158 0
  vertex -0.2218945324420929 -1.6854562759399414 0
  vertex 1.0409497585229437e-16 -1.7000000476837158 3
 endloop
endfacet
facet normal 0 0 0
 outer loop
  vertex -0.2218945324420929 -1.6854562759399414 0
  vertex -0.2218945324420929 -1.6854562759399414 3
  vertex 1.0409497585229437e-16 -1.7000000476837158 3
 endloop
endfacet
facet normal 0 0 0
 outer loop
  vertex -0.2218945324420929 -1.6854562759399414 0
  vertex -0.43999236822128296 -1.6420738697052002 0
  vertex -0.2218945324420929 -1.6854562759399414 3
 endloop
endfacet
facet normal 0 0 0
 outer loop
  vertex -0.43999236822128296 -1.6420738697052002 0
  vertex -0.43999236822128296 -1.6420738697052002 3
  vertex -0.2218945324420929 -1.6854562759399414 3
 endloop
endfacet
facet normal 0 0 0
 outer loop
  vertex -0.43999236822128296 -1.6420738697052002 0
  vertex -0.6505618095397949 -1.5705952644348145 0
  vertex -0.43999236822128296 -1.6420738697052002 3
 endloop
endfacet
facet normal 0 0 0
 outer loop
  vertex -0.6505618095397949 -1.5705952644348145 0
  vertex -0.6505618095397949 -1.5705952644348145 3
  vertex -0.43999236822128296 -1.6420738697052002 3
 endloop
endfacet
facet normal 0 0 0
 outer loop
  vertex -0.6505618095397949 -1.5705952644348145 0
  vertex -0.8500000238418579 -1.4722431898117065 0
  vertex -0.6505618095397949 -1.5705952644348145 3
 endloop
endfacet
facet normal 0 0 0
 outer loop
  vertex -0.8500000238418579 -1.4722431898117065 0
  vertex -0.8500000238418579 -1.4722431898117065 3
  vertex -0.6505618095397949 -1.5705952644348145 3
 endloop
endfacet
facet normal 0 0 0
 outer loop
  vertex -0.8500000238418579 -1.4722431898117065 0
  vertex -1.0348944664001465 -1.3487006425857544 0
  vertex -0.8500000238418579 -1.4722431898117065 3
 endloop
endfacet
facet normal 0 0 0
 outer loop
  vertex -1.0348944664001465 -1.3487006425857544 0
  vertex -1.0348944664001465 -1.3487006425857544 3
  vertex -0.8500000238418579 -1.4722431898117065 3
 endloop
endfacet
facet normal 0 0 0
 outer loop
  vertex -1.0348944664001465 -1.3487006425857544 0
  vertex -1.202081561088562 -1.202081561088562 0
  vertex -1.0348944664001465 -1.3487006425857544 3
 endloop
endfacet
facet normal 0 0 0
 outer loop
  vertex -1.202081561088562 -1.202081561088562 0
  vertex -1.202081561088562 -1.202081561088562 3
  vertex -1.0348944664001465 -1.3487006425857544 3
 endloop
endfacet
facet normal 0 0 0
 outer loop
  vertex -1.202081561088562 -1.202081561088562 0
  vertex -1.3487006425857544 -1.0348944664001465 0
  vertex -1.202081561088562 -1.202081561088562 3
 endloop
endfacet
facet normal 0 0 0
 outer loop
  vertex -1.3487006425857544 -1.0348944664001465 0
  vertex -1.3487006425857544 -1.0348944664001465 3
  vertex -1.202081561088562 -1.202081561088562 3
 endloop
endfacet
facet normal 0 0 0
 outer loop
  vertex -1.3487006425857544 -1.0348944664001465 0
  vertex -1.4722431898117065 -0.8500000238418579 0
  vertex -1.3487006425857544 -1.0348944664001465 3
 endloop
endfacet
facet normal 0 0 0
 outer loop
  vertex -1.4722431898117065 -0.8500000238418579 0
  vertex -1.4722431898117065 -0.8500000238418579 3
  vertex -1.3487006425857544 -1.0348944664001465 3
 endloop
endfacet
facet normal 0 0 0
 outer loop
  vertex -1.4722431898117065 -0.8500000238418579 0
  vertex -1.5705952644348145 -0.6505618095397949 0
  vertex -1.4722431898117065 -0.8500000238418579 3
 endloop
endfacet
facet normal 0 0 0
 outer loop
  vertex -1.5705952644348145 -0.6505618095397949 0
  vertex -1.5705952644348145 -0.6505618095397949 3
  vertex -1.4722431898117065 -0.8500000238418579 3
 endloop
endfacet
facet normal 0 0 0
 outer loop
  vertex -1.5705952644348145 -0.6505618095397949 0
  vertex -1.6420738697052002 -0.43999236822128296 0
  vertex -1.5705952644348145 -0.6505618095397949 3
 endloop
endfacet
facet normal 0 0 0
 outer loop
  vertex -1.6420738697052002 -0.43999236822128296 0
  vertex -1.6420738697052002 -0.43999236822128296 3
  vertex -1.5705952644348145 -0.6505618095397949 3
 endloop
endfacet
facet normal 0 0 0
 outer loop
  vertex -1.6420738697052002 -0.43999236822128296 0
  vertex -1.6854562759399414 -0.2218945324420929 0
  vertex -1.6420738697052002 -0.43999236822128296 3
 endloop
endfacet
facet normal 0 0 0
 outer loop
  vertex -1.6854562759399414 -0.2218945324420929 0
  vertex -1.6854562759399414 -0.2218945324420929 3
  vertex -1.6420738697052002 -0.43999236822128296 3
 endloop
endfacet
facet normal 0 0 0
 outer loop
  vertex -1.6854562759399414 -0.2218945324420929 0
  vertex -1.7000000476837158 -2.0818995170458873e-16 0
  vertex -1.6854562759399414 -0.2218945324420929 3
 endloop
endfacet
facet normal 0 0 0
 outer loop
  vertex -1.7000000476837158 -2.0818995170458873e-16 0
  vertex -1.7000000476837158 -2.0818995170458873e-16 3
  vertex -1.6854562759399414 -0.2218945324420929 3
 endloop
endfacet
facet normal 0 0 0
 outer loop
  vertex -1.7000000476837158 -2.0818995170458873e-16 0
  vertex -1.6854562759399414 0.2218945324420929 0
  vertex -1.7000000476837158 -2.0818995170458873e-16 3
 endloop
endfacet
facet normal 0 0 0
 outer loop
  vertex -1.6854562759399414 0.2218945324420929 0
  vertex -1.6854562759399414 0.2218945324420929 3
  vertex -1.7000000476837158 -2.0818995170458873e-16 3
 endloop
endfacet
facet normal 0 0 0
 outer loop
  vertex -1.6854562759399414 0.2218945324420929 0
  vertex -1.6420738697052002 0.43999236822128296 0
  vertex -1.6854562759399414 0.2218945324420929 3
 endloop
endfacet
facet normal 0 0 0
 outer loop
  vertex -1.6420738697052002 0.43999236822128296 0
  vertex -1.6420738697052002 0.43999236822128296 3
  vertex -1.6854562759399414 0.2218945324420929 3
 endloop
endfacet
facet normal 0 0 0
 outer loop
  vertex -1.6420738697052002 0.43999236822128296 0
  vertex -1.5705952644348145 0.6505618095397949 0
  vertex -1.6420738697052002 0.43999236822128296 3
 endloop
endfacet
facet normal 0 0 0
 outer loop
  vertex -1.5705952644348145 0.6505618095397949 0
  vertex -1.5705952644348145 0.6505618095397949 3
  vertex -1.6420738697052002 0.43999236822128296 3
 endloop
endfacet
facet normal 0 0 0
 outer loop
  vertex -1.5705952644348145 0.6505618095397949 0
  vertex -1.4722431898117065 0.8500000238418579 0
  vertex -1.5705952644348145 0.6505618095397949 3
 endloop
endfacet
facet normal 0 0 0
 outer loop
  vertex -1.4722431898117065 0.8500000238418579 0
  vertex -1.4722431898117065 0.8500000238418579 3
  vertex -1.5705952644348145 0.6505618095397949 3
 endloop
endfacet
facet normal 0 0 0
 outer loop
  vertex -1.4722431898117065 0.8500000238418579 0
  vertex -1.3487006425857544 1.0348944664001465 0
  vertex -1.4722431898117065 0.8500000238418579 3
 endloop
endfacet
facet normal 0 0 0
 outer loop
  vertex -1.3487006425857544 1.0348944664001465 0
  vertex -1.3487006425857544 1.0348944664001465 3
  vertex -1.4722431898117065 0.8500000238418579 3
 endloop
endfacet
facet normal 0 0 0
 outer loop
  vertex -1.3487006425857544 1.0348944664001465 0
  vertex -1.202081561088562 1.202081561088562 0
  vertex -1.3487006425857544 1.0348944664001465 3
 endloop
endfacet
facet normal 0 0 0
 outer loop
  vertex -1.202081561088562 1.202081561088562 0
  vertex -1.202081561088562 1.202081561088562 3
  vertex -1.3487006425857544 1.0348944664001465 3
 endloop
endfacet
facet normal 0 0 0
 outer loop
  vertex -1.202081561088562 1.202081561088562 0
  vertex -1.0348944664001465 1.3487006425857544 0
  vertex -1.202081561088562 1.202081561088562 3
 endloop
endfacet
facet normal 0 0 0
 outer loop
  vertex -1.0348944664001465 1.3487006425857544 0
  vertex -1.0348944664001465 1.3487006425857544 3
  vertex -1.202081561088562 1.202081561088562 3
 endloop
endfacet
facet normal 0 0 0
 outer loop
  vertex -1.0348944664001465 1.3487006425857544 0
  vertex -0.8500000238418579 1.4722431898117065 0
  vertex -1.0348944664001465 1.3487006425857544 3
 endloop
endfacet
facet normal 0 0 0
 outer loop
  vertex -0.8500000238418579 1.4722431898117065 0
  vertex -0.8500000238418579 1.4722431898117065 3
  vertex -1.0348944664001465 1.3487006425857544 3
 endloop
endfacet
facet normal 0 0 0
 outer loop
  vertex -0.8500000238418579 1.4722431898117065 0
  vertex -0.6505618095397949 1.5705952644348145 0
  vertex -0.8500000238418579 1.4722431898117065 3
 endloop
endfacet
facet normal 0 0 0
 outer loop
  vertex -0.6505618095397949 1.5705952644348145 0
  vertex -0.6505618095397949 1.5705952644348145 3
  vertex -0.8500000238418579 1.4722431898117065 3
 endloop
endfacet
facet normal 0 0 0
 outer loop
  vertex -0.6505618095397949 1.5705952644348145 0
  vertex -0.43999236822128296 1.6420738697052002 0
  vertex -0.6505618095397949 1.5705952644348145 3
 endloop
endfacet
facet normal 0 0 0
 outer loop
  vertex -0.43999236822128296 1.6420738697052002 0
  vertex -0.43999236822128296 1.6420738697052002 3
  vertex -0.6505618095397949 1.5705952644348145 3
 endloop
endfacet
facet normal 0 0 0
 outer loop
  vertex -0.43999236822128296 1.6420738697052002 0
  vertex -0.2218945324420929 1.6854562759399414 0
  vertex -0.43999236822128296 1.6420738697052002 3
 endloop
endfacet
facet normal 0 0 0
 outer loop
  vertex -0.2218945324420929 1.6854562759399414 0
  vertex -0.2218945324420929 1.6854562759399414 3
  vertex -0.43999236822128296 1.6420738697052002 3
 endloop
endfacet
facet normal 0 0 0
 outer loop
  vertex -0.2218945324420929 1.6854562759399414 0
  vertex -3.122849275568831e-16 1.7000000476837158 0
  vertex -0.2218945324420929 1.6854562759399414 3
 endloop
endfacet
facet normal 0 0 0
 outer loop
  vertex -3.122849275568831e-16 1.7000000476837158 0
  vertex -3.122849275568831e-16 1.7000000476837158 3
  vertex -0.2218945324420929 1.6854562759399414 3
 endloop
endfacet
facet normal 0 0 0
 outer loop
  vertex -3.122849275568831e-16 1.7000000476837158 0
  vertex 0.2218945324420929 1.6854562759399414 0
  vertex -3.122849275568831e-16 1.7000000476837158 3
 endloop
endfacet
facet normal 0 0 0
 outer loop
  vertex 0.2218945324420929 1.6854562759399414 0
  vertex 0.2218945324420929 1.6854562759399414 3
  vertex -3.122849275568831e-16 1.7000000476837158 3
 endloop
endfacet
facet normal 0 0 0
 outer loop
  vertex 0.2218945324420929 1.6854562759399414 0
  vertex 0.43999236822128296 1.6420738697052002 0
  vertex 0.2218945324420929 1.6854562759399414 3
 endloop
endfacet
facet normal 0 0 0
 outer loop
  vertex 0.43999236822128296 1.6420738697052002 0
  vertex 0.43999236822128296 1.6420738697052002 3
  vertex 0.2218945324420929 1.6854562759399414 3
 endloop
endfacet
facet normal 0 0 0
 outer loop
  vertex 0.43999236822128296 1.6420738697052002 0
  vertex 0.6505618095397949 1.5705952644348145 0
  vertex 0.43999236822128296 1.6420738697052002 3
 endloop
endfacet
facet normal 0 0 0
 outer loop
  vertex 0.6505618095397949 1.5705952644348145 0
  vertex 0.6505618095397949 1.5705952644348145 3
  vertex 0.43999236822128296 1.6420738697052002 3
 endloop
endfacet
facet normal 0 0 0
 outer loop
  vertex 0.6505618095397949 1.5705952644348145 0
  vertex 0.8500000238418579 1.4722431898117065 0
  vertex 0.6505618095397949 1.5705952644348145 3
 endloop
endfacet
facet normal 0 0 0
 outer loop
  vertex 0.8500000238418579 1.4722431898117065 0
  vertex 0.8500000238418579 1.4722431898117065 3
  vertex 0.6505618095397949 1.5705952644348145 3
 endloop
endfacet
facet normal 0 0 0
 outer loop
  vertex 0.8500000238418579 1.4722431898117065 0
  vertex 1.0348944664001465 1.3487006425857544 0
  vertex 0.8500000238418579 1.4722431898117065 3
 endloop
endfacet
facet normal 0 0 0
 outer loop
  vertex 1.0348944664001465 1.3487006425857544 0
  vertex 1.0348944664001465 1.3487006425857544 3
  vertex 0.8500000238418579 1.4722431898117065 3
 endloop
endfacet
facet normal 0 0 0
 outer loop
  vertex 1.0348944664001465 1.3487006425857544 0
  vertex 1.202081561088562 1.202081561088562 0
  vertex 1.0348944664001465 1.3487006425857544 3
 endloop
endfacet
facet normal 0 0 0
 outer loop
  vertex 1.202081561088562 1.202081561088562 0
  vertex 1.202081561088562 1.202081561088562 3
  vertex 1.0348944664001465 1.3487006425857544 3
 endloop
endfacet
facet normal 0 0 0
 outer loop
  vertex 1.202081561088562 1.202081561088562 0
  vertex 1.3487006425857544 1.0348944664001465 0
  vertex 1.202081561088562 1.202081561088562 3
 endloop
endfacet
facet normal 0 0 0
 outer loop
  vertex 1.3487006425857544 1.0348944664001465 0
  vertex 1.3487006425857544 1.0348944664001465 3
  vertex 1.202081561088562 1.202081561088562 3
 endloop
endfacet
facet normal 0 0 0
 outer loop
  vertex 1.3487006425857544 1.0348944664001465 0
  vertex 1.4722431898117065 0.8500000238418579 0
  vertex 1.3487006425857544 1.0348944664001465 3
 endloop
endfacet
facet normal 0 0 0
 outer loop
  vertex 1.4722431898117065 0.8500000238418579 0
  vertex 1.4722431898117065 0.8500000238418579 3
  vertex 1.3487006425857544 1.0348944664001465 3
 endloop
endfacet
facet normal 0 0 0
 outer loop
  vertex 1.4722431898117065 0.8500000238418579 0
  vertex 1.5705952644348145 0.6505618095397949 0
  vertex 1.4722431898117065 0.8500000238418579 3
 endloop
endfacet
facet normal 0 0 0
 outer loop
  vertex 1.5705952644348145 0.6505618095397949 0
  vertex 1.5705952644348145 0.6505618095397949 3
  vertex 1.4722431898117065 0.8500000238418579 3
 endloop
endfacet
facet normal 0 0 0
 outer loop
  vertex 1.5705952644348145 0.6505618095397949 0
  vertex 1.6420738697052002 0.43999236822128296 0
  vertex 1.5705952644348145 0.6505618095397949 3
 endloop
endfacet
facet normal 0 0 0
 outer loop
  vertex 1.6420738697052002 0.43999236822128296 0
  vertex 1.6420738697052002 0.43999236822128296 3
  vertex 1.5705952644348145 0.6505618095397949 3
 endloop
endfacet
facet normal 0 0 0
 outer loop
  vertex 1.6420738697052002 0.43999236822128296 0
  vertex 1.6854562759399414 0.2218945324420929 0
  vertex 1.6420738697052002 0.43999236822128296 3
 endloop
endfacet
facet normal 0 0 0
 outer loop
  vertex 1.6854562759399414 0.2218945324420929 0
  vertex 1.6854562759399414 0.2218945324420929 3
  vertex 1.6420738697052002 0.43999236822128296 3
 endloop
endfacet
facet normal 0 0 0
 outer loop
  vertex 1.6854562759399414 0.2218945324420929 0
  vertex 1.7000000476837158 0 0
  vertex 1.6854562759399414 0.2218945324420929 3
 endloop
endfacet
facet normal 0 0 0
 outer loop
  vertex 1.7000000476837158 0 0
  vertex 1.7000000476837158 0 3
  vertex 1.6854562759399414 0.2218945324420929 3
 endloop
endfacet
endsolid systemedu
