solid systemedu
facet normal 0 0 0
 outer loop
  vertex 16.314544677734375 8.221894264221191 0
  vertex 16.299999237060547 8 0
  vertex -16.299999237060547 8 0
 endloop
endfacet
facet normal 0 0 0
 outer loop
  vertex -16.299999237060547 8 0
  vertex 16.299999237060547 8 0
  vertex 16.314544677734375 7.77810525894165 0
 endloop
endfacet
facet normal 0 0 0
 outer loop
  vertex -28 0 0
  vertex -19.700000762939453 8 0
  vertex -19.685455322265625 7.77810525894165 0
 endloop
endfacet
facet normal 0 0 0
 outer loop
  vertex -1.7000000476837158 52 0
  vertex -28 0 0
  vertex -18 65 0
 endloop
endfacet
facet normal 0 0 0
 outer loop
  vertex -28 0 0
  vertex -1.7000000476837158 52 0
  vertex -1.6854562759399414 51.778106689453125 0
 endloop
endfacet
facet normal 0 0 0
 outer loop
  vertex -19.685455322265625 8.221894264221191 0
  vertex -19.700000762939453 8 0
  vertex -28 0 0
 endloop
endfacet
facet normal 0 0 0
 outer loop
  vertex 16.314544677734375 8.221894264221191 0
  vertex -16.299999237060547 8 0
  vertex -16.314544677734375 8.221894264221191 0
 endloop
endfacet
facet normal 0 0 0
 outer loop
  vertex -16.299999237060547 8 0
  vertex 16.314544677734375 7.77810525894165 0
  vertex 16.357925415039062 7.560007572174072 0
 endloop
endfacet
facet normal 0 0 0
 outer loop
  vertex -28 0 0
  vertex -19.685455322265625 7.77810525894165 0
  vertex -19.642074584960938 7.560007572174072 0
 endloop
endfacet
facet normal 0 0 0
 outer loop
  vertex -1.6854562759399414 52.221893310546875 0
  vertex -1.7000000476837158 52 0
  vertex -18 65 0
 endloop
endfacet
facet normal 0 0 0
 outer loop
  vertex -28 0 0
  vertex -1.6854562759399414 51.778106689453125 0
  vertex -1.6420738697052002 51.56000900268555 0
 endloop
endfacet
facet normal 0 0 0
 outer loop
  vertex -19.642074584960938 8.43999195098877 0
  vertex -19.685455322265625 8.221894264221191 0
  vertex -28 0 0
 endloop
endfacet
facet normal 0 0 0
 outer loop
  vertex 16.314544677734375 8.221894264221191 0
  vertex -16.314544677734375 8.221894264221191 0
  vertex -16.357925415039062 8.43999195098877 0
 endloop
endfacet
facet normal 0 0 0
 outer loop
  vertex -16.299999237060547 8 0
  vertex 16.357925415039062 7.560007572174072 0
  vertex 16.429405212402344 7.349438190460205 0
 endloop
endfacet
facet normal 0 0 0
 outer loop
  vertex -28 0 0
  vertex -19.642074584960938 7.560007572174072 0
  vertex -19.570594787597656 7.349438190460205 0
 endloop
endfacet
facet normal 0 0 0
 outer loop
  vertex -1.6420738697052002 52.43999099731445 0
  vertex -1.6854562759399414 52.221893310546875 0
  vertex -18 65 0
 endloop
endfacet
facet normal 0 0 0
 outer loop
  vertex -28 0 0
  vertex -1.6420738697052002 51.56000900268555 0
  vertex -1.5705952644348145 51.34943771362305 0
 endloop
endfacet
facet normal 0 0 0
 outer loop
  vertex -19.570594787597656 8.650562286376953 0
  vertex -19.642074584960938 8.43999195098877 0
  vertex -28 0 0
 endloop
endfacet
facet normal 0 0 0
 outer loop
  vertex 16.314544677734375 8.221894264221191 0
  vertex -16.357925415039062 8.43999195098877 0
  vertex -16.429405212402344 8.650562286376953 0
 endloop
endfacet
facet normal 0 0 0
 outer loop
  vertex -16.299999237060547 8 0
  vertex 16.429405212402344 7.349438190460205 0
  vertex 16.52775764465332 7.150000095367432 0
 endloop
endfacet
facet normal 0 0 0
 outer loop
  vertex -28 0 0
  vertex -19.570594787597656 7.349438190460205 0
  vertex -19.47224235534668 7.150000095367432 0
 endloop
endfacet
facet normal 0 0 0
 outer loop
  vertex -1.5705952644348145 52.65056228637695 0
  vertex -1.6420738697052002 52.43999099731445 0
  vertex -18 65 0
 endloop
endfacet
facet normal 0 0 0
 outer loop
  vertex -28 0 0
  vertex -1.5705952644348145 51.34943771362305 0
  vertex -1.4722431898117065 51.150001525878906 0
 endloop
endfacet
facet normal 0 0 0
 outer loop
  vertex -19.47224235534668 8.850000381469727 0
  vertex -19.570594787597656 8.650562286376953 0
  vertex -28 0 0
 endloop
endfacet
facet normal 0 0 0
 outer loop
  vertex 16.314544677734375 8.221894264221191 0
  vertex -16.429405212402344 8.650562286376953 0
  vertex -16.52775764465332 8.850000381469727 0
 endloop
endfacet
facet normal 0 0 0
 outer loop
  vertex -16.299999237060547 8 0
  vertex 16.52775764465332 7.150000095367432 0
  vertex 16.65129852294922 6.9651055335998535 0
 endloop
endfacet
facet normal 0 0 0
 outer loop
  vertex -28 0 0
  vertex -19.47224235534668 7.150000095367432 0
  vertex -19.34870147705078 6.9651055335998535 0
 endloop
endfacet
facet normal 0 0 0
 outer loop
  vertex -1.4722431898117065 52.849998474121094 0
  vertex -1.5705952644348145 52.65056228637695 0
  vertex -18 65 0
 endloop
endfacet
facet normal 0 0 0
 outer loop
  vertex -28 0 0
  vertex -1.4722431898117065 51.150001525878906 0
  vertex -1.3487006425857544 50.96510696411133 0
 endloop
endfacet
facet normal 0 0 0
 outer loop
  vertex -19.34870147705078 9.034893989562988 0
  vertex -19.47224235534668 8.850000381469727 0
  vertex -28 0 0
 endloop
endfacet
facet normal 0 0 0
 outer loop
  vertex 16.314544677734375 8.221894264221191 0
  vertex -16.52775764465332 8.850000381469727 0
  vertex -16.65129852294922 9.034893989562988 0
 endloop
endfacet
facet normal 0 0 0
 outer loop
  vertex -16.299999237060547 8 0
  vertex 16.65129852294922 6.9651055335998535 0
  vertex 16.79791831970215 6.797918319702148 0
 endloop
endfacet
facet normal 0 0 0
 outer loop
  vertex -28 0 0
  vertex -19.34870147705078 6.9651055335998535 0
  vertex -19.20208168029785 6.797918319702148 0
 endloop
endfacet
facet normal 0 0 0
 outer loop
  vertex -1.3487006425857544 53.03489303588867 0
  vertex -1.4722431898117065 52.849998474121094 0
  vertex -18 65 0
 endloop
endfacet
facet normal 0 0 0
 outer loop
  vertex -28 0 0
  vertex -1.3487006425857544 50.96510696411133 0
  vertex -1.202081561088562 50.79792022705078 0
 endloop
endfacet
facet normal 0 0 0
 outer loop
  vertex -19.20208168029785 9.202081680297852 0
  vertex -19.34870147705078 9.034893989562988 0
  vertex -28 0 0
 endloop
endfacet
facet normal 0 0 0
 outer loop
  vertex 16.314544677734375 8.221894264221191 0
  vertex -16.65129852294922 9.034893989562988 0
  vertex -16.79791831970215 9.202081680297852 0
 endloop
endfacet
facet normal 0 0 0
 outer loop
  vertex -16.299999237060547 8 0
  vertex 16.79791831970215 6.797918319702148 0
  vertex 16.965105056762695 6.651299476623535 0
 endloop
endfacet
facet normal 0 0 0
 outer loop
  vertex -28 0 0
  vertex -19.20208168029785 6.797918319702148 0
  vertex -19.034894943237305 6.651299476623535 0
 endloop
endfacet
facet normal 0 0 0
 outer loop
  vertex -1.202081561088562 53.20207977294922 0
  vertex -1.3487006425857544 53.03489303588867 0
  vertex -18 65 0
 endloop
endfacet
facet normal 0 0 0
 outer loop
  vertex -28 0 0
  vertex -1.202081561088562 50.79792022705078 0
  vertex -1.0348944664001465 50.65129852294922 0
 endloop
endfacet
facet normal 0 0 0
 outer loop
  vertex 16.314544677734375 8.221894264221191 0
  vertex -16.79791831970215 9.202081680297852 0
  vertex -16.965105056762695 9.348700523376465 0
 endloop
endfacet
facet normal 0 0 0
 outer loop
  vertex -16.299999237060547 8 0
  vertex 16.965105056762695 6.651299476623535 0
  vertex 17.149999618530273 6.527756690979004 0
 endloop
endfacet
facet normal 0 0 0
 outer loop
  vertex -28 0 0
  vertex -19.034894943237305 6.651299476623535 0
  vertex -18.850000381469727 6.527756690979004 0
 endloop
endfacet
facet normal 0 0 0
 outer loop
  vertex -1.0348944664001465 53.34870147705078 0
  vertex -1.202081561088562 53.20207977294922 0
  vertex -18 65 0
 endloop
endfacet
facet normal 0 0 0
 outer loop
  vertex -28 0 0
  vertex -1.0348944664001465 50.65129852294922 0
  vertex -0.8500000238418579 50.52775573730469 0
 endloop
endfacet
facet normal 0 0 0
 outer loop
  vertex 16.314544677734375 8.221894264221191 0
  vertex -16.965105056762695 9.348700523376465 0
  vertex -17.149999618530273 9.472243309020996 0
 endloop
endfacet
facet normal 0 0 0
 outer loop
  vertex -16.299999237060547 8 0
  vertex 17.149999618530273 6.527756690979004 0
  vertex 17.349437713623047 6.4294047355651855 0
 endloop
endfacet
facet normal 0 0 0
 outer loop
  vertex -28 0 0
  vertex -18.850000381469727 6.527756690979004 0
  vertex -18.650562286376953 6.4294047355651855 0
 endloop
endfacet
facet normal 0 0 0
 outer loop
  vertex -0.8500000238418579 53.47224426269531 0
  vertex -1.0348944664001465 53.34870147705078 0
  vertex -18 65 0
 endloop
endfacet
facet normal 0 0 0
 outer loop
  vertex -28 0 0
  vertex -0.8500000238418579 50.52775573730469 0
  vertex -0.6505618095397949 50.429405212402344 0
 endloop
endfacet
facet normal 0 0 0
 outer loop
  vertex 16.314544677734375 8.221894264221191 0
  vertex -17.149999618530273 9.472243309020996 0
  vertex -17.349437713623047 9.570594787597656 0
 endloop
endfacet
facet normal 0 0 0
 outer loop
  vertex -16.299999237060547 8 0
  vertex 17.349437713623047 6.4294047355651855 0
  vertex 17.560007095336914 6.357925891876221 0
 endloop
endfacet
facet normal 0 0 0
 outer loop
  vertex -28 0 0
  vertex -18.650562286376953 6.4294047355651855 0
  vertex -18.439992904663086 6.357925891876221 0
 endloop
endfacet
facet normal 0 0 0
 outer loop
  vertex -0.8500000238418579 53.47224426269531 0
  vertex -18 65 0
  vertex 18 65 0
 endloop
endfacet
facet normal 0 0 0
 outer loop
  vertex -28 0 0
  vertex -0.6505618095397949 50.429405212402344 0
  vertex -0.43999236822128296 50.35792541503906 0
 endloop
endfacet
facet normal 0 0 0
 outer loop
  vertex 16.314544677734375 8.221894264221191 0
  vertex -17.349437713623047 9.570594787597656 0
  vertex -17.560007095336914 9.642073631286621 0
 endloop
endfacet
facet normal 0 0 0
 outer loop
  vertex -16.299999237060547 8 0
  vertex 17.560007095336914 6.357925891876221 0
  vertex 17.778104782104492 6.314543724060059 0
 endloop
endfacet
facet normal 0 0 0
 outer loop
  vertex -28 0 0
  vertex -18.439992904663086 6.357925891876221 0
  vertex -18.221895217895508 6.314543724060059 0
 endloop
endfacet
facet normal 0 0 0
 outer loop
  vertex -0.6505618095397949 53.570594787597656 0
  vertex -0.8500000238418579 53.47224426269531 0
  vertex 18 65 0
 endloop
endfacet
facet normal 0 0 0
 outer loop
  vertex -28 0 0
  vertex -0.43999236822128296 50.35792541503906 0
  vertex -0.2218945324420929 50.314544677734375 0
 endloop
endfacet
facet normal 0 0 0
 outer loop
  vertex 16.314544677734375 8.221894264221191 0
  vertex -17.560007095336914 9.642073631286621 0
  vertex -17.778104782104492 9.685456275939941 0
 endloop
endfacet
facet normal 0 0 0
 outer loop
  vertex -16.299999237060547 8 0
  vertex 17.778104782104492 6.314543724060059 0
  vertex 18 6.300000190734863 0
 endloop
endfacet
facet normal 0 0 0
 outer loop
  vertex -28 0 0
  vertex -18.221895217895508 6.314543724060059 0
  vertex -18 6.300000190734863 0
 endloop
endfacet
facet normal 0 0 0
 outer loop
  vertex -0.43999236822128296 53.64207458496094 0
  vertex -0.6505618095397949 53.570594787597656 0
  vertex 18 65 0
 endloop
endfacet
facet normal 0 0 0
 outer loop
  vertex -28 0 0
  vertex -0.2218945324420929 50.314544677734375 0
  vertex 1.0409497585229437e-16 50.29999923706055 0
 endloop
endfacet
facet normal 0 0 0
 outer loop
  vertex 16.314544677734375 8.221894264221191 0
  vertex -17.778104782104492 9.685456275939941 0
  vertex -18 9.699999809265137 0
 endloop
endfacet
facet normal 0 0 0
 outer loop
  vertex -16.314544677734375 7.77810525894165 0
  vertex -16.299999237060547 8 0
  vertex 18 6.300000190734863 0
 endloop
endfacet
facet normal 0 0 0
 outer loop
  vertex -28 0 0
  vertex -18 6.300000190734863 0
  vertex -17.778104782104492 6.314543724060059 0
 endloop
endfacet
facet normal 0 0 0
 outer loop
  vertex -0.2218945324420929 53.685455322265625 0
  vertex -0.43999236822128296 53.64207458496094 0
  vertex 18 65 0
 endloop
endfacet
facet normal 0 0 0
 outer loop
  vertex -28 0 0
  vertex 1.0409497585229437e-16 50.29999923706055 0
  vertex 0.2218945324420929 50.314544677734375 0
 endloop
endfacet
facet normal 0 0 0
 outer loop
  vertex 16.357925415039062 8.43999195098877 0
  vertex 16.314544677734375 8.221894264221191 0
  vertex -18 9.699999809265137 0
 endloop
endfacet
facet normal 0 0 0
 outer loop
  vertex -16.357925415039062 7.560007572174072 0
  vertex -16.314544677734375 7.77810525894165 0
  vertex 18 6.300000190734863 0
 endloop
endfacet
facet normal 0 0 0
 outer loop
  vertex -28 0 0
  vertex -17.778104782104492 6.314543724060059 0
  vertex -17.560007095336914 6.357925891876221 0
 endloop
endfacet
facet normal 0 0 0
 outer loop
  vertex -3.122849275568831e-16 53.70000076293945 0
  vertex -0.2218945324420929 53.685455322265625 0
  vertex 18 65 0
 endloop
endfacet
facet normal 0 0 0
 outer loop
  vertex -28 0 0
  vertex 0.2218945324420929 50.314544677734375 0
  vertex 0.43999236822128296 50.35792541503906 0
 endloop
endfacet
facet normal 0 0 0
 outer loop
  vertex 16.429405212402344 8.650562286376953 0
  vertex 16.357925415039062 8.43999195098877 0
  vertex -18 9.699999809265137 0
 endloop
endfacet
facet normal 0 0 0
 outer loop
  vertex -16.429405212402344 7.349438190460205 0
  vertex -16.357925415039062 7.560007572174072 0
  vertex 18 6.300000190734863 0
 endloop
endfacet
facet normal 0 0 0
 outer loop
  vertex -28 0 0
  vertex -17.560007095336914 6.357925891876221 0
  vertex -17.349437713623047 6.4294047355651855 0
 endloop
endfacet
facet normal 0 0 0
 outer loop
  vertex 0.2218945324420929 53.685455322265625 0
  vertex -3.122849275568831e-16 53.70000076293945 0
  vertex 18 65 0
 endloop
endfacet
facet normal 0 0 0
 outer loop
  vertex -28 0 0
  vertex 0.43999236822128296 50.35792541503906 0
  vertex 0.6505618095397949 50.429405212402344 0
 endloop
endfacet
facet normal 0 0 0
 outer loop
  vertex 16.52775764465332 8.850000381469727 0
  vertex 16.429405212402344 8.650562286376953 0
  vertex -18 9.699999809265137 0
 endloop
endfacet
facet normal 0 0 0
 outer loop
  vertex -16.52775764465332 7.150000095367432 0
  vertex -16.429405212402344 7.349438190460205 0
  vertex 18 6.300000190734863 0
 endloop
endfacet
facet normal 0 0 0
 outer loop
  vertex -28 0 0
  vertex -17.349437713623047 6.4294047355651855 0
  vertex -17.149999618530273 6.527756690979004 0
 endloop
endfacet
facet normal 0 0 0
 outer loop
  vertex 0.43999236822128296 53.64207458496094 0
  vertex 0.2218945324420929 53.685455322265625 0
  vertex 18 65 0
 endloop
endfacet
facet normal 0 0 0
 outer loop
  vertex -28 0 0
  vertex 0.6505618095397949 50.429405212402344 0
  vertex 0.8500000238418579 50.52775573730469 0
 endloop
endfacet
facet normal 0 0 0
 outer loop
  vertex 16.65129852294922 9.034893989562988 0
  vertex 16.52775764465332 8.850000381469727 0
  vertex -18 9.699999809265137 0
 endloop
endfacet
facet normal 0 0 0
 outer loop
  vertex -16.65129852294922 6.9651055335998535 0
  vertex -16.52775764465332 7.150000095367432 0
  vertex 18 6.300000190734863 0
 endloop
endfacet
facet normal 0 0 0
 outer loop
  vertex 28 0 0
  vertex -28 0 0
  vertex -17.149999618530273 6.527756690979004 0
 endloop
endfacet
facet normal 0 0 0
 outer loop
  vertex 0.6505618095397949 53.570594787597656 0
  vertex 0.43999236822128296 53.64207458496094 0
  vertex 18 65 0
 endloop
endfacet
facet normal 0 0 0
 outer loop
  vertex -28 0 0
  vertex 0.8500000238418579 50.52775573730469 0
  vertex 1.0348944664001465 50.65129852294922 0
 endloop
endfacet
facet normal 0 0 0
 outer loop
  vertex 16.79791831970215 9.202081680297852 0
  vertex 16.65129852294922 9.034893989562988 0
  vertex -18 9.699999809265137 0
 endloop
endfacet
facet normal 0 0 0
 outer loop
  vertex -16.79791831970215 6.797918319702148 0
  vertex -16.65129852294922 6.9651055335998535 0
  vertex 18 6.300000190734863 0
 endloop
endfacet
facet normal 0 0 0
 outer loop
  vertex 28 0 0
  vertex -17.149999618530273 6.527756690979004 0
  vertex -16.965105056762695 6.651299476623535 0
 endloop
endfacet
facet normal 0 0 0
 outer loop
  vertex 0.8500000238418579 53.47224426269531 0
  vertex 0.6505618095397949 53.570594787597656 0
  vertex 18 65 0
 endloop
endfacet
facet normal 0 0 0
 outer loop
  vertex -28 0 0
  vertex 1.0348944664001465 50.65129852294922 0
  vertex 1.202081561088562 50.79792022705078 0
 endloop
endfacet
facet normal 0 0 0
 outer loop
  vertex 16.965105056762695 9.348700523376465 0
  vertex 16.79791831970215 9.202081680297852 0
  vertex -18 9.699999809265137 0
 endloop
endfacet
facet normal 0 0 0
 outer loop
  vertex -16.965105056762695 6.651299476623535 0
  vertex -16.79791831970215 6.797918319702148 0
  vertex 18 6.300000190734863 0
 endloop
endfacet
facet normal 0 0 0
 outer loop
  vertex 1.0348944664001465 53.34870147705078 0
  vertex 0.8500000238418579 53.47224426269531 0
  vertex 18 65 0
 endloop
endfacet
facet normal 0 0 0
 outer loop
  vertex -28 0 0
  vertex 1.202081561088562 50.79792022705078 0
  vertex 1.3487006425857544 50.96510696411133 0
 endloop
endfacet
facet normal 0 0 0
 outer loop
  vertex 17.149999618530273 9.472243309020996 0
  vertex 16.965105056762695 9.348700523376465 0
  vertex -18 9.699999809265137 0
 endloop
endfacet
facet normal 0 0 0
 outer loop
  vertex 28 0 0
  vertex -16.965105056762695 6.651299476623535 0
  vertex 18 6.300000190734863 0
 endloop
endfacet
facet normal 0 0 0
 outer loop
  vertex 1.202081561088562 53.20207977294922 0
  vertex 1.0348944664001465 53.34870147705078 0
  vertex 18 65 0
 endloop
endfacet
facet normal 0 0 0
 outer loop
  vertex -28 0 0
  vertex 1.3487006425857544 50.96510696411133 0
  vertex 1.4722431898117065 51.150001525878906 0
 endloop
endfacet
facet normal 0 0 0
 outer loop
  vertex 17.349437713623047 9.570594787597656 0
  vertex 17.149999618530273 9.472243309020996 0
  vertex -18 9.699999809265137 0
 endloop
endfacet
facet normal 0 0 0
 outer loop
  vertex 28 0 0
  vertex 18 6.300000190734863 0
  vertex 18.221895217895508 6.314543724060059 0
 endloop
endfacet
facet normal 0 0 0
 outer loop
  vertex 1.3487006425857544 53.03489303588867 0
  vertex 1.202081561088562 53.20207977294922 0
  vertex 18 65 0
 endloop
endfacet
facet normal 0 0 0
 outer loop
  vertex -19.20208168029785 9.202081680297852 0
  vertex -28 0 0
  vertex 1.4722431898117065 51.150001525878906 0
 endloop
endfacet
facet normal 0 0 0
 outer loop
  vertex 17.560007095336914 9.642073631286621 0
  vertex 17.349437713623047 9.570594787597656 0
  vertex -18 9.699999809265137 0
 endloop
endfacet
facet normal 0 0 0
 outer loop
  vertex 28 0 0
  vertex 18.221895217895508 6.314543724060059 0
  vertex 18.439992904663086 6.357925891876221 0
 endloop
endfacet
facet normal 0 0 0
 outer loop
  vertex 1.4722431898117065 52.849998474121094 0
  vertex 1.3487006425857544 53.03489303588867 0
  vertex 18 65 0
 endloop
endfacet
facet normal 0 0 0
 outer loop
  vertex -19.20208168029785 9.202081680297852 0
  vertex 1.4722431898117065 51.150001525878906 0
  vertex 1.5705952644348145 51.34943771362305 0
 endloop
endfacet
facet normal 0 0 0
 outer loop
  vertex 17.778104782104492 9.685456275939941 0
  vertex 17.560007095336914 9.642073631286621 0
  vertex -18 9.699999809265137 0
 endloop
endfacet
facet normal 0 0 0
 outer loop
  vertex 28 0 0
  vertex 18.439992904663086 6.357925891876221 0
  vertex 18.650562286376953 6.4294047355651855 0
 endloop
endfacet
facet normal 0 0 0
 outer loop
  vertex 1.4722431898117065 52.849998474121094 0
  vertex 18 65 0
  vertex 28 0 0
 endloop
endfacet
facet normal 0 0 0
 outer loop
  vertex -19.034894943237305 9.348700523376465 0
  vertex -19.20208168029785 9.202081680297852 0
  vertex 1.5705952644348145 51.34943771362305 0
 endloop
endfacet
facet normal 0 0 0
 outer loop
  vertex 18 9.699999809265137 0
  vertex 17.778104782104492 9.685456275939941 0
  vertex -18 9.699999809265137 0
 endloop
endfacet
facet normal 0 0 0
 outer loop
  vertex 28 0 0
  vertex 18.650562286376953 6.4294047355651855 0
  vertex 18.850000381469727 6.527756690979004 0
 endloop
endfacet
facet normal 0 0 0
 outer loop
  vertex 1.5705952644348145 52.65056228637695 0
  vertex 1.4722431898117065 52.849998474121094 0
  vertex 28 0 0
 endloop
endfacet
facet normal 0 0 0
 outer loop
  vertex -18.850000381469727 9.472243309020996 0
  vertex -19.034894943237305 9.348700523376465 0
  vertex 1.5705952644348145 51.34943771362305 0
 endloop
endfacet
facet normal 0 0 0
 outer loop
  vertex 28 0 0
  vertex 18.850000381469727 6.527756690979004 0
  vertex 19.034894943237305 6.651299476623535 0
 endloop
endfacet
facet normal 0 0 0
 outer loop
  vertex 1.6420738697052002 52.43999099731445 0
  vertex 1.5705952644348145 52.65056228637695 0
  vertex 28 0 0
 endloop
endfacet
facet normal 0 0 0
 outer loop
  vertex -18.650562286376953 9.570594787597656 0
  vertex -18.850000381469727 9.472243309020996 0
  vertex 1.5705952644348145 51.34943771362305 0
 endloop
endfacet
facet normal 0 0 0
 outer loop
  vertex 28 0 0
  vertex 19.034894943237305 6.651299476623535 0
  vertex 19.20208168029785 6.797918319702148 0
 endloop
endfacet
facet normal 0 0 0
 outer loop
  vertex 1.6854562759399414 52.221893310546875 0
  vertex 1.6420738697052002 52.43999099731445 0
  vertex 28 0 0
 endloop
endfacet
facet normal 0 0 0
 outer loop
  vertex -18.439992904663086 9.642073631286621 0
  vertex -18.650562286376953 9.570594787597656 0
  vertex 1.5705952644348145 51.34943771362305 0
 endloop
endfacet
facet normal 0 0 0
 outer loop
  vertex 28 0 0
  vertex 19.20208168029785 6.797918319702148 0
  vertex 19.34870147705078 6.9651055335998535 0
 endloop
endfacet
facet normal 0 0 0
 outer loop
  vertex 1.7000000476837158 52 0
  vertex 1.6854562759399414 52.221893310546875 0
  vertex 28 0 0
 endloop
endfacet
facet normal 0 0 0
 outer loop
  vertex -18.221895217895508 9.685456275939941 0
  vertex -18.439992904663086 9.642073631286621 0
  vertex 1.5705952644348145 51.34943771362305 0
 endloop
endfacet
facet normal 0 0 0
 outer loop
  vertex 28 0 0
  vertex 19.34870147705078 6.9651055335998535 0
  vertex 19.47224235534668 7.150000095367432 0
 endloop
endfacet
facet normal 0 0 0
 outer loop
  vertex 1.6854562759399414 51.778106689453125 0
  vertex 1.7000000476837158 52 0
  vertex 28 0 0
 endloop
endfacet
facet normal 0 0 0
 outer loop
  vertex -18 9.699999809265137 0
  vertex -18.221895217895508 9.685456275939941 0
  vertex 1.5705952644348145 51.34943771362305 0
 endloop
endfacet
facet normal 0 0 0
 outer loop
  vertex 28 0 0
  vertex 19.47224235534668 7.150000095367432 0
  vertex 19.570594787597656 7.349438190460205 0
 endloop
endfacet
facet normal 0 0 0
 outer loop
  vertex 1.6420738697052002 51.56000900268555 0
  vertex 1.6854562759399414 51.778106689453125 0
  vertex 28 0 0
 endloop
endfacet
facet normal 0 0 0
 outer loop
  vertex 18 9.699999809265137 0
  vertex -18 9.699999809265137 0
  vertex 1.5705952644348145 51.34943771362305 0
 endloop
endfacet
facet normal 0 0 0
 outer loop
  vertex 28 0 0
  vertex 19.570594787597656 7.349438190460205 0
  vertex 19.642074584960938 7.560007572174072 0
 endloop
endfacet
facet normal 0 0 0
 outer loop
  vertex 1.5705952644348145 51.34943771362305 0
  vertex 1.6420738697052002 51.56000900268555 0
  vertex 28 0 0
 endloop
endfacet
facet normal 0 0 0
 outer loop
  vertex 18.221895217895508 9.685456275939941 0
  vertex 18 9.699999809265137 0
  vertex 1.5705952644348145 51.34943771362305 0
 endloop
endfacet
facet normal 0 0 0
 outer loop
  vertex 28 0 0
  vertex 19.642074584960938 7.560007572174072 0
  vertex 19.685455322265625 7.77810525894165 0
 endloop
endfacet
facet normal 0 0 0
 outer loop
  vertex 18.439992904663086 9.642073631286621 0
  vertex 18.221895217895508 9.685456275939941 0
  vertex 1.5705952644348145 51.34943771362305 0
 endloop
endfacet
facet normal 0 0 0
 outer loop
  vertex 28 0 0
  vertex 19.685455322265625 7.77810525894165 0
  vertex 19.700000762939453 8 0
 endloop
endfacet
facet normal 0 0 0
 outer loop
  vertex 18.650562286376953 9.570594787597656 0
  vertex 18.439992904663086 9.642073631286621 0
  vertex 1.5705952644348145 51.34943771362305 0
 endloop
endfacet
facet normal 0 0 0
 outer loop
  vertex 28 0 0
  vertex 19.700000762939453 8 0
  vertex 19.685455322265625 8.221894264221191 0
 endloop
endfacet
facet normal 0 0 0
 outer loop
  vertex 18.850000381469727 9.472243309020996 0
  vertex 18.650562286376953 9.570594787597656 0
  vertex 1.5705952644348145 51.34943771362305 0
 endloop
endfacet
facet normal 0 0 0
 outer loop
  vertex 28 0 0
  vertex 19.685455322265625 8.221894264221191 0
  vertex 19.642074584960938 8.43999195098877 0
 endloop
endfacet
facet normal 0 0 0
 outer loop
  vertex 19.034894943237305 9.348700523376465 0
  vertex 18.850000381469727 9.472243309020996 0
  vertex 1.5705952644348145 51.34943771362305 0
 endloop
endfacet
facet normal 0 0 0
 outer loop
  vertex 28 0 0
  vertex 19.642074584960938 8.43999195098877 0
  vertex 19.570594787597656 8.650562286376953 0
 endloop
endfacet
facet normal 0 0 0
 outer loop
  vertex 19.20208168029785 9.202081680297852 0
  vertex 19.034894943237305 9.348700523376465 0
  vertex 1.5705952644348145 51.34943771362305 0
 endloop
endfacet
facet normal 0 0 0
 outer loop
  vertex 28 0 0
  vertex 19.570594787597656 8.650562286376953 0
  vertex 19.47224235534668 8.850000381469727 0
 endloop
endfacet
facet normal 0 0 0
 outer loop
  vertex 19.20208168029785 9.202081680297852 0
  vertex 1.5705952644348145 51.34943771362305 0
  vertex 28 0 0
 endloop
endfacet
facet normal 0 0 0
 outer loop
  vertex 28 0 0
  vertex 19.47224235534668 8.850000381469727 0
  vertex 19.34870147705078 9.034893989562988 0
 endloop
endfacet
facet normal 0 0 0
 outer loop
  vertex 19.34870147705078 9.034893989562988 0
  vertex 19.20208168029785 9.202081680297852 0
  vertex 28 0 0
 endloop
endfacet
facet normal 0 0 0
 outer loop
  vertex -16.299999237060547 8 5
  vertex 16.299999237060547 8 5
  vertex 16.314544677734375 8.221894264221191 5
 endloop
endfacet
facet normal 0 0 0
 outer loop
  vertex 16.314544677734375 7.77810525894165 5
  vertex 16.299999237060547 8 5
  vertex -16.299999237060547 8 5
 endloop
endfacet
facet normal 0 0 0
 outer loop
  vertex -19.685455322265625 7.77810525894165 5
  vertex -19.700000762939453 8 5
  vertex -28 0 5
 endloop
endfacet
facet normal 0 0 0
 outer loop
  vertex -18 65 5
  vertex -28 0 5
  vertex -1.7000000476837158 52 5
 endloop
endfacet
facet normal 0 0 0
 outer loop
  vertex -1.6854562759399414 51.778106689453125 5
  vertex -1.7000000476837158 52 5
  vertex -28 0 5
 endloop
endfacet
facet normal 0 0 0
 outer loop
  vertex -28 0 5
  vertex -19.700000762939453 8 5
  vertex -19.685455322265625 8.221894264221191 5
 endloop
endfacet
facet normal 0 0 0
 outer loop
  vertex -16.314544677734375 8.221894264221191 5
  vertex -16.299999237060547 8 5
  vertex 16.314544677734375 8.221894264221191 5
 endloop
endfacet
facet normal 0 0 0
 outer loop
  vertex 16.357925415039062 7.560007572174072 5
  vertex 16.314544677734375 7.77810525894165 5
  vertex -16.299999237060547 8 5
 endloop
endfacet
facet normal 0 0 0
 outer loop
  vertex -19.642074584960938 7.560007572174072 5
  vertex -19.685455322265625 7.77810525894165 5
  vertex -28 0 5
 endloop
endfacet
facet normal 0 0 0
 outer loop
  vertex -18 65 5
  vertex -1.7000000476837158 52 5
  vertex -1.6854562759399414 52.221893310546875 5
 endloop
endfacet
facet normal 0 0 0
 outer loop
  vertex -1.6420738697052002 51.56000900268555 5
  vertex -1.6854562759399414 51.778106689453125 5
  vertex -28 0 5
 endloop
endfacet
facet normal 0 0 0
 outer loop
  vertex -28 0 5
  vertex -19.685455322265625 8.221894264221191 5
  vertex -19.642074584960938 8.43999195098877 5
 endloop
endfacet
facet normal 0 0 0
 outer loop
  vertex -16.357925415039062 8.43999195098877 5
  vertex -16.314544677734375 8.221894264221191 5
  vertex 16.314544677734375 8.221894264221191 5
 endloop
endfacet
facet normal 0 0 0
 outer loop
  vertex 16.429405212402344 7.349438190460205 5
  vertex 16.357925415039062 7.560007572174072 5
  vertex -16.299999237060547 8 5
 endloop
endfacet
facet normal 0 0 0
 outer loop
  vertex -19.570594787597656 7.349438190460205 5
  vertex -19.642074584960938 7.560007572174072 5
  vertex -28 0 5
 endloop
endfacet
facet normal 0 0 0
 outer loop
  vertex -18 65 5
  vertex -1.6854562759399414 52.221893310546875 5
  vertex -1.6420738697052002 52.43999099731445 5
 endloop
endfacet
facet normal 0 0 0
 outer loop
  vertex -1.5705952644348145 51.34943771362305 5
  vertex -1.6420738697052002 51.56000900268555 5
  vertex -28 0 5
 endloop
endfacet
facet normal 0 0 0
 outer loop
  vertex -28 0 5
  vertex -19.642074584960938 8.43999195098877 5
  vertex -19.570594787597656 8.650562286376953 5
 endloop
endfacet
facet normal 0 0 0
 outer loop
  vertex -16.429405212402344 8.650562286376953 5
  vertex -16.357925415039062 8.43999195098877 5
  vertex 16.314544677734375 8.221894264221191 5
 endloop
endfacet
facet normal 0 0 0
 outer loop
  vertex 16.52775764465332 7.150000095367432 5
  vertex 16.429405212402344 7.349438190460205 5
  vertex -16.299999237060547 8 5
 endloop
endfacet
facet normal 0 0 0
 outer loop
  vertex -19.47224235534668 7.150000095367432 5
  vertex -19.570594787597656 7.349438190460205 5
  vertex -28 0 5
 endloop
endfacet
facet normal 0 0 0
 outer loop
  vertex -18 65 5
  vertex -1.6420738697052002 52.43999099731445 5
  vertex -1.5705952644348145 52.65056228637695 5
 endloop
endfacet
facet normal 0 0 0
 outer loop
  vertex -1.4722431898117065 51.150001525878906 5
  vertex -1.5705952644348145 51.34943771362305 5
  vertex -28 0 5
 endloop
endfacet
facet normal 0 0 0
 outer loop
  vertex -28 0 5
  vertex -19.570594787597656 8.650562286376953 5
  vertex -19.47224235534668 8.850000381469727 5
 endloop
endfacet
facet normal 0 0 0
 outer loop
  vertex -16.52775764465332 8.850000381469727 5
  vertex -16.429405212402344 8.650562286376953 5
  vertex 16.314544677734375 8.221894264221191 5
 endloop
endfacet
facet normal 0 0 0
 outer loop
  vertex 16.65129852294922 6.9651055335998535 5
  vertex 16.52775764465332 7.150000095367432 5
  vertex -16.299999237060547 8 5
 endloop
endfacet
facet normal 0 0 0
 outer loop
  vertex -19.34870147705078 6.9651055335998535 5
  vertex -19.47224235534668 7.150000095367432 5
  vertex -28 0 5
 endloop
endfacet
facet normal 0 0 0
 outer loop
  vertex -18 65 5
  vertex -1.5705952644348145 52.65056228637695 5
  vertex -1.4722431898117065 52.849998474121094 5
 endloop
endfacet
facet normal 0 0 0
 outer loop
  vertex -1.3487006425857544 50.96510696411133 5
  vertex -1.4722431898117065 51.150001525878906 5
  vertex -28 0 5
 endloop
endfacet
facet normal 0 0 0
 outer loop
  vertex -28 0 5
  vertex -19.47224235534668 8.850000381469727 5
  vertex -19.34870147705078 9.034893989562988 5
 endloop
endfacet
facet normal 0 0 0
 outer loop
  vertex -16.65129852294922 9.034893989562988 5
  vertex -16.52775764465332 8.850000381469727 5
  vertex 16.314544677734375 8.221894264221191 5
 endloop
endfacet
facet normal 0 0 0
 outer loop
  vertex 16.79791831970215 6.797918319702148 5
  vertex 16.65129852294922 6.9651055335998535 5
  vertex -16.299999237060547 8 5
 endloop
endfacet
facet normal 0 0 0
 outer loop
  vertex -19.20208168029785 6.797918319702148 5
  vertex -19.34870147705078 6.9651055335998535 5
  vertex -28 0 5
 endloop
endfacet
facet normal 0 0 0
 outer loop
  vertex -18 65 5
  vertex -1.4722431898117065 52.849998474121094 5
  vertex -1.3487006425857544 53.03489303588867 5
 endloop
endfacet
facet normal 0 0 0
 outer loop
  vertex -1.202081561088562 50.79792022705078 5
  vertex -1.3487006425857544 50.96510696411133 5
  vertex -28 0 5
 endloop
endfacet
facet normal 0 0 0
 outer loop
  vertex -28 0 5
  vertex -19.34870147705078 9.034893989562988 5
  vertex -19.20208168029785 9.202081680297852 5
 endloop
endfacet
facet normal 0 0 0
 outer loop
  vertex -16.79791831970215 9.202081680297852 5
  vertex -16.65129852294922 9.034893989562988 5
  vertex 16.314544677734375 8.221894264221191 5
 endloop
endfacet
facet normal 0 0 0
 outer loop
  vertex 16.965105056762695 6.651299476623535 5
  vertex 16.79791831970215 6.797918319702148 5
  vertex -16.299999237060547 8 5
 endloop
endfacet
facet normal 0 0 0
 outer loop
  vertex -19.034894943237305 6.651299476623535 5
  vertex -19.20208168029785 6.797918319702148 5
  vertex -28 0 5
 endloop
endfacet
facet normal 0 0 0
 outer loop
  vertex -18 65 5
  vertex -1.3487006425857544 53.03489303588867 5
  vertex -1.202081561088562 53.20207977294922 5
 endloop
endfacet
facet normal 0 0 0
 outer loop
  vertex -1.0348944664001465 50.65129852294922 5
  vertex -1.202081561088562 50.79792022705078 5
  vertex -28 0 5
 endloop
endfacet
facet normal 0 0 0
 outer loop
  vertex -16.965105056762695 9.348700523376465 5
  vertex -16.79791831970215 9.202081680297852 5
  vertex 16.314544677734375 8.221894264221191 5
 endloop
endfacet
facet normal 0 0 0
 outer loop
  vertex 17.149999618530273 6.527756690979004 5
  vertex 16.965105056762695 6.651299476623535 5
  vertex -16.299999237060547 8 5
 endloop
endfacet
facet normal 0 0 0
 outer loop
  vertex -18.850000381469727 6.527756690979004 5
  vertex -19.034894943237305 6.651299476623535 5
  vertex -28 0 5
 endloop
endfacet
facet normal 0 0 0
 outer loop
  vertex -18 65 5
  vertex -1.202081561088562 53.20207977294922 5
  vertex -1.0348944664001465 53.34870147705078 5
 endloop
endfacet
facet normal 0 0 0
 outer loop
  vertex -0.8500000238418579 50.52775573730469 5
  vertex -1.0348944664001465 50.65129852294922 5
  vertex -28 0 5
 endloop
endfacet
facet normal 0 0 0
 outer loop
  vertex -17.149999618530273 9.472243309020996 5
  vertex -16.965105056762695 9.348700523376465 5
  vertex 16.314544677734375 8.221894264221191 5
 endloop
endfacet
facet normal 0 0 0
 outer loop
  vertex 17.349437713623047 6.4294047355651855 5
  vertex 17.149999618530273 6.527756690979004 5
  vertex -16.299999237060547 8 5
 endloop
endfacet
facet normal 0 0 0
 outer loop
  vertex -18.650562286376953 6.4294047355651855 5
  vertex -18.850000381469727 6.527756690979004 5
  vertex -28 0 5
 endloop
endfacet
facet normal 0 0 0
 outer loop
  vertex -18 65 5
  vertex -1.0348944664001465 53.34870147705078 5
  vertex -0.8500000238418579 53.47224426269531 5
 endloop
endfacet
facet normal 0 0 0
 outer loop
  vertex -0.6505618095397949 50.429405212402344 5
  vertex -0.8500000238418579 50.52775573730469 5
  vertex -28 0 5
 endloop
endfacet
facet normal 0 0 0
 outer loop
  vertex -17.349437713623047 9.570594787597656 5
  vertex -17.149999618530273 9.472243309020996 5
  vertex 16.314544677734375 8.221894264221191 5
 endloop
endfacet
facet normal 0 0 0
 outer loop
  vertex 17.560007095336914 6.357925891876221 5
  vertex 17.349437713623047 6.4294047355651855 5
  vertex -16.299999237060547 8 5
 endloop
endfacet
facet normal 0 0 0
 outer loop
  vertex -18.439992904663086 6.357925891876221 5
  vertex -18.650562286376953 6.4294047355651855 5
  vertex -28 0 5
 endloop
endfacet
facet normal 0 0 0
 outer loop
  vertex 18 65 5
  vertex -18 65 5
  vertex -0.8500000238418579 53.47224426269531 5
 endloop
endfacet
facet normal 0 0 0
 outer loop
  vertex -0.43999236822128296 50.35792541503906 5
  vertex -0.6505618095397949 50.429405212402344 5
  vertex -28 0 5
 endloop
endfacet
facet normal 0 0 0
 outer loop
  vertex -17.560007095336914 9.642073631286621 5
  vertex -17.349437713623047 9.570594787597656 5
  vertex 16.314544677734375 8.221894264221191 5
 endloop
endfacet
facet normal 0 0 0
 outer loop
  vertex 17.778104782104492 6.314543724060059 5
  vertex 17.560007095336914 6.357925891876221 5
  vertex -16.299999237060547 8 5
 endloop
endfacet
facet normal 0 0 0
 outer loop
  vertex -18.221895217895508 6.314543724060059 5
  vertex -18.439992904663086 6.357925891876221 5
  vertex -28 0 5
 endloop
endfacet
facet normal 0 0 0
 outer loop
  vertex 18 65 5
  vertex -0.8500000238418579 53.47224426269531 5
  vertex -0.6505618095397949 53.570594787597656 5
 endloop
endfacet
facet normal 0 0 0
 outer loop
  vertex -0.2218945324420929 50.314544677734375 5
  vertex -0.43999236822128296 50.35792541503906 5
  vertex -28 0 5
 endloop
endfacet
facet normal 0 0 0
 outer loop
  vertex -17.778104782104492 9.685456275939941 5
  vertex -17.560007095336914 9.642073631286621 5
  vertex 16.314544677734375 8.221894264221191 5
 endloop
endfacet
facet normal 0 0 0
 outer loop
  vertex 18 6.300000190734863 5
  vertex 17.778104782104492 6.314543724060059 5
  vertex -16.299999237060547 8 5
 endloop
endfacet
facet normal 0 0 0
 outer loop
  vertex -18 6.300000190734863 5
  vertex -18.221895217895508 6.314543724060059 5
  vertex -28 0 5
 endloop
endfacet
facet normal 0 0 0
 outer loop
  vertex 18 65 5
  vertex -0.6505618095397949 53.570594787597656 5
  vertex -0.43999236822128296 53.64207458496094 5
 endloop
endfacet
facet normal 0 0 0
 outer loop
  vertex 1.0409497585229437e-16 50.29999923706055 5
  vertex -0.2218945324420929 50.314544677734375 5
  vertex -28 0 5
 endloop
endfacet
facet normal 0 0 0
 outer loop
  vertex -18 9.699999809265137 5
  vertex -17.778104782104492 9.685456275939941 5
  vertex 16.314544677734375 8.221894264221191 5
 endloop
endfacet
facet normal 0 0 0
 outer loop
  vertex 18 6.300000190734863 5
  vertex -16.299999237060547 8 5
  vertex -16.314544677734375 7.77810525894165 5
 endloop
endfacet
facet normal 0 0 0
 outer loop
  vertex -17.778104782104492 6.314543724060059 5
  vertex -18 6.300000190734863 5
  vertex -28 0 5
 endloop
endfacet
facet normal 0 0 0
 outer loop
  vertex 18 65 5
  vertex -0.43999236822128296 53.64207458496094 5
  vertex -0.2218945324420929 53.685455322265625 5
 endloop
endfacet
facet normal 0 0 0
 outer loop
  vertex 0.2218945324420929 50.314544677734375 5
  vertex 1.0409497585229437e-16 50.29999923706055 5
  vertex -28 0 5
 endloop
endfacet
facet normal 0 0 0
 outer loop
  vertex -18 9.699999809265137 5
  vertex 16.314544677734375 8.221894264221191 5
  vertex 16.357925415039062 8.43999195098877 5
 endloop
endfacet
facet normal 0 0 0
 outer loop
  vertex 18 6.300000190734863 5
  vertex -16.314544677734375 7.77810525894165 5
  vertex -16.357925415039062 7.560007572174072 5
 endloop
endfacet
facet normal 0 0 0
 outer loop
  vertex -17.560007095336914 6.357925891876221 5
  vertex -17.778104782104492 6.314543724060059 5
  vertex -28 0 5
 endloop
endfacet
facet normal 0 0 0
 outer loop
  vertex 18 65 5
  vertex -0.2218945324420929 53.685455322265625 5
  vertex -3.122849275568831e-16 53.70000076293945 5
 endloop
endfacet
facet normal 0 0 0
 outer loop
  vertex 0.43999236822128296 50.35792541503906 5
  vertex 0.2218945324420929 50.314544677734375 5
  vertex -28 0 5
 endloop
endfacet
facet normal 0 0 0
 outer loop
  vertex -18 9.699999809265137 5
  vertex 16.357925415039062 8.43999195098877 5
  vertex 16.429405212402344 8.650562286376953 5
 endloop
endfacet
facet normal 0 0 0
 outer loop
  vertex 18 6.300000190734863 5
  vertex -16.357925415039062 7.560007572174072 5
  vertex -16.429405212402344 7.349438190460205 5
 endloop
endfacet
facet normal 0 0 0
 outer loop
  vertex -17.349437713623047 6.4294047355651855 5
  vertex -17.560007095336914 6.357925891876221 5
  vertex -28 0 5
 endloop
endfacet
facet normal 0 0 0
 outer loop
  vertex 18 65 5
  vertex -3.122849275568831e-16 53.70000076293945 5
  vertex 0.2218945324420929 53.685455322265625 5
 endloop
endfacet
facet normal 0 0 0
 outer loop
  vertex 0.6505618095397949 50.429405212402344 5
  vertex 0.43999236822128296 50.35792541503906 5
  vertex -28 0 5
 endloop
endfacet
facet normal 0 0 0
 outer loop
  vertex -18 9.699999809265137 5
  vertex 16.429405212402344 8.650562286376953 5
  vertex 16.52775764465332 8.850000381469727 5
 endloop
endfacet
facet normal 0 0 0
 outer loop
  vertex 18 6.300000190734863 5
  vertex -16.429405212402344 7.349438190460205 5
  vertex -16.52775764465332 7.150000095367432 5
 endloop
endfacet
facet normal 0 0 0
 outer loop
  vertex -17.149999618530273 6.527756690979004 5
  vertex -17.349437713623047 6.4294047355651855 5
  vertex -28 0 5
 endloop
endfacet
facet normal 0 0 0
 outer loop
  vertex 18 65 5
  vertex 0.2218945324420929 53.685455322265625 5
  vertex 0.43999236822128296 53.64207458496094 5
 endloop
endfacet
facet normal 0 0 0
 outer loop
  vertex 0.8500000238418579 50.52775573730469 5
  vertex 0.6505618095397949 50.429405212402344 5
  vertex -28 0 5
 endloop
endfacet
facet normal 0 0 0
 outer loop
  vertex -18 9.699999809265137 5
  vertex 16.52775764465332 8.850000381469727 5
  vertex 16.65129852294922 9.034893989562988 5
 endloop
endfacet
facet normal 0 0 0
 outer loop
  vertex 18 6.300000190734863 5
  vertex -16.52775764465332 7.150000095367432 5
  vertex -16.65129852294922 6.9651055335998535 5
 endloop
endfacet
facet normal 0 0 0
 outer loop
  vertex -17.149999618530273 6.527756690979004 5
  vertex -28 0 5
  vertex 28 0 5
 endloop
endfacet
facet normal 0 0 0
 outer loop
  vertex 18 65 5
  vertex 0.43999236822128296 53.64207458496094 5
  vertex 0.6505618095397949 53.570594787597656 5
 endloop
endfacet
facet normal 0 0 0
 outer loop
  vertex 1.0348944664001465 50.65129852294922 5
  vertex 0.8500000238418579 50.52775573730469 5
  vertex -28 0 5
 endloop
endfacet
facet normal 0 0 0
 outer loop
  vertex -18 9.699999809265137 5
  vertex 16.65129852294922 9.034893989562988 5
  vertex 16.79791831970215 9.202081680297852 5
 endloop
endfacet
facet normal 0 0 0
 outer loop
  vertex 18 6.300000190734863 5
  vertex -16.65129852294922 6.9651055335998535 5
  vertex -16.79791831970215 6.797918319702148 5
 endloop
endfacet
facet normal 0 0 0
 outer loop
  vertex -16.965105056762695 6.651299476623535 5
  vertex -17.149999618530273 6.527756690979004 5
  vertex 28 0 5
 endloop
endfacet
facet normal 0 0 0
 outer loop
  vertex 18 65 5
  vertex 0.6505618095397949 53.570594787597656 5
  vertex 0.8500000238418579 53.47224426269531 5
 endloop
endfacet
facet normal 0 0 0
 outer loop
  vertex 1.202081561088562 50.79792022705078 5
  vertex 1.0348944664001465 50.65129852294922 5
  vertex -28 0 5
 endloop
endfacet
facet normal 0 0 0
 outer loop
  vertex -18 9.699999809265137 5
  vertex 16.79791831970215 9.202081680297852 5
  vertex 16.965105056762695 9.348700523376465 5
 endloop
endfacet
facet normal 0 0 0
 outer loop
  vertex 18 6.300000190734863 5
  vertex -16.79791831970215 6.797918319702148 5
  vertex -16.965105056762695 6.651299476623535 5
 endloop
endfacet
facet normal 0 0 0
 outer loop
  vertex 18 65 5
  vertex 0.8500000238418579 53.47224426269531 5
  vertex 1.0348944664001465 53.34870147705078 5
 endloop
endfacet
facet normal 0 0 0
 outer loop
  vertex 1.3487006425857544 50.96510696411133 5
  vertex 1.202081561088562 50.79792022705078 5
  vertex -28 0 5
 endloop
endfacet
facet normal 0 0 0
 outer loop
  vertex -18 9.699999809265137 5
  vertex 16.965105056762695 9.348700523376465 5
  vertex 17.149999618530273 9.472243309020996 5
 endloop
endfacet
facet normal 0 0 0
 outer loop
  vertex 18 6.300000190734863 5
  vertex -16.965105056762695 6.651299476623535 5
  vertex 28 0 5
 endloop
endfacet
facet normal 0 0 0
 outer loop
  vertex 18 65 5
  vertex 1.0348944664001465 53.34870147705078 5
  vertex 1.202081561088562 53.20207977294922 5
 endloop
endfacet
facet normal 0 0 0
 outer loop
  vertex 1.4722431898117065 51.150001525878906 5
  vertex 1.3487006425857544 50.96510696411133 5
  vertex -28 0 5
 endloop
endfacet
facet normal 0 0 0
 outer loop
  vertex -18 9.699999809265137 5
  vertex 17.149999618530273 9.472243309020996 5
  vertex 17.349437713623047 9.570594787597656 5
 endloop
endfacet
facet normal 0 0 0
 outer loop
  vertex 18.221895217895508 6.314543724060059 5
  vertex 18 6.300000190734863 5
  vertex 28 0 5
 endloop
endfacet
facet normal 0 0 0
 outer loop
  vertex 18 65 5
  vertex 1.202081561088562 53.20207977294922 5
  vertex 1.3487006425857544 53.03489303588867 5
 endloop
endfacet
facet normal 0 0 0
 outer loop
  vertex 1.4722431898117065 51.150001525878906 5
  vertex -28 0 5
  vertex -19.20208168029785 9.202081680297852 5
 endloop
endfacet
facet normal 0 0 0
 outer loop
  vertex -18 9.699999809265137 5
  vertex 17.349437713623047 9.570594787597656 5
  vertex 17.560007095336914 9.642073631286621 5
 endloop
endfacet
facet normal 0 0 0
 outer loop
  vertex 18.439992904663086 6.357925891876221 5
  vertex 18.221895217895508 6.314543724060059 5
  vertex 28 0 5
 endloop
endfacet
facet normal 0 0 0
 outer loop
  vertex 18 65 5
  vertex 1.3487006425857544 53.03489303588867 5
  vertex 1.4722431898117065 52.849998474121094 5
 endloop
endfacet
facet normal 0 0 0
 outer loop
  vertex 1.5705952644348145 51.34943771362305 5
  vertex 1.4722431898117065 51.150001525878906 5
  vertex -19.20208168029785 9.202081680297852 5
 endloop
endfacet
facet normal 0 0 0
 outer loop
  vertex -18 9.699999809265137 5
  vertex 17.560007095336914 9.642073631286621 5
  vertex 17.778104782104492 9.685456275939941 5
 endloop
endfacet
facet normal 0 0 0
 outer loop
  vertex 18.650562286376953 6.4294047355651855 5
  vertex 18.439992904663086 6.357925891876221 5
  vertex 28 0 5
 endloop
endfacet
facet normal 0 0 0
 outer loop
  vertex 28 0 5
  vertex 18 65 5
  vertex 1.4722431898117065 52.849998474121094 5
 endloop
endfacet
facet normal 0 0 0
 outer loop
  vertex 1.5705952644348145 51.34943771362305 5
  vertex -19.20208168029785 9.202081680297852 5
  vertex -19.034894943237305 9.348700523376465 5
 endloop
endfacet
facet normal 0 0 0
 outer loop
  vertex -18 9.699999809265137 5
  vertex 17.778104782104492 9.685456275939941 5
  vertex 18 9.699999809265137 5
 endloop
endfacet
facet normal 0 0 0
 outer loop
  vertex 18.850000381469727 6.527756690979004 5
  vertex 18.650562286376953 6.4294047355651855 5
  vertex 28 0 5
 endloop
endfacet
facet normal 0 0 0
 outer loop
  vertex 28 0 5
  vertex 1.4722431898117065 52.849998474121094 5
  vertex 1.5705952644348145 52.65056228637695 5
 endloop
endfacet
facet normal 0 0 0
 outer loop
  vertex 1.5705952644348145 51.34943771362305 5
  vertex -19.034894943237305 9.348700523376465 5
  vertex -18.850000381469727 9.472243309020996 5
 endloop
endfacet
facet normal 0 0 0
 outer loop
  vertex 19.034894943237305 6.651299476623535 5
  vertex 18.850000381469727 6.527756690979004 5
  vertex 28 0 5
 endloop
endfacet
facet normal 0 0 0
 outer loop
  vertex 28 0 5
  vertex 1.5705952644348145 52.65056228637695 5
  vertex 1.6420738697052002 52.43999099731445 5
 endloop
endfacet
facet normal 0 0 0
 outer loop
  vertex 1.5705952644348145 51.34943771362305 5
  vertex -18.850000381469727 9.472243309020996 5
  vertex -18.650562286376953 9.570594787597656 5
 endloop
endfacet
facet normal 0 0 0
 outer loop
  vertex 19.20208168029785 6.797918319702148 5
  vertex 19.034894943237305 6.651299476623535 5
  vertex 28 0 5
 endloop
endfacet
facet normal 0 0 0
 outer loop
  vertex 28 0 5
  vertex 1.6420738697052002 52.43999099731445 5
  vertex 1.6854562759399414 52.221893310546875 5
 endloop
endfacet
facet normal 0 0 0
 outer loop
  vertex 1.5705952644348145 51.34943771362305 5
  vertex -18.650562286376953 9.570594787597656 5
  vertex -18.439992904663086 9.642073631286621 5
 endloop
endfacet
facet normal 0 0 0
 outer loop
  vertex 19.34870147705078 6.9651055335998535 5
  vertex 19.20208168029785 6.797918319702148 5
  vertex 28 0 5
 endloop
endfacet
facet normal 0 0 0
 outer loop
  vertex 28 0 5
  vertex 1.6854562759399414 52.221893310546875 5
  vertex 1.7000000476837158 52 5
 endloop
endfacet
facet normal 0 0 0
 outer loop
  vertex 1.5705952644348145 51.34943771362305 5
  vertex -18.439992904663086 9.642073631286621 5
  vertex -18.221895217895508 9.685456275939941 5
 endloop
endfacet
facet normal 0 0 0
 outer loop
  vertex 19.47224235534668 7.150000095367432 5
  vertex 19.34870147705078 6.9651055335998535 5
  vertex 28 0 5
 endloop
endfacet
facet normal 0 0 0
 outer loop
  vertex 28 0 5
  vertex 1.7000000476837158 52 5
  vertex 1.6854562759399414 51.778106689453125 5
 endloop
endfacet
facet normal 0 0 0
 outer loop
  vertex 1.5705952644348145 51.34943771362305 5
  vertex -18.221895217895508 9.685456275939941 5
  vertex -18 9.699999809265137 5
 endloop
endfacet
facet normal 0 0 0
 outer loop
  vertex 19.570594787597656 7.349438190460205 5
  vertex 19.47224235534668 7.150000095367432 5
  vertex 28 0 5
 endloop
endfacet
facet normal 0 0 0
 outer loop
  vertex 28 0 5
  vertex 1.6854562759399414 51.778106689453125 5
  vertex 1.6420738697052002 51.56000900268555 5
 endloop
endfacet
facet normal 0 0 0
 outer loop
  vertex 1.5705952644348145 51.34943771362305 5
  vertex -18 9.699999809265137 5
  vertex 18 9.699999809265137 5
 endloop
endfacet
facet normal 0 0 0
 outer loop
  vertex 19.642074584960938 7.560007572174072 5
  vertex 19.570594787597656 7.349438190460205 5
  vertex 28 0 5
 endloop
endfacet
facet normal 0 0 0
 outer loop
  vertex 28 0 5
  vertex 1.6420738697052002 51.56000900268555 5
  vertex 1.5705952644348145 51.34943771362305 5
 endloop
endfacet
facet normal 0 0 0
 outer loop
  vertex 1.5705952644348145 51.34943771362305 5
  vertex 18 9.699999809265137 5
  vertex 18.221895217895508 9.685456275939941 5
 endloop
endfacet
facet normal 0 0 0
 outer loop
  vertex 19.685455322265625 7.77810525894165 5
  vertex 19.642074584960938 7.560007572174072 5
  vertex 28 0 5
 endloop
endfacet
facet normal 0 0 0
 outer loop
  vertex 1.5705952644348145 51.34943771362305 5
  vertex 18.221895217895508 9.685456275939941 5
  vertex 18.439992904663086 9.642073631286621 5
 endloop
endfacet
facet normal 0 0 0
 outer loop
  vertex 19.700000762939453 8 5
  vertex 19.685455322265625 7.77810525894165 5
  vertex 28 0 5
 endloop
endfacet
facet normal 0 0 0
 outer loop
  vertex 1.5705952644348145 51.34943771362305 5
  vertex 18.439992904663086 9.642073631286621 5
  vertex 18.650562286376953 9.570594787597656 5
 endloop
endfacet
facet normal 0 0 0
 outer loop
  vertex 19.685455322265625 8.221894264221191 5
  vertex 19.700000762939453 8 5
  vertex 28 0 5
 endloop
endfacet
facet normal 0 0 0
 outer loop
  vertex 1.5705952644348145 51.34943771362305 5
  vertex 18.650562286376953 9.570594787597656 5
  vertex 18.850000381469727 9.472243309020996 5
 endloop
endfacet
facet normal 0 0 0
 outer loop
  vertex 19.642074584960938 8.43999195098877 5
  vertex 19.685455322265625 8.221894264221191 5
  vertex 28 0 5
 endloop
endfacet
facet normal 0 0 0
 outer loop
  vertex 1.5705952644348145 51.34943771362305 5
  vertex 18.850000381469727 9.472243309020996 5
  vertex 19.034894943237305 9.348700523376465 5
 endloop
endfacet
facet normal 0 0 0
 outer loop
  vertex 19.570594787597656 8.650562286376953 5
  vertex 19.642074584960938 8.43999195098877 5
  vertex 28 0 5
 endloop
endfacet
facet normal 0 0 0
 outer loop
  vertex 1.5705952644348145 51.34943771362305 5
  vertex 19.034894943237305 9.348700523376465 5
  vertex 19.20208168029785 9.202081680297852 5
 endloop
endfacet
facet normal 0 0 0
 outer loop
  vertex 19.47224235534668 8.850000381469727 5
  vertex 19.570594787597656 8.650562286376953 5
  vertex 28 0 5
 endloop
endfacet
facet normal 0 0 0
 outer loop
  vertex 28 0 5
  vertex 1.5705952644348145 51.34943771362305 5
  vertex 19.20208168029785 9.202081680297852 5
 endloop
endfacet
facet normal 0 0 0
 outer loop
  vertex 19.34870147705078 9.034893989562988 5
  vertex 19.47224235534668 8.850000381469727 5
  vertex 28 0 5
 endloop
endfacet
facet normal 0 0 0
 outer loop
  vertex 28 0 5
  vertex 19.20208168029785 9.202081680297852 5
  vertex 19.34870147705078 9.034893989562988 5
 endloop
endfacet
facet normal 0 0 0
 outer loop
  vertex -28 0 0
  vertex 28 0 0
  vertex -28 0 5
 endloop
endfacet
facet normal 0 0 0
 outer loop
  vertex 28 0 0
  vertex 28 0 5
  vertex -28 0 5
 endloop
endfacet
facet normal 0 0 0
 outer loop
  vertex 28 0 0
  vertex 18 65 0
  vertex 28 0 5
 endloop
endfacet
facet normal 0 0 0
 outer loop
  vertex 18 65 0
  vertex 18 65 5
  vertex 28 0 5
 endloop
endfacet
facet normal 0 0 0
 outer loop
  vertex 18 65 0
  vertex -18 65 0
  vertex 18 65 5
 endloop
endfacet
facet normal 0 0 0
 outer loop
  vertex -18 65 0
  vertex -18 65 5
  vertex 18 65 5
 endloop
endfacet
facet normal 0 0 0
 outer loop
  vertex -18 65 0
  vertex -28 0 0
  vertex -18 65 5
 endloop
endfacet
facet normal 0 0 0
 outer loop
  vertex -28 0 0
  vertex -28 0 5
  vertex -18 65 5
 endloop
endfacet
facet normal 0 0 0
 outer loop
  vertex -16.299999237060547 8 0
  vertex -16.314544677734375 7.77810525894165 0
  vertex -16.299999237060547 8 5
 endloop
endfacet
facet normal 0 0 0
 outer loop
  vertex -16.314544677734375 7.77810525894165 0
  vertex -16.314544677734375 7.77810525894165 5
  vertex -16.299999237060547 8 5
 endloop
endfacet
facet normal 0 0 0
 outer loop
  vertex -16.314544677734375 7.77810525894165 0
  vertex -16.357925415039062 7.560007572174072 0
  vertex -16.314544677734375 7.77810525894165 5
 endloop
endfacet
facet normal 0 0 0
 outer loop
  vertex -16.357925415039062 7.560007572174072 0
  vertex -16.357925415039062 7.560007572174072 5
  vertex -16.314544677734375 7.77810525894165 5
 endloop
endfacet
facet normal 0 0 0
 outer loop
  vertex -16.357925415039062 7.560007572174072 0
  vertex -16.429405212402344 7.349438190460205 0
  vertex -16.357925415039062 7.560007572174072 5
 endloop
endfacet
facet normal 0 0 0
 outer loop
  vertex -16.429405212402344 7.349438190460205 0
  vertex -16.429405212402344 7.349438190460205 5
  vertex -16.357925415039062 7.560007572174072 5
 endloop
endfacet
facet normal 0 0 0
 outer loop
  vertex -16.429405212402344 7.349438190460205 0
  vertex -16.52775764465332 7.150000095367432 0
  vertex -16.429405212402344 7.349438190460205 5
 endloop
endfacet
facet normal 0 0 0
 outer loop
  vertex -16.52775764465332 7.150000095367432 0
  vertex -16.52775764465332 7.150000095367432 5
  vertex -16.429405212402344 7.349438190460205 5
 endloop
endfacet
facet normal 0 0 0
 outer loop
  vertex -16.52775764465332 7.150000095367432 0
  vertex -16.65129852294922 6.9651055335998535 0
  vertex -16.52775764465332 7.150000095367432 5
 endloop
endfacet
facet normal 0 0 0
 outer loop
  vertex -16.65129852294922 6.9651055335998535 0
  vertex -16.65129852294922 6.9651055335998535 5
  vertex -16.52775764465332 7.150000095367432 5
 endloop
endfacet
facet normal 0 0 0
 outer loop
  vertex -16.65129852294922 6.9651055335998535 0
  vertex -16.79791831970215 6.797918319702148 0
  vertex -16.65129852294922 6.9651055335998535 5
 endloop
endfacet
facet normal 0 0 0
 outer loop
  vertex -16.79791831970215 6.797918319702148 0
  vertex -16.79791831970215 6.797918319702148 5
  vertex -16.65129852294922 6.9651055335998535 5
 endloop
endfacet
facet normal 0 0 0
 outer loop
  vertex -16.79791831970215 6.797918319702148 0
  vertex -16.965105056762695 6.651299476623535 0
  vertex -16.79791831970215 6.797918319702148 5
 endloop
endfacet
facet normal 0 0 0
 outer loop
  vertex -16.965105056762695 6.651299476623535 0
  vertex -16.965105056762695 6.651299476623535 5
  vertex -16.79791831970215 6.797918319702148 5
 endloop
endfacet
facet normal 0 0 0
 outer loop
  vertex -16.965105056762695 6.651299476623535 0
  vertex -17.149999618530273 6.527756690979004 0
  vertex -16.965105056762695 6.651299476623535 5
 endloop
endfacet
facet normal 0 0 0
 outer loop
  vertex -17.149999618530273 6.527756690979004 0
  vertex -17.149999618530273 6.527756690979004 5
  vertex -16.965105056762695 6.651299476623535 5
 endloop
endfacet
facet normal 0 0 0
 outer loop
  vertex -17.149999618530273 6.527756690979004 0
  vertex -17.349437713623047 6.4294047355651855 0
  vertex -17.149999618530273 6.527756690979004 5
 endloop
endfacet
facet normal 0 0 0
 outer loop
  vertex -17.349437713623047 6.4294047355651855 0
  vertex -17.349437713623047 6.4294047355651855 5
  vertex -17.149999618530273 6.527756690979004 5
 endloop
endfacet
facet normal 0 0 0
 outer loop
  vertex -17.349437713623047 6.4294047355651855 0
  vertex -17.560007095336914 6.357925891876221 0
  vertex -17.349437713623047 6.4294047355651855 5
 endloop
endfacet
facet normal 0 0 0
 outer loop
  vertex -17.560007095336914 6.357925891876221 0
  vertex -17.560007095336914 6.357925891876221 5
  vertex -17.349437713623047 6.4294047355651855 5
 endloop
endfacet
facet normal 0 0 0
 outer loop
  vertex -17.560007095336914 6.357925891876221 0
  vertex -17.778104782104492 6.314543724060059 0
  vertex -17.560007095336914 6.357925891876221 5
 endloop
endfacet
facet normal 0 0 0
 outer loop
  vertex -17.778104782104492 6.314543724060059 0
  vertex -17.778104782104492 6.314543724060059 5
  vertex -17.560007095336914 6.357925891876221 5
 endloop
endfacet
facet normal 0 0 0
 outer loop
  vertex -17.778104782104492 6.314543724060059 0
  vertex -18 6.300000190734863 0
  vertex -17.778104782104492 6.314543724060059 5
 endloop
endfacet
facet normal 0 0 0
 outer loop
  vertex -18 6.300000190734863 0
  vertex -18 6.300000190734863 5
  vertex -17.778104782104492 6.314543724060059 5
 endloop
endfacet
facet normal 0 0 0
 outer loop
  vertex -18 6.300000190734863 0
  vertex -18.221895217895508 6.314543724060059 0
  vertex -18 6.300000190734863 5
 endloop
endfacet
facet normal 0 0 0
 outer loop
  vertex -18.221895217895508 6.314543724060059 0
  vertex -18.221895217895508 6.314543724060059 5
  vertex -18 6.300000190734863 5
 endloop
endfacet
facet normal 0 0 0
 outer loop
  vertex -18.221895217895508 6.314543724060059 0
  vertex -18.439992904663086 6.357925891876221 0
  vertex -18.221895217895508 6.314543724060059 5
 endloop
endfacet
facet normal 0 0 0
 outer loop
  vertex -18.439992904663086 6.357925891876221 0
  vertex -18.439992904663086 6.357925891876221 5
  vertex -18.221895217895508 6.314543724060059 5
 endloop
endfacet
facet normal 0 0 0
 outer loop
  vertex -18.439992904663086 6.357925891876221 0
  vertex -18.650562286376953 6.4294047355651855 0
  vertex -18.439992904663086 6.357925891876221 5
 endloop
endfacet
facet normal 0 0 0
 outer loop
  vertex -18.650562286376953 6.4294047355651855 0
  vertex -18.650562286376953 6.4294047355651855 5
  vertex -18.439992904663086 6.357925891876221 5
 endloop
endfacet
facet normal 0 0 0
 outer loop
  vertex -18.650562286376953 6.4294047355651855 0
  vertex -18.850000381469727 6.527756690979004 0
  vertex -18.650562286376953 6.4294047355651855 5
 endloop
endfacet
facet normal 0 0 0
 outer loop
  vertex -18.850000381469727 6.527756690979004 0
  vertex -18.850000381469727 6.527756690979004 5
  vertex -18.650562286376953 6.4294047355651855 5
 endloop
endfacet
facet normal 0 0 0
 outer loop
  vertex -18.850000381469727 6.527756690979004 0
  vertex -19.034894943237305 6.651299476623535 0
  vertex -18.850000381469727 6.527756690979004 5
 endloop
endfacet
facet normal 0 0 0
 outer loop
  vertex -19.034894943237305 6.651299476623535 0
  vertex -19.034894943237305 6.651299476623535 5
  vertex -18.850000381469727 6.527756690979004 5
 endloop
endfacet
facet normal 0 0 0
 outer loop
  vertex -19.034894943237305 6.651299476623535 0
  vertex -19.20208168029785 6.797918319702148 0
  vertex -19.034894943237305 6.651299476623535 5
 endloop
endfacet
facet normal 0 0 0
 outer loop
  vertex -19.20208168029785 6.797918319702148 0
  vertex -19.20208168029785 6.797918319702148 5
  vertex -19.034894943237305 6.651299476623535 5
 endloop
endfacet
facet normal 0 0 0
 outer loop
  vertex -19.20208168029785 6.797918319702148 0
  vertex -19.34870147705078 6.9651055335998535 0
  vertex -19.20208168029785 6.797918319702148 5
 endloop
endfacet
facet normal 0 0 0
 outer loop
  vertex -19.34870147705078 6.9651055335998535 0
  vertex -19.34870147705078 6.9651055335998535 5
  vertex -19.20208168029785 6.797918319702148 5
 endloop
endfacet
facet normal 0 0 0
 outer loop
  vertex -19.34870147705078 6.9651055335998535 0
  vertex -19.47224235534668 7.150000095367432 0
  vertex -19.34870147705078 6.9651055335998535 5
 endloop
endfacet
facet normal 0 0 0
 outer loop
  vertex -19.47224235534668 7.150000095367432 0
  vertex -19.47224235534668 7.150000095367432 5
  vertex -19.34870147705078 6.9651055335998535 5
 endloop
endfacet
facet normal 0 0 0
 outer loop
  vertex -19.47224235534668 7.150000095367432 0
  vertex -19.570594787597656 7.349438190460205 0
  vertex -19.47224235534668 7.150000095367432 5
 endloop
endfacet
facet normal 0 0 0
 outer loop
  vertex -19.570594787597656 7.349438190460205 0
  vertex -19.570594787597656 7.349438190460205 5
  vertex -19.47224235534668 7.150000095367432 5
 endloop
endfacet
facet normal 0 0 0
 outer loop
  vertex -19.570594787597656 7.349438190460205 0
  vertex -19.642074584960938 7.560007572174072 0
  vertex -19.570594787597656 7.349438190460205 5
 endloop
endfacet
facet normal 0 0 0
 outer loop
  vertex -19.642074584960938 7.560007572174072 0
  vertex -19.642074584960938 7.560007572174072 5
  vertex -19.570594787597656 7.349438190460205 5
 endloop
endfacet
facet normal 0 0 0
 outer loop
  vertex -19.642074584960938 7.560007572174072 0
  vertex -19.685455322265625 7.77810525894165 0
  vertex -19.642074584960938 7.560007572174072 5
 endloop
endfacet
facet normal 0 0 0
 outer loop
  vertex -19.685455322265625 7.77810525894165 0
  vertex -19.685455322265625 7.77810525894165 5
  vertex -19.642074584960938 7.560007572174072 5
 endloop
endfacet
facet normal 0 0 0
 outer loop
  vertex -19.685455322265625 7.77810525894165 0
  vertex -19.700000762939453 8 0
  vertex -19.685455322265625 7.77810525894165 5
 endloop
endfacet
facet normal 0 0 0
 outer loop
  vertex -19.700000762939453 8 0
  vertex -19.700000762939453 8 5
  vertex -19.685455322265625 7.77810525894165 5
 endloop
endfacet
facet normal 0 0 0
 outer loop
  vertex -19.700000762939453 8 0
  vertex -19.685455322265625 8.221894264221191 0
  vertex -19.700000762939453 8 5
 endloop
endfacet
facet normal 0 0 0
 outer loop
  vertex -19.685455322265625 8.221894264221191 0
  vertex -19.685455322265625 8.221894264221191 5
  vertex -19.700000762939453 8 5
 endloop
endfacet
facet normal 0 0 0
 outer loop
  vertex -19.685455322265625 8.221894264221191 0
  vertex -19.642074584960938 8.43999195098877 0
  vertex -19.685455322265625 8.221894264221191 5
 endloop
endfacet
facet normal 0 0 0
 outer loop
  vertex -19.642074584960938 8.43999195098877 0
  vertex -19.642074584960938 8.43999195098877 5
  vertex -19.685455322265625 8.221894264221191 5
 endloop
endfacet
facet normal 0 0 0
 outer loop
  vertex -19.642074584960938 8.43999195098877 0
  vertex -19.570594787597656 8.650562286376953 0
  vertex -19.642074584960938 8.43999195098877 5
 endloop
endfacet
facet normal 0 0 0
 outer loop
  vertex -19.570594787597656 8.650562286376953 0
  vertex -19.570594787597656 8.650562286376953 5
  vertex -19.642074584960938 8.43999195098877 5
 endloop
endfacet
facet normal 0 0 0
 outer loop
  vertex -19.570594787597656 8.650562286376953 0
  vertex -19.47224235534668 8.850000381469727 0
  vertex -19.570594787597656 8.650562286376953 5
 endloop
endfacet
facet normal 0 0 0
 outer loop
  vertex -19.47224235534668 8.850000381469727 0
  vertex -19.47224235534668 8.850000381469727 5
  vertex -19.570594787597656 8.650562286376953 5
 endloop
endfacet
facet normal 0 0 0
 outer loop
  vertex -19.47224235534668 8.850000381469727 0
  vertex -19.34870147705078 9.034893989562988 0
  vertex -19.47224235534668 8.850000381469727 5
 endloop
endfacet
facet normal 0 0 0
 outer loop
  vertex -19.34870147705078 9.034893989562988 0
  vertex -19.34870147705078 9.034893989562988 5
  vertex -19.47224235534668 8.850000381469727 5
 endloop
endfacet
facet normal 0 0 0
 outer loop
  vertex -19.34870147705078 9.034893989562988 0
  vertex -19.20208168029785 9.202081680297852 0
  vertex -19.34870147705078 9.034893989562988 5
 endloop
endfacet
facet normal 0 0 0
 outer loop
  vertex -19.20208168029785 9.202081680297852 0
  vertex -19.20208168029785 9.202081680297852 5
  vertex -19.34870147705078 9.034893989562988 5
 endloop
endfacet
facet normal 0 0 0
 outer loop
  vertex -19.20208168029785 9.202081680297852 0
  vertex -19.034894943237305 9.348700523376465 0
  vertex -19.20208168029785 9.202081680297852 5
 endloop
endfacet
facet normal 0 0 0
 outer loop
  vertex -19.034894943237305 9.348700523376465 0
  vertex -19.034894943237305 9.348700523376465 5
  vertex -19.20208168029785 9.202081680297852 5
 endloop
endfacet
facet normal 0 0 0
 outer loop
  vertex -19.034894943237305 9.348700523376465 0
  vertex -18.850000381469727 9.472243309020996 0
  vertex -19.034894943237305 9.348700523376465 5
 endloop
endfacet
facet normal 0 0 0
 outer loop
  vertex -18.850000381469727 9.472243309020996 0
  vertex -18.850000381469727 9.472243309020996 5
  vertex -19.034894943237305 9.348700523376465 5
 endloop
endfacet
facet normal 0 0 0
 outer loop
  vertex -18.850000381469727 9.472243309020996 0
  vertex -18.650562286376953 9.570594787597656 0
  vertex -18.850000381469727 9.472243309020996 5
 endloop
endfacet
facet normal 0 0 0
 outer loop
  vertex -18.650562286376953 9.570594787597656 0
  vertex -18.650562286376953 9.570594787597656 5
  vertex -18.850000381469727 9.472243309020996 5
 endloop
endfacet
facet normal 0 0 0
 outer loop
  vertex -18.650562286376953 9.570594787597656 0
  vertex -18.439992904663086 9.642073631286621 0
  vertex -18.650562286376953 9.570594787597656 5
 endloop
endfacet
facet normal 0 0 0
 outer loop
  vertex -18.439992904663086 9.642073631286621 0
  vertex -18.439992904663086 9.642073631286621 5
  vertex -18.650562286376953 9.570594787597656 5
 endloop
endfacet
facet normal 0 0 0
 outer loop
  vertex -18.439992904663086 9.642073631286621 0
  vertex -18.221895217895508 9.685456275939941 0
  vertex -18.439992904663086 9.642073631286621 5
 endloop
endfacet
facet normal 0 0 0
 outer loop
  vertex -18.221895217895508 9.685456275939941 0
  vertex -18.221895217895508 9.685456275939941 5
  vertex -18.439992904663086 9.642073631286621 5
 endloop
endfacet
facet normal 0 0 0
 outer loop
  vertex -18.221895217895508 9.685456275939941 0
  vertex -18 9.699999809265137 0
  vertex -18.221895217895508 9.685456275939941 5
 endloop
endfacet
facet normal 0 0 0
 outer loop
  vertex -18 9.699999809265137 0
  vertex -18 9.699999809265137 5
  vertex -18.221895217895508 9.685456275939941 5
 endloop
endfacet
facet normal 0 0 0
 outer loop
  vertex -18 9.699999809265137 0
  vertex -17.778104782104492 9.685456275939941 0
  vertex -18 9.699999809265137 5
 endloop
endfacet
facet normal 0 0 0
 outer loop
  vertex -17.778104782104492 9.685456275939941 0
  vertex -17.778104782104492 9.685456275939941 5
  vertex -18 9.699999809265137 5
 endloop
endfacet
facet normal 0 0 0
 outer loop
  vertex -17.778104782104492 9.685456275939941 0
  vertex -17.560007095336914 9.642073631286621 0
  vertex -17.778104782104492 9.685456275939941 5
 endloop
endfacet
facet normal 0 0 0
 outer loop
  vertex -17.560007095336914 9.642073631286621 0
  vertex -17.560007095336914 9.642073631286621 5
  vertex -17.778104782104492 9.685456275939941 5
 endloop
endfacet
facet normal 0 0 0
 outer loop
  vertex -17.560007095336914 9.642073631286621 0
  vertex -17.349437713623047 9.570594787597656 0
  vertex -17.560007095336914 9.642073631286621 5
 endloop
endfacet
facet normal 0 0 0
 outer loop
  vertex -17.349437713623047 9.570594787597656 0
  vertex -17.349437713623047 9.570594787597656 5
  vertex -17.560007095336914 9.642073631286621 5
 endloop
endfacet
facet normal 0 0 0
 outer loop
  vertex -17.349437713623047 9.570594787597656 0
  vertex -17.149999618530273 9.472243309020996 0
  vertex -17.349437713623047 9.570594787597656 5
 endloop
endfacet
facet normal 0 0 0
 outer loop
  vertex -17.149999618530273 9.472243309020996 0
  vertex -17.149999618530273 9.472243309020996 5
  vertex -17.349437713623047 9.570594787597656 5
 endloop
endfacet
facet normal 0 0 0
 outer loop
  vertex -17.149999618530273 9.472243309020996 0
  vertex -16.965105056762695 9.348700523376465 0
  vertex -17.149999618530273 9.472243309020996 5
 endloop
endfacet
facet normal 0 0 0
 outer loop
  vertex -16.965105056762695 9.348700523376465 0
  vertex -16.965105056762695 9.348700523376465 5
  vertex -17.149999618530273 9.472243309020996 5
 endloop
endfacet
facet normal 0 0 0
 outer loop
  vertex -16.965105056762695 9.348700523376465 0
  vertex -16.79791831970215 9.202081680297852 0
  vertex -16.965105056762695 9.348700523376465 5
 endloop
endfacet
facet normal 0 0 0
 outer loop
  vertex -16.79791831970215 9.202081680297852 0
  vertex -16.79791831970215 9.202081680297852 5
  vertex -16.965105056762695 9.348700523376465 5
 endloop
endfacet
facet normal 0 0 0
 outer loop
  vertex -16.79791831970215 9.202081680297852 0
  vertex -16.65129852294922 9.034893989562988 0
  vertex -16.79791831970215 9.202081680297852 5
 endloop
endfacet
facet normal 0 0 0
 outer loop
  vertex -16.65129852294922 9.034893989562988 0
  vertex -16.65129852294922 9.034893989562988 5
  vertex -16.79791831970215 9.202081680297852 5
 endloop
endfacet
facet normal 0 0 0
 outer loop
  vertex -16.65129852294922 9.034893989562988 0
  vertex -16.52775764465332 8.850000381469727 0
  vertex -16.65129852294922 9.034893989562988 5
 endloop
endfacet
facet normal 0 0 0
 outer loop
  vertex -16.52775764465332 8.850000381469727 0
  vertex -16.52775764465332 8.850000381469727 5
  vertex -16.65129852294922 9.034893989562988 5
 endloop
endfacet
facet normal 0 0 0
 outer loop
  vertex -16.52775764465332 8.850000381469727 0
  vertex -16.429405212402344 8.650562286376953 0
  vertex -16.52775764465332 8.850000381469727 5
 endloop
endfacet
facet normal 0 0 0
 outer loop
  vertex -16.429405212402344 8.650562286376953 0
  vertex -16.429405212402344 8.650562286376953 5
  vertex -16.52775764465332 8.850000381469727 5
 endloop
endfacet
facet normal 0 0 0
 outer loop
  vertex -16.429405212402344 8.650562286376953 0
  vertex -16.357925415039062 8.43999195098877 0
  vertex -16.429405212402344 8.650562286376953 5
 endloop
endfacet
facet normal 0 0 0
 outer loop
  vertex -16.357925415039062 8.43999195098877 0
  vertex -16.357925415039062 8.43999195098877 5
  vertex -16.429405212402344 8.650562286376953 5
 endloop
endfacet
facet normal 0 0 0
 outer loop
  vertex -16.357925415039062 8.43999195098877 0
  vertex -16.314544677734375 8.221894264221191 0
  vertex -16.357925415039062 8.43999195098877 5
 endloop
endfacet
facet normal 0 0 0
 outer loop
  vertex -16.314544677734375 8.221894264221191 0
  vertex -16.314544677734375 8.221894264221191 5
  vertex -16.357925415039062 8.43999195098877 5
 endloop
endfacet
facet normal 0 0 0
 outer loop
  vertex -16.314544677734375 8.221894264221191 0
  vertex -16.299999237060547 8 0
  vertex -16.314544677734375 8.221894264221191 5
 endloop
endfacet
facet normal 0 0 0
 outer loop
  vertex -16.299999237060547 8 0
  vertex -16.299999237060547 8 5
  vertex -16.314544677734375 8.221894264221191 5
 endloop
endfacet
facet normal 0 0 0
 outer loop
  vertex 19.700000762939453 8 0
  vertex 19.685455322265625 7.77810525894165 0
  vertex 19.700000762939453 8 5
 endloop
endfacet
facet normal 0 0 0
 outer loop
  vertex 19.685455322265625 7.77810525894165 0
  vertex 19.685455322265625 7.77810525894165 5
  vertex 19.700000762939453 8 5
 endloop
endfacet
facet normal 0 0 0
 outer loop
  vertex 19.685455322265625 7.77810525894165 0
  vertex 19.642074584960938 7.560007572174072 0
  vertex 19.685455322265625 7.77810525894165 5
 endloop
endfacet
facet normal 0 0 0
 outer loop
  vertex 19.642074584960938 7.560007572174072 0
  vertex 19.642074584960938 7.560007572174072 5
  vertex 19.685455322265625 7.77810525894165 5
 endloop
endfacet
facet normal 0 0 0
 outer loop
  vertex 19.642074584960938 7.560007572174072 0
  vertex 19.570594787597656 7.349438190460205 0
  vertex 19.642074584960938 7.560007572174072 5
 endloop
endfacet
facet normal 0 0 0
 outer loop
  vertex 19.570594787597656 7.349438190460205 0
  vertex 19.570594787597656 7.349438190460205 5
  vertex 19.642074584960938 7.560007572174072 5
 endloop
endfacet
facet normal 0 0 0
 outer loop
  vertex 19.570594787597656 7.349438190460205 0
  vertex 19.47224235534668 7.150000095367432 0
  vertex 19.570594787597656 7.349438190460205 5
 endloop
endfacet
facet normal 0 0 0
 outer loop
  vertex 19.47224235534668 7.150000095367432 0
  vertex 19.47224235534668 7.150000095367432 5
  vertex 19.570594787597656 7.349438190460205 5
 endloop
endfacet
facet normal 0 0 0
 outer loop
  vertex 19.47224235534668 7.150000095367432 0
  vertex 19.34870147705078 6.9651055335998535 0
  vertex 19.47224235534668 7.150000095367432 5
 endloop
endfacet
facet normal 0 0 0
 outer loop
  vertex 19.34870147705078 6.9651055335998535 0
  vertex 19.34870147705078 6.9651055335998535 5
  vertex 19.47224235534668 7.150000095367432 5
 endloop
endfacet
facet normal 0 0 0
 outer loop
  vertex 19.34870147705078 6.9651055335998535 0
  vertex 19.20208168029785 6.797918319702148 0
  vertex 19.34870147705078 6.9651055335998535 5
 endloop
endfacet
facet normal 0 0 0
 outer loop
  vertex 19.20208168029785 6.797918319702148 0
  vertex 19.20208168029785 6.797918319702148 5
  vertex 19.34870147705078 6.9651055335998535 5
 endloop
endfacet
facet normal 0 0 0
 outer loop
  vertex 19.20208168029785 6.797918319702148 0
  vertex 19.034894943237305 6.651299476623535 0
  vertex 19.20208168029785 6.797918319702148 5
 endloop
endfacet
facet normal 0 0 0
 outer loop
  vertex 19.034894943237305 6.651299476623535 0
  vertex 19.034894943237305 6.651299476623535 5
  vertex 19.20208168029785 6.797918319702148 5
 endloop
endfacet
facet normal 0 0 0
 outer loop
  vertex 19.034894943237305 6.651299476623535 0
  vertex 18.850000381469727 6.527756690979004 0
  vertex 19.034894943237305 6.651299476623535 5
 endloop
endfacet
facet normal 0 0 0
 outer loop
  vertex 18.850000381469727 6.527756690979004 0
  vertex 18.850000381469727 6.527756690979004 5
  vertex 19.034894943237305 6.651299476623535 5
 endloop
endfacet
facet normal 0 0 0
 outer loop
  vertex 18.850000381469727 6.527756690979004 0
  vertex 18.650562286376953 6.4294047355651855 0
  vertex 18.850000381469727 6.527756690979004 5
 endloop
endfacet
facet normal 0 0 0
 outer loop
  vertex 18.650562286376953 6.4294047355651855 0
  vertex 18.650562286376953 6.4294047355651855 5
  vertex 18.850000381469727 6.527756690979004 5
 endloop
endfacet
facet normal 0 0 0
 outer loop
  vertex 18.650562286376953 6.4294047355651855 0
  vertex 18.439992904663086 6.357925891876221 0
  vertex 18.650562286376953 6.4294047355651855 5
 endloop
endfacet
facet normal 0 0 0
 outer loop
  vertex 18.439992904663086 6.357925891876221 0
  vertex 18.439992904663086 6.357925891876221 5
  vertex 18.650562286376953 6.4294047355651855 5
 endloop
endfacet
facet normal 0 0 0
 outer loop
  vertex 18.439992904663086 6.357925891876221 0
  vertex 18.221895217895508 6.314543724060059 0
  vertex 18.439992904663086 6.357925891876221 5
 endloop
endfacet
facet normal 0 0 0
 outer loop
  vertex 18.221895217895508 6.314543724060059 0
  vertex 18.221895217895508 6.314543724060059 5
  vertex 18.439992904663086 6.357925891876221 5
 endloop
endfacet
facet normal 0 0 0
 outer loop
  vertex 18.221895217895508 6.314543724060059 0
  vertex 18 6.300000190734863 0
  vertex 18.221895217895508 6.314543724060059 5
 endloop
endfacet
facet normal 0 0 0
 outer loop
  vertex 18 6.300000190734863 0
  vertex 18 6.300000190734863 5
  vertex 18.221895217895508 6.314543724060059 5
 endloop
endfacet
facet normal 0 0 0
 outer loop
  vertex 18 6.300000190734863 0
  vertex 17.778104782104492 6.314543724060059 0
  vertex 18 6.300000190734863 5
 endloop
endfacet
facet normal 0 0 0
 outer loop
  vertex 17.778104782104492 6.314543724060059 0
  vertex 17.778104782104492 6.314543724060059 5
  vertex 18 6.300000190734863 5
 endloop
endfacet
facet normal 0 0 0
 outer loop
  vertex 17.778104782104492 6.314543724060059 0
  vertex 17.560007095336914 6.357925891876221 0
  vertex 17.778104782104492 6.314543724060059 5
 endloop
endfacet
facet normal 0 0 0
 outer loop
  vertex 17.560007095336914 6.357925891876221 0
  vertex 17.560007095336914 6.357925891876221 5
  vertex 17.778104782104492 6.314543724060059 5
 endloop
endfacet
facet normal 0 0 0
 outer loop
  vertex 17.560007095336914 6.357925891876221 0
  vertex 17.349437713623047 6.4294047355651855 0
  vertex 17.560007095336914 6.357925891876221 5
 endloop
endfacet
facet normal 0 0 0
 outer loop
  vertex 17.349437713623047 6.4294047355651855 0
  vertex 17.349437713623047 6.4294047355651855 5
  vertex 17.560007095336914 6.357925891876221 5
 endloop
endfacet
facet normal 0 0 0
 outer loop
  vertex 17.349437713623047 6.4294047355651855 0
  vertex 17.149999618530273 6.527756690979004 0
  vertex 17.349437713623047 6.4294047355651855 5
 endloop
endfacet
facet normal 0 0 0
 outer loop
  vertex 17.149999618530273 6.527756690979004 0
  vertex 17.149999618530273 6.527756690979004 5
  vertex 17.349437713623047 6.4294047355651855 5
 endloop
endfacet
facet normal 0 0 0
 outer loop
  vertex 17.149999618530273 6.527756690979004 0
  vertex 16.965105056762695 6.651299476623535 0
  vertex 17.149999618530273 6.527756690979004 5
 endloop
endfacet
facet normal 0 0 0
 outer loop
  vertex 16.965105056762695 6.651299476623535 0
  vertex 16.965105056762695 6.651299476623535 5
  vertex 17.149999618530273 6.527756690979004 5
 endloop
endfacet
facet normal 0 0 0
 outer loop
  vertex 16.965105056762695 6.651299476623535 0
  vertex 16.79791831970215 6.797918319702148 0
  vertex 16.965105056762695 6.651299476623535 5
 endloop
endfacet
facet normal 0 0 0
 outer loop
  vertex 16.79791831970215 6.797918319702148 0
  vertex 16.79791831970215 6.797918319702148 5
  vertex 16.965105056762695 6.651299476623535 5
 endloop
endfacet
facet normal 0 0 0
 outer loop
  vertex 16.79791831970215 6.797918319702148 0
  vertex 16.65129852294922 6.9651055335998535 0
  vertex 16.79791831970215 6.797918319702148 5
 endloop
endfacet
facet normal 0 0 0
 outer loop
  vertex 16.65129852294922 6.9651055335998535 0
  vertex 16.65129852294922 6.9651055335998535 5
  vertex 16.79791831970215 6.797918319702148 5
 endloop
endfacet
facet normal 0 0 0
 outer loop
  vertex 16.65129852294922 6.9651055335998535 0
  vertex 16.52775764465332 7.150000095367432 0
  vertex 16.65129852294922 6.9651055335998535 5
 endloop
endfacet
facet normal 0 0 0
 outer loop
  vertex 16.52775764465332 7.150000095367432 0
  vertex 16.52775764465332 7.150000095367432 5
  vertex 16.65129852294922 6.9651055335998535 5
 endloop
endfacet
facet normal 0 0 0
 outer loop
  vertex 16.52775764465332 7.150000095367432 0
  vertex 16.429405212402344 7.349438190460205 0
  vertex 16.52775764465332 7.150000095367432 5
 endloop
endfacet
facet normal 0 0 0
 outer loop
  vertex 16.429405212402344 7.349438190460205 0
  vertex 16.429405212402344 7.349438190460205 5
  vertex 16.52775764465332 7.150000095367432 5
 endloop
endfacet
facet normal 0 0 0
 outer loop
  vertex 16.429405212402344 7.349438190460205 0
  vertex 16.357925415039062 7.560007572174072 0
  vertex 16.429405212402344 7.349438190460205 5
 endloop
endfacet
facet normal 0 0 0
 outer loop
  vertex 16.357925415039062 7.560007572174072 0
  vertex 16.357925415039062 7.560007572174072 5
  vertex 16.429405212402344 7.349438190460205 5
 endloop
endfacet
facet normal 0 0 0
 outer loop
  vertex 16.357925415039062 7.560007572174072 0
  vertex 16.314544677734375 7.77810525894165 0
  vertex 16.357925415039062 7.560007572174072 5
 endloop
endfacet
facet normal 0 0 0
 outer loop
  vertex 16.314544677734375 7.77810525894165 0
  vertex 16.314544677734375 7.77810525894165 5
  vertex 16.357925415039062 7.560007572174072 5
 endloop
endfacet
facet normal 0 0 0
 outer loop
  vertex 16.314544677734375 7.77810525894165 0
  vertex 16.299999237060547 8 0
  vertex 16.314544677734375 7.77810525894165 5
 endloop
endfacet
facet normal 0 0 0
 outer loop
  vertex 16.299999237060547 8 0
  vertex 16.299999237060547 8 5
  vertex 16.314544677734375 7.77810525894165 5
 endloop
endfacet
facet normal 0 0 0
 outer loop
  vertex 16.299999237060547 8 0
  vertex 16.314544677734375 8.221894264221191 0
  vertex 16.299999237060547 8 5
 endloop
endfacet
facet normal 0 0 0
 outer loop
  vertex 16.314544677734375 8.221894264221191 0
  vertex 16.314544677734375 8.221894264221191 5
  vertex 16.299999237060547 8 5
 endloop
endfacet
facet normal 0 0 0
 outer loop
  vertex 16.314544677734375 8.221894264221191 0
  vertex 16.357925415039062 8.43999195098877 0
  vertex 16.314544677734375 8.221894264221191 5
 endloop
endfacet
facet normal 0 0 0
 outer loop
  vertex 16.357925415039062 8.43999195098877 0
  vertex 16.357925415039062 8.43999195098877 5
  vertex 16.314544677734375 8.221894264221191 5
 endloop
endfacet
facet normal 0 0 0
 outer loop
  vertex 16.357925415039062 8.43999195098877 0
  vertex 16.429405212402344 8.650562286376953 0
  vertex 16.357925415039062 8.43999195098877 5
 endloop
endfacet
facet normal 0 0 0
 outer loop
  vertex 16.429405212402344 8.650562286376953 0
  vertex 16.429405212402344 8.650562286376953 5
  vertex 16.357925415039062 8.43999195098877 5
 endloop
endfacet
facet normal 0 0 0
 outer loop
  vertex 16.429405212402344 8.650562286376953 0
  vertex 16.52775764465332 8.850000381469727 0
  vertex 16.429405212402344 8.650562286376953 5
 endloop
endfacet
facet normal 0 0 0
 outer loop
  vertex 16.52775764465332 8.850000381469727 0
  vertex 16.52775764465332 8.850000381469727 5
  vertex 16.429405212402344 8.650562286376953 5
 endloop
endfacet
facet normal 0 0 0
 outer loop
  vertex 16.52775764465332 8.850000381469727 0
  vertex 16.65129852294922 9.034893989562988 0
  vertex 16.52775764465332 8.850000381469727 5
 endloop
endfacet
facet normal 0 0 0
 outer loop
  vertex 16.65129852294922 9.034893989562988 0
  vertex 16.65129852294922 9.034893989562988 5
  vertex 16.52775764465332 8.850000381469727 5
 endloop
endfacet
facet normal 0 0 0
 outer loop
  vertex 16.65129852294922 9.034893989562988 0
  vertex 16.79791831970215 9.202081680297852 0
  vertex 16.65129852294922 9.034893989562988 5
 endloop
endfacet
facet normal 0 0 0
 outer loop
  vertex 16.79791831970215 9.202081680297852 0
  vertex 16.79791831970215 9.202081680297852 5
  vertex 16.65129852294922 9.034893989562988 5
 endloop
endfacet
facet normal 0 0 0
 outer loop
  vertex 16.79791831970215 9.202081680297852 0
  vertex 16.965105056762695 9.348700523376465 0
  vertex 16.79791831970215 9.202081680297852 5
 endloop
endfacet
facet normal 0 0 0
 outer loop
  vertex 16.965105056762695 9.348700523376465 0
  vertex 16.965105056762695 9.348700523376465 5
  vertex 16.79791831970215 9.202081680297852 5
 endloop
endfacet
facet normal 0 0 0
 outer loop
  vertex 16.965105056762695 9.348700523376465 0
  vertex 17.149999618530273 9.472243309020996 0
  vertex 16.965105056762695 9.348700523376465 5
 endloop
endfacet
facet normal 0 0 0
 outer loop
  vertex 17.149999618530273 9.472243309020996 0
  vertex 17.149999618530273 9.472243309020996 5
  vertex 16.965105056762695 9.348700523376465 5
 endloop
endfacet
facet normal 0 0 0
 outer loop
  vertex 17.149999618530273 9.472243309020996 0
  vertex 17.349437713623047 9.570594787597656 0
  vertex 17.149999618530273 9.472243309020996 5
 endloop
endfacet
facet normal 0 0 0
 outer loop
  vertex 17.349437713623047 9.570594787597656 0
  vertex 17.349437713623047 9.570594787597656 5
  vertex 17.149999618530273 9.472243309020996 5
 endloop
endfacet
facet normal 0 0 0
 outer loop
  vertex 17.349437713623047 9.570594787597656 0
  vertex 17.560007095336914 9.642073631286621 0
  vertex 17.349437713623047 9.570594787597656 5
 endloop
endfacet
facet normal 0 0 0
 outer loop
  vertex 17.560007095336914 9.642073631286621 0
  vertex 17.560007095336914 9.642073631286621 5
  vertex 17.349437713623047 9.570594787597656 5
 endloop
endfacet
facet normal 0 0 0
 outer loop
  vertex 17.560007095336914 9.642073631286621 0
  vertex 17.778104782104492 9.685456275939941 0
  vertex 17.560007095336914 9.642073631286621 5
 endloop
endfacet
facet normal 0 0 0
 outer loop
  vertex 17.778104782104492 9.685456275939941 0
  vertex 17.778104782104492 9.685456275939941 5
  vertex 17.560007095336914 9.642073631286621 5
 endloop
endfacet
facet normal 0 0 0
 outer loop
  vertex 17.778104782104492 9.685456275939941 0
  vertex 18 9.699999809265137 0
  vertex 17.778104782104492 9.685456275939941 5
 endloop
endfacet
facet normal 0 0 0
 outer loop
  vertex 18 9.699999809265137 0
  vertex 18 9.699999809265137 5
  vertex 17.778104782104492 9.685456275939941 5
 endloop
endfacet
facet normal 0 0 0
 outer loop
  vertex 18 9.699999809265137 0
  vertex 18.221895217895508 9.685456275939941 0
  vertex 18 9.699999809265137 5
 endloop
endfacet
facet normal 0 0 0
 outer loop
  vertex 18.221895217895508 9.685456275939941 0
  vertex 18.221895217895508 9.685456275939941 5
  vertex 18 9.699999809265137 5
 endloop
endfacet
facet normal 0 0 0
 outer loop
  vertex 18.221895217895508 9.685456275939941 0
  vertex 18.439992904663086 9.642073631286621 0
  vertex 18.221895217895508 9.685456275939941 5
 endloop
endfacet
facet normal 0 0 0
 outer loop
  vertex 18.439992904663086 9.642073631286621 0
  vertex 18.439992904663086 9.642073631286621 5
  vertex 18.221895217895508 9.685456275939941 5
 endloop
endfacet
facet normal 0 0 0
 outer loop
  vertex 18.439992904663086 9.642073631286621 0
  vertex 18.650562286376953 9.570594787597656 0
  vertex 18.439992904663086 9.642073631286621 5
 endloop
endfacet
facet normal 0 0 0
 outer loop
  vertex 18.650562286376953 9.570594787597656 0
  vertex 18.650562286376953 9.570594787597656 5
  vertex 18.439992904663086 9.642073631286621 5
 endloop
endfacet
facet normal 0 0 0
 outer loop
  vertex 18.650562286376953 9.570594787597656 0
  vertex 18.850000381469727 9.472243309020996 0
  vertex 18.650562286376953 9.570594787597656 5
 endloop
endfacet
facet normal 0 0 0
 outer loop
  vertex 18.850000381469727 9.472243309020996 0
  vertex 18.850000381469727 9.472243309020996 5
  vertex 18.650562286376953 9.570594787597656 5
 endloop
endfacet
facet normal 0 0 0
 outer loop
  vertex 18.850000381469727 9.472243309020996 0
  vertex 19.034894943237305 9.348700523376465 0
  vertex 18.850000381469727 9.472243309020996 5
 endloop
endfacet
facet normal 0 0 0
 outer loop
  vertex 19.034894943237305 9.348700523376465 0
  vertex 19.034894943237305 9.348700523376465 5
  vertex 18.850000381469727 9.472243309020996 5
 endloop
endfacet
facet normal 0 0 0
 outer loop
  vertex 19.034894943237305 9.348700523376465 0
  vertex 19.20208168029785 9.202081680297852 0
  vertex 19.034894943237305 9.348700523376465 5
 endloop
endfacet
facet normal 0 0 0
 outer loop
  vertex 19.20208168029785 9.202081680297852 0
  vertex 19.20208168029785 9.202081680297852 5
  vertex 19.034894943237305 9.348700523376465 5
 endloop
endfacet
facet normal 0 0 0
 outer loop
  vertex 19.20208168029785 9.202081680297852 0
  vertex 19.34870147705078 9.034893989562988 0
  vertex 19.20208168029785 9.202081680297852 5
 endloop
endfacet
facet normal 0 0 0
 outer loop
  vertex 19.34870147705078 9.034893989562988 0
  vertex 19.34870147705078 9.034893989562988 5
  vertex 19.20208168029785 9.202081680297852 5
 endloop
endfacet
facet normal 0 0 0
 outer loop
  vertex 19.34870147705078 9.034893989562988 0
  vertex 19.47224235534668 8.850000381469727 0
  vertex 19.34870147705078 9.034893989562988 5
 endloop
endfacet
facet normal 0 0 0
 outer loop
  vertex 19.47224235534668 8.850000381469727 0
  vertex 19.47224235534668 8.850000381469727 5
  vertex 19.34870147705078 9.034893989562988 5
 endloop
endfacet
facet normal 0 0 0
 outer loop
  vertex 19.47224235534668 8.850000381469727 0
  vertex 19.570594787597656 8.650562286376953 0
  vertex 19.47224235534668 8.850000381469727 5
 endloop
endfacet
facet normal 0 0 0
 outer loop
  vertex 19.570594787597656 8.650562286376953 0
  vertex 19.570594787597656 8.650562286376953 5
  vertex 19.47224235534668 8.850000381469727 5
 endloop
endfacet
facet normal 0 0 0
 outer loop
  vertex 19.570594787597656 8.650562286376953 0
  vertex 19.642074584960938 8.43999195098877 0
  vertex 19.570594787597656 8.650562286376953 5
 endloop
endfacet
facet normal 0 0 0
 outer loop
  vertex 19.642074584960938 8.43999195098877 0
  vertex 19.642074584960938 8.43999195098877 5
  vertex 19.570594787597656 8.650562286376953 5
 endloop
endfacet
facet normal 0 0 0
 outer loop
  vertex 19.642074584960938 8.43999195098877 0
  vertex 19.685455322265625 8.221894264221191 0
  vertex 19.642074584960938 8.43999195098877 5
 endloop
endfacet
facet normal 0 0 0
 outer loop
  vertex 19.685455322265625 8.221894264221191 0
  vertex 19.685455322265625 8.221894264221191 5
  vertex 19.642074584960938 8.43999195098877 5
 endloop
endfacet
facet normal 0 0 0
 outer loop
  vertex 19.685455322265625 8.221894264221191 0
  vertex 19.700000762939453 8 0
  vertex 19.685455322265625 8.221894264221191 5
 endloop
endfacet
facet normal 0 0 0
 outer loop
  vertex 19.700000762939453 8 0
  vertex 19.700000762939453 8 5
  vertex 19.685455322265625 8.221894264221191 5
 endloop
endfacet
facet normal 0 0 0
 outer loop
  vertex 1.7000000476837158 52 0
  vertex 1.6854562759399414 51.778106689453125 0
  vertex 1.7000000476837158 52 5
 endloop
endfacet
facet normal 0 0 0
 outer loop
  vertex 1.6854562759399414 51.778106689453125 0
  vertex 1.6854562759399414 51.778106689453125 5
  vertex 1.7000000476837158 52 5
 endloop
endfacet
facet normal 0 0 0
 outer loop
  vertex 1.6854562759399414 51.778106689453125 0
  vertex 1.6420738697052002 51.56000900268555 0
  vertex 1.6854562759399414 51.778106689453125 5
 endloop
endfacet
facet normal 0 0 0
 outer loop
  vertex 1.6420738697052002 51.56000900268555 0
  vertex 1.6420738697052002 51.56000900268555 5
  vertex 1.6854562759399414 51.778106689453125 5
 endloop
endfacet
facet normal 0 0 0
 outer loop
  vertex 1.6420738697052002 51.56000900268555 0
  vertex 1.5705952644348145 51.34943771362305 0
  vertex 1.6420738697052002 51.56000900268555 5
 endloop
endfacet
facet normal 0 0 0
 outer loop
  vertex 1.5705952644348145 51.34943771362305 0
  vertex 1.5705952644348145 51.34943771362305 5
  vertex 1.6420738697052002 51.56000900268555 5
 endloop
endfacet
facet normal 0 0 0
 outer loop
  vertex 1.5705952644348145 51.34943771362305 0
  vertex 1.4722431898117065 51.150001525878906 0
  vertex 1.5705952644348145 51.34943771362305 5
 endloop
endfacet
facet normal 0 0 0
 outer loop
  vertex 1.4722431898117065 51.150001525878906 0
  vertex 1.4722431898117065 51.150001525878906 5
  vertex 1.5705952644348145 51.34943771362305 5
 endloop
endfacet
facet normal 0 0 0
 outer loop
  vertex 1.4722431898117065 51.150001525878906 0
  vertex 1.3487006425857544 50.96510696411133 0
  vertex 1.4722431898117065 51.150001525878906 5
 endloop
endfacet
facet normal 0 0 0
 outer loop
  vertex 1.3487006425857544 50.96510696411133 0
  vertex 1.3487006425857544 50.96510696411133 5
  vertex 1.4722431898117065 51.150001525878906 5
 endloop
endfacet
facet normal 0 0 0
 outer loop
  vertex 1.3487006425857544 50.96510696411133 0
  vertex 1.202081561088562 50.79792022705078 0
  vertex 1.3487006425857544 50.96510696411133 5
 endloop
endfacet
facet normal 0 0 0
 outer loop
  vertex 1.202081561088562 50.79792022705078 0
  vertex 1.202081561088562 50.79792022705078 5
  vertex 1.3487006425857544 50.96510696411133 5
 endloop
endfacet
facet normal 0 0 0
 outer loop
  vertex 1.202081561088562 50.79792022705078 0
  vertex 1.0348944664001465 50.65129852294922 0
  vertex 1.202081561088562 50.79792022705078 5
 endloop
endfacet
facet normal 0 0 0
 outer loop
  vertex 1.0348944664001465 50.65129852294922 0
  vertex 1.0348944664001465 50.65129852294922 5
  vertex 1.202081561088562 50.79792022705078 5
 endloop
endfacet
facet normal 0 0 0
 outer loop
  vertex 1.0348944664001465 50.65129852294922 0
  vertex 0.8500000238418579 50.52775573730469 0
  vertex 1.0348944664001465 50.65129852294922 5
 endloop
endfacet
facet normal 0 0 0
 outer loop
  vertex 0.8500000238418579 50.52775573730469 0
  vertex 0.8500000238418579 50.52775573730469 5
  vertex 1.0348944664001465 50.65129852294922 5
 endloop
endfacet
facet normal 0 0 0
 outer loop
  vertex 0.8500000238418579 50.52775573730469 0
  vertex 0.6505618095397949 50.429405212402344 0
  vertex 0.8500000238418579 50.52775573730469 5
 endloop
endfacet
facet normal 0 0 0
 outer loop
  vertex 0.6505618095397949 50.429405212402344 0
  vertex 0.6505618095397949 50.429405212402344 5
  vertex 0.8500000238418579 50.52775573730469 5
 endloop
endfacet
facet normal 0 0 0
 outer loop
  vertex 0.6505618095397949 50.429405212402344 0
  vertex 0.43999236822128296 50.35792541503906 0
  vertex 0.6505618095397949 50.429405212402344 5
 endloop
endfacet
facet normal 0 0 0
 outer loop
  vertex 0.43999236822128296 50.35792541503906 0
  vertex 0.43999236822128296 50.35792541503906 5
  vertex 0.6505618095397949 50.429405212402344 5
 endloop
endfacet
facet normal 0 0 0
 outer loop
  vertex 0.43999236822128296 50.35792541503906 0
  vertex 0.2218945324420929 50.314544677734375 0
  vertex 0.43999236822128296 50.35792541503906 5
 endloop
endfacet
facet normal 0 0 0
 outer loop
  vertex 0.2218945324420929 50.314544677734375 0
  vertex 0.2218945324420929 50.314544677734375 5
  vertex 0.43999236822128296 50.35792541503906 5
 endloop
endfacet
facet normal 0 0 0
 outer loop
  vertex 0.2218945324420929 50.314544677734375 0
  vertex 1.0409497585229437e-16 50.29999923706055 0
  vertex 0.2218945324420929 50.314544677734375 5
 endloop
endfacet
facet normal 0 0 0
 outer loop
  vertex 1.0409497585229437e-16 50.29999923706055 0
  vertex 1.0409497585229437e-16 50.29999923706055 5
  vertex 0.2218945324420929 50.314544677734375 5
 endloop
endfacet
facet normal 0 0 0
 outer loop
  vertex 1.0409497585229437e-16 50.29999923706055 0
  vertex -0.2218945324420929 50.314544677734375 0
  vertex 1.0409497585229437e-16 50.29999923706055 5
 endloop
endfacet
facet normal 0 0 0
 outer loop
  vertex -0.2218945324420929 50.314544677734375 0
  vertex -0.2218945324420929 50.314544677734375 5
  vertex 1.0409497585229437e-16 50.29999923706055 5
 endloop
endfacet
facet normal 0 0 0
 outer loop
  vertex -0.2218945324420929 50.314544677734375 0
  vertex -0.43999236822128296 50.35792541503906 0
  vertex -0.2218945324420929 50.314544677734375 5
 endloop
endfacet
facet normal 0 0 0
 outer loop
  vertex -0.43999236822128296 50.35792541503906 0
  vertex -0.43999236822128296 50.35792541503906 5
  vertex -0.2218945324420929 50.314544677734375 5
 endloop
endfacet
facet normal 0 0 0
 outer loop
  vertex -0.43999236822128296 50.35792541503906 0
  vertex -0.6505618095397949 50.429405212402344 0
  vertex -0.43999236822128296 50.35792541503906 5
 endloop
endfacet
facet normal 0 0 0
 outer loop
  vertex -0.6505618095397949 50.429405212402344 0
  vertex -0.6505618095397949 50.429405212402344 5
  vertex -0.43999236822128296 50.35792541503906 5
 endloop
endfacet
facet normal 0 0 0
 outer loop
  vertex -0.6505618095397949 50.429405212402344 0
  vertex -0.8500000238418579 50.52775573730469 0
  vertex -0.6505618095397949 50.429405212402344 5
 endloop
endfacet
facet normal 0 0 0
 outer loop
  vertex -0.8500000238418579 50.52775573730469 0
  vertex -0.8500000238418579 50.52775573730469 5
  vertex -0.6505618095397949 50.429405212402344 5
 endloop
endfacet
facet normal 0 0 0
 outer loop
  vertex -0.8500000238418579 50.52775573730469 0
  vertex -1.0348944664001465 50.65129852294922 0
  vertex -0.8500000238418579 50.52775573730469 5
 endloop
endfacet
facet normal 0 0 0
 outer loop
  vertex -1.0348944664001465 50.65129852294922 0
  vertex -1.0348944664001465 50.65129852294922 5
  vertex -0.8500000238418579 50.52775573730469 5
 endloop
endfacet
facet normal 0 0 0
 outer loop
  vertex -1.0348944664001465 50.65129852294922 0
  vertex -1.202081561088562 50.79792022705078 0
  vertex -1.0348944664001465 50.65129852294922 5
 endloop
endfacet
facet normal 0 0 0
 outer loop
  vertex -1.202081561088562 50.79792022705078 0
  vertex -1.202081561088562 50.79792022705078 5
  vertex -1.0348944664001465 50.65129852294922 5
 endloop
endfacet
facet normal 0 0 0
 outer loop
  vertex -1.202081561088562 50.79792022705078 0
  vertex -1.3487006425857544 50.96510696411133 0
  vertex -1.202081561088562 50.79792022705078 5
 endloop
endfacet
facet normal 0 0 0
 outer loop
  vertex -1.3487006425857544 50.96510696411133 0
  vertex -1.3487006425857544 50.96510696411133 5
  vertex -1.202081561088562 50.79792022705078 5
 endloop
endfacet
facet normal 0 0 0
 outer loop
  vertex -1.3487006425857544 50.96510696411133 0
  vertex -1.4722431898117065 51.150001525878906 0
  vertex -1.3487006425857544 50.96510696411133 5
 endloop
endfacet
facet normal 0 0 0
 outer loop
  vertex -1.4722431898117065 51.150001525878906 0
  vertex -1.4722431898117065 51.150001525878906 5
  vertex -1.3487006425857544 50.96510696411133 5
 endloop
endfacet
facet normal 0 0 0
 outer loop
  vertex -1.4722431898117065 51.150001525878906 0
  vertex -1.5705952644348145 51.34943771362305 0
  vertex -1.4722431898117065 51.150001525878906 5
 endloop
endfacet
facet normal 0 0 0
 outer loop
  vertex -1.5705952644348145 51.34943771362305 0
  vertex -1.5705952644348145 51.34943771362305 5
  vertex -1.4722431898117065 51.150001525878906 5
 endloop
endfacet
facet normal 0 0 0
 outer loop
  vertex -1.5705952644348145 51.34943771362305 0
  vertex -1.6420738697052002 51.56000900268555 0
  vertex -1.5705952644348145 51.34943771362305 5
 endloop
endfacet
facet normal 0 0 0
 outer loop
  vertex -1.6420738697052002 51.56000900268555 0
  vertex -1.6420738697052002 51.56000900268555 5
  vertex -1.5705952644348145 51.34943771362305 5
 endloop
endfacet
facet normal 0 0 0
 outer loop
  vertex -1.6420738697052002 51.56000900268555 0
  vertex -1.6854562759399414 51.778106689453125 0
  vertex -1.6420738697052002 51.56000900268555 5
 endloop
endfacet
facet normal 0 0 0
 outer loop
  vertex -1.6854562759399414 51.778106689453125 0
  vertex -1.6854562759399414 51.778106689453125 5
  vertex -1.6420738697052002 51.56000900268555 5
 endloop
endfacet
facet normal 0 0 0
 outer loop
  vertex -1.6854562759399414 51.778106689453125 0
  vertex -1.7000000476837158 52 0
  vertex -1.6854562759399414 51.778106689453125 5
 endloop
endfacet
facet normal 0 0 0
 outer loop
  vertex -1.7000000476837158 52 0
  vertex -1.7000000476837158 52 5
  vertex -1.6854562759399414 51.778106689453125 5
 endloop
endfacet
facet normal 0 0 0
 outer loop
  vertex -1.7000000476837158 52 0
  vertex -1.6854562759399414 52.221893310546875 0
  vertex -1.7000000476837158 52 5
 endloop
endfacet
facet normal 0 0 0
 outer loop
  vertex -1.6854562759399414 52.221893310546875 0
  vertex -1.6854562759399414 52.221893310546875 5
  vertex -1.7000000476837158 52 5
 endloop
endfacet
facet normal 0 0 0
 outer loop
  vertex -1.6854562759399414 52.221893310546875 0
  vertex -1.6420738697052002 52.43999099731445 0
  vertex -1.6854562759399414 52.221893310546875 5
 endloop
endfacet
facet normal 0 0 0
 outer loop
  vertex -1.6420738697052002 52.43999099731445 0
  vertex -1.6420738697052002 52.43999099731445 5
  vertex -1.6854562759399414 52.221893310546875 5
 endloop
endfacet
facet normal 0 0 0
 outer loop
  vertex -1.6420738697052002 52.43999099731445 0
  vertex -1.5705952644348145 52.65056228637695 0
  vertex -1.6420738697052002 52.43999099731445 5
 endloop
endfacet
facet normal 0 0 0
 outer loop
  vertex -1.5705952644348145 52.65056228637695 0
  vertex -1.5705952644348145 52.65056228637695 5
  vertex -1.6420738697052002 52.43999099731445 5
 endloop
endfacet
facet normal 0 0 0
 outer loop
  vertex -1.5705952644348145 52.65056228637695 0
  vertex -1.4722431898117065 52.849998474121094 0
  vertex -1.5705952644348145 52.65056228637695 5
 endloop
endfacet
facet normal 0 0 0
 outer loop
  vertex -1.4722431898117065 52.849998474121094 0
  vertex -1.4722431898117065 52.849998474121094 5
  vertex -1.5705952644348145 52.65056228637695 5
 endloop
endfacet
facet normal 0 0 0
 outer loop
  vertex -1.4722431898117065 52.849998474121094 0
  vertex -1.3487006425857544 53.03489303588867 0
  vertex -1.4722431898117065 52.849998474121094 5
 endloop
endfacet
facet normal 0 0 0
 outer loop
  vertex -1.3487006425857544 53.03489303588867 0
  vertex -1.3487006425857544 53.03489303588867 5
  vertex -1.4722431898117065 52.849998474121094 5
 endloop
endfacet
facet normal 0 0 0
 outer loop
  vertex -1.3487006425857544 53.03489303588867 0
  vertex -1.202081561088562 53.20207977294922 0
  vertex -1.3487006425857544 53.03489303588867 5
 endloop
endfacet
facet normal 0 0 0
 outer loop
  vertex -1.202081561088562 53.20207977294922 0
  vertex -1.202081561088562 53.20207977294922 5
  vertex -1.3487006425857544 53.03489303588867 5
 endloop
endfacet
facet normal 0 0 0
 outer loop
  vertex -1.202081561088562 53.20207977294922 0
  vertex -1.0348944664001465 53.34870147705078 0
  vertex -1.202081561088562 53.20207977294922 5
 endloop
endfacet
facet normal 0 0 0
 outer loop
  vertex -1.0348944664001465 53.34870147705078 0
  vertex -1.0348944664001465 53.34870147705078 5
  vertex -1.202081561088562 53.20207977294922 5
 endloop
endfacet
facet normal 0 0 0
 outer loop
  vertex -1.0348944664001465 53.34870147705078 0
  vertex -0.8500000238418579 53.47224426269531 0
  vertex -1.0348944664001465 53.34870147705078 5
 endloop
endfacet
facet normal 0 0 0
 outer loop
  vertex -0.8500000238418579 53.47224426269531 0
  vertex -0.8500000238418579 53.47224426269531 5
  vertex -1.0348944664001465 53.34870147705078 5
 endloop
endfacet
facet normal 0 0 0
 outer loop
  vertex -0.8500000238418579 53.47224426269531 0
  vertex -0.6505618095397949 53.570594787597656 0
  vertex -0.8500000238418579 53.47224426269531 5
 endloop
endfacet
facet normal 0 0 0
 outer loop
  vertex -0.6505618095397949 53.570594787597656 0
  vertex -0.6505618095397949 53.570594787597656 5
  vertex -0.8500000238418579 53.47224426269531 5
 endloop
endfacet
facet normal 0 0 0
 outer loop
  vertex -0.6505618095397949 53.570594787597656 0
  vertex -0.43999236822128296 53.64207458496094 0
  vertex -0.6505618095397949 53.570594787597656 5
 endloop
endfacet
facet normal 0 0 0
 outer loop
  vertex -0.43999236822128296 53.64207458496094 0
  vertex -0.43999236822128296 53.64207458496094 5
  vertex -0.6505618095397949 53.570594787597656 5
 endloop
endfacet
facet normal 0 0 0
 outer loop
  vertex -0.43999236822128296 53.64207458496094 0
  vertex -0.2218945324420929 53.685455322265625 0
  vertex -0.43999236822128296 53.64207458496094 5
 endloop
endfacet
facet normal 0 0 0
 outer loop
  vertex -0.2218945324420929 53.685455322265625 0
  vertex -0.2218945324420929 53.685455322265625 5
  vertex -0.43999236822128296 53.64207458496094 5
 endloop
endfacet
facet normal 0 0 0
 outer loop
  vertex -0.2218945324420929 53.685455322265625 0
  vertex -3.122849275568831e-16 53.70000076293945 0
  vertex -0.2218945324420929 53.685455322265625 5
 endloop
endfacet
facet normal 0 0 0
 outer loop
  vertex -3.122849275568831e-16 53.70000076293945 0
  vertex -3.122849275568831e-16 53.70000076293945 5
  vertex -0.2218945324420929 53.685455322265625 5
 endloop
endfacet
facet normal 0 0 0
 outer loop
  vertex -3.122849275568831e-16 53.70000076293945 0
  vertex 0.2218945324420929 53.685455322265625 0
  vertex -3.122849275568831e-16 53.70000076293945 5
 endloop
endfacet
facet normal 0 0 0
 outer loop
  vertex 0.2218945324420929 53.685455322265625 0
  vertex 0.2218945324420929 53.685455322265625 5
  vertex -3.122849275568831e-16 53.70000076293945 5
 endloop
endfacet
facet normal 0 0 0
 outer loop
  vertex 0.2218945324420929 53.685455322265625 0
  vertex 0.43999236822128296 53.64207458496094 0
  vertex 0.2218945324420929 53.685455322265625 5
 endloop
endfacet
facet normal 0 0 0
 outer loop
  vertex 0.43999236822128296 53.64207458496094 0
  vertex 0.43999236822128296 53.64207458496094 5
  vertex 0.2218945324420929 53.685455322265625 5
 endloop
endfacet
facet normal 0 0 0
 outer loop
  vertex 0.43999236822128296 53.64207458496094 0
  vertex 0.6505618095397949 53.570594787597656 0
  vertex 0.43999236822128296 53.64207458496094 5
 endloop
endfacet
facet normal 0 0 0
 outer loop
  vertex 0.6505618095397949 53.570594787597656 0
  vertex 0.6505618095397949 53.570594787597656 5
  vertex 0.43999236822128296 53.64207458496094 5
 endloop
endfacet
facet normal 0 0 0
 outer loop
  vertex 0.6505618095397949 53.570594787597656 0
  vertex 0.8500000238418579 53.47224426269531 0
  vertex 0.6505618095397949 53.570594787597656 5
 endloop
endfacet
facet normal 0 0 0
 outer loop
  vertex 0.8500000238418579 53.47224426269531 0
  vertex 0.8500000238418579 53.47224426269531 5
  vertex 0.6505618095397949 53.570594787597656 5
 endloop
endfacet
facet normal 0 0 0
 outer loop
  vertex 0.8500000238418579 53.47224426269531 0
  vertex 1.0348944664001465 53.34870147705078 0
  vertex 0.8500000238418579 53.47224426269531 5
 endloop
endfacet
facet normal 0 0 0
 outer loop
  vertex 1.0348944664001465 53.34870147705078 0
  vertex 1.0348944664001465 53.34870147705078 5
  vertex 0.8500000238418579 53.47224426269531 5
 endloop
endfacet
facet normal 0 0 0
 outer loop
  vertex 1.0348944664001465 53.34870147705078 0
  vertex 1.202081561088562 53.20207977294922 0
  vertex 1.0348944664001465 53.34870147705078 5
 endloop
endfacet
facet normal 0 0 0
 outer loop
  vertex 1.202081561088562 53.20207977294922 0
  vertex 1.202081561088562 53.20207977294922 5
  vertex 1.0348944664001465 53.34870147705078 5
 endloop
endfacet
facet normal 0 0 0
 outer loop
  vertex 1.202081561088562 53.20207977294922 0
  vertex 1.3487006425857544 53.03489303588867 0
  vertex 1.202081561088562 53.20207977294922 5
 endloop
endfacet
facet normal 0 0 0
 outer loop
  vertex 1.3487006425857544 53.03489303588867 0
  vertex 1.3487006425857544 53.03489303588867 5
  vertex 1.202081561088562 53.20207977294922 5
 endloop
endfacet
facet normal 0 0 0
 outer loop
  vertex 1.3487006425857544 53.03489303588867 0
  vertex 1.4722431898117065 52.849998474121094 0
  vertex 1.3487006425857544 53.03489303588867 5
 endloop
endfacet
facet normal 0 0 0
 outer loop
  vertex 1.4722431898117065 52.849998474121094 0
  vertex 1.4722431898117065 52.849998474121094 5
  vertex 1.3487006425857544 53.03489303588867 5
 endloop
endfacet
facet normal 0 0 0
 outer loop
  vertex 1.4722431898117065 52.849998474121094 0
  vertex 1.5705952644348145 52.65056228637695 0
  vertex 1.4722431898117065 52.849998474121094 5
 endloop
endfacet
facet normal 0 0 0
 outer loop
  vertex 1.5705952644348145 52.65056228637695 0
  vertex 1.5705952644348145 52.65056228637695 5
  vertex 1.4722431898117065 52.849998474121094 5
 endloop
endfacet
facet normal 0 0 0
 outer loop
  vertex 1.5705952644348145 52.65056228637695 0
  vertex 1.6420738697052002 52.43999099731445 0
  vertex 1.5705952644348145 52.65056228637695 5
 endloop
endfacet
facet normal 0 0 0
 outer loop
  vertex 1.6420738697052002 52.43999099731445 0
  vertex 1.6420738697052002 52.43999099731445 5
  vertex 1.5705952644348145 52.65056228637695 5
 endloop
endfacet
facet normal 0 0 0
 outer loop
  vertex 1.6420738697052002 52.43999099731445 0
  vertex 1.6854562759399414 52.221893310546875 0
  vertex 1.6420738697052002 52.43999099731445 5
 endloop
endfacet
facet normal 0 0 0
 outer loop
  vertex 1.6854562759399414 52.221893310546875 0
  vertex 1.6854562759399414 52.221893310546875 5
  vertex 1.6420738697052002 52.43999099731445 5
 endloop
endfacet
facet normal 0 0 0
 outer loop
  vertex 1.6854562759399414 52.221893310546875 0
  vertex 1.7000000476837158 52 0
  vertex 1.6854562759399414 52.221893310546875 5
 endloop
endfacet
facet normal 0 0 0
 outer loop
  vertex 1.7000000476837158 52 0
  vertex 1.7000000476837158 52 5
  vertex 1.6854562759399414 52.221893310546875 5
 endloop
endfacet
endsolid systemedu
