solid systemedu
facet normal 0 0 0
 outer loop
vertex 10.308185577392578 40.166629791259766 0
vertex 10.300000190734863 40 0
vertex -10.300000190734863 40 0
 endloop
endfacet
facet normal 0 0 0
 outer loop
vertex -10.300000190734863 40 0
vertex 10.300000190734863 40 0
vertex 10.308185577392578 39.833370208740234 0
 endloop
endfacet
facet normal 0 0 0
 outer loop
vertex -18 0 0
vertex -13.699999809265137 40 0
vertex -13.691814422607422 39.833370208740234 0
 endloop
endfacet
facet normal 0 0 0
 outer loop
vertex -13.691814422607422 8.16662883758545 0
vertex -13.699999809265137 8 0
vertex -18 0 0
 endloop
endfacet
facet normal 0 0 0
 outer loop
vertex 10.300000190734863 8 0
vertex -10.300000190734863 8 0
vertex -10.308185577392578 8.16662883758545 0
 endloop
endfacet
facet normal 0 0 0
 outer loop
vertex -10.300000190734863 8 0
vertex 10.300000190734863 8 0
vertex 10.308185577392578 7.833370685577393 0
 endloop
endfacet
facet normal 0 0 0
 outer loop
vertex -18 0 0
vertex -13.699999809265137 8 0
vertex -13.691814422607422 7.833370685577393 0
 endloop
endfacet
facet normal 0 0 0
 outer loop
vertex -13.699999809265137 40 0
vertex -18 0 0
vertex -18 48 0
 endloop
endfacet
facet normal 0 0 0
 outer loop
vertex 10.308185577392578 40.166629791259766 0
vertex -10.300000190734863 40 0
vertex -10.308185577392578 40.166629791259766 0
 endloop
endfacet
facet normal 0 0 0
 outer loop
vertex -10.300000190734863 40 0
vertex 10.308185577392578 39.833370208740234 0
vertex 10.33266544342041 39.6683464050293 0
 endloop
endfacet
facet normal 0 0 0
 outer loop
vertex -18 0 0
vertex -13.691814422607422 39.833370208740234 0
vertex -13.66733455657959 39.6683464050293 0
 endloop
endfacet
facet normal 0 0 0
 outer loop
vertex -13.66733455657959 8.331653594970703 0
vertex -13.691814422607422 8.16662883758545 0
vertex -18 0 0
 endloop
endfacet
facet normal 0 0 0
 outer loop
vertex 10.300000190734863 8 0
vertex -10.308185577392578 8.16662883758545 0
vertex -10.33266544342041 8.331653594970703 0
 endloop
endfacet
facet normal 0 0 0
 outer loop
vertex -10.300000190734863 8 0
vertex 10.308185577392578 7.833370685577393 0
vertex 10.33266544342041 7.668346405029297 0
 endloop
endfacet
facet normal 0 0 0
 outer loop
vertex -18 0 0
vertex -13.691814422607422 7.833370685577393 0
vertex -13.66733455657959 7.668346405029297 0
 endloop
endfacet
facet normal 0 0 0
 outer loop
vertex -13.691814422607422 40.166629791259766 0
vertex -13.699999809265137 40 0
vertex -18 48 0
 endloop
endfacet
facet normal 0 0 0
 outer loop
vertex 10.308185577392578 40.166629791259766 0
vertex -10.308185577392578 40.166629791259766 0
vertex -10.33266544342041 40.3316535949707 0
 endloop
endfacet
facet normal 0 0 0
 outer loop
vertex -10.300000190734863 40 0
vertex 10.33266544342041 39.6683464050293 0
vertex 10.373201370239258 39.50651550292969 0
 endloop
endfacet
facet normal 0 0 0
 outer loop
vertex -18 0 0
vertex -13.66733455657959 39.6683464050293 0
vertex -13.626798629760742 39.50651550292969 0
 endloop
endfacet
facet normal 0 0 0
 outer loop
vertex -13.626798629760742 8.493483543395996 0
vertex -13.66733455657959 8.331653594970703 0
vertex -18 0 0
 endloop
endfacet
facet normal 0 0 0
 outer loop
vertex 10.300000190734863 8 0
vertex -10.33266544342041 8.331653594970703 0
vertex -10.373201370239258 8.493483543395996 0
 endloop
endfacet
facet normal 0 0 0
 outer loop
vertex -10.300000190734863 8 0
vertex 10.33266544342041 7.668346405029297 0
vertex 10.373201370239258 7.506515979766846 0
 endloop
endfacet
facet normal 0 0 0
 outer loop
vertex -18 0 0
vertex -13.66733455657959 7.668346405029297 0
vertex -13.626798629760742 7.506515979766846 0
 endloop
endfacet
facet normal 0 0 0
 outer loop
vertex -13.66733455657959 40.3316535949707 0
vertex -13.691814422607422 40.166629791259766 0
vertex -18 48 0
 endloop
endfacet
facet normal 0 0 0
 outer loop
vertex 10.308185577392578 40.166629791259766 0
vertex -10.33266544342041 40.3316535949707 0
vertex -10.373201370239258 40.49348449707031 0
 endloop
endfacet
facet normal 0 0 0
 outer loop
vertex -10.300000190734863 40 0
vertex 10.373201370239258 39.50651550292969 0
vertex 10.429405212402344 39.34943771362305 0
 endloop
endfacet
facet normal 0 0 0
 outer loop
vertex -18 0 0
vertex -13.626798629760742 39.50651550292969 0
vertex -13.570594787597656 39.34943771362305 0
 endloop
endfacet
facet normal 0 0 0
 outer loop
vertex -13.570594787597656 8.650562286376953 0
vertex -13.626798629760742 8.493483543395996 0
vertex -18 0 0
 endloop
endfacet
facet normal 0 0 0
 outer loop
vertex 10.300000190734863 8 0
vertex -10.373201370239258 8.493483543395996 0
vertex -10.429405212402344 8.650562286376953 0
 endloop
endfacet
facet normal 0 0 0
 outer loop
vertex -10.300000190734863 8 0
vertex 10.373201370239258 7.506515979766846 0
vertex 10.429405212402344 7.349438190460205 0
 endloop
endfacet
facet normal 0 0 0
 outer loop
vertex -18 0 0
vertex -13.626798629760742 7.506515979766846 0
vertex -13.570594787597656 7.349438190460205 0
 endloop
endfacet
facet normal 0 0 0
 outer loop
vertex -13.626798629760742 40.49348449707031 0
vertex -13.66733455657959 40.3316535949707 0
vertex -18 48 0
 endloop
endfacet
facet normal 0 0 0
 outer loop
vertex 10.308185577392578 40.166629791259766 0
vertex -10.373201370239258 40.49348449707031 0
vertex -10.429405212402344 40.65056228637695 0
 endloop
endfacet
facet normal 0 0 0
 outer loop
vertex -10.300000190734863 40 0
vertex 10.429405212402344 39.34943771362305 0
vertex 10.500733375549316 39.19862365722656 0
 endloop
endfacet
facet normal 0 0 0
 outer loop
vertex -18 0 0
vertex -13.570594787597656 39.34943771362305 0
vertex -13.499266624450684 39.19862365722656 0
 endloop
endfacet
facet normal 0 0 0
 outer loop
vertex -13.499266624450684 8.801374435424805 0
vertex -13.570594787597656 8.650562286376953 0
vertex -18 0 0
 endloop
endfacet
facet normal 0 0 0
 outer loop
vertex 10.300000190734863 8 0
vertex -10.429405212402344 8.650562286376953 0
vertex -10.500733375549316 8.801374435424805 0
 endloop
endfacet
facet normal 0 0 0
 outer loop
vertex -10.300000190734863 8 0
vertex 10.429405212402344 7.349438190460205 0
vertex 10.500733375549316 7.198625564575195 0
 endloop
endfacet
facet normal 0 0 0
 outer loop
vertex -18 0 0
vertex -13.570594787597656 7.349438190460205 0
vertex -13.499266624450684 7.198625564575195 0
 endloop
endfacet
facet normal 0 0 0
 outer loop
vertex -13.570594787597656 40.65056228637695 0
vertex -13.626798629760742 40.49348449707031 0
vertex -18 48 0
 endloop
endfacet
facet normal 0 0 0
 outer loop
vertex 10.308185577392578 40.166629791259766 0
vertex -10.429405212402344 40.65056228637695 0
vertex -10.500733375549316 40.80137634277344 0
 endloop
endfacet
facet normal 0 0 0
 outer loop
vertex -10.300000190734863 40 0
vertex 10.500733375549316 39.19862365722656 0
vertex 10.586502075195312 39.0555305480957 0
 endloop
endfacet
facet normal 0 0 0
 outer loop
vertex -18 0 0
vertex -13.499266624450684 39.19862365722656 0
vertex -13.413497924804688 39.0555305480957 0
 endloop
endfacet
facet normal 0 0 0
 outer loop
vertex 10.300000190734863 8 0
vertex -10.500733375549316 8.801374435424805 0
vertex -10.586502075195312 8.944469451904297 0
 endloop
endfacet
facet normal 0 0 0
 outer loop
vertex -10.300000190734863 8 0
vertex 10.500733375549316 7.198625564575195 0
vertex 10.586502075195312 7.055530548095703 0
 endloop
endfacet
facet normal 0 0 0
 outer loop
vertex -18 0 0
vertex -13.499266624450684 7.198625564575195 0
vertex -13.413497924804688 7.055530548095703 0
 endloop
endfacet
facet normal 0 0 0
 outer loop
vertex -13.499266624450684 40.80137634277344 0
vertex -13.570594787597656 40.65056228637695 0
vertex -18 48 0
 endloop
endfacet
facet normal 0 0 0
 outer loop
vertex 10.308185577392578 40.166629791259766 0
vertex -10.500733375549316 40.80137634277344 0
vertex -10.586502075195312 40.9444694519043 0
 endloop
endfacet
facet normal 0 0 0
 outer loop
vertex -10.300000190734863 40 0
vertex 10.586502075195312 39.0555305480957 0
vertex 10.685882568359375 38.921531677246094 0
 endloop
endfacet
facet normal 0 0 0
 outer loop
vertex -18 0 0
vertex -13.413497924804688 39.0555305480957 0
vertex -13.314117431640625 38.921531677246094 0
 endloop
endfacet
facet normal 0 0 0
 outer loop
vertex 10.300000190734863 8 0
vertex -10.586502075195312 8.944469451904297 0
vertex -10.685882568359375 9.078468322753906 0
 endloop
endfacet
facet normal 0 0 0
 outer loop
vertex -10.300000190734863 8 0
vertex 10.586502075195312 7.055530548095703 0
vertex 10.685882568359375 6.9215312004089355 0
 endloop
endfacet
facet normal 0 0 0
 outer loop
vertex -18 0 0
vertex -13.413497924804688 7.055530548095703 0
vertex -13.314117431640625 6.9215312004089355 0
 endloop
endfacet
facet normal 0 0 0
 outer loop
vertex -13.413497924804688 40.9444694519043 0
vertex -13.499266624450684 40.80137634277344 0
vertex -18 48 0
 endloop
endfacet
facet normal 0 0 0
 outer loop
vertex 10.308185577392578 40.166629791259766 0
vertex -10.586502075195312 40.9444694519043 0
vertex -10.685882568359375 41.078468322753906 0
 endloop
endfacet
facet normal 0 0 0
 outer loop
vertex -10.300000190734863 40 0
vertex 10.685882568359375 38.921531677246094 0
vertex 10.797918319702148 38.79792022705078 0
 endloop
endfacet
facet normal 0 0 0
 outer loop
vertex -18 0 0
vertex -13.314117431640625 38.921531677246094 0
vertex -13.202081680297852 38.79792022705078 0
 endloop
endfacet
facet normal 0 0 0
 outer loop
vertex 10.300000190734863 8 0
vertex -10.685882568359375 9.078468322753906 0
vertex -10.797918319702148 9.202081680297852 0
 endloop
endfacet
facet normal 0 0 0
 outer loop
vertex -10.300000190734863 8 0
vertex 10.685882568359375 6.9215312004089355 0
vertex 10.797918319702148 6.797918319702148 0
 endloop
endfacet
facet normal 0 0 0
 outer loop
vertex -18 0 0
vertex -13.314117431640625 6.9215312004089355 0
vertex -13.202081680297852 6.797918319702148 0
 endloop
endfacet
facet normal 0 0 0
 outer loop
vertex -13.314117431640625 41.078468322753906 0
vertex -13.413497924804688 40.9444694519043 0
vertex -18 48 0
 endloop
endfacet
facet normal 0 0 0
 outer loop
vertex 10.308185577392578 40.166629791259766 0
vertex -10.685882568359375 41.078468322753906 0
vertex -10.797918319702148 41.20207977294922 0
 endloop
endfacet
facet normal 0 0 0
 outer loop
vertex -10.300000190734863 40 0
vertex 10.797918319702148 38.79792022705078 0
vertex 10.921531677246094 38.685882568359375 0
 endloop
endfacet
facet normal 0 0 0
 outer loop
vertex -18 0 0
vertex -13.202081680297852 38.79792022705078 0
vertex -13.078468322753906 38.685882568359375 0
 endloop
endfacet
facet normal 0 0 0
 outer loop
vertex 10.300000190734863 8 0
vertex -10.797918319702148 9.202081680297852 0
vertex -10.921531677246094 9.314117431640625 0
 endloop
endfacet
facet normal 0 0 0
 outer loop
vertex -10.300000190734863 8 0
vertex 10.797918319702148 6.797918319702148 0
vertex 10.921531677246094 6.685882091522217 0
 endloop
endfacet
facet normal 0 0 0
 outer loop
vertex -18 0 0
vertex -13.202081680297852 6.797918319702148 0
vertex -13.078468322753906 6.685882091522217 0
 endloop
endfacet
facet normal 0 0 0
 outer loop
vertex -13.202081680297852 41.20207977294922 0
vertex -13.314117431640625 41.078468322753906 0
vertex -18 48 0
 endloop
endfacet
facet normal 0 0 0
 outer loop
vertex 10.308185577392578 40.166629791259766 0
vertex -10.797918319702148 41.20207977294922 0
vertex -10.921531677246094 41.314117431640625 0
 endloop
endfacet
facet normal 0 0 0
 outer loop
vertex -10.300000190734863 40 0
vertex 10.921531677246094 38.685882568359375 0
vertex 11.055530548095703 38.58650207519531 0
 endloop
endfacet
facet normal 0 0 0
 outer loop
vertex -18 0 0
vertex -13.078468322753906 38.685882568359375 0
vertex -12.944469451904297 38.58650207519531 0
 endloop
endfacet
facet normal 0 0 0
 outer loop
vertex 10.300000190734863 8 0
vertex -10.921531677246094 9.314117431640625 0
vertex -11.055530548095703 9.413497924804688 0
 endloop
endfacet
facet normal 0 0 0
 outer loop
vertex -10.300000190734863 8 0
vertex 10.921531677246094 6.685882091522217 0
vertex 11.055530548095703 6.586501598358154 0
 endloop
endfacet
facet normal 0 0 0
 outer loop
vertex -18 0 0
vertex -13.078468322753906 6.685882091522217 0
vertex -12.944469451904297 6.586501598358154 0
 endloop
endfacet
facet normal 0 0 0
 outer loop
vertex -13.078468322753906 41.314117431640625 0
vertex -13.202081680297852 41.20207977294922 0
vertex -18 48 0
 endloop
endfacet
facet normal 0 0 0
 outer loop
vertex 10.308185577392578 40.166629791259766 0
vertex -10.921531677246094 41.314117431640625 0
vertex -11.055530548095703 41.41349792480469 0
 endloop
endfacet
facet normal 0 0 0
 outer loop
vertex -10.300000190734863 40 0
vertex 11.055530548095703 38.58650207519531 0
vertex 11.198625564575195 38.500732421875 0
 endloop
endfacet
facet normal 0 0 0
 outer loop
vertex -18 0 0
vertex -12.944469451904297 38.58650207519531 0
vertex -12.801374435424805 38.500732421875 0
 endloop
endfacet
facet normal 0 0 0
 outer loop
vertex 10.300000190734863 8 0
vertex -11.055530548095703 9.413497924804688 0
vertex -11.198625564575195 9.499266624450684 0
 endloop
endfacet
facet normal 0 0 0
 outer loop
vertex -10.300000190734863 8 0
vertex 11.055530548095703 6.586501598358154 0
vertex 11.198625564575195 6.500733852386475 0
 endloop
endfacet
facet normal 0 0 0
 outer loop
vertex -18 0 0
vertex -12.944469451904297 6.586501598358154 0
vertex -12.801374435424805 6.500733852386475 0
 endloop
endfacet
facet normal 0 0 0
 outer loop
vertex -12.944469451904297 41.41349792480469 0
vertex -13.078468322753906 41.314117431640625 0
vertex -18 48 0
 endloop
endfacet
facet normal 0 0 0
 outer loop
vertex 10.308185577392578 40.166629791259766 0
vertex -11.055530548095703 41.41349792480469 0
vertex -11.198625564575195 41.499267578125 0
 endloop
endfacet
facet normal 0 0 0
 outer loop
vertex -10.300000190734863 40 0
vertex 11.198625564575195 38.500732421875 0
vertex 11.349437713623047 38.429405212402344 0
 endloop
endfacet
facet normal 0 0 0
 outer loop
vertex -18 0 0
vertex -12.801374435424805 38.500732421875 0
vertex -12.650562286376953 38.429405212402344 0
 endloop
endfacet
facet normal 0 0 0
 outer loop
vertex 10.300000190734863 8 0
vertex -11.198625564575195 9.499266624450684 0
vertex -11.349437713623047 9.570594787597656 0
 endloop
endfacet
facet normal 0 0 0
 outer loop
vertex -10.300000190734863 8 0
vertex 11.198625564575195 6.500733852386475 0
vertex 11.349437713623047 6.4294047355651855 0
 endloop
endfacet
facet normal 0 0 0
 outer loop
vertex -18 0 0
vertex -12.801374435424805 6.500733852386475 0
vertex -12.650562286376953 6.4294047355651855 0
 endloop
endfacet
facet normal 0 0 0
 outer loop
vertex -12.801374435424805 41.499267578125 0
vertex -12.944469451904297 41.41349792480469 0
vertex -18 48 0
 endloop
endfacet
facet normal 0 0 0
 outer loop
vertex 10.308185577392578 40.166629791259766 0
vertex -11.198625564575195 41.499267578125 0
vertex -11.349437713623047 41.570594787597656 0
 endloop
endfacet
facet normal 0 0 0
 outer loop
vertex -10.300000190734863 40 0
vertex 11.349437713623047 38.429405212402344 0
vertex 11.506516456604004 38.37320327758789 0
 endloop
endfacet
facet normal 0 0 0
 outer loop
vertex -18 0 0
vertex -12.650562286376953 38.429405212402344 0
vertex -12.493483543395996 38.37320327758789 0
 endloop
endfacet
facet normal 0 0 0
 outer loop
vertex 10.300000190734863 8 0
vertex -11.349437713623047 9.570594787597656 0
vertex -11.506516456604004 9.626798629760742 0
 endloop
endfacet
facet normal 0 0 0
 outer loop
vertex -10.300000190734863 8 0
vertex 11.349437713623047 6.4294047355651855 0
vertex 11.506516456604004 6.373201370239258 0
 endloop
endfacet
facet normal 0 0 0
 outer loop
vertex -18 0 0
vertex -12.650562286376953 6.4294047355651855 0
vertex -12.493483543395996 6.373201370239258 0
 endloop
endfacet
facet normal 0 0 0
 outer loop
vertex -12.650562286376953 41.570594787597656 0
vertex -12.801374435424805 41.499267578125 0
vertex -18 48 0
 endloop
endfacet
facet normal 0 0 0
 outer loop
vertex 10.308185577392578 40.166629791259766 0
vertex -11.349437713623047 41.570594787597656 0
vertex -11.506516456604004 41.62679672241211 0
 endloop
endfacet
facet normal 0 0 0
 outer loop
vertex -10.300000190734863 40 0
vertex 11.506516456604004 38.37320327758789 0
vertex 11.668346405029297 38.332664489746094 0
 endloop
endfacet
facet normal 0 0 0
 outer loop
vertex -18 0 0
vertex -12.493483543395996 38.37320327758789 0
vertex -12.331653594970703 38.332664489746094 0
 endloop
endfacet
facet normal 0 0 0
 outer loop
vertex 10.300000190734863 8 0
vertex -11.506516456604004 9.626798629760742 0
vertex -11.668346405029297 9.66733455657959 0
 endloop
endfacet
facet normal 0 0 0
 outer loop
vertex -10.300000190734863 8 0
vertex 11.506516456604004 6.373201370239258 0
vertex 11.668346405029297 6.332664966583252 0
 endloop
endfacet
facet normal 0 0 0
 outer loop
vertex -18 0 0
vertex -12.493483543395996 6.373201370239258 0
vertex -12.331653594970703 6.332664966583252 0
 endloop
endfacet
facet normal 0 0 0
 outer loop
vertex -12.493483543395996 41.62679672241211 0
vertex -12.650562286376953 41.570594787597656 0
vertex -18 48 0
 endloop
endfacet
facet normal 0 0 0
 outer loop
vertex 10.308185577392578 40.166629791259766 0
vertex -11.506516456604004 41.62679672241211 0
vertex -11.668346405029297 41.667335510253906 0
 endloop
endfacet
facet normal 0 0 0
 outer loop
vertex -10.300000190734863 40 0
vertex 11.668346405029297 38.332664489746094 0
vertex 11.83337116241455 38.30818557739258 0
 endloop
endfacet
facet normal 0 0 0
 outer loop
vertex -18 0 0
vertex -12.331653594970703 38.332664489746094 0
vertex -12.16662883758545 38.30818557739258 0
 endloop
endfacet
facet normal 0 0 0
 outer loop
vertex 10.300000190734863 8 0
vertex -11.668346405029297 9.66733455657959 0
vertex -11.83337116241455 9.691814422607422 0
 endloop
endfacet
facet normal 0 0 0
 outer loop
vertex -10.300000190734863 8 0
vertex 11.668346405029297 6.332664966583252 0
vertex 11.83337116241455 6.308186054229736 0
 endloop
endfacet
facet normal 0 0 0
 outer loop
vertex -18 0 0
vertex -12.331653594970703 6.332664966583252 0
vertex -12.16662883758545 6.308186054229736 0
 endloop
endfacet
facet normal 0 0 0
 outer loop
vertex -12.331653594970703 41.667335510253906 0
vertex -12.493483543395996 41.62679672241211 0
vertex -18 48 0
 endloop
endfacet
facet normal 0 0 0
 outer loop
vertex 10.308185577392578 40.166629791259766 0
vertex -11.668346405029297 41.667335510253906 0
vertex -11.83337116241455 41.69181442260742 0
 endloop
endfacet
facet normal 0 0 0
 outer loop
vertex -10.308185577392578 39.833370208740234 0
vertex -10.300000190734863 40 0
vertex 11.83337116241455 38.30818557739258 0
 endloop
endfacet
facet normal 0 0 0
 outer loop
vertex -18 0 0
vertex -12.16662883758545 38.30818557739258 0
vertex -12 38.29999923706055 0
 endloop
endfacet
facet normal 0 0 0
 outer loop
vertex 10.308185577392578 8.16662883758545 0
vertex 10.300000190734863 8 0
vertex -11.83337116241455 9.691814422607422 0
 endloop
endfacet
facet normal 0 0 0
 outer loop
vertex -10.308185577392578 7.833370685577393 0
vertex -10.300000190734863 8 0
vertex 11.83337116241455 6.308186054229736 0
 endloop
endfacet
facet normal 0 0 0
 outer loop
vertex -18 0 0
vertex -12.16662883758545 6.308186054229736 0
vertex -12 6.300000190734863 0
 endloop
endfacet
facet normal 0 0 0
 outer loop
vertex -12.331653594970703 41.667335510253906 0
vertex -18 48 0
vertex 18 48 0
 endloop
endfacet
facet normal 0 0 0
 outer loop
vertex 10.33266544342041 40.3316535949707 0
vertex 10.308185577392578 40.166629791259766 0
vertex -11.83337116241455 41.69181442260742 0
 endloop
endfacet
facet normal 0 0 0
 outer loop
vertex -10.33266544342041 39.6683464050293 0
vertex -10.308185577392578 39.833370208740234 0
vertex 11.83337116241455 38.30818557739258 0
 endloop
endfacet
facet normal 0 0 0
 outer loop
vertex -18 0 0
vertex -12 38.29999923706055 0
vertex -11.83337116241455 38.30818557739258 0
 endloop
endfacet
facet normal 0 0 0
 outer loop
vertex 10.33266544342041 8.331653594970703 0
vertex 10.308185577392578 8.16662883758545 0
vertex -11.83337116241455 9.691814422607422 0
 endloop
endfacet
facet normal 0 0 0
 outer loop
vertex -10.33266544342041 7.668346405029297 0
vertex -10.308185577392578 7.833370685577393 0
vertex 11.83337116241455 6.308186054229736 0
 endloop
endfacet
facet normal 0 0 0
 outer loop
vertex -18 0 0
vertex -12 6.300000190734863 0
vertex -11.83337116241455 6.308186054229736 0
 endloop
endfacet
facet normal 0 0 0
 outer loop
vertex -12.16662883758545 41.69181442260742 0
vertex -12.331653594970703 41.667335510253906 0
vertex 18 48 0
 endloop
endfacet
facet normal 0 0 0
 outer loop
vertex 10.373201370239258 40.49348449707031 0
vertex 10.33266544342041 40.3316535949707 0
vertex -11.83337116241455 41.69181442260742 0
 endloop
endfacet
facet normal 0 0 0
 outer loop
vertex -10.373201370239258 39.50651550292969 0
vertex -10.33266544342041 39.6683464050293 0
vertex 11.83337116241455 38.30818557739258 0
 endloop
endfacet
facet normal 0 0 0
 outer loop
vertex -18 0 0
vertex -11.83337116241455 38.30818557739258 0
vertex -11.668346405029297 38.332664489746094 0
 endloop
endfacet
facet normal 0 0 0
 outer loop
vertex 10.373201370239258 8.493483543395996 0
vertex 10.33266544342041 8.331653594970703 0
vertex -11.83337116241455 9.691814422607422 0
 endloop
endfacet
facet normal 0 0 0
 outer loop
vertex -10.373201370239258 7.506515979766846 0
vertex -10.33266544342041 7.668346405029297 0
vertex 11.83337116241455 6.308186054229736 0
 endloop
endfacet
facet normal 0 0 0
 outer loop
vertex -18 0 0
vertex -11.83337116241455 6.308186054229736 0
vertex -11.668346405029297 6.332664966583252 0
 endloop
endfacet
facet normal 0 0 0
 outer loop
vertex -12 41.70000076293945 0
vertex -12.16662883758545 41.69181442260742 0
vertex 18 48 0
 endloop
endfacet
facet normal 0 0 0
 outer loop
vertex 10.429405212402344 40.65056228637695 0
vertex 10.373201370239258 40.49348449707031 0
vertex -11.83337116241455 41.69181442260742 0
 endloop
endfacet
facet normal 0 0 0
 outer loop
vertex -10.429405212402344 39.34943771362305 0
vertex -10.373201370239258 39.50651550292969 0
vertex 11.83337116241455 38.30818557739258 0
 endloop
endfacet
facet normal 0 0 0
 outer loop
vertex -18 0 0
vertex -11.668346405029297 38.332664489746094 0
vertex -11.506516456604004 38.37320327758789 0
 endloop
endfacet
facet normal 0 0 0
 outer loop
vertex 10.429405212402344 8.650562286376953 0
vertex 10.373201370239258 8.493483543395996 0
vertex -11.83337116241455 9.691814422607422 0
 endloop
endfacet
facet normal 0 0 0
 outer loop
vertex -10.429405212402344 7.349438190460205 0
vertex -10.373201370239258 7.506515979766846 0
vertex 11.83337116241455 6.308186054229736 0
 endloop
endfacet
facet normal 0 0 0
 outer loop
vertex -18 0 0
vertex -11.668346405029297 6.332664966583252 0
vertex -11.506516456604004 6.373201370239258 0
 endloop
endfacet
facet normal 0 0 0
 outer loop
vertex -11.83337116241455 41.69181442260742 0
vertex -12 41.70000076293945 0
vertex 18 48 0
 endloop
endfacet
facet normal 0 0 0
 outer loop
vertex 10.500733375549316 40.80137634277344 0
vertex 10.429405212402344 40.65056228637695 0
vertex -11.83337116241455 41.69181442260742 0
 endloop
endfacet
facet normal 0 0 0
 outer loop
vertex -10.429405212402344 39.34943771362305 0
vertex 11.83337116241455 38.30818557739258 0
vertex 12 38.29999923706055 0
 endloop
endfacet
facet normal 0 0 0
 outer loop
vertex -18 0 0
vertex -11.506516456604004 38.37320327758789 0
vertex -11.349437713623047 38.429405212402344 0
 endloop
endfacet
facet normal 0 0 0
 outer loop
vertex 10.429405212402344 8.650562286376953 0
vertex -11.83337116241455 9.691814422607422 0
vertex -12 9.699999809265137 0
 endloop
endfacet
facet normal 0 0 0
 outer loop
vertex -10.429405212402344 7.349438190460205 0
vertex 11.83337116241455 6.308186054229736 0
vertex 12 6.300000190734863 0
 endloop
endfacet
facet normal 0 0 0
 outer loop
vertex -18 0 0
vertex -11.506516456604004 6.373201370239258 0
vertex -11.349437713623047 6.4294047355651855 0
 endloop
endfacet
facet normal 0 0 0
 outer loop
vertex 10.586502075195312 40.9444694519043 0
vertex 10.500733375549316 40.80137634277344 0
vertex -11.83337116241455 41.69181442260742 0
 endloop
endfacet
facet normal 0 0 0
 outer loop
vertex -10.500733375549316 39.19862365722656 0
vertex -10.429405212402344 39.34943771362305 0
vertex 12 38.29999923706055 0
 endloop
endfacet
facet normal 0 0 0
 outer loop
vertex -18 0 0
vertex -11.349437713623047 38.429405212402344 0
vertex -11.198625564575195 38.500732421875 0
 endloop
endfacet
facet normal 0 0 0
 outer loop
vertex 10.500733375549316 8.801374435424805 0
vertex 10.429405212402344 8.650562286376953 0
vertex -12 9.699999809265137 0
 endloop
endfacet
facet normal 0 0 0
 outer loop
vertex -10.500733375549316 7.198625564575195 0
vertex -10.429405212402344 7.349438190460205 0
vertex 12 6.300000190734863 0
 endloop
endfacet
facet normal 0 0 0
 outer loop
vertex -18 0 0
vertex -11.349437713623047 6.4294047355651855 0
vertex -11.198625564575195 6.500733852386475 0
 endloop
endfacet
facet normal 0 0 0
 outer loop
vertex 10.685882568359375 41.078468322753906 0
vertex 10.586502075195312 40.9444694519043 0
vertex -11.83337116241455 41.69181442260742 0
 endloop
endfacet
facet normal 0 0 0
 outer loop
vertex -10.586502075195312 39.0555305480957 0
vertex -10.500733375549316 39.19862365722656 0
vertex 12 38.29999923706055 0
 endloop
endfacet
facet normal 0 0 0
 outer loop
vertex -18 0 0
vertex -11.198625564575195 38.500732421875 0
vertex -11.055530548095703 38.58650207519531 0
 endloop
endfacet
facet normal 0 0 0
 outer loop
vertex 10.586502075195312 8.944469451904297 0
vertex 10.500733375549316 8.801374435424805 0
vertex -12 9.699999809265137 0
 endloop
endfacet
facet normal 0 0 0
 outer loop
vertex -10.586502075195312 7.055530548095703 0
vertex -10.500733375549316 7.198625564575195 0
vertex 12 6.300000190734863 0
 endloop
endfacet
facet normal 0 0 0
 outer loop
vertex -18 0 0
vertex -11.198625564575195 6.500733852386475 0
vertex -11.055530548095703 6.586501598358154 0
 endloop
endfacet
facet normal 0 0 0
 outer loop
vertex 10.797918319702148 41.20207977294922 0
vertex 10.685882568359375 41.078468322753906 0
vertex -11.83337116241455 41.69181442260742 0
 endloop
endfacet
facet normal 0 0 0
 outer loop
vertex -10.685882568359375 38.921531677246094 0
vertex -10.586502075195312 39.0555305480957 0
vertex 12 38.29999923706055 0
 endloop
endfacet
facet normal 0 0 0
 outer loop
vertex -18 0 0
vertex -11.055530548095703 38.58650207519531 0
vertex -10.921531677246094 38.685882568359375 0
 endloop
endfacet
facet normal 0 0 0
 outer loop
vertex 10.685882568359375 9.078468322753906 0
vertex 10.586502075195312 8.944469451904297 0
vertex -12 9.699999809265137 0
 endloop
endfacet
facet normal 0 0 0
 outer loop
vertex -10.685882568359375 6.9215312004089355 0
vertex -10.586502075195312 7.055530548095703 0
vertex 12 6.300000190734863 0
 endloop
endfacet
facet normal 0 0 0
 outer loop
vertex -18 0 0
vertex -11.055530548095703 6.586501598358154 0
vertex -10.921531677246094 6.685882091522217 0
 endloop
endfacet
facet normal 0 0 0
 outer loop
vertex 10.797918319702148 41.20207977294922 0
vertex -11.83337116241455 41.69181442260742 0
vertex 18 48 0
 endloop
endfacet
facet normal 0 0 0
 outer loop
vertex -10.797918319702148 38.79792022705078 0
vertex -10.685882568359375 38.921531677246094 0
vertex 12 38.29999923706055 0
 endloop
endfacet
facet normal 0 0 0
 outer loop
vertex -18 0 0
vertex -10.921531677246094 38.685882568359375 0
vertex -10.797918319702148 38.79792022705078 0
 endloop
endfacet
facet normal 0 0 0
 outer loop
vertex 10.797918319702148 9.202081680297852 0
vertex 10.685882568359375 9.078468322753906 0
vertex -12 9.699999809265137 0
 endloop
endfacet
facet normal 0 0 0
 outer loop
vertex -10.797918319702148 6.797918319702148 0
vertex -10.685882568359375 6.9215312004089355 0
vertex 12 6.300000190734863 0
 endloop
endfacet
facet normal 0 0 0
 outer loop
vertex -18 0 0
vertex -10.921531677246094 6.685882091522217 0
vertex -10.797918319702148 6.797918319702148 0
 endloop
endfacet
facet normal 0 0 0
 outer loop
vertex 10.921531677246094 41.314117431640625 0
vertex 10.797918319702148 41.20207977294922 0
vertex 18 48 0
 endloop
endfacet
facet normal 0 0 0
 outer loop
vertex -13.499266624450684 8.801374435424805 0
vertex -18 0 0
vertex -10.797918319702148 38.79792022705078 0
 endloop
endfacet
facet normal 0 0 0
 outer loop
vertex 10.921531677246094 9.314117431640625 0
vertex 10.797918319702148 9.202081680297852 0
vertex -12 9.699999809265137 0
 endloop
endfacet
facet normal 0 0 0
 outer loop
vertex -18 0 0
vertex -10.797918319702148 6.797918319702148 0
vertex 12 6.300000190734863 0
 endloop
endfacet
facet normal 0 0 0
 outer loop
vertex 11.055530548095703 41.41349792480469 0
vertex 10.921531677246094 41.314117431640625 0
vertex 18 48 0
 endloop
endfacet
facet normal 0 0 0
 outer loop
vertex -13.413497924804688 8.944469451904297 0
vertex -13.499266624450684 8.801374435424805 0
vertex -10.797918319702148 38.79792022705078 0
 endloop
endfacet
facet normal 0 0 0
 outer loop
vertex 11.055530548095703 9.413497924804688 0
vertex 10.921531677246094 9.314117431640625 0
vertex -12 9.699999809265137 0
 endloop
endfacet
facet normal 0 0 0
 outer loop
vertex -18 0 0
vertex 12 6.300000190734863 0
vertex 12.16662883758545 6.308186054229736 0
 endloop
endfacet
facet normal 0 0 0
 outer loop
vertex 11.198625564575195 41.499267578125 0
vertex 11.055530548095703 41.41349792480469 0
vertex 18 48 0
 endloop
endfacet
facet normal 0 0 0
 outer loop
vertex -13.314117431640625 9.078468322753906 0
vertex -13.413497924804688 8.944469451904297 0
vertex -10.797918319702148 38.79792022705078 0
 endloop
endfacet
facet normal 0 0 0
 outer loop
vertex 11.198625564575195 9.499266624450684 0
vertex 11.055530548095703 9.413497924804688 0
vertex -12 9.699999809265137 0
 endloop
endfacet
facet normal 0 0 0
 outer loop
vertex -18 0 0
vertex 12.16662883758545 6.308186054229736 0
vertex 12.331653594970703 6.332664966583252 0
 endloop
endfacet
facet normal 0 0 0
 outer loop
vertex 11.349437713623047 41.570594787597656 0
vertex 11.198625564575195 41.499267578125 0
vertex 18 48 0
 endloop
endfacet
facet normal 0 0 0
 outer loop
vertex -13.314117431640625 9.078468322753906 0
vertex -10.797918319702148 38.79792022705078 0
vertex 12 38.29999923706055 0
 endloop
endfacet
facet normal 0 0 0
 outer loop
vertex 11.349437713623047 9.570594787597656 0
vertex 11.198625564575195 9.499266624450684 0
vertex -12 9.699999809265137 0
 endloop
endfacet
facet normal 0 0 0
 outer loop
vertex 18 0 0
vertex -18 0 0
vertex 12.331653594970703 6.332664966583252 0
 endloop
endfacet
facet normal 0 0 0
 outer loop
vertex 11.506516456604004 41.62679672241211 0
vertex 11.349437713623047 41.570594787597656 0
vertex 18 48 0
 endloop
endfacet
facet normal 0 0 0
 outer loop
vertex -13.314117431640625 9.078468322753906 0
vertex 12 38.29999923706055 0
vertex 12.16662883758545 38.30818557739258 0
 endloop
endfacet
facet normal 0 0 0
 outer loop
vertex 11.506516456604004 9.626798629760742 0
vertex 11.349437713623047 9.570594787597656 0
vertex -12 9.699999809265137 0
 endloop
endfacet
facet normal 0 0 0
 outer loop
vertex 18 0 0
vertex 12.331653594970703 6.332664966583252 0
vertex 12.493483543395996 6.373201370239258 0
 endloop
endfacet
facet normal 0 0 0
 outer loop
vertex 11.668346405029297 41.667335510253906 0
vertex 11.506516456604004 41.62679672241211 0
vertex 18 48 0
 endloop
endfacet
facet normal 0 0 0
 outer loop
vertex -13.314117431640625 9.078468322753906 0
vertex 12.16662883758545 38.30818557739258 0
vertex 12.331653594970703 38.332664489746094 0
 endloop
endfacet
facet normal 0 0 0
 outer loop
vertex 11.668346405029297 9.66733455657959 0
vertex 11.506516456604004 9.626798629760742 0
vertex -12 9.699999809265137 0
 endloop
endfacet
facet normal 0 0 0
 outer loop
vertex 18 0 0
vertex 12.493483543395996 6.373201370239258 0
vertex 12.650562286376953 6.4294047355651855 0
 endloop
endfacet
facet normal 0 0 0
 outer loop
vertex 11.83337116241455 41.69181442260742 0
vertex 11.668346405029297 41.667335510253906 0
vertex 18 48 0
 endloop
endfacet
facet normal 0 0 0
 outer loop
vertex -13.314117431640625 9.078468322753906 0
vertex 12.331653594970703 38.332664489746094 0
vertex 12.493483543395996 38.37320327758789 0
 endloop
endfacet
facet normal 0 0 0
 outer loop
vertex 11.83337116241455 9.691814422607422 0
vertex 11.668346405029297 9.66733455657959 0
vertex -12 9.699999809265137 0
 endloop
endfacet
facet normal 0 0 0
 outer loop
vertex 18 0 0
vertex 12.650562286376953 6.4294047355651855 0
vertex 12.801374435424805 6.500733852386475 0
 endloop
endfacet
facet normal 0 0 0
 outer loop
vertex 12 41.70000076293945 0
vertex 11.83337116241455 41.69181442260742 0
vertex 18 48 0
 endloop
endfacet
facet normal 0 0 0
 outer loop
vertex -13.314117431640625 9.078468322753906 0
vertex 12.493483543395996 38.37320327758789 0
vertex 12.650562286376953 38.429405212402344 0
 endloop
endfacet
facet normal 0 0 0
 outer loop
vertex 12 9.699999809265137 0
vertex 11.83337116241455 9.691814422607422 0
vertex -12 9.699999809265137 0
 endloop
endfacet
facet normal 0 0 0
 outer loop
vertex 18 0 0
vertex 12.801374435424805 6.500733852386475 0
vertex 12.944469451904297 6.586501598358154 0
 endloop
endfacet
facet normal 0 0 0
 outer loop
vertex 12.16662883758545 41.69181442260742 0
vertex 12 41.70000076293945 0
vertex 18 48 0
 endloop
endfacet
facet normal 0 0 0
 outer loop
vertex -13.314117431640625 9.078468322753906 0
vertex 12.650562286376953 38.429405212402344 0
vertex 12.801374435424805 38.500732421875 0
 endloop
endfacet
facet normal 0 0 0
 outer loop
vertex 18 0 0
vertex 12.944469451904297 6.586501598358154 0
vertex 13.078468322753906 6.685882091522217 0
 endloop
endfacet
facet normal 0 0 0
 outer loop
vertex 12.331653594970703 41.667335510253906 0
vertex 12.16662883758545 41.69181442260742 0
vertex 18 48 0
 endloop
endfacet
facet normal 0 0 0
 outer loop
vertex -13.314117431640625 9.078468322753906 0
vertex 12.801374435424805 38.500732421875 0
vertex 12.944469451904297 38.58650207519531 0
 endloop
endfacet
facet normal 0 0 0
 outer loop
vertex 18 0 0
vertex 13.078468322753906 6.685882091522217 0
vertex 13.202081680297852 6.797918319702148 0
 endloop
endfacet
facet normal 0 0 0
 outer loop
vertex 12.493483543395996 41.62679672241211 0
vertex 12.331653594970703 41.667335510253906 0
vertex 18 48 0
 endloop
endfacet
facet normal 0 0 0
 outer loop
vertex -13.314117431640625 9.078468322753906 0
vertex 12.944469451904297 38.58650207519531 0
vertex 13.078468322753906 38.685882568359375 0
 endloop
endfacet
facet normal 0 0 0
 outer loop
vertex 18 0 0
vertex 13.202081680297852 6.797918319702148 0
vertex 13.314117431640625 6.9215312004089355 0
 endloop
endfacet
facet normal 0 0 0
 outer loop
vertex 12.650562286376953 41.570594787597656 0
vertex 12.493483543395996 41.62679672241211 0
vertex 18 48 0
 endloop
endfacet
facet normal 0 0 0
 outer loop
vertex -13.314117431640625 9.078468322753906 0
vertex 13.078468322753906 38.685882568359375 0
vertex 13.202081680297852 38.79792022705078 0
 endloop
endfacet
facet normal 0 0 0
 outer loop
vertex 18 0 0
vertex 13.314117431640625 6.9215312004089355 0
vertex 13.413497924804688 7.055530548095703 0
 endloop
endfacet
facet normal 0 0 0
 outer loop
vertex 12.801374435424805 41.499267578125 0
vertex 12.650562286376953 41.570594787597656 0
vertex 18 48 0
 endloop
endfacet
facet normal 0 0 0
 outer loop
vertex -13.314117431640625 9.078468322753906 0
vertex 13.202081680297852 38.79792022705078 0
vertex 13.314117431640625 38.921531677246094 0
 endloop
endfacet
facet normal 0 0 0
 outer loop
vertex 18 0 0
vertex 13.413497924804688 7.055530548095703 0
vertex 13.499266624450684 7.198625564575195 0
 endloop
endfacet
facet normal 0 0 0
 outer loop
vertex 12.944469451904297 41.41349792480469 0
vertex 12.801374435424805 41.499267578125 0
vertex 18 48 0
 endloop
endfacet
facet normal 0 0 0
 outer loop
vertex -13.202081680297852 9.202081680297852 0
vertex -13.314117431640625 9.078468322753906 0
vertex 13.314117431640625 38.921531677246094 0
 endloop
endfacet
facet normal 0 0 0
 outer loop
vertex 18 0 0
vertex 13.499266624450684 7.198625564575195 0
vertex 13.570594787597656 7.349438190460205 0
 endloop
endfacet
facet normal 0 0 0
 outer loop
vertex 13.078468322753906 41.314117431640625 0
vertex 12.944469451904297 41.41349792480469 0
vertex 18 48 0
 endloop
endfacet
facet normal 0 0 0
 outer loop
vertex -13.078468322753906 9.314117431640625 0
vertex -13.202081680297852 9.202081680297852 0
vertex 13.314117431640625 38.921531677246094 0
 endloop
endfacet
facet normal 0 0 0
 outer loop
vertex 18 0 0
vertex 13.570594787597656 7.349438190460205 0
vertex 13.626798629760742 7.506515979766846 0
 endloop
endfacet
facet normal 0 0 0
 outer loop
vertex 13.202081680297852 41.20207977294922 0
vertex 13.078468322753906 41.314117431640625 0
vertex 18 48 0
 endloop
endfacet
facet normal 0 0 0
 outer loop
vertex -12.944469451904297 9.413497924804688 0
vertex -13.078468322753906 9.314117431640625 0
vertex 13.314117431640625 38.921531677246094 0
 endloop
endfacet
facet normal 0 0 0
 outer loop
vertex 18 0 0
vertex 13.626798629760742 7.506515979766846 0
vertex 13.66733455657959 7.668346405029297 0
 endloop
endfacet
facet normal 0 0 0
 outer loop
vertex 13.314117431640625 41.078468322753906 0
vertex 13.202081680297852 41.20207977294922 0
vertex 18 48 0
 endloop
endfacet
facet normal 0 0 0
 outer loop
vertex -12.801374435424805 9.499266624450684 0
vertex -12.944469451904297 9.413497924804688 0
vertex 13.314117431640625 38.921531677246094 0
 endloop
endfacet
facet normal 0 0 0
 outer loop
vertex 18 0 0
vertex 13.66733455657959 7.668346405029297 0
vertex 13.691814422607422 7.833370685577393 0
 endloop
endfacet
facet normal 0 0 0
 outer loop
vertex 13.413497924804688 40.9444694519043 0
vertex 13.314117431640625 41.078468322753906 0
vertex 18 48 0
 endloop
endfacet
facet normal 0 0 0
 outer loop
vertex -12.650562286376953 9.570594787597656 0
vertex -12.801374435424805 9.499266624450684 0
vertex 13.314117431640625 38.921531677246094 0
 endloop
endfacet
facet normal 0 0 0
 outer loop
vertex 18 0 0
vertex 13.691814422607422 7.833370685577393 0
vertex 13.699999809265137 8 0
 endloop
endfacet
facet normal 0 0 0
 outer loop
vertex 13.499266624450684 40.80137634277344 0
vertex 13.413497924804688 40.9444694519043 0
vertex 18 48 0
 endloop
endfacet
facet normal 0 0 0
 outer loop
vertex -12.493483543395996 9.626798629760742 0
vertex -12.650562286376953 9.570594787597656 0
vertex 13.314117431640625 38.921531677246094 0
 endloop
endfacet
facet normal 0 0 0
 outer loop
vertex 18 0 0
vertex 13.699999809265137 8 0
vertex 13.691814422607422 8.16662883758545 0
 endloop
endfacet
facet normal 0 0 0
 outer loop
vertex 13.570594787597656 40.65056228637695 0
vertex 13.499266624450684 40.80137634277344 0
vertex 18 48 0
 endloop
endfacet
facet normal 0 0 0
 outer loop
vertex -12.331653594970703 9.66733455657959 0
vertex -12.493483543395996 9.626798629760742 0
vertex 13.314117431640625 38.921531677246094 0
 endloop
endfacet
facet normal 0 0 0
 outer loop
vertex 18 0 0
vertex 13.691814422607422 8.16662883758545 0
vertex 13.66733455657959 8.331653594970703 0
 endloop
endfacet
facet normal 0 0 0
 outer loop
vertex 13.626798629760742 40.49348449707031 0
vertex 13.570594787597656 40.65056228637695 0
vertex 18 48 0
 endloop
endfacet
facet normal 0 0 0
 outer loop
vertex -12.16662883758545 9.691814422607422 0
vertex -12.331653594970703 9.66733455657959 0
vertex 13.314117431640625 38.921531677246094 0
 endloop
endfacet
facet normal 0 0 0
 outer loop
vertex 18 0 0
vertex 13.66733455657959 8.331653594970703 0
vertex 13.626798629760742 8.493483543395996 0
 endloop
endfacet
facet normal 0 0 0
 outer loop
vertex 13.66733455657959 40.3316535949707 0
vertex 13.626798629760742 40.49348449707031 0
vertex 18 48 0
 endloop
endfacet
facet normal 0 0 0
 outer loop
vertex -12 9.699999809265137 0
vertex -12.16662883758545 9.691814422607422 0
vertex 13.314117431640625 38.921531677246094 0
 endloop
endfacet
facet normal 0 0 0
 outer loop
vertex 18 0 0
vertex 13.626798629760742 8.493483543395996 0
vertex 13.570594787597656 8.650562286376953 0
 endloop
endfacet
facet normal 0 0 0
 outer loop
vertex 13.691814422607422 40.166629791259766 0
vertex 13.66733455657959 40.3316535949707 0
vertex 18 48 0
 endloop
endfacet
facet normal 0 0 0
 outer loop
vertex 12 9.699999809265137 0
vertex -12 9.699999809265137 0
vertex 13.314117431640625 38.921531677246094 0
 endloop
endfacet
facet normal 0 0 0
 outer loop
vertex 18 0 0
vertex 13.570594787597656 8.650562286376953 0
vertex 13.499266624450684 8.801374435424805 0
 endloop
endfacet
facet normal 0 0 0
 outer loop
vertex 13.691814422607422 40.166629791259766 0
vertex 18 48 0
vertex 18 0 0
 endloop
endfacet
facet normal 0 0 0
 outer loop
vertex 12 9.699999809265137 0
vertex 13.314117431640625 38.921531677246094 0
vertex 13.413497924804688 39.0555305480957 0
 endloop
endfacet
facet normal 0 0 0
 outer loop
vertex 13.699999809265137 40 0
vertex 13.691814422607422 40.166629791259766 0
vertex 18 0 0
 endloop
endfacet
facet normal 0 0 0
 outer loop
vertex 12 9.699999809265137 0
vertex 13.413497924804688 39.0555305480957 0
vertex 13.499266624450684 39.19862365722656 0
 endloop
endfacet
facet normal 0 0 0
 outer loop
vertex 13.699999809265137 40 0
vertex 18 0 0
vertex 13.499266624450684 8.801374435424805 0
 endloop
endfacet
facet normal 0 0 0
 outer loop
vertex 12 9.699999809265137 0
vertex 13.499266624450684 39.19862365722656 0
vertex 13.570594787597656 39.34943771362305 0
 endloop
endfacet
facet normal 0 0 0
 outer loop
vertex 13.699999809265137 40 0
vertex 13.499266624450684 8.801374435424805 0
vertex 13.413497924804688 8.944469451904297 0
 endloop
endfacet
facet normal 0 0 0
 outer loop
vertex 12 9.699999809265137 0
vertex 13.570594787597656 39.34943771362305 0
vertex 13.626798629760742 39.50651550292969 0
 endloop
endfacet
facet normal 0 0 0
 outer loop
vertex 13.699999809265137 40 0
vertex 13.413497924804688 8.944469451904297 0
vertex 13.314117431640625 9.078468322753906 0
 endloop
endfacet
facet normal 0 0 0
 outer loop
vertex 12 9.699999809265137 0
vertex 13.626798629760742 39.50651550292969 0
vertex 13.66733455657959 39.6683464050293 0
 endloop
endfacet
facet normal 0 0 0
 outer loop
vertex 13.699999809265137 40 0
vertex 13.314117431640625 9.078468322753906 0
vertex 13.202081680297852 9.202081680297852 0
 endloop
endfacet
facet normal 0 0 0
 outer loop
vertex 12 9.699999809265137 0
vertex 13.66733455657959 39.6683464050293 0
vertex 13.691814422607422 39.833370208740234 0
 endloop
endfacet
facet normal 0 0 0
 outer loop
vertex 13.699999809265137 40 0
vertex 13.202081680297852 9.202081680297852 0
vertex 13.078468322753906 9.314117431640625 0
 endloop
endfacet
facet normal 0 0 0
 outer loop
vertex 12.16662883758545 9.691814422607422 0
vertex 12 9.699999809265137 0
vertex 13.691814422607422 39.833370208740234 0
 endloop
endfacet
facet normal 0 0 0
 outer loop
vertex 13.699999809265137 40 0
vertex 13.078468322753906 9.314117431640625 0
vertex 12.944469451904297 9.413497924804688 0
 endloop
endfacet
facet normal 0 0 0
 outer loop
vertex 12.331653594970703 9.66733455657959 0
vertex 12.16662883758545 9.691814422607422 0
vertex 13.691814422607422 39.833370208740234 0
 endloop
endfacet
facet normal 0 0 0
 outer loop
vertex 13.699999809265137 40 0
vertex 12.944469451904297 9.413497924804688 0
vertex 12.801374435424805 9.499266624450684 0
 endloop
endfacet
facet normal 0 0 0
 outer loop
vertex 12.331653594970703 9.66733455657959 0
vertex 13.691814422607422 39.833370208740234 0
vertex 13.699999809265137 40 0
 endloop
endfacet
facet normal 0 0 0
 outer loop
vertex 13.699999809265137 40 0
vertex 12.801374435424805 9.499266624450684 0
vertex 12.650562286376953 9.570594787597656 0
 endloop
endfacet
facet normal 0 0 0
 outer loop
vertex 12.493483543395996 9.626798629760742 0
vertex 12.331653594970703 9.66733455657959 0
vertex 13.699999809265137 40 0
 endloop
endfacet
facet normal 0 0 0
 outer loop
vertex 13.699999809265137 40 0
vertex 12.650562286376953 9.570594787597656 0
vertex 12.493483543395996 9.626798629760742 0
 endloop
endfacet
facet normal 0 0 0
 outer loop
vertex -10.300000190734863 40 6
vertex 10.300000190734863 40 6
vertex 10.308185577392578 40.166629791259766 6
 endloop
endfacet
facet normal 0 0 0
 outer loop
vertex 10.308185577392578 39.833370208740234 6
vertex 10.300000190734863 40 6
vertex -10.300000190734863 40 6
 endloop
endfacet
facet normal 0 0 0
 outer loop
vertex -13.691814422607422 39.833370208740234 6
vertex -13.699999809265137 40 6
vertex -18 0 6
 endloop
endfacet
facet normal 0 0 0
 outer loop
vertex -18 0 6
vertex -13.699999809265137 8 6
vertex -13.691814422607422 8.16662883758545 6
 endloop
endfacet
facet normal 0 0 0
 outer loop
vertex -10.308185577392578 8.16662883758545 6
vertex -10.300000190734863 8 6
vertex 10.300000190734863 8 6
 endloop
endfacet
facet normal 0 0 0
 outer loop
vertex 10.308185577392578 7.833370685577393 6
vertex 10.300000190734863 8 6
vertex -10.300000190734863 8 6
 endloop
endfacet
facet normal 0 0 0
 outer loop
vertex -13.691814422607422 7.833370685577393 6
vertex -13.699999809265137 8 6
vertex -18 0 6
 endloop
endfacet
facet normal 0 0 0
 outer loop
vertex -18 48 6
vertex -18 0 6
vertex -13.699999809265137 40 6
 endloop
endfacet
facet normal 0 0 0
 outer loop
vertex -10.308185577392578 40.166629791259766 6
vertex -10.300000190734863 40 6
vertex 10.308185577392578 40.166629791259766 6
 endloop
endfacet
facet normal 0 0 0
 outer loop
vertex 10.33266544342041 39.6683464050293 6
vertex 10.308185577392578 39.833370208740234 6
vertex -10.300000190734863 40 6
 endloop
endfacet
facet normal 0 0 0
 outer loop
vertex -13.66733455657959 39.6683464050293 6
vertex -13.691814422607422 39.833370208740234 6
vertex -18 0 6
 endloop
endfacet
facet normal 0 0 0
 outer loop
vertex -18 0 6
vertex -13.691814422607422 8.16662883758545 6
vertex -13.66733455657959 8.331653594970703 6
 endloop
endfacet
facet normal 0 0 0
 outer loop
vertex -10.33266544342041 8.331653594970703 6
vertex -10.308185577392578 8.16662883758545 6
vertex 10.300000190734863 8 6
 endloop
endfacet
facet normal 0 0 0
 outer loop
vertex 10.33266544342041 7.668346405029297 6
vertex 10.308185577392578 7.833370685577393 6
vertex -10.300000190734863 8 6
 endloop
endfacet
facet normal 0 0 0
 outer loop
vertex -13.66733455657959 7.668346405029297 6
vertex -13.691814422607422 7.833370685577393 6
vertex -18 0 6
 endloop
endfacet
facet normal 0 0 0
 outer loop
vertex -18 48 6
vertex -13.699999809265137 40 6
vertex -13.691814422607422 40.166629791259766 6
 endloop
endfacet
facet normal 0 0 0
 outer loop
vertex -10.33266544342041 40.3316535949707 6
vertex -10.308185577392578 40.166629791259766 6
vertex 10.308185577392578 40.166629791259766 6
 endloop
endfacet
facet normal 0 0 0
 outer loop
vertex 10.373201370239258 39.50651550292969 6
vertex 10.33266544342041 39.6683464050293 6
vertex -10.300000190734863 40 6
 endloop
endfacet
facet normal 0 0 0
 outer loop
vertex -13.626798629760742 39.50651550292969 6
vertex -13.66733455657959 39.6683464050293 6
vertex -18 0 6
 endloop
endfacet
facet normal 0 0 0
 outer loop
vertex -18 0 6
vertex -13.66733455657959 8.331653594970703 6
vertex -13.626798629760742 8.493483543395996 6
 endloop
endfacet
facet normal 0 0 0
 outer loop
vertex -10.373201370239258 8.493483543395996 6
vertex -10.33266544342041 8.331653594970703 6
vertex 10.300000190734863 8 6
 endloop
endfacet
facet normal 0 0 0
 outer loop
vertex 10.373201370239258 7.506515979766846 6
vertex 10.33266544342041 7.668346405029297 6
vertex -10.300000190734863 8 6
 endloop
endfacet
facet normal 0 0 0
 outer loop
vertex -13.626798629760742 7.506515979766846 6
vertex -13.66733455657959 7.668346405029297 6
vertex -18 0 6
 endloop
endfacet
facet normal 0 0 0
 outer loop
vertex -18 48 6
vertex -13.691814422607422 40.166629791259766 6
vertex -13.66733455657959 40.3316535949707 6
 endloop
endfacet
facet normal 0 0 0
 outer loop
vertex -10.373201370239258 40.49348449707031 6
vertex -10.33266544342041 40.3316535949707 6
vertex 10.308185577392578 40.166629791259766 6
 endloop
endfacet
facet normal 0 0 0
 outer loop
vertex 10.429405212402344 39.34943771362305 6
vertex 10.373201370239258 39.50651550292969 6
vertex -10.300000190734863 40 6
 endloop
endfacet
facet normal 0 0 0
 outer loop
vertex -13.570594787597656 39.34943771362305 6
vertex -13.626798629760742 39.50651550292969 6
vertex -18 0 6
 endloop
endfacet
facet normal 0 0 0
 outer loop
vertex -18 0 6
vertex -13.626798629760742 8.493483543395996 6
vertex -13.570594787597656 8.650562286376953 6
 endloop
endfacet
facet normal 0 0 0
 outer loop
vertex -10.429405212402344 8.650562286376953 6
vertex -10.373201370239258 8.493483543395996 6
vertex 10.300000190734863 8 6
 endloop
endfacet
facet normal 0 0 0
 outer loop
vertex 10.429405212402344 7.349438190460205 6
vertex 10.373201370239258 7.506515979766846 6
vertex -10.300000190734863 8 6
 endloop
endfacet
facet normal 0 0 0
 outer loop
vertex -13.570594787597656 7.349438190460205 6
vertex -13.626798629760742 7.506515979766846 6
vertex -18 0 6
 endloop
endfacet
facet normal 0 0 0
 outer loop
vertex -18 48 6
vertex -13.66733455657959 40.3316535949707 6
vertex -13.626798629760742 40.49348449707031 6
 endloop
endfacet
facet normal 0 0 0
 outer loop
vertex -10.429405212402344 40.65056228637695 6
vertex -10.373201370239258 40.49348449707031 6
vertex 10.308185577392578 40.166629791259766 6
 endloop
endfacet
facet normal 0 0 0
 outer loop
vertex 10.500733375549316 39.19862365722656 6
vertex 10.429405212402344 39.34943771362305 6
vertex -10.300000190734863 40 6
 endloop
endfacet
facet normal 0 0 0
 outer loop
vertex -13.499266624450684 39.19862365722656 6
vertex -13.570594787597656 39.34943771362305 6
vertex -18 0 6
 endloop
endfacet
facet normal 0 0 0
 outer loop
vertex -18 0 6
vertex -13.570594787597656 8.650562286376953 6
vertex -13.499266624450684 8.801374435424805 6
 endloop
endfacet
facet normal 0 0 0
 outer loop
vertex -10.500733375549316 8.801374435424805 6
vertex -10.429405212402344 8.650562286376953 6
vertex 10.300000190734863 8 6
 endloop
endfacet
facet normal 0 0 0
 outer loop
vertex 10.500733375549316 7.198625564575195 6
vertex 10.429405212402344 7.349438190460205 6
vertex -10.300000190734863 8 6
 endloop
endfacet
facet normal 0 0 0
 outer loop
vertex -13.499266624450684 7.198625564575195 6
vertex -13.570594787597656 7.349438190460205 6
vertex -18 0 6
 endloop
endfacet
facet normal 0 0 0
 outer loop
vertex -18 48 6
vertex -13.626798629760742 40.49348449707031 6
vertex -13.570594787597656 40.65056228637695 6
 endloop
endfacet
facet normal 0 0 0
 outer loop
vertex -10.500733375549316 40.80137634277344 6
vertex -10.429405212402344 40.65056228637695 6
vertex 10.308185577392578 40.166629791259766 6
 endloop
endfacet
facet normal 0 0 0
 outer loop
vertex 10.586502075195312 39.0555305480957 6
vertex 10.500733375549316 39.19862365722656 6
vertex -10.300000190734863 40 6
 endloop
endfacet
facet normal 0 0 0
 outer loop
vertex -13.413497924804688 39.0555305480957 6
vertex -13.499266624450684 39.19862365722656 6
vertex -18 0 6
 endloop
endfacet
facet normal 0 0 0
 outer loop
vertex -10.586502075195312 8.944469451904297 6
vertex -10.500733375549316 8.801374435424805 6
vertex 10.300000190734863 8 6
 endloop
endfacet
facet normal 0 0 0
 outer loop
vertex 10.586502075195312 7.055530548095703 6
vertex 10.500733375549316 7.198625564575195 6
vertex -10.300000190734863 8 6
 endloop
endfacet
facet normal 0 0 0
 outer loop
vertex -13.413497924804688 7.055530548095703 6
vertex -13.499266624450684 7.198625564575195 6
vertex -18 0 6
 endloop
endfacet
facet normal 0 0 0
 outer loop
vertex -18 48 6
vertex -13.570594787597656 40.65056228637695 6
vertex -13.499266624450684 40.80137634277344 6
 endloop
endfacet
facet normal 0 0 0
 outer loop
vertex -10.586502075195312 40.9444694519043 6
vertex -10.500733375549316 40.80137634277344 6
vertex 10.308185577392578 40.166629791259766 6
 endloop
endfacet
facet normal 0 0 0
 outer loop
vertex 10.685882568359375 38.921531677246094 6
vertex 10.586502075195312 39.0555305480957 6
vertex -10.300000190734863 40 6
 endloop
endfacet
facet normal 0 0 0
 outer loop
vertex -13.314117431640625 38.921531677246094 6
vertex -13.413497924804688 39.0555305480957 6
vertex -18 0 6
 endloop
endfacet
facet normal 0 0 0
 outer loop
vertex -10.685882568359375 9.078468322753906 6
vertex -10.586502075195312 8.944469451904297 6
vertex 10.300000190734863 8 6
 endloop
endfacet
facet normal 0 0 0
 outer loop
vertex 10.685882568359375 6.9215312004089355 6
vertex 10.586502075195312 7.055530548095703 6
vertex -10.300000190734863 8 6
 endloop
endfacet
facet normal 0 0 0
 outer loop
vertex -13.314117431640625 6.9215312004089355 6
vertex -13.413497924804688 7.055530548095703 6
vertex -18 0 6
 endloop
endfacet
facet normal 0 0 0
 outer loop
vertex -18 48 6
vertex -13.499266624450684 40.80137634277344 6
vertex -13.413497924804688 40.9444694519043 6
 endloop
endfacet
facet normal 0 0 0
 outer loop
vertex -10.685882568359375 41.078468322753906 6
vertex -10.586502075195312 40.9444694519043 6
vertex 10.308185577392578 40.166629791259766 6
 endloop
endfacet
facet normal 0 0 0
 outer loop
vertex 10.797918319702148 38.79792022705078 6
vertex 10.685882568359375 38.921531677246094 6
vertex -10.300000190734863 40 6
 endloop
endfacet
facet normal 0 0 0
 outer loop
vertex -13.202081680297852 38.79792022705078 6
vertex -13.314117431640625 38.921531677246094 6
vertex -18 0 6
 endloop
endfacet
facet normal 0 0 0
 outer loop
vertex -10.797918319702148 9.202081680297852 6
vertex -10.685882568359375 9.078468322753906 6
vertex 10.300000190734863 8 6
 endloop
endfacet
facet normal 0 0 0
 outer loop
vertex 10.797918319702148 6.797918319702148 6
vertex 10.685882568359375 6.9215312004089355 6
vertex -10.300000190734863 8 6
 endloop
endfacet
facet normal 0 0 0
 outer loop
vertex -13.202081680297852 6.797918319702148 6
vertex -13.314117431640625 6.9215312004089355 6
vertex -18 0 6
 endloop
endfacet
facet normal 0 0 0
 outer loop
vertex -18 48 6
vertex -13.413497924804688 40.9444694519043 6
vertex -13.314117431640625 41.078468322753906 6
 endloop
endfacet
facet normal 0 0 0
 outer loop
vertex -10.797918319702148 41.20207977294922 6
vertex -10.685882568359375 41.078468322753906 6
vertex 10.308185577392578 40.166629791259766 6
 endloop
endfacet
facet normal 0 0 0
 outer loop
vertex 10.921531677246094 38.685882568359375 6
vertex 10.797918319702148 38.79792022705078 6
vertex -10.300000190734863 40 6
 endloop
endfacet
facet normal 0 0 0
 outer loop
vertex -13.078468322753906 38.685882568359375 6
vertex -13.202081680297852 38.79792022705078 6
vertex -18 0 6
 endloop
endfacet
facet normal 0 0 0
 outer loop
vertex -10.921531677246094 9.314117431640625 6
vertex -10.797918319702148 9.202081680297852 6
vertex 10.300000190734863 8 6
 endloop
endfacet
facet normal 0 0 0
 outer loop
vertex 10.921531677246094 6.685882091522217 6
vertex 10.797918319702148 6.797918319702148 6
vertex -10.300000190734863 8 6
 endloop
endfacet
facet normal 0 0 0
 outer loop
vertex -13.078468322753906 6.685882091522217 6
vertex -13.202081680297852 6.797918319702148 6
vertex -18 0 6
 endloop
endfacet
facet normal 0 0 0
 outer loop
vertex -18 48 6
vertex -13.314117431640625 41.078468322753906 6
vertex -13.202081680297852 41.20207977294922 6
 endloop
endfacet
facet normal 0 0 0
 outer loop
vertex -10.921531677246094 41.314117431640625 6
vertex -10.797918319702148 41.20207977294922 6
vertex 10.308185577392578 40.166629791259766 6
 endloop
endfacet
facet normal 0 0 0
 outer loop
vertex 11.055530548095703 38.58650207519531 6
vertex 10.921531677246094 38.685882568359375 6
vertex -10.300000190734863 40 6
 endloop
endfacet
facet normal 0 0 0
 outer loop
vertex -12.944469451904297 38.58650207519531 6
vertex -13.078468322753906 38.685882568359375 6
vertex -18 0 6
 endloop
endfacet
facet normal 0 0 0
 outer loop
vertex -11.055530548095703 9.413497924804688 6
vertex -10.921531677246094 9.314117431640625 6
vertex 10.300000190734863 8 6
 endloop
endfacet
facet normal 0 0 0
 outer loop
vertex 11.055530548095703 6.586501598358154 6
vertex 10.921531677246094 6.685882091522217 6
vertex -10.300000190734863 8 6
 endloop
endfacet
facet normal 0 0 0
 outer loop
vertex -12.944469451904297 6.586501598358154 6
vertex -13.078468322753906 6.685882091522217 6
vertex -18 0 6
 endloop
endfacet
facet normal 0 0 0
 outer loop
vertex -18 48 6
vertex -13.202081680297852 41.20207977294922 6
vertex -13.078468322753906 41.314117431640625 6
 endloop
endfacet
facet normal 0 0 0
 outer loop
vertex -11.055530548095703 41.41349792480469 6
vertex -10.921531677246094 41.314117431640625 6
vertex 10.308185577392578 40.166629791259766 6
 endloop
endfacet
facet normal 0 0 0
 outer loop
vertex 11.198625564575195 38.500732421875 6
vertex 11.055530548095703 38.58650207519531 6
vertex -10.300000190734863 40 6
 endloop
endfacet
facet normal 0 0 0
 outer loop
vertex -12.801374435424805 38.500732421875 6
vertex -12.944469451904297 38.58650207519531 6
vertex -18 0 6
 endloop
endfacet
facet normal 0 0 0
 outer loop
vertex -11.198625564575195 9.499266624450684 6
vertex -11.055530548095703 9.413497924804688 6
vertex 10.300000190734863 8 6
 endloop
endfacet
facet normal 0 0 0
 outer loop
vertex 11.198625564575195 6.500733852386475 6
vertex 11.055530548095703 6.586501598358154 6
vertex -10.300000190734863 8 6
 endloop
endfacet
facet normal 0 0 0
 outer loop
vertex -12.801374435424805 6.500733852386475 6
vertex -12.944469451904297 6.586501598358154 6
vertex -18 0 6
 endloop
endfacet
facet normal 0 0 0
 outer loop
vertex -18 48 6
vertex -13.078468322753906 41.314117431640625 6
vertex -12.944469451904297 41.41349792480469 6
 endloop
endfacet
facet normal 0 0 0
 outer loop
vertex -11.198625564575195 41.499267578125 6
vertex -11.055530548095703 41.41349792480469 6
vertex 10.308185577392578 40.166629791259766 6
 endloop
endfacet
facet normal 0 0 0
 outer loop
vertex 11.349437713623047 38.429405212402344 6
vertex 11.198625564575195 38.500732421875 6
vertex -10.300000190734863 40 6
 endloop
endfacet
facet normal 0 0 0
 outer loop
vertex -12.650562286376953 38.429405212402344 6
vertex -12.801374435424805 38.500732421875 6
vertex -18 0 6
 endloop
endfacet
facet normal 0 0 0
 outer loop
vertex -11.349437713623047 9.570594787597656 6
vertex -11.198625564575195 9.499266624450684 6
vertex 10.300000190734863 8 6
 endloop
endfacet
facet normal 0 0 0
 outer loop
vertex 11.349437713623047 6.4294047355651855 6
vertex 11.198625564575195 6.500733852386475 6
vertex -10.300000190734863 8 6
 endloop
endfacet
facet normal 0 0 0
 outer loop
vertex -12.650562286376953 6.4294047355651855 6
vertex -12.801374435424805 6.500733852386475 6
vertex -18 0 6
 endloop
endfacet
facet normal 0 0 0
 outer loop
vertex -18 48 6
vertex -12.944469451904297 41.41349792480469 6
vertex -12.801374435424805 41.499267578125 6
 endloop
endfacet
facet normal 0 0 0
 outer loop
vertex -11.349437713623047 41.570594787597656 6
vertex -11.198625564575195 41.499267578125 6
vertex 10.308185577392578 40.166629791259766 6
 endloop
endfacet
facet normal 0 0 0
 outer loop
vertex 11.506516456604004 38.37320327758789 6
vertex 11.349437713623047 38.429405212402344 6
vertex -10.300000190734863 40 6
 endloop
endfacet
facet normal 0 0 0
 outer loop
vertex -12.493483543395996 38.37320327758789 6
vertex -12.650562286376953 38.429405212402344 6
vertex -18 0 6
 endloop
endfacet
facet normal 0 0 0
 outer loop
vertex -11.506516456604004 9.626798629760742 6
vertex -11.349437713623047 9.570594787597656 6
vertex 10.300000190734863 8 6
 endloop
endfacet
facet normal 0 0 0
 outer loop
vertex 11.506516456604004 6.373201370239258 6
vertex 11.349437713623047 6.4294047355651855 6
vertex -10.300000190734863 8 6
 endloop
endfacet
facet normal 0 0 0
 outer loop
vertex -12.493483543395996 6.373201370239258 6
vertex -12.650562286376953 6.4294047355651855 6
vertex -18 0 6
 endloop
endfacet
facet normal 0 0 0
 outer loop
vertex -18 48 6
vertex -12.801374435424805 41.499267578125 6
vertex -12.650562286376953 41.570594787597656 6
 endloop
endfacet
facet normal 0 0 0
 outer loop
vertex -11.506516456604004 41.62679672241211 6
vertex -11.349437713623047 41.570594787597656 6
vertex 10.308185577392578 40.166629791259766 6
 endloop
endfacet
facet normal 0 0 0
 outer loop
vertex 11.668346405029297 38.332664489746094 6
vertex 11.506516456604004 38.37320327758789 6
vertex -10.300000190734863 40 6
 endloop
endfacet
facet normal 0 0 0
 outer loop
vertex -12.331653594970703 38.332664489746094 6
vertex -12.493483543395996 38.37320327758789 6
vertex -18 0 6
 endloop
endfacet
facet normal 0 0 0
 outer loop
vertex -11.668346405029297 9.66733455657959 6
vertex -11.506516456604004 9.626798629760742 6
vertex 10.300000190734863 8 6
 endloop
endfacet
facet normal 0 0 0
 outer loop
vertex 11.668346405029297 6.332664966583252 6
vertex 11.506516456604004 6.373201370239258 6
vertex -10.300000190734863 8 6
 endloop
endfacet
facet normal 0 0 0
 outer loop
vertex -12.331653594970703 6.332664966583252 6
vertex -12.493483543395996 6.373201370239258 6
vertex -18 0 6
 endloop
endfacet
facet normal 0 0 0
 outer loop
vertex -18 48 6
vertex -12.650562286376953 41.570594787597656 6
vertex -12.493483543395996 41.62679672241211 6
 endloop
endfacet
facet normal 0 0 0
 outer loop
vertex -11.668346405029297 41.667335510253906 6
vertex -11.506516456604004 41.62679672241211 6
vertex 10.308185577392578 40.166629791259766 6
 endloop
endfacet
facet normal 0 0 0
 outer loop
vertex 11.83337116241455 38.30818557739258 6
vertex 11.668346405029297 38.332664489746094 6
vertex -10.300000190734863 40 6
 endloop
endfacet
facet normal 0 0 0
 outer loop
vertex -12.16662883758545 38.30818557739258 6
vertex -12.331653594970703 38.332664489746094 6
vertex -18 0 6
 endloop
endfacet
facet normal 0 0 0
 outer loop
vertex -11.83337116241455 9.691814422607422 6
vertex -11.668346405029297 9.66733455657959 6
vertex 10.300000190734863 8 6
 endloop
endfacet
facet normal 0 0 0
 outer loop
vertex 11.83337116241455 6.308186054229736 6
vertex 11.668346405029297 6.332664966583252 6
vertex -10.300000190734863 8 6
 endloop
endfacet
facet normal 0 0 0
 outer loop
vertex -12.16662883758545 6.308186054229736 6
vertex -12.331653594970703 6.332664966583252 6
vertex -18 0 6
 endloop
endfacet
facet normal 0 0 0
 outer loop
vertex -18 48 6
vertex -12.493483543395996 41.62679672241211 6
vertex -12.331653594970703 41.667335510253906 6
 endloop
endfacet
facet normal 0 0 0
 outer loop
vertex -11.83337116241455 41.69181442260742 6
vertex -11.668346405029297 41.667335510253906 6
vertex 10.308185577392578 40.166629791259766 6
 endloop
endfacet
facet normal 0 0 0
 outer loop
vertex 11.83337116241455 38.30818557739258 6
vertex -10.300000190734863 40 6
vertex -10.308185577392578 39.833370208740234 6
 endloop
endfacet
facet normal 0 0 0
 outer loop
vertex -12 38.29999923706055 6
vertex -12.16662883758545 38.30818557739258 6
vertex -18 0 6
 endloop
endfacet
facet normal 0 0 0
 outer loop
vertex -11.83337116241455 9.691814422607422 6
vertex 10.300000190734863 8 6
vertex 10.308185577392578 8.16662883758545 6
 endloop
endfacet
facet normal 0 0 0
 outer loop
vertex 11.83337116241455 6.308186054229736 6
vertex -10.300000190734863 8 6
vertex -10.308185577392578 7.833370685577393 6
 endloop
endfacet
facet normal 0 0 0
 outer loop
vertex -12 6.300000190734863 6
vertex -12.16662883758545 6.308186054229736 6
vertex -18 0 6
 endloop
endfacet
facet normal 0 0 0
 outer loop
vertex 18 48 6
vertex -18 48 6
vertex -12.331653594970703 41.667335510253906 6
 endloop
endfacet
facet normal 0 0 0
 outer loop
vertex -11.83337116241455 41.69181442260742 6
vertex 10.308185577392578 40.166629791259766 6
vertex 10.33266544342041 40.3316535949707 6
 endloop
endfacet
facet normal 0 0 0
 outer loop
vertex 11.83337116241455 38.30818557739258 6
vertex -10.308185577392578 39.833370208740234 6
vertex -10.33266544342041 39.6683464050293 6
 endloop
endfacet
facet normal 0 0 0
 outer loop
vertex -11.83337116241455 38.30818557739258 6
vertex -12 38.29999923706055 6
vertex -18 0 6
 endloop
endfacet
facet normal 0 0 0
 outer loop
vertex -11.83337116241455 9.691814422607422 6
vertex 10.308185577392578 8.16662883758545 6
vertex 10.33266544342041 8.331653594970703 6
 endloop
endfacet
facet normal 0 0 0
 outer loop
vertex 11.83337116241455 6.308186054229736 6
vertex -10.308185577392578 7.833370685577393 6
vertex -10.33266544342041 7.668346405029297 6
 endloop
endfacet
facet normal 0 0 0
 outer loop
vertex -11.83337116241455 6.308186054229736 6
vertex -12 6.300000190734863 6
vertex -18 0 6
 endloop
endfacet
facet normal 0 0 0
 outer loop
vertex 18 48 6
vertex -12.331653594970703 41.667335510253906 6
vertex -12.16662883758545 41.69181442260742 6
 endloop
endfacet
facet normal 0 0 0
 outer loop
vertex -11.83337116241455 41.69181442260742 6
vertex 10.33266544342041 40.3316535949707 6
vertex 10.373201370239258 40.49348449707031 6
 endloop
endfacet
facet normal 0 0 0
 outer loop
vertex 11.83337116241455 38.30818557739258 6
vertex -10.33266544342041 39.6683464050293 6
vertex -10.373201370239258 39.50651550292969 6
 endloop
endfacet
facet normal 0 0 0
 outer loop
vertex -11.668346405029297 38.332664489746094 6
vertex -11.83337116241455 38.30818557739258 6
vertex -18 0 6
 endloop
endfacet
facet normal 0 0 0
 outer loop
vertex -11.83337116241455 9.691814422607422 6
vertex 10.33266544342041 8.331653594970703 6
vertex 10.373201370239258 8.493483543395996 6
 endloop
endfacet
facet normal 0 0 0
 outer loop
vertex 11.83337116241455 6.308186054229736 6
vertex -10.33266544342041 7.668346405029297 6
vertex -10.373201370239258 7.506515979766846 6
 endloop
endfacet
facet normal 0 0 0
 outer loop
vertex -11.668346405029297 6.332664966583252 6
vertex -11.83337116241455 6.308186054229736 6
vertex -18 0 6
 endloop
endfacet
facet normal 0 0 0
 outer loop
vertex 18 48 6
vertex -12.16662883758545 41.69181442260742 6
vertex -12 41.70000076293945 6
 endloop
endfacet
facet normal 0 0 0
 outer loop
vertex -11.83337116241455 41.69181442260742 6
vertex 10.373201370239258 40.49348449707031 6
vertex 10.429405212402344 40.65056228637695 6
 endloop
endfacet
facet normal 0 0 0
 outer loop
vertex 11.83337116241455 38.30818557739258 6
vertex -10.373201370239258 39.50651550292969 6
vertex -10.429405212402344 39.34943771362305 6
 endloop
endfacet
facet normal 0 0 0
 outer loop
vertex -11.506516456604004 38.37320327758789 6
vertex -11.668346405029297 38.332664489746094 6
vertex -18 0 6
 endloop
endfacet
facet normal 0 0 0
 outer loop
vertex -11.83337116241455 9.691814422607422 6
vertex 10.373201370239258 8.493483543395996 6
vertex 10.429405212402344 8.650562286376953 6
 endloop
endfacet
facet normal 0 0 0
 outer loop
vertex 11.83337116241455 6.308186054229736 6
vertex -10.373201370239258 7.506515979766846 6
vertex -10.429405212402344 7.349438190460205 6
 endloop
endfacet
facet normal 0 0 0
 outer loop
vertex -11.506516456604004 6.373201370239258 6
vertex -11.668346405029297 6.332664966583252 6
vertex -18 0 6
 endloop
endfacet
facet normal 0 0 0
 outer loop
vertex 18 48 6
vertex -12 41.70000076293945 6
vertex -11.83337116241455 41.69181442260742 6
 endloop
endfacet
facet normal 0 0 0
 outer loop
vertex -11.83337116241455 41.69181442260742 6
vertex 10.429405212402344 40.65056228637695 6
vertex 10.500733375549316 40.80137634277344 6
 endloop
endfacet
facet normal 0 0 0
 outer loop
vertex 12 38.29999923706055 6
vertex 11.83337116241455 38.30818557739258 6
vertex -10.429405212402344 39.34943771362305 6
 endloop
endfacet
facet normal 0 0 0
 outer loop
vertex -11.349437713623047 38.429405212402344 6
vertex -11.506516456604004 38.37320327758789 6
vertex -18 0 6
 endloop
endfacet
facet normal 0 0 0
 outer loop
vertex -12 9.699999809265137 6
vertex -11.83337116241455 9.691814422607422 6
vertex 10.429405212402344 8.650562286376953 6
 endloop
endfacet
facet normal 0 0 0
 outer loop
vertex 12 6.300000190734863 6
vertex 11.83337116241455 6.308186054229736 6
vertex -10.429405212402344 7.349438190460205 6
 endloop
endfacet
facet normal 0 0 0
 outer loop
vertex -11.349437713623047 6.4294047355651855 6
vertex -11.506516456604004 6.373201370239258 6
vertex -18 0 6
 endloop
endfacet
facet normal 0 0 0
 outer loop
vertex -11.83337116241455 41.69181442260742 6
vertex 10.500733375549316 40.80137634277344 6
vertex 10.586502075195312 40.9444694519043 6
 endloop
endfacet
facet normal 0 0 0
 outer loop
vertex 12 38.29999923706055 6
vertex -10.429405212402344 39.34943771362305 6
vertex -10.500733375549316 39.19862365722656 6
 endloop
endfacet
facet normal 0 0 0
 outer loop
vertex -11.198625564575195 38.500732421875 6
vertex -11.349437713623047 38.429405212402344 6
vertex -18 0 6
 endloop
endfacet
facet normal 0 0 0
 outer loop
vertex -12 9.699999809265137 6
vertex 10.429405212402344 8.650562286376953 6
vertex 10.500733375549316 8.801374435424805 6
 endloop
endfacet
facet normal 0 0 0
 outer loop
vertex 12 6.300000190734863 6
vertex -10.429405212402344 7.349438190460205 6
vertex -10.500733375549316 7.198625564575195 6
 endloop
endfacet
facet normal 0 0 0
 outer loop
vertex -11.198625564575195 6.500733852386475 6
vertex -11.349437713623047 6.4294047355651855 6
vertex -18 0 6
 endloop
endfacet
facet normal 0 0 0
 outer loop
vertex -11.83337116241455 41.69181442260742 6
vertex 10.586502075195312 40.9444694519043 6
vertex 10.685882568359375 41.078468322753906 6
 endloop
endfacet
facet normal 0 0 0
 outer loop
vertex 12 38.29999923706055 6
vertex -10.500733375549316 39.19862365722656 6
vertex -10.586502075195312 39.0555305480957 6
 endloop
endfacet
facet normal 0 0 0
 outer loop
vertex -11.055530548095703 38.58650207519531 6
vertex -11.198625564575195 38.500732421875 6
vertex -18 0 6
 endloop
endfacet
facet normal 0 0 0
 outer loop
vertex -12 9.699999809265137 6
vertex 10.500733375549316 8.801374435424805 6
vertex 10.586502075195312 8.944469451904297 6
 endloop
endfacet
facet normal 0 0 0
 outer loop
vertex 12 6.300000190734863 6
vertex -10.500733375549316 7.198625564575195 6
vertex -10.586502075195312 7.055530548095703 6
 endloop
endfacet
facet normal 0 0 0
 outer loop
vertex -11.055530548095703 6.586501598358154 6
vertex -11.198625564575195 6.500733852386475 6
vertex -18 0 6
 endloop
endfacet
facet normal 0 0 0
 outer loop
vertex -11.83337116241455 41.69181442260742 6
vertex 10.685882568359375 41.078468322753906 6
vertex 10.797918319702148 41.20207977294922 6
 endloop
endfacet
facet normal 0 0 0
 outer loop
vertex 12 38.29999923706055 6
vertex -10.586502075195312 39.0555305480957 6
vertex -10.685882568359375 38.921531677246094 6
 endloop
endfacet
facet normal 0 0 0
 outer loop
vertex -10.921531677246094 38.685882568359375 6
vertex -11.055530548095703 38.58650207519531 6
vertex -18 0 6
 endloop
endfacet
facet normal 0 0 0
 outer loop
vertex -12 9.699999809265137 6
vertex 10.586502075195312 8.944469451904297 6
vertex 10.685882568359375 9.078468322753906 6
 endloop
endfacet
facet normal 0 0 0
 outer loop
vertex 12 6.300000190734863 6
vertex -10.586502075195312 7.055530548095703 6
vertex -10.685882568359375 6.9215312004089355 6
 endloop
endfacet
facet normal 0 0 0
 outer loop
vertex -10.921531677246094 6.685882091522217 6
vertex -11.055530548095703 6.586501598358154 6
vertex -18 0 6
 endloop
endfacet
facet normal 0 0 0
 outer loop
vertex 18 48 6
vertex -11.83337116241455 41.69181442260742 6
vertex 10.797918319702148 41.20207977294922 6
 endloop
endfacet
facet normal 0 0 0
 outer loop
vertex 12 38.29999923706055 6
vertex -10.685882568359375 38.921531677246094 6
vertex -10.797918319702148 38.79792022705078 6
 endloop
endfacet
facet normal 0 0 0
 outer loop
vertex -10.797918319702148 38.79792022705078 6
vertex -10.921531677246094 38.685882568359375 6
vertex -18 0 6
 endloop
endfacet
facet normal 0 0 0
 outer loop
vertex -12 9.699999809265137 6
vertex 10.685882568359375 9.078468322753906 6
vertex 10.797918319702148 9.202081680297852 6
 endloop
endfacet
facet normal 0 0 0
 outer loop
vertex 12 6.300000190734863 6
vertex -10.685882568359375 6.9215312004089355 6
vertex -10.797918319702148 6.797918319702148 6
 endloop
endfacet
facet normal 0 0 0
 outer loop
vertex -10.797918319702148 6.797918319702148 6
vertex -10.921531677246094 6.685882091522217 6
vertex -18 0 6
 endloop
endfacet
facet normal 0 0 0
 outer loop
vertex 18 48 6
vertex 10.797918319702148 41.20207977294922 6
vertex 10.921531677246094 41.314117431640625 6
 endloop
endfacet
facet normal 0 0 0
 outer loop
vertex -10.797918319702148 38.79792022705078 6
vertex -18 0 6
vertex -13.499266624450684 8.801374435424805 6
 endloop
endfacet
facet normal 0 0 0
 outer loop
vertex -12 9.699999809265137 6
vertex 10.797918319702148 9.202081680297852 6
vertex 10.921531677246094 9.314117431640625 6
 endloop
endfacet
facet normal 0 0 0
 outer loop
vertex 12 6.300000190734863 6
vertex -10.797918319702148 6.797918319702148 6
vertex -18 0 6
 endloop
endfacet
facet normal 0 0 0
 outer loop
vertex 18 48 6
vertex 10.921531677246094 41.314117431640625 6
vertex 11.055530548095703 41.41349792480469 6
 endloop
endfacet
facet normal 0 0 0
 outer loop
vertex -10.797918319702148 38.79792022705078 6
vertex -13.499266624450684 8.801374435424805 6
vertex -13.413497924804688 8.944469451904297 6
 endloop
endfacet
facet normal 0 0 0
 outer loop
vertex -12 9.699999809265137 6
vertex 10.921531677246094 9.314117431640625 6
vertex 11.055530548095703 9.413497924804688 6
 endloop
endfacet
facet normal 0 0 0
 outer loop
vertex 12.16662883758545 6.308186054229736 6
vertex 12 6.300000190734863 6
vertex -18 0 6
 endloop
endfacet
facet normal 0 0 0
 outer loop
vertex 18 48 6
vertex 11.055530548095703 41.41349792480469 6
vertex 11.198625564575195 41.499267578125 6
 endloop
endfacet
facet normal 0 0 0
 outer loop
vertex -10.797918319702148 38.79792022705078 6
vertex -13.413497924804688 8.944469451904297 6
vertex -13.314117431640625 9.078468322753906 6
 endloop
endfacet
facet normal 0 0 0
 outer loop
vertex -12 9.699999809265137 6
vertex 11.055530548095703 9.413497924804688 6
vertex 11.198625564575195 9.499266624450684 6
 endloop
endfacet
facet normal 0 0 0
 outer loop
vertex 12.331653594970703 6.332664966583252 6
vertex 12.16662883758545 6.308186054229736 6
vertex -18 0 6
 endloop
endfacet
facet normal 0 0 0
 outer loop
vertex 18 48 6
vertex 11.198625564575195 41.499267578125 6
vertex 11.349437713623047 41.570594787597656 6
 endloop
endfacet
facet normal 0 0 0
 outer loop
vertex 12 38.29999923706055 6
vertex -10.797918319702148 38.79792022705078 6
vertex -13.314117431640625 9.078468322753906 6
 endloop
endfacet
facet normal 0 0 0
 outer loop
vertex -12 9.699999809265137 6
vertex 11.198625564575195 9.499266624450684 6
vertex 11.349437713623047 9.570594787597656 6
 endloop
endfacet
facet normal 0 0 0
 outer loop
vertex 12.331653594970703 6.332664966583252 6
vertex -18 0 6
vertex 18 0 6
 endloop
endfacet
facet normal 0 0 0
 outer loop
vertex 18 48 6
vertex 11.349437713623047 41.570594787597656 6
vertex 11.506516456604004 41.62679672241211 6
 endloop
endfacet
facet normal 0 0 0
 outer loop
vertex 12.16662883758545 38.30818557739258 6
vertex 12 38.29999923706055 6
vertex -13.314117431640625 9.078468322753906 6
 endloop
endfacet
facet normal 0 0 0
 outer loop
vertex -12 9.699999809265137 6
vertex 11.349437713623047 9.570594787597656 6
vertex 11.506516456604004 9.626798629760742 6
 endloop
endfacet
facet normal 0 0 0
 outer loop
vertex 12.493483543395996 6.373201370239258 6
vertex 12.331653594970703 6.332664966583252 6
vertex 18 0 6
 endloop
endfacet
facet normal 0 0 0
 outer loop
vertex 18 48 6
vertex 11.506516456604004 41.62679672241211 6
vertex 11.668346405029297 41.667335510253906 6
 endloop
endfacet
facet normal 0 0 0
 outer loop
vertex 12.331653594970703 38.332664489746094 6
vertex 12.16662883758545 38.30818557739258 6
vertex -13.314117431640625 9.078468322753906 6
 endloop
endfacet
facet normal 0 0 0
 outer loop
vertex -12 9.699999809265137 6
vertex 11.506516456604004 9.626798629760742 6
vertex 11.668346405029297 9.66733455657959 6
 endloop
endfacet
facet normal 0 0 0
 outer loop
vertex 12.650562286376953 6.4294047355651855 6
vertex 12.493483543395996 6.373201370239258 6
vertex 18 0 6
 endloop
endfacet
facet normal 0 0 0
 outer loop
vertex 18 48 6
vertex 11.668346405029297 41.667335510253906 6
vertex 11.83337116241455 41.69181442260742 6
 endloop
endfacet
facet normal 0 0 0
 outer loop
vertex 12.493483543395996 38.37320327758789 6
vertex 12.331653594970703 38.332664489746094 6
vertex -13.314117431640625 9.078468322753906 6
 endloop
endfacet
facet normal 0 0 0
 outer loop
vertex -12 9.699999809265137 6
vertex 11.668346405029297 9.66733455657959 6
vertex 11.83337116241455 9.691814422607422 6
 endloop
endfacet
facet normal 0 0 0
 outer loop
vertex 12.801374435424805 6.500733852386475 6
vertex 12.650562286376953 6.4294047355651855 6
vertex 18 0 6
 endloop
endfacet
facet normal 0 0 0
 outer loop
vertex 18 48 6
vertex 11.83337116241455 41.69181442260742 6
vertex 12 41.70000076293945 6
 endloop
endfacet
facet normal 0 0 0
 outer loop
vertex 12.650562286376953 38.429405212402344 6
vertex 12.493483543395996 38.37320327758789 6
vertex -13.314117431640625 9.078468322753906 6
 endloop
endfacet
facet normal 0 0 0
 outer loop
vertex -12 9.699999809265137 6
vertex 11.83337116241455 9.691814422607422 6
vertex 12 9.699999809265137 6
 endloop
endfacet
facet normal 0 0 0
 outer loop
vertex 12.944469451904297 6.586501598358154 6
vertex 12.801374435424805 6.500733852386475 6
vertex 18 0 6
 endloop
endfacet
facet normal 0 0 0
 outer loop
vertex 18 48 6
vertex 12 41.70000076293945 6
vertex 12.16662883758545 41.69181442260742 6
 endloop
endfacet
facet normal 0 0 0
 outer loop
vertex 12.801374435424805 38.500732421875 6
vertex 12.650562286376953 38.429405212402344 6
vertex -13.314117431640625 9.078468322753906 6
 endloop
endfacet
facet normal 0 0 0
 outer loop
vertex 13.078468322753906 6.685882091522217 6
vertex 12.944469451904297 6.586501598358154 6
vertex 18 0 6
 endloop
endfacet
facet normal 0 0 0
 outer loop
vertex 18 48 6
vertex 12.16662883758545 41.69181442260742 6
vertex 12.331653594970703 41.667335510253906 6
 endloop
endfacet
facet normal 0 0 0
 outer loop
vertex 12.944469451904297 38.58650207519531 6
vertex 12.801374435424805 38.500732421875 6
vertex -13.314117431640625 9.078468322753906 6
 endloop
endfacet
facet normal 0 0 0
 outer loop
vertex 13.202081680297852 6.797918319702148 6
vertex 13.078468322753906 6.685882091522217 6
vertex 18 0 6
 endloop
endfacet
facet normal 0 0 0
 outer loop
vertex 18 48 6
vertex 12.331653594970703 41.667335510253906 6
vertex 12.493483543395996 41.62679672241211 6
 endloop
endfacet
facet normal 0 0 0
 outer loop
vertex 13.078468322753906 38.685882568359375 6
vertex 12.944469451904297 38.58650207519531 6
vertex -13.314117431640625 9.078468322753906 6
 endloop
endfacet
facet normal 0 0 0
 outer loop
vertex 13.314117431640625 6.9215312004089355 6
vertex 13.202081680297852 6.797918319702148 6
vertex 18 0 6
 endloop
endfacet
facet normal 0 0 0
 outer loop
vertex 18 48 6
vertex 12.493483543395996 41.62679672241211 6
vertex 12.650562286376953 41.570594787597656 6
 endloop
endfacet
facet normal 0 0 0
 outer loop
vertex 13.202081680297852 38.79792022705078 6
vertex 13.078468322753906 38.685882568359375 6
vertex -13.314117431640625 9.078468322753906 6
 endloop
endfacet
facet normal 0 0 0
 outer loop
vertex 13.413497924804688 7.055530548095703 6
vertex 13.314117431640625 6.9215312004089355 6
vertex 18 0 6
 endloop
endfacet
facet normal 0 0 0
 outer loop
vertex 18 48 6
vertex 12.650562286376953 41.570594787597656 6
vertex 12.801374435424805 41.499267578125 6
 endloop
endfacet
facet normal 0 0 0
 outer loop
vertex 13.314117431640625 38.921531677246094 6
vertex 13.202081680297852 38.79792022705078 6
vertex -13.314117431640625 9.078468322753906 6
 endloop
endfacet
facet normal 0 0 0
 outer loop
vertex 13.499266624450684 7.198625564575195 6
vertex 13.413497924804688 7.055530548095703 6
vertex 18 0 6
 endloop
endfacet
facet normal 0 0 0
 outer loop
vertex 18 48 6
vertex 12.801374435424805 41.499267578125 6
vertex 12.944469451904297 41.41349792480469 6
 endloop
endfacet
facet normal 0 0 0
 outer loop
vertex 13.314117431640625 38.921531677246094 6
vertex -13.314117431640625 9.078468322753906 6
vertex -13.202081680297852 9.202081680297852 6
 endloop
endfacet
facet normal 0 0 0
 outer loop
vertex 13.570594787597656 7.349438190460205 6
vertex 13.499266624450684 7.198625564575195 6
vertex 18 0 6
 endloop
endfacet
facet normal 0 0 0
 outer loop
vertex 18 48 6
vertex 12.944469451904297 41.41349792480469 6
vertex 13.078468322753906 41.314117431640625 6
 endloop
endfacet
facet normal 0 0 0
 outer loop
vertex 13.314117431640625 38.921531677246094 6
vertex -13.202081680297852 9.202081680297852 6
vertex -13.078468322753906 9.314117431640625 6
 endloop
endfacet
facet normal 0 0 0
 outer loop
vertex 13.626798629760742 7.506515979766846 6
vertex 13.570594787597656 7.349438190460205 6
vertex 18 0 6
 endloop
endfacet
facet normal 0 0 0
 outer loop
vertex 18 48 6
vertex 13.078468322753906 41.314117431640625 6
vertex 13.202081680297852 41.20207977294922 6
 endloop
endfacet
facet normal 0 0 0
 outer loop
vertex 13.314117431640625 38.921531677246094 6
vertex -13.078468322753906 9.314117431640625 6
vertex -12.944469451904297 9.413497924804688 6
 endloop
endfacet
facet normal 0 0 0
 outer loop
vertex 13.66733455657959 7.668346405029297 6
vertex 13.626798629760742 7.506515979766846 6
vertex 18 0 6
 endloop
endfacet
facet normal 0 0 0
 outer loop
vertex 18 48 6
vertex 13.202081680297852 41.20207977294922 6
vertex 13.314117431640625 41.078468322753906 6
 endloop
endfacet
facet normal 0 0 0
 outer loop
vertex 13.314117431640625 38.921531677246094 6
vertex -12.944469451904297 9.413497924804688 6
vertex -12.801374435424805 9.499266624450684 6
 endloop
endfacet
facet normal 0 0 0
 outer loop
vertex 13.691814422607422 7.833370685577393 6
vertex 13.66733455657959 7.668346405029297 6
vertex 18 0 6
 endloop
endfacet
facet normal 0 0 0
 outer loop
vertex 18 48 6
vertex 13.314117431640625 41.078468322753906 6
vertex 13.413497924804688 40.9444694519043 6
 endloop
endfacet
facet normal 0 0 0
 outer loop
vertex 13.314117431640625 38.921531677246094 6
vertex -12.801374435424805 9.499266624450684 6
vertex -12.650562286376953 9.570594787597656 6
 endloop
endfacet
facet normal 0 0 0
 outer loop
vertex 13.699999809265137 8 6
vertex 13.691814422607422 7.833370685577393 6
vertex 18 0 6
 endloop
endfacet
facet normal 0 0 0
 outer loop
vertex 18 48 6
vertex 13.413497924804688 40.9444694519043 6
vertex 13.499266624450684 40.80137634277344 6
 endloop
endfacet
facet normal 0 0 0
 outer loop
vertex 13.314117431640625 38.921531677246094 6
vertex -12.650562286376953 9.570594787597656 6
vertex -12.493483543395996 9.626798629760742 6
 endloop
endfacet
facet normal 0 0 0
 outer loop
vertex 13.691814422607422 8.16662883758545 6
vertex 13.699999809265137 8 6
vertex 18 0 6
 endloop
endfacet
facet normal 0 0 0
 outer loop
vertex 18 48 6
vertex 13.499266624450684 40.80137634277344 6
vertex 13.570594787597656 40.65056228637695 6
 endloop
endfacet
facet normal 0 0 0
 outer loop
vertex 13.314117431640625 38.921531677246094 6
vertex -12.493483543395996 9.626798629760742 6
vertex -12.331653594970703 9.66733455657959 6
 endloop
endfacet
facet normal 0 0 0
 outer loop
vertex 13.66733455657959 8.331653594970703 6
vertex 13.691814422607422 8.16662883758545 6
vertex 18 0 6
 endloop
endfacet
facet normal 0 0 0
 outer loop
vertex 18 48 6
vertex 13.570594787597656 40.65056228637695 6
vertex 13.626798629760742 40.49348449707031 6
 endloop
endfacet
facet normal 0 0 0
 outer loop
vertex 13.314117431640625 38.921531677246094 6
vertex -12.331653594970703 9.66733455657959 6
vertex -12.16662883758545 9.691814422607422 6
 endloop
endfacet
facet normal 0 0 0
 outer loop
vertex 13.626798629760742 8.493483543395996 6
vertex 13.66733455657959 8.331653594970703 6
vertex 18 0 6
 endloop
endfacet
facet normal 0 0 0
 outer loop
vertex 18 48 6
vertex 13.626798629760742 40.49348449707031 6
vertex 13.66733455657959 40.3316535949707 6
 endloop
endfacet
facet normal 0 0 0
 outer loop
vertex 13.314117431640625 38.921531677246094 6
vertex -12.16662883758545 9.691814422607422 6
vertex -12 9.699999809265137 6
 endloop
endfacet
facet normal 0 0 0
 outer loop
vertex 13.570594787597656 8.650562286376953 6
vertex 13.626798629760742 8.493483543395996 6
vertex 18 0 6
 endloop
endfacet
facet normal 0 0 0
 outer loop
vertex 18 48 6
vertex 13.66733455657959 40.3316535949707 6
vertex 13.691814422607422 40.166629791259766 6
 endloop
endfacet
facet normal 0 0 0
 outer loop
vertex 13.314117431640625 38.921531677246094 6
vertex -12 9.699999809265137 6
vertex 12 9.699999809265137 6
 endloop
endfacet
facet normal 0 0 0
 outer loop
vertex 13.499266624450684 8.801374435424805 6
vertex 13.570594787597656 8.650562286376953 6
vertex 18 0 6
 endloop
endfacet
facet normal 0 0 0
 outer loop
vertex 18 0 6
vertex 18 48 6
vertex 13.691814422607422 40.166629791259766 6
 endloop
endfacet
facet normal 0 0 0
 outer loop
vertex 13.413497924804688 39.0555305480957 6
vertex 13.314117431640625 38.921531677246094 6
vertex 12 9.699999809265137 6
 endloop
endfacet
facet normal 0 0 0
 outer loop
vertex 18 0 6
vertex 13.691814422607422 40.166629791259766 6
vertex 13.699999809265137 40 6
 endloop
endfacet
facet normal 0 0 0
 outer loop
vertex 13.499266624450684 39.19862365722656 6
vertex 13.413497924804688 39.0555305480957 6
vertex 12 9.699999809265137 6
 endloop
endfacet
facet normal 0 0 0
 outer loop
vertex 13.499266624450684 8.801374435424805 6
vertex 18 0 6
vertex 13.699999809265137 40 6
 endloop
endfacet
facet normal 0 0 0
 outer loop
vertex 13.570594787597656 39.34943771362305 6
vertex 13.499266624450684 39.19862365722656 6
vertex 12 9.699999809265137 6
 endloop
endfacet
facet normal 0 0 0
 outer loop
vertex 13.413497924804688 8.944469451904297 6
vertex 13.499266624450684 8.801374435424805 6
vertex 13.699999809265137 40 6
 endloop
endfacet
facet normal 0 0 0
 outer loop
vertex 13.626798629760742 39.50651550292969 6
vertex 13.570594787597656 39.34943771362305 6
vertex 12 9.699999809265137 6
 endloop
endfacet
facet normal 0 0 0
 outer loop
vertex 13.314117431640625 9.078468322753906 6
vertex 13.413497924804688 8.944469451904297 6
vertex 13.699999809265137 40 6
 endloop
endfacet
facet normal 0 0 0
 outer loop
vertex 13.66733455657959 39.6683464050293 6
vertex 13.626798629760742 39.50651550292969 6
vertex 12 9.699999809265137 6
 endloop
endfacet
facet normal 0 0 0
 outer loop
vertex 13.202081680297852 9.202081680297852 6
vertex 13.314117431640625 9.078468322753906 6
vertex 13.699999809265137 40 6
 endloop
endfacet
facet normal 0 0 0
 outer loop
vertex 13.691814422607422 39.833370208740234 6
vertex 13.66733455657959 39.6683464050293 6
vertex 12 9.699999809265137 6
 endloop
endfacet
facet normal 0 0 0
 outer loop
vertex 13.078468322753906 9.314117431640625 6
vertex 13.202081680297852 9.202081680297852 6
vertex 13.699999809265137 40 6
 endloop
endfacet
facet normal 0 0 0
 outer loop
vertex 13.691814422607422 39.833370208740234 6
vertex 12 9.699999809265137 6
vertex 12.16662883758545 9.691814422607422 6
 endloop
endfacet
facet normal 0 0 0
 outer loop
vertex 12.944469451904297 9.413497924804688 6
vertex 13.078468322753906 9.314117431640625 6
vertex 13.699999809265137 40 6
 endloop
endfacet
facet normal 0 0 0
 outer loop
vertex 13.691814422607422 39.833370208740234 6
vertex 12.16662883758545 9.691814422607422 6
vertex 12.331653594970703 9.66733455657959 6
 endloop
endfacet
facet normal 0 0 0
 outer loop
vertex 12.801374435424805 9.499266624450684 6
vertex 12.944469451904297 9.413497924804688 6
vertex 13.699999809265137 40 6
 endloop
endfacet
facet normal 0 0 0
 outer loop
vertex 13.699999809265137 40 6
vertex 13.691814422607422 39.833370208740234 6
vertex 12.331653594970703 9.66733455657959 6
 endloop
endfacet
facet normal 0 0 0
 outer loop
vertex 12.650562286376953 9.570594787597656 6
vertex 12.801374435424805 9.499266624450684 6
vertex 13.699999809265137 40 6
 endloop
endfacet
facet normal 0 0 0
 outer loop
vertex 13.699999809265137 40 6
vertex 12.331653594970703 9.66733455657959 6
vertex 12.493483543395996 9.626798629760742 6
 endloop
endfacet
facet normal 0 0 0
 outer loop
vertex 12.493483543395996 9.626798629760742 6
vertex 12.650562286376953 9.570594787597656 6
vertex 13.699999809265137 40 6
 endloop
endfacet
facet normal 0 0 0
 outer loop
vertex -18 0 0
vertex 18 0 0
vertex -18 0 6
 endloop
endfacet
facet normal 0 0 0
 outer loop
vertex 18 0 0
vertex 18 0 6
vertex -18 0 6
 endloop
endfacet
facet normal 0 0 0
 outer loop
vertex 18 0 0
vertex 18 48 0
vertex 18 0 6
 endloop
endfacet
facet normal 0 0 0
 outer loop
vertex 18 48 0
vertex 18 48 6
vertex 18 0 6
 endloop
endfacet
facet normal 0 0 0
 outer loop
vertex 18 48 0
vertex -18 48 0
vertex 18 48 6
 endloop
endfacet
facet normal 0 0 0
 outer loop
vertex -18 48 0
vertex -18 48 6
vertex 18 48 6
 endloop
endfacet
facet normal 0 0 0
 outer loop
vertex -18 48 0
vertex -18 0 0
vertex -18 48 6
 endloop
endfacet
facet normal 0 0 0
 outer loop
vertex -18 0 0
vertex -18 0 6
vertex -18 48 6
 endloop
endfacet
facet normal 0 0 0
 outer loop
vertex -10.300000190734863 8 0
vertex -10.308185577392578 7.833370685577393 0
vertex -10.300000190734863 8 6
 endloop
endfacet
facet normal 0 0 0
 outer loop
vertex -10.308185577392578 7.833370685577393 0
vertex -10.308185577392578 7.833370685577393 6
vertex -10.300000190734863 8 6
 endloop
endfacet
facet normal 0 0 0
 outer loop
vertex -10.308185577392578 7.833370685577393 0
vertex -10.33266544342041 7.668346405029297 0
vertex -10.308185577392578 7.833370685577393 6
 endloop
endfacet
facet normal 0 0 0
 outer loop
vertex -10.33266544342041 7.668346405029297 0
vertex -10.33266544342041 7.668346405029297 6
vertex -10.308185577392578 7.833370685577393 6
 endloop
endfacet
facet normal 0 0 0
 outer loop
vertex -10.33266544342041 7.668346405029297 0
vertex -10.373201370239258 7.506515979766846 0
vertex -10.33266544342041 7.668346405029297 6
 endloop
endfacet
facet normal 0 0 0
 outer loop
vertex -10.373201370239258 7.506515979766846 0
vertex -10.373201370239258 7.506515979766846 6
vertex -10.33266544342041 7.668346405029297 6
 endloop
endfacet
facet normal 0 0 0
 outer loop
vertex -10.373201370239258 7.506515979766846 0
vertex -10.429405212402344 7.349438190460205 0
vertex -10.373201370239258 7.506515979766846 6
 endloop
endfacet
facet normal 0 0 0
 outer loop
vertex -10.429405212402344 7.349438190460205 0
vertex -10.429405212402344 7.349438190460205 6
vertex -10.373201370239258 7.506515979766846 6
 endloop
endfacet
facet normal 0 0 0
 outer loop
vertex -10.429405212402344 7.349438190460205 0
vertex -10.500733375549316 7.198625564575195 0
vertex -10.429405212402344 7.349438190460205 6
 endloop
endfacet
facet normal 0 0 0
 outer loop
vertex -10.500733375549316 7.198625564575195 0
vertex -10.500733375549316 7.198625564575195 6
vertex -10.429405212402344 7.349438190460205 6
 endloop
endfacet
facet normal 0 0 0
 outer loop
vertex -10.500733375549316 7.198625564575195 0
vertex -10.586502075195312 7.055530548095703 0
vertex -10.500733375549316 7.198625564575195 6
 endloop
endfacet
facet normal 0 0 0
 outer loop
vertex -10.586502075195312 7.055530548095703 0
vertex -10.586502075195312 7.055530548095703 6
vertex -10.500733375549316 7.198625564575195 6
 endloop
endfacet
facet normal 0 0 0
 outer loop
vertex -10.586502075195312 7.055530548095703 0
vertex -10.685882568359375 6.9215312004089355 0
vertex -10.586502075195312 7.055530548095703 6
 endloop
endfacet
facet normal 0 0 0
 outer loop
vertex -10.685882568359375 6.9215312004089355 0
vertex -10.685882568359375 6.9215312004089355 6
vertex -10.586502075195312 7.055530548095703 6
 endloop
endfacet
facet normal 0 0 0
 outer loop
vertex -10.685882568359375 6.9215312004089355 0
vertex -10.797918319702148 6.797918319702148 0
vertex -10.685882568359375 6.9215312004089355 6
 endloop
endfacet
facet normal 0 0 0
 outer loop
vertex -10.797918319702148 6.797918319702148 0
vertex -10.797918319702148 6.797918319702148 6
vertex -10.685882568359375 6.9215312004089355 6
 endloop
endfacet
facet normal 0 0 0
 outer loop
vertex -10.797918319702148 6.797918319702148 0
vertex -10.921531677246094 6.685882091522217 0
vertex -10.797918319702148 6.797918319702148 6
 endloop
endfacet
facet normal 0 0 0
 outer loop
vertex -10.921531677246094 6.685882091522217 0
vertex -10.921531677246094 6.685882091522217 6
vertex -10.797918319702148 6.797918319702148 6
 endloop
endfacet
facet normal 0 0 0
 outer loop
vertex -10.921531677246094 6.685882091522217 0
vertex -11.055530548095703 6.586501598358154 0
vertex -10.921531677246094 6.685882091522217 6
 endloop
endfacet
facet normal 0 0 0
 outer loop
vertex -11.055530548095703 6.586501598358154 0
vertex -11.055530548095703 6.586501598358154 6
vertex -10.921531677246094 6.685882091522217 6
 endloop
endfacet
facet normal 0 0 0
 outer loop
vertex -11.055530548095703 6.586501598358154 0
vertex -11.198625564575195 6.500733852386475 0
vertex -11.055530548095703 6.586501598358154 6
 endloop
endfacet
facet normal 0 0 0
 outer loop
vertex -11.198625564575195 6.500733852386475 0
vertex -11.198625564575195 6.500733852386475 6
vertex -11.055530548095703 6.586501598358154 6
 endloop
endfacet
facet normal 0 0 0
 outer loop
vertex -11.198625564575195 6.500733852386475 0
vertex -11.349437713623047 6.4294047355651855 0
vertex -11.198625564575195 6.500733852386475 6
 endloop
endfacet
facet normal 0 0 0
 outer loop
vertex -11.349437713623047 6.4294047355651855 0
vertex -11.349437713623047 6.4294047355651855 6
vertex -11.198625564575195 6.500733852386475 6
 endloop
endfacet
facet normal 0 0 0
 outer loop
vertex -11.349437713623047 6.4294047355651855 0
vertex -11.506516456604004 6.373201370239258 0
vertex -11.349437713623047 6.4294047355651855 6
 endloop
endfacet
facet normal 0 0 0
 outer loop
vertex -11.506516456604004 6.373201370239258 0
vertex -11.506516456604004 6.373201370239258 6
vertex -11.349437713623047 6.4294047355651855 6
 endloop
endfacet
facet normal 0 0 0
 outer loop
vertex -11.506516456604004 6.373201370239258 0
vertex -11.668346405029297 6.332664966583252 0
vertex -11.506516456604004 6.373201370239258 6
 endloop
endfacet
facet normal 0 0 0
 outer loop
vertex -11.668346405029297 6.332664966583252 0
vertex -11.668346405029297 6.332664966583252 6
vertex -11.506516456604004 6.373201370239258 6
 endloop
endfacet
facet normal 0 0 0
 outer loop
vertex -11.668346405029297 6.332664966583252 0
vertex -11.83337116241455 6.308186054229736 0
vertex -11.668346405029297 6.332664966583252 6
 endloop
endfacet
facet normal 0 0 0
 outer loop
vertex -11.83337116241455 6.308186054229736 0
vertex -11.83337116241455 6.308186054229736 6
vertex -11.668346405029297 6.332664966583252 6
 endloop
endfacet
facet normal 0 0 0
 outer loop
vertex -11.83337116241455 6.308186054229736 0
vertex -12 6.300000190734863 0
vertex -11.83337116241455 6.308186054229736 6
 endloop
endfacet
facet normal 0 0 0
 outer loop
vertex -12 6.300000190734863 0
vertex -12 6.300000190734863 6
vertex -11.83337116241455 6.308186054229736 6
 endloop
endfacet
facet normal 0 0 0
 outer loop
vertex -12 6.300000190734863 0
vertex -12.16662883758545 6.308186054229736 0
vertex -12 6.300000190734863 6
 endloop
endfacet
facet normal 0 0 0
 outer loop
vertex -12.16662883758545 6.308186054229736 0
vertex -12.16662883758545 6.308186054229736 6
vertex -12 6.300000190734863 6
 endloop
endfacet
facet normal 0 0 0
 outer loop
vertex -12.16662883758545 6.308186054229736 0
vertex -12.331653594970703 6.332664966583252 0
vertex -12.16662883758545 6.308186054229736 6
 endloop
endfacet
facet normal 0 0 0
 outer loop
vertex -12.331653594970703 6.332664966583252 0
vertex -12.331653594970703 6.332664966583252 6
vertex -12.16662883758545 6.308186054229736 6
 endloop
endfacet
facet normal 0 0 0
 outer loop
vertex -12.331653594970703 6.332664966583252 0
vertex -12.493483543395996 6.373201370239258 0
vertex -12.331653594970703 6.332664966583252 6
 endloop
endfacet
facet normal 0 0 0
 outer loop
vertex -12.493483543395996 6.373201370239258 0
vertex -12.493483543395996 6.373201370239258 6
vertex -12.331653594970703 6.332664966583252 6
 endloop
endfacet
facet normal 0 0 0
 outer loop
vertex -12.493483543395996 6.373201370239258 0
vertex -12.650562286376953 6.4294047355651855 0
vertex -12.493483543395996 6.373201370239258 6
 endloop
endfacet
facet normal 0 0 0
 outer loop
vertex -12.650562286376953 6.4294047355651855 0
vertex -12.650562286376953 6.4294047355651855 6
vertex -12.493483543395996 6.373201370239258 6
 endloop
endfacet
facet normal 0 0 0
 outer loop
vertex -12.650562286376953 6.4294047355651855 0
vertex -12.801374435424805 6.500733852386475 0
vertex -12.650562286376953 6.4294047355651855 6
 endloop
endfacet
facet normal 0 0 0
 outer loop
vertex -12.801374435424805 6.500733852386475 0
vertex -12.801374435424805 6.500733852386475 6
vertex -12.650562286376953 6.4294047355651855 6
 endloop
endfacet
facet normal 0 0 0
 outer loop
vertex -12.801374435424805 6.500733852386475 0
vertex -12.944469451904297 6.586501598358154 0
vertex -12.801374435424805 6.500733852386475 6
 endloop
endfacet
facet normal 0 0 0
 outer loop
vertex -12.944469451904297 6.586501598358154 0
vertex -12.944469451904297 6.586501598358154 6
vertex -12.801374435424805 6.500733852386475 6
 endloop
endfacet
facet normal 0 0 0
 outer loop
vertex -12.944469451904297 6.586501598358154 0
vertex -13.078468322753906 6.685882091522217 0
vertex -12.944469451904297 6.586501598358154 6
 endloop
endfacet
facet normal 0 0 0
 outer loop
vertex -13.078468322753906 6.685882091522217 0
vertex -13.078468322753906 6.685882091522217 6
vertex -12.944469451904297 6.586501598358154 6
 endloop
endfacet
facet normal 0 0 0
 outer loop
vertex -13.078468322753906 6.685882091522217 0
vertex -13.202081680297852 6.797918319702148 0
vertex -13.078468322753906 6.685882091522217 6
 endloop
endfacet
facet normal 0 0 0
 outer loop
vertex -13.202081680297852 6.797918319702148 0
vertex -13.202081680297852 6.797918319702148 6
vertex -13.078468322753906 6.685882091522217 6
 endloop
endfacet
facet normal 0 0 0
 outer loop
vertex -13.202081680297852 6.797918319702148 0
vertex -13.314117431640625 6.9215312004089355 0
vertex -13.202081680297852 6.797918319702148 6
 endloop
endfacet
facet normal 0 0 0
 outer loop
vertex -13.314117431640625 6.9215312004089355 0
vertex -13.314117431640625 6.9215312004089355 6
vertex -13.202081680297852 6.797918319702148 6
 endloop
endfacet
facet normal 0 0 0
 outer loop
vertex -13.314117431640625 6.9215312004089355 0
vertex -13.413497924804688 7.055530548095703 0
vertex -13.314117431640625 6.9215312004089355 6
 endloop
endfacet
facet normal 0 0 0
 outer loop
vertex -13.413497924804688 7.055530548095703 0
vertex -13.413497924804688 7.055530548095703 6
vertex -13.314117431640625 6.9215312004089355 6
 endloop
endfacet
facet normal 0 0 0
 outer loop
vertex -13.413497924804688 7.055530548095703 0
vertex -13.499266624450684 7.198625564575195 0
vertex -13.413497924804688 7.055530548095703 6
 endloop
endfacet
facet normal 0 0 0
 outer loop
vertex -13.499266624450684 7.198625564575195 0
vertex -13.499266624450684 7.198625564575195 6
vertex -13.413497924804688 7.055530548095703 6
 endloop
endfacet
facet normal 0 0 0
 outer loop
vertex -13.499266624450684 7.198625564575195 0
vertex -13.570594787597656 7.349438190460205 0
vertex -13.499266624450684 7.198625564575195 6
 endloop
endfacet
facet normal 0 0 0
 outer loop
vertex -13.570594787597656 7.349438190460205 0
vertex -13.570594787597656 7.349438190460205 6
vertex -13.499266624450684 7.198625564575195 6
 endloop
endfacet
facet normal 0 0 0
 outer loop
vertex -13.570594787597656 7.349438190460205 0
vertex -13.626798629760742 7.506515979766846 0
vertex -13.570594787597656 7.349438190460205 6
 endloop
endfacet
facet normal 0 0 0
 outer loop
vertex -13.626798629760742 7.506515979766846 0
vertex -13.626798629760742 7.506515979766846 6
vertex -13.570594787597656 7.349438190460205 6
 endloop
endfacet
facet normal 0 0 0
 outer loop
vertex -13.626798629760742 7.506515979766846 0
vertex -13.66733455657959 7.668346405029297 0
vertex -13.626798629760742 7.506515979766846 6
 endloop
endfacet
facet normal 0 0 0
 outer loop
vertex -13.66733455657959 7.668346405029297 0
vertex -13.66733455657959 7.668346405029297 6
vertex -13.626798629760742 7.506515979766846 6
 endloop
endfacet
facet normal 0 0 0
 outer loop
vertex -13.66733455657959 7.668346405029297 0
vertex -13.691814422607422 7.833370685577393 0
vertex -13.66733455657959 7.668346405029297 6
 endloop
endfacet
facet normal 0 0 0
 outer loop
vertex -13.691814422607422 7.833370685577393 0
vertex -13.691814422607422 7.833370685577393 6
vertex -13.66733455657959 7.668346405029297 6
 endloop
endfacet
facet normal 0 0 0
 outer loop
vertex -13.691814422607422 7.833370685577393 0
vertex -13.699999809265137 8 0
vertex -13.691814422607422 7.833370685577393 6
 endloop
endfacet
facet normal 0 0 0
 outer loop
vertex -13.699999809265137 8 0
vertex -13.699999809265137 8 6
vertex -13.691814422607422 7.833370685577393 6
 endloop
endfacet
facet normal 0 0 0
 outer loop
vertex -13.699999809265137 8 0
vertex -13.691814422607422 8.16662883758545 0
vertex -13.699999809265137 8 6
 endloop
endfacet
facet normal 0 0 0
 outer loop
vertex -13.691814422607422 8.16662883758545 0
vertex -13.691814422607422 8.16662883758545 6
vertex -13.699999809265137 8 6
 endloop
endfacet
facet normal 0 0 0
 outer loop
vertex -13.691814422607422 8.16662883758545 0
vertex -13.66733455657959 8.331653594970703 0
vertex -13.691814422607422 8.16662883758545 6
 endloop
endfacet
facet normal 0 0 0
 outer loop
vertex -13.66733455657959 8.331653594970703 0
vertex -13.66733455657959 8.331653594970703 6
vertex -13.691814422607422 8.16662883758545 6
 endloop
endfacet
facet normal 0 0 0
 outer loop
vertex -13.66733455657959 8.331653594970703 0
vertex -13.626798629760742 8.493483543395996 0
vertex -13.66733455657959 8.331653594970703 6
 endloop
endfacet
facet normal 0 0 0
 outer loop
vertex -13.626798629760742 8.493483543395996 0
vertex -13.626798629760742 8.493483543395996 6
vertex -13.66733455657959 8.331653594970703 6
 endloop
endfacet
facet normal 0 0 0
 outer loop
vertex -13.626798629760742 8.493483543395996 0
vertex -13.570594787597656 8.650562286376953 0
vertex -13.626798629760742 8.493483543395996 6
 endloop
endfacet
facet normal 0 0 0
 outer loop
vertex -13.570594787597656 8.650562286376953 0
vertex -13.570594787597656 8.650562286376953 6
vertex -13.626798629760742 8.493483543395996 6
 endloop
endfacet
facet normal 0 0 0
 outer loop
vertex -13.570594787597656 8.650562286376953 0
vertex -13.499266624450684 8.801374435424805 0
vertex -13.570594787597656 8.650562286376953 6
 endloop
endfacet
facet normal 0 0 0
 outer loop
vertex -13.499266624450684 8.801374435424805 0
vertex -13.499266624450684 8.801374435424805 6
vertex -13.570594787597656 8.650562286376953 6
 endloop
endfacet
facet normal 0 0 0
 outer loop
vertex -13.499266624450684 8.801374435424805 0
vertex -13.413497924804688 8.944469451904297 0
vertex -13.499266624450684 8.801374435424805 6
 endloop
endfacet
facet normal 0 0 0
 outer loop
vertex -13.413497924804688 8.944469451904297 0
vertex -13.413497924804688 8.944469451904297 6
vertex -13.499266624450684 8.801374435424805 6
 endloop
endfacet
facet normal 0 0 0
 outer loop
vertex -13.413497924804688 8.944469451904297 0
vertex -13.314117431640625 9.078468322753906 0
vertex -13.413497924804688 8.944469451904297 6
 endloop
endfacet
facet normal 0 0 0
 outer loop
vertex -13.314117431640625 9.078468322753906 0
vertex -13.314117431640625 9.078468322753906 6
vertex -13.413497924804688 8.944469451904297 6
 endloop
endfacet
facet normal 0 0 0
 outer loop
vertex -13.314117431640625 9.078468322753906 0
vertex -13.202081680297852 9.202081680297852 0
vertex -13.314117431640625 9.078468322753906 6
 endloop
endfacet
facet normal 0 0 0
 outer loop
vertex -13.202081680297852 9.202081680297852 0
vertex -13.202081680297852 9.202081680297852 6
vertex -13.314117431640625 9.078468322753906 6
 endloop
endfacet
facet normal 0 0 0
 outer loop
vertex -13.202081680297852 9.202081680297852 0
vertex -13.078468322753906 9.314117431640625 0
vertex -13.202081680297852 9.202081680297852 6
 endloop
endfacet
facet normal 0 0 0
 outer loop
vertex -13.078468322753906 9.314117431640625 0
vertex -13.078468322753906 9.314117431640625 6
vertex -13.202081680297852 9.202081680297852 6
 endloop
endfacet
facet normal 0 0 0
 outer loop
vertex -13.078468322753906 9.314117431640625 0
vertex -12.944469451904297 9.413497924804688 0
vertex -13.078468322753906 9.314117431640625 6
 endloop
endfacet
facet normal 0 0 0
 outer loop
vertex -12.944469451904297 9.413497924804688 0
vertex -12.944469451904297 9.413497924804688 6
vertex -13.078468322753906 9.314117431640625 6
 endloop
endfacet
facet normal 0 0 0
 outer loop
vertex -12.944469451904297 9.413497924804688 0
vertex -12.801374435424805 9.499266624450684 0
vertex -12.944469451904297 9.413497924804688 6
 endloop
endfacet
facet normal 0 0 0
 outer loop
vertex -12.801374435424805 9.499266624450684 0
vertex -12.801374435424805 9.499266624450684 6
vertex -12.944469451904297 9.413497924804688 6
 endloop
endfacet
facet normal 0 0 0
 outer loop
vertex -12.801374435424805 9.499266624450684 0
vertex -12.650562286376953 9.570594787597656 0
vertex -12.801374435424805 9.499266624450684 6
 endloop
endfacet
facet normal 0 0 0
 outer loop
vertex -12.650562286376953 9.570594787597656 0
vertex -12.650562286376953 9.570594787597656 6
vertex -12.801374435424805 9.499266624450684 6
 endloop
endfacet
facet normal 0 0 0
 outer loop
vertex -12.650562286376953 9.570594787597656 0
vertex -12.493483543395996 9.626798629760742 0
vertex -12.650562286376953 9.570594787597656 6
 endloop
endfacet
facet normal 0 0 0
 outer loop
vertex -12.493483543395996 9.626798629760742 0
vertex -12.493483543395996 9.626798629760742 6
vertex -12.650562286376953 9.570594787597656 6
 endloop
endfacet
facet normal 0 0 0
 outer loop
vertex -12.493483543395996 9.626798629760742 0
vertex -12.331653594970703 9.66733455657959 0
vertex -12.493483543395996 9.626798629760742 6
 endloop
endfacet
facet normal 0 0 0
 outer loop
vertex -12.331653594970703 9.66733455657959 0
vertex -12.331653594970703 9.66733455657959 6
vertex -12.493483543395996 9.626798629760742 6
 endloop
endfacet
facet normal 0 0 0
 outer loop
vertex -12.331653594970703 9.66733455657959 0
vertex -12.16662883758545 9.691814422607422 0
vertex -12.331653594970703 9.66733455657959 6
 endloop
endfacet
facet normal 0 0 0
 outer loop
vertex -12.16662883758545 9.691814422607422 0
vertex -12.16662883758545 9.691814422607422 6
vertex -12.331653594970703 9.66733455657959 6
 endloop
endfacet
facet normal 0 0 0
 outer loop
vertex -12.16662883758545 9.691814422607422 0
vertex -12 9.699999809265137 0
vertex -12.16662883758545 9.691814422607422 6
 endloop
endfacet
facet normal 0 0 0
 outer loop
vertex -12 9.699999809265137 0
vertex -12 9.699999809265137 6
vertex -12.16662883758545 9.691814422607422 6
 endloop
endfacet
facet normal 0 0 0
 outer loop
vertex -12 9.699999809265137 0
vertex -11.83337116241455 9.691814422607422 0
vertex -12 9.699999809265137 6
 endloop
endfacet
facet normal 0 0 0
 outer loop
vertex -11.83337116241455 9.691814422607422 0
vertex -11.83337116241455 9.691814422607422 6
vertex -12 9.699999809265137 6
 endloop
endfacet
facet normal 0 0 0
 outer loop
vertex -11.83337116241455 9.691814422607422 0
vertex -11.668346405029297 9.66733455657959 0
vertex -11.83337116241455 9.691814422607422 6
 endloop
endfacet
facet normal 0 0 0
 outer loop
vertex -11.668346405029297 9.66733455657959 0
vertex -11.668346405029297 9.66733455657959 6
vertex -11.83337116241455 9.691814422607422 6
 endloop
endfacet
facet normal 0 0 0
 outer loop
vertex -11.668346405029297 9.66733455657959 0
vertex -11.506516456604004 9.626798629760742 0
vertex -11.668346405029297 9.66733455657959 6
 endloop
endfacet
facet normal 0 0 0
 outer loop
vertex -11.506516456604004 9.626798629760742 0
vertex -11.506516456604004 9.626798629760742 6
vertex -11.668346405029297 9.66733455657959 6
 endloop
endfacet
facet normal 0 0 0
 outer loop
vertex -11.506516456604004 9.626798629760742 0
vertex -11.349437713623047 9.570594787597656 0
vertex -11.506516456604004 9.626798629760742 6
 endloop
endfacet
facet normal 0 0 0
 outer loop
vertex -11.349437713623047 9.570594787597656 0
vertex -11.349437713623047 9.570594787597656 6
vertex -11.506516456604004 9.626798629760742 6
 endloop
endfacet
facet normal 0 0 0
 outer loop
vertex -11.349437713623047 9.570594787597656 0
vertex -11.198625564575195 9.499266624450684 0
vertex -11.349437713623047 9.570594787597656 6
 endloop
endfacet
facet normal 0 0 0
 outer loop
vertex -11.198625564575195 9.499266624450684 0
vertex -11.198625564575195 9.499266624450684 6
vertex -11.349437713623047 9.570594787597656 6
 endloop
endfacet
facet normal 0 0 0
 outer loop
vertex -11.198625564575195 9.499266624450684 0
vertex -11.055530548095703 9.413497924804688 0
vertex -11.198625564575195 9.499266624450684 6
 endloop
endfacet
facet normal 0 0 0
 outer loop
vertex -11.055530548095703 9.413497924804688 0
vertex -11.055530548095703 9.413497924804688 6
vertex -11.198625564575195 9.499266624450684 6
 endloop
endfacet
facet normal 0 0 0
 outer loop
vertex -11.055530548095703 9.413497924804688 0
vertex -10.921531677246094 9.314117431640625 0
vertex -11.055530548095703 9.413497924804688 6
 endloop
endfacet
facet normal 0 0 0
 outer loop
vertex -10.921531677246094 9.314117431640625 0
vertex -10.921531677246094 9.314117431640625 6
vertex -11.055530548095703 9.413497924804688 6
 endloop
endfacet
facet normal 0 0 0
 outer loop
vertex -10.921531677246094 9.314117431640625 0
vertex -10.797918319702148 9.202081680297852 0
vertex -10.921531677246094 9.314117431640625 6
 endloop
endfacet
facet normal 0 0 0
 outer loop
vertex -10.797918319702148 9.202081680297852 0
vertex -10.797918319702148 9.202081680297852 6
vertex -10.921531677246094 9.314117431640625 6
 endloop
endfacet
facet normal 0 0 0
 outer loop
vertex -10.797918319702148 9.202081680297852 0
vertex -10.685882568359375 9.078468322753906 0
vertex -10.797918319702148 9.202081680297852 6
 endloop
endfacet
facet normal 0 0 0
 outer loop
vertex -10.685882568359375 9.078468322753906 0
vertex -10.685882568359375 9.078468322753906 6
vertex -10.797918319702148 9.202081680297852 6
 endloop
endfacet
facet normal 0 0 0
 outer loop
vertex -10.685882568359375 9.078468322753906 0
vertex -10.586502075195312 8.944469451904297 0
vertex -10.685882568359375 9.078468322753906 6
 endloop
endfacet
facet normal 0 0 0
 outer loop
vertex -10.586502075195312 8.944469451904297 0
vertex -10.586502075195312 8.944469451904297 6
vertex -10.685882568359375 9.078468322753906 6
 endloop
endfacet
facet normal 0 0 0
 outer loop
vertex -10.586502075195312 8.944469451904297 0
vertex -10.500733375549316 8.801374435424805 0
vertex -10.586502075195312 8.944469451904297 6
 endloop
endfacet
facet normal 0 0 0
 outer loop
vertex -10.500733375549316 8.801374435424805 0
vertex -10.500733375549316 8.801374435424805 6
vertex -10.586502075195312 8.944469451904297 6
 endloop
endfacet
facet normal 0 0 0
 outer loop
vertex -10.500733375549316 8.801374435424805 0
vertex -10.429405212402344 8.650562286376953 0
vertex -10.500733375549316 8.801374435424805 6
 endloop
endfacet
facet normal 0 0 0
 outer loop
vertex -10.429405212402344 8.650562286376953 0
vertex -10.429405212402344 8.650562286376953 6
vertex -10.500733375549316 8.801374435424805 6
 endloop
endfacet
facet normal 0 0 0
 outer loop
vertex -10.429405212402344 8.650562286376953 0
vertex -10.373201370239258 8.493483543395996 0
vertex -10.429405212402344 8.650562286376953 6
 endloop
endfacet
facet normal 0 0 0
 outer loop
vertex -10.373201370239258 8.493483543395996 0
vertex -10.373201370239258 8.493483543395996 6
vertex -10.429405212402344 8.650562286376953 6
 endloop
endfacet
facet normal 0 0 0
 outer loop
vertex -10.373201370239258 8.493483543395996 0
vertex -10.33266544342041 8.331653594970703 0
vertex -10.373201370239258 8.493483543395996 6
 endloop
endfacet
facet normal 0 0 0
 outer loop
vertex -10.33266544342041 8.331653594970703 0
vertex -10.33266544342041 8.331653594970703 6
vertex -10.373201370239258 8.493483543395996 6
 endloop
endfacet
facet normal 0 0 0
 outer loop
vertex -10.33266544342041 8.331653594970703 0
vertex -10.308185577392578 8.16662883758545 0
vertex -10.33266544342041 8.331653594970703 6
 endloop
endfacet
facet normal 0 0 0
 outer loop
vertex -10.308185577392578 8.16662883758545 0
vertex -10.308185577392578 8.16662883758545 6
vertex -10.33266544342041 8.331653594970703 6
 endloop
endfacet
facet normal 0 0 0
 outer loop
vertex -10.308185577392578 8.16662883758545 0
vertex -10.300000190734863 8 0
vertex -10.308185577392578 8.16662883758545 6
 endloop
endfacet
facet normal 0 0 0
 outer loop
vertex -10.300000190734863 8 0
vertex -10.300000190734863 8 6
vertex -10.308185577392578 8.16662883758545 6
 endloop
endfacet
facet normal 0 0 0
 outer loop
vertex 13.699999809265137 8 0
vertex 13.691814422607422 7.833370685577393 0
vertex 13.699999809265137 8 6
 endloop
endfacet
facet normal 0 0 0
 outer loop
vertex 13.691814422607422 7.833370685577393 0
vertex 13.691814422607422 7.833370685577393 6
vertex 13.699999809265137 8 6
 endloop
endfacet
facet normal 0 0 0
 outer loop
vertex 13.691814422607422 7.833370685577393 0
vertex 13.66733455657959 7.668346405029297 0
vertex 13.691814422607422 7.833370685577393 6
 endloop
endfacet
facet normal 0 0 0
 outer loop
vertex 13.66733455657959 7.668346405029297 0
vertex 13.66733455657959 7.668346405029297 6
vertex 13.691814422607422 7.833370685577393 6
 endloop
endfacet
facet normal 0 0 0
 outer loop
vertex 13.66733455657959 7.668346405029297 0
vertex 13.626798629760742 7.506515979766846 0
vertex 13.66733455657959 7.668346405029297 6
 endloop
endfacet
facet normal 0 0 0
 outer loop
vertex 13.626798629760742 7.506515979766846 0
vertex 13.626798629760742 7.506515979766846 6
vertex 13.66733455657959 7.668346405029297 6
 endloop
endfacet
facet normal 0 0 0
 outer loop
vertex 13.626798629760742 7.506515979766846 0
vertex 13.570594787597656 7.349438190460205 0
vertex 13.626798629760742 7.506515979766846 6
 endloop
endfacet
facet normal 0 0 0
 outer loop
vertex 13.570594787597656 7.349438190460205 0
vertex 13.570594787597656 7.349438190460205 6
vertex 13.626798629760742 7.506515979766846 6
 endloop
endfacet
facet normal 0 0 0
 outer loop
vertex 13.570594787597656 7.349438190460205 0
vertex 13.499266624450684 7.198625564575195 0
vertex 13.570594787597656 7.349438190460205 6
 endloop
endfacet
facet normal 0 0 0
 outer loop
vertex 13.499266624450684 7.198625564575195 0
vertex 13.499266624450684 7.198625564575195 6
vertex 13.570594787597656 7.349438190460205 6
 endloop
endfacet
facet normal 0 0 0
 outer loop
vertex 13.499266624450684 7.198625564575195 0
vertex 13.413497924804688 7.055530548095703 0
vertex 13.499266624450684 7.198625564575195 6
 endloop
endfacet
facet normal 0 0 0
 outer loop
vertex 13.413497924804688 7.055530548095703 0
vertex 13.413497924804688 7.055530548095703 6
vertex 13.499266624450684 7.198625564575195 6
 endloop
endfacet
facet normal 0 0 0
 outer loop
vertex 13.413497924804688 7.055530548095703 0
vertex 13.314117431640625 6.9215312004089355 0
vertex 13.413497924804688 7.055530548095703 6
 endloop
endfacet
facet normal 0 0 0
 outer loop
vertex 13.314117431640625 6.9215312004089355 0
vertex 13.314117431640625 6.9215312004089355 6
vertex 13.413497924804688 7.055530548095703 6
 endloop
endfacet
facet normal 0 0 0
 outer loop
vertex 13.314117431640625 6.9215312004089355 0
vertex 13.202081680297852 6.797918319702148 0
vertex 13.314117431640625 6.9215312004089355 6
 endloop
endfacet
facet normal 0 0 0
 outer loop
vertex 13.202081680297852 6.797918319702148 0
vertex 13.202081680297852 6.797918319702148 6
vertex 13.314117431640625 6.9215312004089355 6
 endloop
endfacet
facet normal 0 0 0
 outer loop
vertex 13.202081680297852 6.797918319702148 0
vertex 13.078468322753906 6.685882091522217 0
vertex 13.202081680297852 6.797918319702148 6
 endloop
endfacet
facet normal 0 0 0
 outer loop
vertex 13.078468322753906 6.685882091522217 0
vertex 13.078468322753906 6.685882091522217 6
vertex 13.202081680297852 6.797918319702148 6
 endloop
endfacet
facet normal 0 0 0
 outer loop
vertex 13.078468322753906 6.685882091522217 0
vertex 12.944469451904297 6.586501598358154 0
vertex 13.078468322753906 6.685882091522217 6
 endloop
endfacet
facet normal 0 0 0
 outer loop
vertex 12.944469451904297 6.586501598358154 0
vertex 12.944469451904297 6.586501598358154 6
vertex 13.078468322753906 6.685882091522217 6
 endloop
endfacet
facet normal 0 0 0
 outer loop
vertex 12.944469451904297 6.586501598358154 0
vertex 12.801374435424805 6.500733852386475 0
vertex 12.944469451904297 6.586501598358154 6
 endloop
endfacet
facet normal 0 0 0
 outer loop
vertex 12.801374435424805 6.500733852386475 0
vertex 12.801374435424805 6.500733852386475 6
vertex 12.944469451904297 6.586501598358154 6
 endloop
endfacet
facet normal 0 0 0
 outer loop
vertex 12.801374435424805 6.500733852386475 0
vertex 12.650562286376953 6.4294047355651855 0
vertex 12.801374435424805 6.500733852386475 6
 endloop
endfacet
facet normal 0 0 0
 outer loop
vertex 12.650562286376953 6.4294047355651855 0
vertex 12.650562286376953 6.4294047355651855 6
vertex 12.801374435424805 6.500733852386475 6
 endloop
endfacet
facet normal 0 0 0
 outer loop
vertex 12.650562286376953 6.4294047355651855 0
vertex 12.493483543395996 6.373201370239258 0
vertex 12.650562286376953 6.4294047355651855 6
 endloop
endfacet
facet normal 0 0 0
 outer loop
vertex 12.493483543395996 6.373201370239258 0
vertex 12.493483543395996 6.373201370239258 6
vertex 12.650562286376953 6.4294047355651855 6
 endloop
endfacet
facet normal 0 0 0
 outer loop
vertex 12.493483543395996 6.373201370239258 0
vertex 12.331653594970703 6.332664966583252 0
vertex 12.493483543395996 6.373201370239258 6
 endloop
endfacet
facet normal 0 0 0
 outer loop
vertex 12.331653594970703 6.332664966583252 0
vertex 12.331653594970703 6.332664966583252 6
vertex 12.493483543395996 6.373201370239258 6
 endloop
endfacet
facet normal 0 0 0
 outer loop
vertex 12.331653594970703 6.332664966583252 0
vertex 12.16662883758545 6.308186054229736 0
vertex 12.331653594970703 6.332664966583252 6
 endloop
endfacet
facet normal 0 0 0
 outer loop
vertex 12.16662883758545 6.308186054229736 0
vertex 12.16662883758545 6.308186054229736 6
vertex 12.331653594970703 6.332664966583252 6
 endloop
endfacet
facet normal 0 0 0
 outer loop
vertex 12.16662883758545 6.308186054229736 0
vertex 12 6.300000190734863 0
vertex 12.16662883758545 6.308186054229736 6
 endloop
endfacet
facet normal 0 0 0
 outer loop
vertex 12 6.300000190734863 0
vertex 12 6.300000190734863 6
vertex 12.16662883758545 6.308186054229736 6
 endloop
endfacet
facet normal 0 0 0
 outer loop
vertex 12 6.300000190734863 0
vertex 11.83337116241455 6.308186054229736 0
vertex 12 6.300000190734863 6
 endloop
endfacet
facet normal 0 0 0
 outer loop
vertex 11.83337116241455 6.308186054229736 0
vertex 11.83337116241455 6.308186054229736 6
vertex 12 6.300000190734863 6
 endloop
endfacet
facet normal 0 0 0
 outer loop
vertex 11.83337116241455 6.308186054229736 0
vertex 11.668346405029297 6.332664966583252 0
vertex 11.83337116241455 6.308186054229736 6
 endloop
endfacet
facet normal 0 0 0
 outer loop
vertex 11.668346405029297 6.332664966583252 0
vertex 11.668346405029297 6.332664966583252 6
vertex 11.83337116241455 6.308186054229736 6
 endloop
endfacet
facet normal 0 0 0
 outer loop
vertex 11.668346405029297 6.332664966583252 0
vertex 11.506516456604004 6.373201370239258 0
vertex 11.668346405029297 6.332664966583252 6
 endloop
endfacet
facet normal 0 0 0
 outer loop
vertex 11.506516456604004 6.373201370239258 0
vertex 11.506516456604004 6.373201370239258 6
vertex 11.668346405029297 6.332664966583252 6
 endloop
endfacet
facet normal 0 0 0
 outer loop
vertex 11.506516456604004 6.373201370239258 0
vertex 11.349437713623047 6.4294047355651855 0
vertex 11.506516456604004 6.373201370239258 6
 endloop
endfacet
facet normal 0 0 0
 outer loop
vertex 11.349437713623047 6.4294047355651855 0
vertex 11.349437713623047 6.4294047355651855 6
vertex 11.506516456604004 6.373201370239258 6
 endloop
endfacet
facet normal 0 0 0
 outer loop
vertex 11.349437713623047 6.4294047355651855 0
vertex 11.198625564575195 6.500733852386475 0
vertex 11.349437713623047 6.4294047355651855 6
 endloop
endfacet
facet normal 0 0 0
 outer loop
vertex 11.198625564575195 6.500733852386475 0
vertex 11.198625564575195 6.500733852386475 6
vertex 11.349437713623047 6.4294047355651855 6
 endloop
endfacet
facet normal 0 0 0
 outer loop
vertex 11.198625564575195 6.500733852386475 0
vertex 11.055530548095703 6.586501598358154 0
vertex 11.198625564575195 6.500733852386475 6
 endloop
endfacet
facet normal 0 0 0
 outer loop
vertex 11.055530548095703 6.586501598358154 0
vertex 11.055530548095703 6.586501598358154 6
vertex 11.198625564575195 6.500733852386475 6
 endloop
endfacet
facet normal 0 0 0
 outer loop
vertex 11.055530548095703 6.586501598358154 0
vertex 10.921531677246094 6.685882091522217 0
vertex 11.055530548095703 6.586501598358154 6
 endloop
endfacet
facet normal 0 0 0
 outer loop
vertex 10.921531677246094 6.685882091522217 0
vertex 10.921531677246094 6.685882091522217 6
vertex 11.055530548095703 6.586501598358154 6
 endloop
endfacet
facet normal 0 0 0
 outer loop
vertex 10.921531677246094 6.685882091522217 0
vertex 10.797918319702148 6.797918319702148 0
vertex 10.921531677246094 6.685882091522217 6
 endloop
endfacet
facet normal 0 0 0
 outer loop
vertex 10.797918319702148 6.797918319702148 0
vertex 10.797918319702148 6.797918319702148 6
vertex 10.921531677246094 6.685882091522217 6
 endloop
endfacet
facet normal 0 0 0
 outer loop
vertex 10.797918319702148 6.797918319702148 0
vertex 10.685882568359375 6.9215312004089355 0
vertex 10.797918319702148 6.797918319702148 6
 endloop
endfacet
facet normal 0 0 0
 outer loop
vertex 10.685882568359375 6.9215312004089355 0
vertex 10.685882568359375 6.9215312004089355 6
vertex 10.797918319702148 6.797918319702148 6
 endloop
endfacet
facet normal 0 0 0
 outer loop
vertex 10.685882568359375 6.9215312004089355 0
vertex 10.586502075195312 7.055530548095703 0
vertex 10.685882568359375 6.9215312004089355 6
 endloop
endfacet
facet normal 0 0 0
 outer loop
vertex 10.586502075195312 7.055530548095703 0
vertex 10.586502075195312 7.055530548095703 6
vertex 10.685882568359375 6.9215312004089355 6
 endloop
endfacet
facet normal 0 0 0
 outer loop
vertex 10.586502075195312 7.055530548095703 0
vertex 10.500733375549316 7.198625564575195 0
vertex 10.586502075195312 7.055530548095703 6
 endloop
endfacet
facet normal 0 0 0
 outer loop
vertex 10.500733375549316 7.198625564575195 0
vertex 10.500733375549316 7.198625564575195 6
vertex 10.586502075195312 7.055530548095703 6
 endloop
endfacet
facet normal 0 0 0
 outer loop
vertex 10.500733375549316 7.198625564575195 0
vertex 10.429405212402344 7.349438190460205 0
vertex 10.500733375549316 7.198625564575195 6
 endloop
endfacet
facet normal 0 0 0
 outer loop
vertex 10.429405212402344 7.349438190460205 0
vertex 10.429405212402344 7.349438190460205 6
vertex 10.500733375549316 7.198625564575195 6
 endloop
endfacet
facet normal 0 0 0
 outer loop
vertex 10.429405212402344 7.349438190460205 0
vertex 10.373201370239258 7.506515979766846 0
vertex 10.429405212402344 7.349438190460205 6
 endloop
endfacet
facet normal 0 0 0
 outer loop
vertex 10.373201370239258 7.506515979766846 0
vertex 10.373201370239258 7.506515979766846 6
vertex 10.429405212402344 7.349438190460205 6
 endloop
endfacet
facet normal 0 0 0
 outer loop
vertex 10.373201370239258 7.506515979766846 0
vertex 10.33266544342041 7.668346405029297 0
vertex 10.373201370239258 7.506515979766846 6
 endloop
endfacet
facet normal 0 0 0
 outer loop
vertex 10.33266544342041 7.668346405029297 0
vertex 10.33266544342041 7.668346405029297 6
vertex 10.373201370239258 7.506515979766846 6
 endloop
endfacet
facet normal 0 0 0
 outer loop
vertex 10.33266544342041 7.668346405029297 0
vertex 10.308185577392578 7.833370685577393 0
vertex 10.33266544342041 7.668346405029297 6
 endloop
endfacet
facet normal 0 0 0
 outer loop
vertex 10.308185577392578 7.833370685577393 0
vertex 10.308185577392578 7.833370685577393 6
vertex 10.33266544342041 7.668346405029297 6
 endloop
endfacet
facet normal 0 0 0
 outer loop
vertex 10.308185577392578 7.833370685577393 0
vertex 10.300000190734863 8 0
vertex 10.308185577392578 7.833370685577393 6
 endloop
endfacet
facet normal 0 0 0
 outer loop
vertex 10.300000190734863 8 0
vertex 10.300000190734863 8 6
vertex 10.308185577392578 7.833370685577393 6
 endloop
endfacet
facet normal 0 0 0
 outer loop
vertex 10.300000190734863 8 0
vertex 10.308185577392578 8.16662883758545 0
vertex 10.300000190734863 8 6
 endloop
endfacet
facet normal 0 0 0
 outer loop
vertex 10.308185577392578 8.16662883758545 0
vertex 10.308185577392578 8.16662883758545 6
vertex 10.300000190734863 8 6
 endloop
endfacet
facet normal 0 0 0
 outer loop
vertex 10.308185577392578 8.16662883758545 0
vertex 10.33266544342041 8.331653594970703 0
vertex 10.308185577392578 8.16662883758545 6
 endloop
endfacet
facet normal 0 0 0
 outer loop
vertex 10.33266544342041 8.331653594970703 0
vertex 10.33266544342041 8.331653594970703 6
vertex 10.308185577392578 8.16662883758545 6
 endloop
endfacet
facet normal 0 0 0
 outer loop
vertex 10.33266544342041 8.331653594970703 0
vertex 10.373201370239258 8.493483543395996 0
vertex 10.33266544342041 8.331653594970703 6
 endloop
endfacet
facet normal 0 0 0
 outer loop
vertex 10.373201370239258 8.493483543395996 0
vertex 10.373201370239258 8.493483543395996 6
vertex 10.33266544342041 8.331653594970703 6
 endloop
endfacet
facet normal 0 0 0
 outer loop
vertex 10.373201370239258 8.493483543395996 0
vertex 10.429405212402344 8.650562286376953 0
vertex 10.373201370239258 8.493483543395996 6
 endloop
endfacet
facet normal 0 0 0
 outer loop
vertex 10.429405212402344 8.650562286376953 0
vertex 10.429405212402344 8.650562286376953 6
vertex 10.373201370239258 8.493483543395996 6
 endloop
endfacet
facet normal 0 0 0
 outer loop
vertex 10.429405212402344 8.650562286376953 0
vertex 10.500733375549316 8.801374435424805 0
vertex 10.429405212402344 8.650562286376953 6
 endloop
endfacet
facet normal 0 0 0
 outer loop
vertex 10.500733375549316 8.801374435424805 0
vertex 10.500733375549316 8.801374435424805 6
vertex 10.429405212402344 8.650562286376953 6
 endloop
endfacet
facet normal 0 0 0
 outer loop
vertex 10.500733375549316 8.801374435424805 0
vertex 10.586502075195312 8.944469451904297 0
vertex 10.500733375549316 8.801374435424805 6
 endloop
endfacet
facet normal 0 0 0
 outer loop
vertex 10.586502075195312 8.944469451904297 0
vertex 10.586502075195312 8.944469451904297 6
vertex 10.500733375549316 8.801374435424805 6
 endloop
endfacet
facet normal 0 0 0
 outer loop
vertex 10.586502075195312 8.944469451904297 0
vertex 10.685882568359375 9.078468322753906 0
vertex 10.586502075195312 8.944469451904297 6
 endloop
endfacet
facet normal 0 0 0
 outer loop
vertex 10.685882568359375 9.078468322753906 0
vertex 10.685882568359375 9.078468322753906 6
vertex 10.586502075195312 8.944469451904297 6
 endloop
endfacet
facet normal 0 0 0
 outer loop
vertex 10.685882568359375 9.078468322753906 0
vertex 10.797918319702148 9.202081680297852 0
vertex 10.685882568359375 9.078468322753906 6
 endloop
endfacet
facet normal 0 0 0
 outer loop
vertex 10.797918319702148 9.202081680297852 0
vertex 10.797918319702148 9.202081680297852 6
vertex 10.685882568359375 9.078468322753906 6
 endloop
endfacet
facet normal 0 0 0
 outer loop
vertex 10.797918319702148 9.202081680297852 0
vertex 10.921531677246094 9.314117431640625 0
vertex 10.797918319702148 9.202081680297852 6
 endloop
endfacet
facet normal 0 0 0
 outer loop
vertex 10.921531677246094 9.314117431640625 0
vertex 10.921531677246094 9.314117431640625 6
vertex 10.797918319702148 9.202081680297852 6
 endloop
endfacet
facet normal 0 0 0
 outer loop
vertex 10.921531677246094 9.314117431640625 0
vertex 11.055530548095703 9.413497924804688 0
vertex 10.921531677246094 9.314117431640625 6
 endloop
endfacet
facet normal 0 0 0
 outer loop
vertex 11.055530548095703 9.413497924804688 0
vertex 11.055530548095703 9.413497924804688 6
vertex 10.921531677246094 9.314117431640625 6
 endloop
endfacet
facet normal 0 0 0
 outer loop
vertex 11.055530548095703 9.413497924804688 0
vertex 11.198625564575195 9.499266624450684 0
vertex 11.055530548095703 9.413497924804688 6
 endloop
endfacet
facet normal 0 0 0
 outer loop
vertex 11.198625564575195 9.499266624450684 0
vertex 11.198625564575195 9.499266624450684 6
vertex 11.055530548095703 9.413497924804688 6
 endloop
endfacet
facet normal 0 0 0
 outer loop
vertex 11.198625564575195 9.499266624450684 0
vertex 11.349437713623047 9.570594787597656 0
vertex 11.198625564575195 9.499266624450684 6
 endloop
endfacet
facet normal 0 0 0
 outer loop
vertex 11.349437713623047 9.570594787597656 0
vertex 11.349437713623047 9.570594787597656 6
vertex 11.198625564575195 9.499266624450684 6
 endloop
endfacet
facet normal 0 0 0
 outer loop
vertex 11.349437713623047 9.570594787597656 0
vertex 11.506516456604004 9.626798629760742 0
vertex 11.349437713623047 9.570594787597656 6
 endloop
endfacet
facet normal 0 0 0
 outer loop
vertex 11.506516456604004 9.626798629760742 0
vertex 11.506516456604004 9.626798629760742 6
vertex 11.349437713623047 9.570594787597656 6
 endloop
endfacet
facet normal 0 0 0
 outer loop
vertex 11.506516456604004 9.626798629760742 0
vertex 11.668346405029297 9.66733455657959 0
vertex 11.506516456604004 9.626798629760742 6
 endloop
endfacet
facet normal 0 0 0
 outer loop
vertex 11.668346405029297 9.66733455657959 0
vertex 11.668346405029297 9.66733455657959 6
vertex 11.506516456604004 9.626798629760742 6
 endloop
endfacet
facet normal 0 0 0
 outer loop
vertex 11.668346405029297 9.66733455657959 0
vertex 11.83337116241455 9.691814422607422 0
vertex 11.668346405029297 9.66733455657959 6
 endloop
endfacet
facet normal 0 0 0
 outer loop
vertex 11.83337116241455 9.691814422607422 0
vertex 11.83337116241455 9.691814422607422 6
vertex 11.668346405029297 9.66733455657959 6
 endloop
endfacet
facet normal 0 0 0
 outer loop
vertex 11.83337116241455 9.691814422607422 0
vertex 12 9.699999809265137 0
vertex 11.83337116241455 9.691814422607422 6
 endloop
endfacet
facet normal 0 0 0
 outer loop
vertex 12 9.699999809265137 0
vertex 12 9.699999809265137 6
vertex 11.83337116241455 9.691814422607422 6
 endloop
endfacet
facet normal 0 0 0
 outer loop
vertex 12 9.699999809265137 0
vertex 12.16662883758545 9.691814422607422 0
vertex 12 9.699999809265137 6
 endloop
endfacet
facet normal 0 0 0
 outer loop
vertex 12.16662883758545 9.691814422607422 0
vertex 12.16662883758545 9.691814422607422 6
vertex 12 9.699999809265137 6
 endloop
endfacet
facet normal 0 0 0
 outer loop
vertex 12.16662883758545 9.691814422607422 0
vertex 12.331653594970703 9.66733455657959 0
vertex 12.16662883758545 9.691814422607422 6
 endloop
endfacet
facet normal 0 0 0
 outer loop
vertex 12.331653594970703 9.66733455657959 0
vertex 12.331653594970703 9.66733455657959 6
vertex 12.16662883758545 9.691814422607422 6
 endloop
endfacet
facet normal 0 0 0
 outer loop
vertex 12.331653594970703 9.66733455657959 0
vertex 12.493483543395996 9.626798629760742 0
vertex 12.331653594970703 9.66733455657959 6
 endloop
endfacet
facet normal 0 0 0
 outer loop
vertex 12.493483543395996 9.626798629760742 0
vertex 12.493483543395996 9.626798629760742 6
vertex 12.331653594970703 9.66733455657959 6
 endloop
endfacet
facet normal 0 0 0
 outer loop
vertex 12.493483543395996 9.626798629760742 0
vertex 12.650562286376953 9.570594787597656 0
vertex 12.493483543395996 9.626798629760742 6
 endloop
endfacet
facet normal 0 0 0
 outer loop
vertex 12.650562286376953 9.570594787597656 0
vertex 12.650562286376953 9.570594787597656 6
vertex 12.493483543395996 9.626798629760742 6
 endloop
endfacet
facet normal 0 0 0
 outer loop
vertex 12.650562286376953 9.570594787597656 0
vertex 12.801374435424805 9.499266624450684 0
vertex 12.650562286376953 9.570594787597656 6
 endloop
endfacet
facet normal 0 0 0
 outer loop
vertex 12.801374435424805 9.499266624450684 0
vertex 12.801374435424805 9.499266624450684 6
vertex 12.650562286376953 9.570594787597656 6
 endloop
endfacet
facet normal 0 0 0
 outer loop
vertex 12.801374435424805 9.499266624450684 0
vertex 12.944469451904297 9.413497924804688 0
vertex 12.801374435424805 9.499266624450684 6
 endloop
endfacet
facet normal 0 0 0
 outer loop
vertex 12.944469451904297 9.413497924804688 0
vertex 12.944469451904297 9.413497924804688 6
vertex 12.801374435424805 9.499266624450684 6
 endloop
endfacet
facet normal 0 0 0
 outer loop
vertex 12.944469451904297 9.413497924804688 0
vertex 13.078468322753906 9.314117431640625 0
vertex 12.944469451904297 9.413497924804688 6
 endloop
endfacet
facet normal 0 0 0
 outer loop
vertex 13.078468322753906 9.314117431640625 0
vertex 13.078468322753906 9.314117431640625 6
vertex 12.944469451904297 9.413497924804688 6
 endloop
endfacet
facet normal 0 0 0
 outer loop
vertex 13.078468322753906 9.314117431640625 0
vertex 13.202081680297852 9.202081680297852 0
vertex 13.078468322753906 9.314117431640625 6
 endloop
endfacet
facet normal 0 0 0
 outer loop
vertex 13.202081680297852 9.202081680297852 0
vertex 13.202081680297852 9.202081680297852 6
vertex 13.078468322753906 9.314117431640625 6
 endloop
endfacet
facet normal 0 0 0
 outer loop
vertex 13.202081680297852 9.202081680297852 0
vertex 13.314117431640625 9.078468322753906 0
vertex 13.202081680297852 9.202081680297852 6
 endloop
endfacet
facet normal 0 0 0
 outer loop
vertex 13.314117431640625 9.078468322753906 0
vertex 13.314117431640625 9.078468322753906 6
vertex 13.202081680297852 9.202081680297852 6
 endloop
endfacet
facet normal 0 0 0
 outer loop
vertex 13.314117431640625 9.078468322753906 0
vertex 13.413497924804688 8.944469451904297 0
vertex 13.314117431640625 9.078468322753906 6
 endloop
endfacet
facet normal 0 0 0
 outer loop
vertex 13.413497924804688 8.944469451904297 0
vertex 13.413497924804688 8.944469451904297 6
vertex 13.314117431640625 9.078468322753906 6
 endloop
endfacet
facet normal 0 0 0
 outer loop
vertex 13.413497924804688 8.944469451904297 0
vertex 13.499266624450684 8.801374435424805 0
vertex 13.413497924804688 8.944469451904297 6
 endloop
endfacet
facet normal 0 0 0
 outer loop
vertex 13.499266624450684 8.801374435424805 0
vertex 13.499266624450684 8.801374435424805 6
vertex 13.413497924804688 8.944469451904297 6
 endloop
endfacet
facet normal 0 0 0
 outer loop
vertex 13.499266624450684 8.801374435424805 0
vertex 13.570594787597656 8.650562286376953 0
vertex 13.499266624450684 8.801374435424805 6
 endloop
endfacet
facet normal 0 0 0
 outer loop
vertex 13.570594787597656 8.650562286376953 0
vertex 13.570594787597656 8.650562286376953 6
vertex 13.499266624450684 8.801374435424805 6
 endloop
endfacet
facet normal 0 0 0
 outer loop
vertex 13.570594787597656 8.650562286376953 0
vertex 13.626798629760742 8.493483543395996 0
vertex 13.570594787597656 8.650562286376953 6
 endloop
endfacet
facet normal 0 0 0
 outer loop
vertex 13.626798629760742 8.493483543395996 0
vertex 13.626798629760742 8.493483543395996 6
vertex 13.570594787597656 8.650562286376953 6
 endloop
endfacet
facet normal 0 0 0
 outer loop
vertex 13.626798629760742 8.493483543395996 0
vertex 13.66733455657959 8.331653594970703 0
vertex 13.626798629760742 8.493483543395996 6
 endloop
endfacet
facet normal 0 0 0
 outer loop
vertex 13.66733455657959 8.331653594970703 0
vertex 13.66733455657959 8.331653594970703 6
vertex 13.626798629760742 8.493483543395996 6
 endloop
endfacet
facet normal 0 0 0
 outer loop
vertex 13.66733455657959 8.331653594970703 0
vertex 13.691814422607422 8.16662883758545 0
vertex 13.66733455657959 8.331653594970703 6
 endloop
endfacet
facet normal 0 0 0
 outer loop
vertex 13.691814422607422 8.16662883758545 0
vertex 13.691814422607422 8.16662883758545 6
vertex 13.66733455657959 8.331653594970703 6
 endloop
endfacet
facet normal 0 0 0
 outer loop
vertex 13.691814422607422 8.16662883758545 0
vertex 13.699999809265137 8 0
vertex 13.691814422607422 8.16662883758545 6
 endloop
endfacet
facet normal 0 0 0
 outer loop
vertex 13.699999809265137 8 0
vertex 13.699999809265137 8 6
vertex 13.691814422607422 8.16662883758545 6
 endloop
endfacet
facet normal 0 0 0
 outer loop
vertex -10.300000190734863 40 0
vertex -10.308185577392578 39.833370208740234 0
vertex -10.300000190734863 40 6
 endloop
endfacet
facet normal 0 0 0
 outer loop
vertex -10.308185577392578 39.833370208740234 0
vertex -10.308185577392578 39.833370208740234 6
vertex -10.300000190734863 40 6
 endloop
endfacet
facet normal 0 0 0
 outer loop
vertex -10.308185577392578 39.833370208740234 0
vertex -10.33266544342041 39.6683464050293 0
vertex -10.308185577392578 39.833370208740234 6
 endloop
endfacet
facet normal 0 0 0
 outer loop
vertex -10.33266544342041 39.6683464050293 0
vertex -10.33266544342041 39.6683464050293 6
vertex -10.308185577392578 39.833370208740234 6
 endloop
endfacet
facet normal 0 0 0
 outer loop
vertex -10.33266544342041 39.6683464050293 0
vertex -10.373201370239258 39.50651550292969 0
vertex -10.33266544342041 39.6683464050293 6
 endloop
endfacet
facet normal 0 0 0
 outer loop
vertex -10.373201370239258 39.50651550292969 0
vertex -10.373201370239258 39.50651550292969 6
vertex -10.33266544342041 39.6683464050293 6
 endloop
endfacet
facet normal 0 0 0
 outer loop
vertex -10.373201370239258 39.50651550292969 0
vertex -10.429405212402344 39.34943771362305 0
vertex -10.373201370239258 39.50651550292969 6
 endloop
endfacet
facet normal 0 0 0
 outer loop
vertex -10.429405212402344 39.34943771362305 0
vertex -10.429405212402344 39.34943771362305 6
vertex -10.373201370239258 39.50651550292969 6
 endloop
endfacet
facet normal 0 0 0
 outer loop
vertex -10.429405212402344 39.34943771362305 0
vertex -10.500733375549316 39.19862365722656 0
vertex -10.429405212402344 39.34943771362305 6
 endloop
endfacet
facet normal 0 0 0
 outer loop
vertex -10.500733375549316 39.19862365722656 0
vertex -10.500733375549316 39.19862365722656 6
vertex -10.429405212402344 39.34943771362305 6
 endloop
endfacet
facet normal 0 0 0
 outer loop
vertex -10.500733375549316 39.19862365722656 0
vertex -10.586502075195312 39.0555305480957 0
vertex -10.500733375549316 39.19862365722656 6
 endloop
endfacet
facet normal 0 0 0
 outer loop
vertex -10.586502075195312 39.0555305480957 0
vertex -10.586502075195312 39.0555305480957 6
vertex -10.500733375549316 39.19862365722656 6
 endloop
endfacet
facet normal 0 0 0
 outer loop
vertex -10.586502075195312 39.0555305480957 0
vertex -10.685882568359375 38.921531677246094 0
vertex -10.586502075195312 39.0555305480957 6
 endloop
endfacet
facet normal 0 0 0
 outer loop
vertex -10.685882568359375 38.921531677246094 0
vertex -10.685882568359375 38.921531677246094 6
vertex -10.586502075195312 39.0555305480957 6
 endloop
endfacet
facet normal 0 0 0
 outer loop
vertex -10.685882568359375 38.921531677246094 0
vertex -10.797918319702148 38.79792022705078 0
vertex -10.685882568359375 38.921531677246094 6
 endloop
endfacet
facet normal 0 0 0
 outer loop
vertex -10.797918319702148 38.79792022705078 0
vertex -10.797918319702148 38.79792022705078 6
vertex -10.685882568359375 38.921531677246094 6
 endloop
endfacet
facet normal 0 0 0
 outer loop
vertex -10.797918319702148 38.79792022705078 0
vertex -10.921531677246094 38.685882568359375 0
vertex -10.797918319702148 38.79792022705078 6
 endloop
endfacet
facet normal 0 0 0
 outer loop
vertex -10.921531677246094 38.685882568359375 0
vertex -10.921531677246094 38.685882568359375 6
vertex -10.797918319702148 38.79792022705078 6
 endloop
endfacet
facet normal 0 0 0
 outer loop
vertex -10.921531677246094 38.685882568359375 0
vertex -11.055530548095703 38.58650207519531 0
vertex -10.921531677246094 38.685882568359375 6
 endloop
endfacet
facet normal 0 0 0
 outer loop
vertex -11.055530548095703 38.58650207519531 0
vertex -11.055530548095703 38.58650207519531 6
vertex -10.921531677246094 38.685882568359375 6
 endloop
endfacet
facet normal 0 0 0
 outer loop
vertex -11.055530548095703 38.58650207519531 0
vertex -11.198625564575195 38.500732421875 0
vertex -11.055530548095703 38.58650207519531 6
 endloop
endfacet
facet normal 0 0 0
 outer loop
vertex -11.198625564575195 38.500732421875 0
vertex -11.198625564575195 38.500732421875 6
vertex -11.055530548095703 38.58650207519531 6
 endloop
endfacet
facet normal 0 0 0
 outer loop
vertex -11.198625564575195 38.500732421875 0
vertex -11.349437713623047 38.429405212402344 0
vertex -11.198625564575195 38.500732421875 6
 endloop
endfacet
facet normal 0 0 0
 outer loop
vertex -11.349437713623047 38.429405212402344 0
vertex -11.349437713623047 38.429405212402344 6
vertex -11.198625564575195 38.500732421875 6
 endloop
endfacet
facet normal 0 0 0
 outer loop
vertex -11.349437713623047 38.429405212402344 0
vertex -11.506516456604004 38.37320327758789 0
vertex -11.349437713623047 38.429405212402344 6
 endloop
endfacet
facet normal 0 0 0
 outer loop
vertex -11.506516456604004 38.37320327758789 0
vertex -11.506516456604004 38.37320327758789 6
vertex -11.349437713623047 38.429405212402344 6
 endloop
endfacet
facet normal 0 0 0
 outer loop
vertex -11.506516456604004 38.37320327758789 0
vertex -11.668346405029297 38.332664489746094 0
vertex -11.506516456604004 38.37320327758789 6
 endloop
endfacet
facet normal 0 0 0
 outer loop
vertex -11.668346405029297 38.332664489746094 0
vertex -11.668346405029297 38.332664489746094 6
vertex -11.506516456604004 38.37320327758789 6
 endloop
endfacet
facet normal 0 0 0
 outer loop
vertex -11.668346405029297 38.332664489746094 0
vertex -11.83337116241455 38.30818557739258 0
vertex -11.668346405029297 38.332664489746094 6
 endloop
endfacet
facet normal 0 0 0
 outer loop
vertex -11.83337116241455 38.30818557739258 0
vertex -11.83337116241455 38.30818557739258 6
vertex -11.668346405029297 38.332664489746094 6
 endloop
endfacet
facet normal 0 0 0
 outer loop
vertex -11.83337116241455 38.30818557739258 0
vertex -12 38.29999923706055 0
vertex -11.83337116241455 38.30818557739258 6
 endloop
endfacet
facet normal 0 0 0
 outer loop
vertex -12 38.29999923706055 0
vertex -12 38.29999923706055 6
vertex -11.83337116241455 38.30818557739258 6
 endloop
endfacet
facet normal 0 0 0
 outer loop
vertex -12 38.29999923706055 0
vertex -12.16662883758545 38.30818557739258 0
vertex -12 38.29999923706055 6
 endloop
endfacet
facet normal 0 0 0
 outer loop
vertex -12.16662883758545 38.30818557739258 0
vertex -12.16662883758545 38.30818557739258 6
vertex -12 38.29999923706055 6
 endloop
endfacet
facet normal 0 0 0
 outer loop
vertex -12.16662883758545 38.30818557739258 0
vertex -12.331653594970703 38.332664489746094 0
vertex -12.16662883758545 38.30818557739258 6
 endloop
endfacet
facet normal 0 0 0
 outer loop
vertex -12.331653594970703 38.332664489746094 0
vertex -12.331653594970703 38.332664489746094 6
vertex -12.16662883758545 38.30818557739258 6
 endloop
endfacet
facet normal 0 0 0
 outer loop
vertex -12.331653594970703 38.332664489746094 0
vertex -12.493483543395996 38.37320327758789 0
vertex -12.331653594970703 38.332664489746094 6
 endloop
endfacet
facet normal 0 0 0
 outer loop
vertex -12.493483543395996 38.37320327758789 0
vertex -12.493483543395996 38.37320327758789 6
vertex -12.331653594970703 38.332664489746094 6
 endloop
endfacet
facet normal 0 0 0
 outer loop
vertex -12.493483543395996 38.37320327758789 0
vertex -12.650562286376953 38.429405212402344 0
vertex -12.493483543395996 38.37320327758789 6
 endloop
endfacet
facet normal 0 0 0
 outer loop
vertex -12.650562286376953 38.429405212402344 0
vertex -12.650562286376953 38.429405212402344 6
vertex -12.493483543395996 38.37320327758789 6
 endloop
endfacet
facet normal 0 0 0
 outer loop
vertex -12.650562286376953 38.429405212402344 0
vertex -12.801374435424805 38.500732421875 0
vertex -12.650562286376953 38.429405212402344 6
 endloop
endfacet
facet normal 0 0 0
 outer loop
vertex -12.801374435424805 38.500732421875 0
vertex -12.801374435424805 38.500732421875 6
vertex -12.650562286376953 38.429405212402344 6
 endloop
endfacet
facet normal 0 0 0
 outer loop
vertex -12.801374435424805 38.500732421875 0
vertex -12.944469451904297 38.58650207519531 0
vertex -12.801374435424805 38.500732421875 6
 endloop
endfacet
facet normal 0 0 0
 outer loop
vertex -12.944469451904297 38.58650207519531 0
vertex -12.944469451904297 38.58650207519531 6
vertex -12.801374435424805 38.500732421875 6
 endloop
endfacet
facet normal 0 0 0
 outer loop
vertex -12.944469451904297 38.58650207519531 0
vertex -13.078468322753906 38.685882568359375 0
vertex -12.944469451904297 38.58650207519531 6
 endloop
endfacet
facet normal 0 0 0
 outer loop
vertex -13.078468322753906 38.685882568359375 0
vertex -13.078468322753906 38.685882568359375 6
vertex -12.944469451904297 38.58650207519531 6
 endloop
endfacet
facet normal 0 0 0
 outer loop
vertex -13.078468322753906 38.685882568359375 0
vertex -13.202081680297852 38.79792022705078 0
vertex -13.078468322753906 38.685882568359375 6
 endloop
endfacet
facet normal 0 0 0
 outer loop
vertex -13.202081680297852 38.79792022705078 0
vertex -13.202081680297852 38.79792022705078 6
vertex -13.078468322753906 38.685882568359375 6
 endloop
endfacet
facet normal 0 0 0
 outer loop
vertex -13.202081680297852 38.79792022705078 0
vertex -13.314117431640625 38.921531677246094 0
vertex -13.202081680297852 38.79792022705078 6
 endloop
endfacet
facet normal 0 0 0
 outer loop
vertex -13.314117431640625 38.921531677246094 0
vertex -13.314117431640625 38.921531677246094 6
vertex -13.202081680297852 38.79792022705078 6
 endloop
endfacet
facet normal 0 0 0
 outer loop
vertex -13.314117431640625 38.921531677246094 0
vertex -13.413497924804688 39.0555305480957 0
vertex -13.314117431640625 38.921531677246094 6
 endloop
endfacet
facet normal 0 0 0
 outer loop
vertex -13.413497924804688 39.0555305480957 0
vertex -13.413497924804688 39.0555305480957 6
vertex -13.314117431640625 38.921531677246094 6
 endloop
endfacet
facet normal 0 0 0
 outer loop
vertex -13.413497924804688 39.0555305480957 0
vertex -13.499266624450684 39.19862365722656 0
vertex -13.413497924804688 39.0555305480957 6
 endloop
endfacet
facet normal 0 0 0
 outer loop
vertex -13.499266624450684 39.19862365722656 0
vertex -13.499266624450684 39.19862365722656 6
vertex -13.413497924804688 39.0555305480957 6
 endloop
endfacet
facet normal 0 0 0
 outer loop
vertex -13.499266624450684 39.19862365722656 0
vertex -13.570594787597656 39.34943771362305 0
vertex -13.499266624450684 39.19862365722656 6
 endloop
endfacet
facet normal 0 0 0
 outer loop
vertex -13.570594787597656 39.34943771362305 0
vertex -13.570594787597656 39.34943771362305 6
vertex -13.499266624450684 39.19862365722656 6
 endloop
endfacet
facet normal 0 0 0
 outer loop
vertex -13.570594787597656 39.34943771362305 0
vertex -13.626798629760742 39.50651550292969 0
vertex -13.570594787597656 39.34943771362305 6
 endloop
endfacet
facet normal 0 0 0
 outer loop
vertex -13.626798629760742 39.50651550292969 0
vertex -13.626798629760742 39.50651550292969 6
vertex -13.570594787597656 39.34943771362305 6
 endloop
endfacet
facet normal 0 0 0
 outer loop
vertex -13.626798629760742 39.50651550292969 0
vertex -13.66733455657959 39.6683464050293 0
vertex -13.626798629760742 39.50651550292969 6
 endloop
endfacet
facet normal 0 0 0
 outer loop
vertex -13.66733455657959 39.6683464050293 0
vertex -13.66733455657959 39.6683464050293 6
vertex -13.626798629760742 39.50651550292969 6
 endloop
endfacet
facet normal 0 0 0
 outer loop
vertex -13.66733455657959 39.6683464050293 0
vertex -13.691814422607422 39.833370208740234 0
vertex -13.66733455657959 39.6683464050293 6
 endloop
endfacet
facet normal 0 0 0
 outer loop
vertex -13.691814422607422 39.833370208740234 0
vertex -13.691814422607422 39.833370208740234 6
vertex -13.66733455657959 39.6683464050293 6
 endloop
endfacet
facet normal 0 0 0
 outer loop
vertex -13.691814422607422 39.833370208740234 0
vertex -13.699999809265137 40 0
vertex -13.691814422607422 39.833370208740234 6
 endloop
endfacet
facet normal 0 0 0
 outer loop
vertex -13.699999809265137 40 0
vertex -13.699999809265137 40 6
vertex -13.691814422607422 39.833370208740234 6
 endloop
endfacet
facet normal 0 0 0
 outer loop
vertex -13.699999809265137 40 0
vertex -13.691814422607422 40.166629791259766 0
vertex -13.699999809265137 40 6
 endloop
endfacet
facet normal 0 0 0
 outer loop
vertex -13.691814422607422 40.166629791259766 0
vertex -13.691814422607422 40.166629791259766 6
vertex -13.699999809265137 40 6
 endloop
endfacet
facet normal 0 0 0
 outer loop
vertex -13.691814422607422 40.166629791259766 0
vertex -13.66733455657959 40.3316535949707 0
vertex -13.691814422607422 40.166629791259766 6
 endloop
endfacet
facet normal 0 0 0
 outer loop
vertex -13.66733455657959 40.3316535949707 0
vertex -13.66733455657959 40.3316535949707 6
vertex -13.691814422607422 40.166629791259766 6
 endloop
endfacet
facet normal 0 0 0
 outer loop
vertex -13.66733455657959 40.3316535949707 0
vertex -13.626798629760742 40.49348449707031 0
vertex -13.66733455657959 40.3316535949707 6
 endloop
endfacet
facet normal 0 0 0
 outer loop
vertex -13.626798629760742 40.49348449707031 0
vertex -13.626798629760742 40.49348449707031 6
vertex -13.66733455657959 40.3316535949707 6
 endloop
endfacet
facet normal 0 0 0
 outer loop
vertex -13.626798629760742 40.49348449707031 0
vertex -13.570594787597656 40.65056228637695 0
vertex -13.626798629760742 40.49348449707031 6
 endloop
endfacet
facet normal 0 0 0
 outer loop
vertex -13.570594787597656 40.65056228637695 0
vertex -13.570594787597656 40.65056228637695 6
vertex -13.626798629760742 40.49348449707031 6
 endloop
endfacet
facet normal 0 0 0
 outer loop
vertex -13.570594787597656 40.65056228637695 0
vertex -13.499266624450684 40.80137634277344 0
vertex -13.570594787597656 40.65056228637695 6
 endloop
endfacet
facet normal 0 0 0
 outer loop
vertex -13.499266624450684 40.80137634277344 0
vertex -13.499266624450684 40.80137634277344 6
vertex -13.570594787597656 40.65056228637695 6
 endloop
endfacet
facet normal 0 0 0
 outer loop
vertex -13.499266624450684 40.80137634277344 0
vertex -13.413497924804688 40.9444694519043 0
vertex -13.499266624450684 40.80137634277344 6
 endloop
endfacet
facet normal 0 0 0
 outer loop
vertex -13.413497924804688 40.9444694519043 0
vertex -13.413497924804688 40.9444694519043 6
vertex -13.499266624450684 40.80137634277344 6
 endloop
endfacet
facet normal 0 0 0
 outer loop
vertex -13.413497924804688 40.9444694519043 0
vertex -13.314117431640625 41.078468322753906 0
vertex -13.413497924804688 40.9444694519043 6
 endloop
endfacet
facet normal 0 0 0
 outer loop
vertex -13.314117431640625 41.078468322753906 0
vertex -13.314117431640625 41.078468322753906 6
vertex -13.413497924804688 40.9444694519043 6
 endloop
endfacet
facet normal 0 0 0
 outer loop
vertex -13.314117431640625 41.078468322753906 0
vertex -13.202081680297852 41.20207977294922 0
vertex -13.314117431640625 41.078468322753906 6
 endloop
endfacet
facet normal 0 0 0
 outer loop
vertex -13.202081680297852 41.20207977294922 0
vertex -13.202081680297852 41.20207977294922 6
vertex -13.314117431640625 41.078468322753906 6
 endloop
endfacet
facet normal 0 0 0
 outer loop
vertex -13.202081680297852 41.20207977294922 0
vertex -13.078468322753906 41.314117431640625 0
vertex -13.202081680297852 41.20207977294922 6
 endloop
endfacet
facet normal 0 0 0
 outer loop
vertex -13.078468322753906 41.314117431640625 0
vertex -13.078468322753906 41.314117431640625 6
vertex -13.202081680297852 41.20207977294922 6
 endloop
endfacet
facet normal 0 0 0
 outer loop
vertex -13.078468322753906 41.314117431640625 0
vertex -12.944469451904297 41.41349792480469 0
vertex -13.078468322753906 41.314117431640625 6
 endloop
endfacet
facet normal 0 0 0
 outer loop
vertex -12.944469451904297 41.41349792480469 0
vertex -12.944469451904297 41.41349792480469 6
vertex -13.078468322753906 41.314117431640625 6
 endloop
endfacet
facet normal 0 0 0
 outer loop
vertex -12.944469451904297 41.41349792480469 0
vertex -12.801374435424805 41.499267578125 0
vertex -12.944469451904297 41.41349792480469 6
 endloop
endfacet
facet normal 0 0 0
 outer loop
vertex -12.801374435424805 41.499267578125 0
vertex -12.801374435424805 41.499267578125 6
vertex -12.944469451904297 41.41349792480469 6
 endloop
endfacet
facet normal 0 0 0
 outer loop
vertex -12.801374435424805 41.499267578125 0
vertex -12.650562286376953 41.570594787597656 0
vertex -12.801374435424805 41.499267578125 6
 endloop
endfacet
facet normal 0 0 0
 outer loop
vertex -12.650562286376953 41.570594787597656 0
vertex -12.650562286376953 41.570594787597656 6
vertex -12.801374435424805 41.499267578125 6
 endloop
endfacet
facet normal 0 0 0
 outer loop
vertex -12.650562286376953 41.570594787597656 0
vertex -12.493483543395996 41.62679672241211 0
vertex -12.650562286376953 41.570594787597656 6
 endloop
endfacet
facet normal 0 0 0
 outer loop
vertex -12.493483543395996 41.62679672241211 0
vertex -12.493483543395996 41.62679672241211 6
vertex -12.650562286376953 41.570594787597656 6
 endloop
endfacet
facet normal 0 0 0
 outer loop
vertex -12.493483543395996 41.62679672241211 0
vertex -12.331653594970703 41.667335510253906 0
vertex -12.493483543395996 41.62679672241211 6
 endloop
endfacet
facet normal 0 0 0
 outer loop
vertex -12.331653594970703 41.667335510253906 0
vertex -12.331653594970703 41.667335510253906 6
vertex -12.493483543395996 41.62679672241211 6
 endloop
endfacet
facet normal 0 0 0
 outer loop
vertex -12.331653594970703 41.667335510253906 0
vertex -12.16662883758545 41.69181442260742 0
vertex -12.331653594970703 41.667335510253906 6
 endloop
endfacet
facet normal 0 0 0
 outer loop
vertex -12.16662883758545 41.69181442260742 0
vertex -12.16662883758545 41.69181442260742 6
vertex -12.331653594970703 41.667335510253906 6
 endloop
endfacet
facet normal 0 0 0
 outer loop
vertex -12.16662883758545 41.69181442260742 0
vertex -12 41.70000076293945 0
vertex -12.16662883758545 41.69181442260742 6
 endloop
endfacet
facet normal 0 0 0
 outer loop
vertex -12 41.70000076293945 0
vertex -12 41.70000076293945 6
vertex -12.16662883758545 41.69181442260742 6
 endloop
endfacet
facet normal 0 0 0
 outer loop
vertex -12 41.70000076293945 0
vertex -11.83337116241455 41.69181442260742 0
vertex -12 41.70000076293945 6
 endloop
endfacet
facet normal 0 0 0
 outer loop
vertex -11.83337116241455 41.69181442260742 0
vertex -11.83337116241455 41.69181442260742 6
vertex -12 41.70000076293945 6
 endloop
endfacet
facet normal 0 0 0
 outer loop
vertex -11.83337116241455 41.69181442260742 0
vertex -11.668346405029297 41.667335510253906 0
vertex -11.83337116241455 41.69181442260742 6
 endloop
endfacet
facet normal 0 0 0
 outer loop
vertex -11.668346405029297 41.667335510253906 0
vertex -11.668346405029297 41.667335510253906 6
vertex -11.83337116241455 41.69181442260742 6
 endloop
endfacet
facet normal 0 0 0
 outer loop
vertex -11.668346405029297 41.667335510253906 0
vertex -11.506516456604004 41.62679672241211 0
vertex -11.668346405029297 41.667335510253906 6
 endloop
endfacet
facet normal 0 0 0
 outer loop
vertex -11.506516456604004 41.62679672241211 0
vertex -11.506516456604004 41.62679672241211 6
vertex -11.668346405029297 41.667335510253906 6
 endloop
endfacet
facet normal 0 0 0
 outer loop
vertex -11.506516456604004 41.62679672241211 0
vertex -11.349437713623047 41.570594787597656 0
vertex -11.506516456604004 41.62679672241211 6
 endloop
endfacet
facet normal 0 0 0
 outer loop
vertex -11.349437713623047 41.570594787597656 0
vertex -11.349437713623047 41.570594787597656 6
vertex -11.506516456604004 41.62679672241211 6
 endloop
endfacet
facet normal 0 0 0
 outer loop
vertex -11.349437713623047 41.570594787597656 0
vertex -11.198625564575195 41.499267578125 0
vertex -11.349437713623047 41.570594787597656 6
 endloop
endfacet
facet normal 0 0 0
 outer loop
vertex -11.198625564575195 41.499267578125 0
vertex -11.198625564575195 41.499267578125 6
vertex -11.349437713623047 41.570594787597656 6
 endloop
endfacet
facet normal 0 0 0
 outer loop
vertex -11.198625564575195 41.499267578125 0
vertex -11.055530548095703 41.41349792480469 0
vertex -11.198625564575195 41.499267578125 6
 endloop
endfacet
facet normal 0 0 0
 outer loop
vertex -11.055530548095703 41.41349792480469 0
vertex -11.055530548095703 41.41349792480469 6
vertex -11.198625564575195 41.499267578125 6
 endloop
endfacet
facet normal 0 0 0
 outer loop
vertex -11.055530548095703 41.41349792480469 0
vertex -10.921531677246094 41.314117431640625 0
vertex -11.055530548095703 41.41349792480469 6
 endloop
endfacet
facet normal 0 0 0
 outer loop
vertex -10.921531677246094 41.314117431640625 0
vertex -10.921531677246094 41.314117431640625 6
vertex -11.055530548095703 41.41349792480469 6
 endloop
endfacet
facet normal 0 0 0
 outer loop
vertex -10.921531677246094 41.314117431640625 0
vertex -10.797918319702148 41.20207977294922 0
vertex -10.921531677246094 41.314117431640625 6
 endloop
endfacet
facet normal 0 0 0
 outer loop
vertex -10.797918319702148 41.20207977294922 0
vertex -10.797918319702148 41.20207977294922 6
vertex -10.921531677246094 41.314117431640625 6
 endloop
endfacet
facet normal 0 0 0
 outer loop
vertex -10.797918319702148 41.20207977294922 0
vertex -10.685882568359375 41.078468322753906 0
vertex -10.797918319702148 41.20207977294922 6
 endloop
endfacet
facet normal 0 0 0
 outer loop
vertex -10.685882568359375 41.078468322753906 0
vertex -10.685882568359375 41.078468322753906 6
vertex -10.797918319702148 41.20207977294922 6
 endloop
endfacet
facet normal 0 0 0
 outer loop
vertex -10.685882568359375 41.078468322753906 0
vertex -10.586502075195312 40.9444694519043 0
vertex -10.685882568359375 41.078468322753906 6
 endloop
endfacet
facet normal 0 0 0
 outer loop
vertex -10.586502075195312 40.9444694519043 0
vertex -10.586502075195312 40.9444694519043 6
vertex -10.685882568359375 41.078468322753906 6
 endloop
endfacet
facet normal 0 0 0
 outer loop
vertex -10.586502075195312 40.9444694519043 0
vertex -10.500733375549316 40.80137634277344 0
vertex -10.586502075195312 40.9444694519043 6
 endloop
endfacet
facet normal 0 0 0
 outer loop
vertex -10.500733375549316 40.80137634277344 0
vertex -10.500733375549316 40.80137634277344 6
vertex -10.586502075195312 40.9444694519043 6
 endloop
endfacet
facet normal 0 0 0
 outer loop
vertex -10.500733375549316 40.80137634277344 0
vertex -10.429405212402344 40.65056228637695 0
vertex -10.500733375549316 40.80137634277344 6
 endloop
endfacet
facet normal 0 0 0
 outer loop
vertex -10.429405212402344 40.65056228637695 0
vertex -10.429405212402344 40.65056228637695 6
vertex -10.500733375549316 40.80137634277344 6
 endloop
endfacet
facet normal 0 0 0
 outer loop
vertex -10.429405212402344 40.65056228637695 0
vertex -10.373201370239258 40.49348449707031 0
vertex -10.429405212402344 40.65056228637695 6
 endloop
endfacet
facet normal 0 0 0
 outer loop
vertex -10.373201370239258 40.49348449707031 0
vertex -10.373201370239258 40.49348449707031 6
vertex -10.429405212402344 40.65056228637695 6
 endloop
endfacet
facet normal 0 0 0
 outer loop
vertex -10.373201370239258 40.49348449707031 0
vertex -10.33266544342041 40.3316535949707 0
vertex -10.373201370239258 40.49348449707031 6
 endloop
endfacet
facet normal 0 0 0
 outer loop
vertex -10.33266544342041 40.3316535949707 0
vertex -10.33266544342041 40.3316535949707 6
vertex -10.373201370239258 40.49348449707031 6
 endloop
endfacet
facet normal 0 0 0
 outer loop
vertex -10.33266544342041 40.3316535949707 0
vertex -10.308185577392578 40.166629791259766 0
vertex -10.33266544342041 40.3316535949707 6
 endloop
endfacet
facet normal 0 0 0
 outer loop
vertex -10.308185577392578 40.166629791259766 0
vertex -10.308185577392578 40.166629791259766 6
vertex -10.33266544342041 40.3316535949707 6
 endloop
endfacet
facet normal 0 0 0
 outer loop
vertex -10.308185577392578 40.166629791259766 0
vertex -10.300000190734863 40 0
vertex -10.308185577392578 40.166629791259766 6
 endloop
endfacet
facet normal 0 0 0
 outer loop
vertex -10.300000190734863 40 0
vertex -10.300000190734863 40 6
vertex -10.308185577392578 40.166629791259766 6
 endloop
endfacet
facet normal 0 0 0
 outer loop
vertex 13.699999809265137 40 0
vertex 13.691814422607422 39.833370208740234 0
vertex 13.699999809265137 40 6
 endloop
endfacet
facet normal 0 0 0
 outer loop
vertex 13.691814422607422 39.833370208740234 0
vertex 13.691814422607422 39.833370208740234 6
vertex 13.699999809265137 40 6
 endloop
endfacet
facet normal 0 0 0
 outer loop
vertex 13.691814422607422 39.833370208740234 0
vertex 13.66733455657959 39.6683464050293 0
vertex 13.691814422607422 39.833370208740234 6
 endloop
endfacet
facet normal 0 0 0
 outer loop
vertex 13.66733455657959 39.6683464050293 0
vertex 13.66733455657959 39.6683464050293 6
vertex 13.691814422607422 39.833370208740234 6
 endloop
endfacet
facet normal 0 0 0
 outer loop
vertex 13.66733455657959 39.6683464050293 0
vertex 13.626798629760742 39.50651550292969 0
vertex 13.66733455657959 39.6683464050293 6
 endloop
endfacet
facet normal 0 0 0
 outer loop
vertex 13.626798629760742 39.50651550292969 0
vertex 13.626798629760742 39.50651550292969 6
vertex 13.66733455657959 39.6683464050293 6
 endloop
endfacet
facet normal 0 0 0
 outer loop
vertex 13.626798629760742 39.50651550292969 0
vertex 13.570594787597656 39.34943771362305 0
vertex 13.626798629760742 39.50651550292969 6
 endloop
endfacet
facet normal 0 0 0
 outer loop
vertex 13.570594787597656 39.34943771362305 0
vertex 13.570594787597656 39.34943771362305 6
vertex 13.626798629760742 39.50651550292969 6
 endloop
endfacet
facet normal 0 0 0
 outer loop
vertex 13.570594787597656 39.34943771362305 0
vertex 13.499266624450684 39.19862365722656 0
vertex 13.570594787597656 39.34943771362305 6
 endloop
endfacet
facet normal 0 0 0
 outer loop
vertex 13.499266624450684 39.19862365722656 0
vertex 13.499266624450684 39.19862365722656 6
vertex 13.570594787597656 39.34943771362305 6
 endloop
endfacet
facet normal 0 0 0
 outer loop
vertex 13.499266624450684 39.19862365722656 0
vertex 13.413497924804688 39.0555305480957 0
vertex 13.499266624450684 39.19862365722656 6
 endloop
endfacet
facet normal 0 0 0
 outer loop
vertex 13.413497924804688 39.0555305480957 0
vertex 13.413497924804688 39.0555305480957 6
vertex 13.499266624450684 39.19862365722656 6
 endloop
endfacet
facet normal 0 0 0
 outer loop
vertex 13.413497924804688 39.0555305480957 0
vertex 13.314117431640625 38.921531677246094 0
vertex 13.413497924804688 39.0555305480957 6
 endloop
endfacet
facet normal 0 0 0
 outer loop
vertex 13.314117431640625 38.921531677246094 0
vertex 13.314117431640625 38.921531677246094 6
vertex 13.413497924804688 39.0555305480957 6
 endloop
endfacet
facet normal 0 0 0
 outer loop
vertex 13.314117431640625 38.921531677246094 0
vertex 13.202081680297852 38.79792022705078 0
vertex 13.314117431640625 38.921531677246094 6
 endloop
endfacet
facet normal 0 0 0
 outer loop
vertex 13.202081680297852 38.79792022705078 0
vertex 13.202081680297852 38.79792022705078 6
vertex 13.314117431640625 38.921531677246094 6
 endloop
endfacet
facet normal 0 0 0
 outer loop
vertex 13.202081680297852 38.79792022705078 0
vertex 13.078468322753906 38.685882568359375 0
vertex 13.202081680297852 38.79792022705078 6
 endloop
endfacet
facet normal 0 0 0
 outer loop
vertex 13.078468322753906 38.685882568359375 0
vertex 13.078468322753906 38.685882568359375 6
vertex 13.202081680297852 38.79792022705078 6
 endloop
endfacet
facet normal 0 0 0
 outer loop
vertex 13.078468322753906 38.685882568359375 0
vertex 12.944469451904297 38.58650207519531 0
vertex 13.078468322753906 38.685882568359375 6
 endloop
endfacet
facet normal 0 0 0
 outer loop
vertex 12.944469451904297 38.58650207519531 0
vertex 12.944469451904297 38.58650207519531 6
vertex 13.078468322753906 38.685882568359375 6
 endloop
endfacet
facet normal 0 0 0
 outer loop
vertex 12.944469451904297 38.58650207519531 0
vertex 12.801374435424805 38.500732421875 0
vertex 12.944469451904297 38.58650207519531 6
 endloop
endfacet
facet normal 0 0 0
 outer loop
vertex 12.801374435424805 38.500732421875 0
vertex 12.801374435424805 38.500732421875 6
vertex 12.944469451904297 38.58650207519531 6
 endloop
endfacet
facet normal 0 0 0
 outer loop
vertex 12.801374435424805 38.500732421875 0
vertex 12.650562286376953 38.429405212402344 0
vertex 12.801374435424805 38.500732421875 6
 endloop
endfacet
facet normal 0 0 0
 outer loop
vertex 12.650562286376953 38.429405212402344 0
vertex 12.650562286376953 38.429405212402344 6
vertex 12.801374435424805 38.500732421875 6
 endloop
endfacet
facet normal 0 0 0
 outer loop
vertex 12.650562286376953 38.429405212402344 0
vertex 12.493483543395996 38.37320327758789 0
vertex 12.650562286376953 38.429405212402344 6
 endloop
endfacet
facet normal 0 0 0
 outer loop
vertex 12.493483543395996 38.37320327758789 0
vertex 12.493483543395996 38.37320327758789 6
vertex 12.650562286376953 38.429405212402344 6
 endloop
endfacet
facet normal 0 0 0
 outer loop
vertex 12.493483543395996 38.37320327758789 0
vertex 12.331653594970703 38.332664489746094 0
vertex 12.493483543395996 38.37320327758789 6
 endloop
endfacet
facet normal 0 0 0
 outer loop
vertex 12.331653594970703 38.332664489746094 0
vertex 12.331653594970703 38.332664489746094 6
vertex 12.493483543395996 38.37320327758789 6
 endloop
endfacet
facet normal 0 0 0
 outer loop
vertex 12.331653594970703 38.332664489746094 0
vertex 12.16662883758545 38.30818557739258 0
vertex 12.331653594970703 38.332664489746094 6
 endloop
endfacet
facet normal 0 0 0
 outer loop
vertex 12.16662883758545 38.30818557739258 0
vertex 12.16662883758545 38.30818557739258 6
vertex 12.331653594970703 38.332664489746094 6
 endloop
endfacet
facet normal 0 0 0
 outer loop
vertex 12.16662883758545 38.30818557739258 0
vertex 12 38.29999923706055 0
vertex 12.16662883758545 38.30818557739258 6
 endloop
endfacet
facet normal 0 0 0
 outer loop
vertex 12 38.29999923706055 0
vertex 12 38.29999923706055 6
vertex 12.16662883758545 38.30818557739258 6
 endloop
endfacet
facet normal 0 0 0
 outer loop
vertex 12 38.29999923706055 0
vertex 11.83337116241455 38.30818557739258 0
vertex 12 38.29999923706055 6
 endloop
endfacet
facet normal 0 0 0
 outer loop
vertex 11.83337116241455 38.30818557739258 0
vertex 11.83337116241455 38.30818557739258 6
vertex 12 38.29999923706055 6
 endloop
endfacet
facet normal 0 0 0
 outer loop
vertex 11.83337116241455 38.30818557739258 0
vertex 11.668346405029297 38.332664489746094 0
vertex 11.83337116241455 38.30818557739258 6
 endloop
endfacet
facet normal 0 0 0
 outer loop
vertex 11.668346405029297 38.332664489746094 0
vertex 11.668346405029297 38.332664489746094 6
vertex 11.83337116241455 38.30818557739258 6
 endloop
endfacet
facet normal 0 0 0
 outer loop
vertex 11.668346405029297 38.332664489746094 0
vertex 11.506516456604004 38.37320327758789 0
vertex 11.668346405029297 38.332664489746094 6
 endloop
endfacet
facet normal 0 0 0
 outer loop
vertex 11.506516456604004 38.37320327758789 0
vertex 11.506516456604004 38.37320327758789 6
vertex 11.668346405029297 38.332664489746094 6
 endloop
endfacet
facet normal 0 0 0
 outer loop
vertex 11.506516456604004 38.37320327758789 0
vertex 11.349437713623047 38.429405212402344 0
vertex 11.506516456604004 38.37320327758789 6
 endloop
endfacet
facet normal 0 0 0
 outer loop
vertex 11.349437713623047 38.429405212402344 0
vertex 11.349437713623047 38.429405212402344 6
vertex 11.506516456604004 38.37320327758789 6
 endloop
endfacet
facet normal 0 0 0
 outer loop
vertex 11.349437713623047 38.429405212402344 0
vertex 11.198625564575195 38.500732421875 0
vertex 11.349437713623047 38.429405212402344 6
 endloop
endfacet
facet normal 0 0 0
 outer loop
vertex 11.198625564575195 38.500732421875 0
vertex 11.198625564575195 38.500732421875 6
vertex 11.349437713623047 38.429405212402344 6
 endloop
endfacet
facet normal 0 0 0
 outer loop
vertex 11.198625564575195 38.500732421875 0
vertex 11.055530548095703 38.58650207519531 0
vertex 11.198625564575195 38.500732421875 6
 endloop
endfacet
facet normal 0 0 0
 outer loop
vertex 11.055530548095703 38.58650207519531 0
vertex 11.055530548095703 38.58650207519531 6
vertex 11.198625564575195 38.500732421875 6
 endloop
endfacet
facet normal 0 0 0
 outer loop
vertex 11.055530548095703 38.58650207519531 0
vertex 10.921531677246094 38.685882568359375 0
vertex 11.055530548095703 38.58650207519531 6
 endloop
endfacet
facet normal 0 0 0
 outer loop
vertex 10.921531677246094 38.685882568359375 0
vertex 10.921531677246094 38.685882568359375 6
vertex 11.055530548095703 38.58650207519531 6
 endloop
endfacet
facet normal 0 0 0
 outer loop
vertex 10.921531677246094 38.685882568359375 0
vertex 10.797918319702148 38.79792022705078 0
vertex 10.921531677246094 38.685882568359375 6
 endloop
endfacet
facet normal 0 0 0
 outer loop
vertex 10.797918319702148 38.79792022705078 0
vertex 10.797918319702148 38.79792022705078 6
vertex 10.921531677246094 38.685882568359375 6
 endloop
endfacet
facet normal 0 0 0
 outer loop
vertex 10.797918319702148 38.79792022705078 0
vertex 10.685882568359375 38.921531677246094 0
vertex 10.797918319702148 38.79792022705078 6
 endloop
endfacet
facet normal 0 0 0
 outer loop
vertex 10.685882568359375 38.921531677246094 0
vertex 10.685882568359375 38.921531677246094 6
vertex 10.797918319702148 38.79792022705078 6
 endloop
endfacet
facet normal 0 0 0
 outer loop
vertex 10.685882568359375 38.921531677246094 0
vertex 10.586502075195312 39.0555305480957 0
vertex 10.685882568359375 38.921531677246094 6
 endloop
endfacet
facet normal 0 0 0
 outer loop
vertex 10.586502075195312 39.0555305480957 0
vertex 10.586502075195312 39.0555305480957 6
vertex 10.685882568359375 38.921531677246094 6
 endloop
endfacet
facet normal 0 0 0
 outer loop
vertex 10.586502075195312 39.0555305480957 0
vertex 10.500733375549316 39.19862365722656 0
vertex 10.586502075195312 39.0555305480957 6
 endloop
endfacet
facet normal 0 0 0
 outer loop
vertex 10.500733375549316 39.19862365722656 0
vertex 10.500733375549316 39.19862365722656 6
vertex 10.586502075195312 39.0555305480957 6
 endloop
endfacet
facet normal 0 0 0
 outer loop
vertex 10.500733375549316 39.19862365722656 0
vertex 10.429405212402344 39.34943771362305 0
vertex 10.500733375549316 39.19862365722656 6
 endloop
endfacet
facet normal 0 0 0
 outer loop
vertex 10.429405212402344 39.34943771362305 0
vertex 10.429405212402344 39.34943771362305 6
vertex 10.500733375549316 39.19862365722656 6
 endloop
endfacet
facet normal 0 0 0
 outer loop
vertex 10.429405212402344 39.34943771362305 0
vertex 10.373201370239258 39.50651550292969 0
vertex 10.429405212402344 39.34943771362305 6
 endloop
endfacet
facet normal 0 0 0
 outer loop
vertex 10.373201370239258 39.50651550292969 0
vertex 10.373201370239258 39.50651550292969 6
vertex 10.429405212402344 39.34943771362305 6
 endloop
endfacet
facet normal 0 0 0
 outer loop
vertex 10.373201370239258 39.50651550292969 0
vertex 10.33266544342041 39.6683464050293 0
vertex 10.373201370239258 39.50651550292969 6
 endloop
endfacet
facet normal 0 0 0
 outer loop
vertex 10.33266544342041 39.6683464050293 0
vertex 10.33266544342041 39.6683464050293 6
vertex 10.373201370239258 39.50651550292969 6
 endloop
endfacet
facet normal 0 0 0
 outer loop
vertex 10.33266544342041 39.6683464050293 0
vertex 10.308185577392578 39.833370208740234 0
vertex 10.33266544342041 39.6683464050293 6
 endloop
endfacet
facet normal 0 0 0
 outer loop
vertex 10.308185577392578 39.833370208740234 0
vertex 10.308185577392578 39.833370208740234 6
vertex 10.33266544342041 39.6683464050293 6
 endloop
endfacet
facet normal 0 0 0
 outer loop
vertex 10.308185577392578 39.833370208740234 0
vertex 10.300000190734863 40 0
vertex 10.308185577392578 39.833370208740234 6
 endloop
endfacet
facet normal 0 0 0
 outer loop
vertex 10.300000190734863 40 0
vertex 10.300000190734863 40 6
vertex 10.308185577392578 39.833370208740234 6
 endloop
endfacet
facet normal 0 0 0
 outer loop
vertex 10.300000190734863 40 0
vertex 10.308185577392578 40.166629791259766 0
vertex 10.300000190734863 40 6
 endloop
endfacet
facet normal 0 0 0
 outer loop
vertex 10.308185577392578 40.166629791259766 0
vertex 10.308185577392578 40.166629791259766 6
vertex 10.300000190734863 40 6
 endloop
endfacet
facet normal 0 0 0
 outer loop
vertex 10.308185577392578 40.166629791259766 0
vertex 10.33266544342041 40.3316535949707 0
vertex 10.308185577392578 40.166629791259766 6
 endloop
endfacet
facet normal 0 0 0
 outer loop
vertex 10.33266544342041 40.3316535949707 0
vertex 10.33266544342041 40.3316535949707 6
vertex 10.308185577392578 40.166629791259766 6
 endloop
endfacet
facet normal 0 0 0
 outer loop
vertex 10.33266544342041 40.3316535949707 0
vertex 10.373201370239258 40.49348449707031 0
vertex 10.33266544342041 40.3316535949707 6
 endloop
endfacet
facet normal 0 0 0
 outer loop
vertex 10.373201370239258 40.49348449707031 0
vertex 10.373201370239258 40.49348449707031 6
vertex 10.33266544342041 40.3316535949707 6
 endloop
endfacet
facet normal 0 0 0
 outer loop
vertex 10.373201370239258 40.49348449707031 0
vertex 10.429405212402344 40.65056228637695 0
vertex 10.373201370239258 40.49348449707031 6
 endloop
endfacet
facet normal 0 0 0
 outer loop
vertex 10.429405212402344 40.65056228637695 0
vertex 10.429405212402344 40.65056228637695 6
vertex 10.373201370239258 40.49348449707031 6
 endloop
endfacet
facet normal 0 0 0
 outer loop
vertex 10.429405212402344 40.65056228637695 0
vertex 10.500733375549316 40.80137634277344 0
vertex 10.429405212402344 40.65056228637695 6
 endloop
endfacet
facet normal 0 0 0
 outer loop
vertex 10.500733375549316 40.80137634277344 0
vertex 10.500733375549316 40.80137634277344 6
vertex 10.429405212402344 40.65056228637695 6
 endloop
endfacet
facet normal 0 0 0
 outer loop
vertex 10.500733375549316 40.80137634277344 0
vertex 10.586502075195312 40.9444694519043 0
vertex 10.500733375549316 40.80137634277344 6
 endloop
endfacet
facet normal 0 0 0
 outer loop
vertex 10.586502075195312 40.9444694519043 0
vertex 10.586502075195312 40.9444694519043 6
vertex 10.500733375549316 40.80137634277344 6
 endloop
endfacet
facet normal 0 0 0
 outer loop
vertex 10.586502075195312 40.9444694519043 0
vertex 10.685882568359375 41.078468322753906 0
vertex 10.586502075195312 40.9444694519043 6
 endloop
endfacet
facet normal 0 0 0
 outer loop
vertex 10.685882568359375 41.078468322753906 0
vertex 10.685882568359375 41.078468322753906 6
vertex 10.586502075195312 40.9444694519043 6
 endloop
endfacet
facet normal 0 0 0
 outer loop
vertex 10.685882568359375 41.078468322753906 0
vertex 10.797918319702148 41.20207977294922 0
vertex 10.685882568359375 41.078468322753906 6
 endloop
endfacet
facet normal 0 0 0
 outer loop
vertex 10.797918319702148 41.20207977294922 0
vertex 10.797918319702148 41.20207977294922 6
vertex 10.685882568359375 41.078468322753906 6
 endloop
endfacet
facet normal 0 0 0
 outer loop
vertex 10.797918319702148 41.20207977294922 0
vertex 10.921531677246094 41.314117431640625 0
vertex 10.797918319702148 41.20207977294922 6
 endloop
endfacet
facet normal 0 0 0
 outer loop
vertex 10.921531677246094 41.314117431640625 0
vertex 10.921531677246094 41.314117431640625 6
vertex 10.797918319702148 41.20207977294922 6
 endloop
endfacet
facet normal 0 0 0
 outer loop
vertex 10.921531677246094 41.314117431640625 0
vertex 11.055530548095703 41.41349792480469 0
vertex 10.921531677246094 41.314117431640625 6
 endloop
endfacet
facet normal 0 0 0
 outer loop
vertex 11.055530548095703 41.41349792480469 0
vertex 11.055530548095703 41.41349792480469 6
vertex 10.921531677246094 41.314117431640625 6
 endloop
endfacet
facet normal 0 0 0
 outer loop
vertex 11.055530548095703 41.41349792480469 0
vertex 11.198625564575195 41.499267578125 0
vertex 11.055530548095703 41.41349792480469 6
 endloop
endfacet
facet normal 0 0 0
 outer loop
vertex 11.198625564575195 41.499267578125 0
vertex 11.198625564575195 41.499267578125 6
vertex 11.055530548095703 41.41349792480469 6
 endloop
endfacet
facet normal 0 0 0
 outer loop
vertex 11.198625564575195 41.499267578125 0
vertex 11.349437713623047 41.570594787597656 0
vertex 11.198625564575195 41.499267578125 6
 endloop
endfacet
facet normal 0 0 0
 outer loop
vertex 11.349437713623047 41.570594787597656 0
vertex 11.349437713623047 41.570594787597656 6
vertex 11.198625564575195 41.499267578125 6
 endloop
endfacet
facet normal 0 0 0
 outer loop
vertex 11.349437713623047 41.570594787597656 0
vertex 11.506516456604004 41.62679672241211 0
vertex 11.349437713623047 41.570594787597656 6
 endloop
endfacet
facet normal 0 0 0
 outer loop
vertex 11.506516456604004 41.62679672241211 0
vertex 11.506516456604004 41.62679672241211 6
vertex 11.349437713623047 41.570594787597656 6
 endloop
endfacet
facet normal 0 0 0
 outer loop
vertex 11.506516456604004 41.62679672241211 0
vertex 11.668346405029297 41.667335510253906 0
vertex 11.506516456604004 41.62679672241211 6
 endloop
endfacet
facet normal 0 0 0
 outer loop
vertex 11.668346405029297 41.667335510253906 0
vertex 11.668346405029297 41.667335510253906 6
vertex 11.506516456604004 41.62679672241211 6
 endloop
endfacet
facet normal 0 0 0
 outer loop
vertex 11.668346405029297 41.667335510253906 0
vertex 11.83337116241455 41.69181442260742 0
vertex 11.668346405029297 41.667335510253906 6
 endloop
endfacet
facet normal 0 0 0
 outer loop
vertex 11.83337116241455 41.69181442260742 0
vertex 11.83337116241455 41.69181442260742 6
vertex 11.668346405029297 41.667335510253906 6
 endloop
endfacet
facet normal 0 0 0
 outer loop
vertex 11.83337116241455 41.69181442260742 0
vertex 12 41.70000076293945 0
vertex 11.83337116241455 41.69181442260742 6
 endloop
endfacet
facet normal 0 0 0
 outer loop
vertex 12 41.70000076293945 0
vertex 12 41.70000076293945 6
vertex 11.83337116241455 41.69181442260742 6
 endloop
endfacet
facet normal 0 0 0
 outer loop
vertex 12 41.70000076293945 0
vertex 12.16662883758545 41.69181442260742 0
vertex 12 41.70000076293945 6
 endloop
endfacet
facet normal 0 0 0
 outer loop
vertex 12.16662883758545 41.69181442260742 0
vertex 12.16662883758545 41.69181442260742 6
vertex 12 41.70000076293945 6
 endloop
endfacet
facet normal 0 0 0
 outer loop
vertex 12.16662883758545 41.69181442260742 0
vertex 12.331653594970703 41.667335510253906 0
vertex 12.16662883758545 41.69181442260742 6
 endloop
endfacet
facet normal 0 0 0
 outer loop
vertex 12.331653594970703 41.667335510253906 0
vertex 12.331653594970703 41.667335510253906 6
vertex 12.16662883758545 41.69181442260742 6
 endloop
endfacet
facet normal 0 0 0
 outer loop
vertex 12.331653594970703 41.667335510253906 0
vertex 12.493483543395996 41.62679672241211 0
vertex 12.331653594970703 41.667335510253906 6
 endloop
endfacet
facet normal 0 0 0
 outer loop
vertex 12.493483543395996 41.62679672241211 0
vertex 12.493483543395996 41.62679672241211 6
vertex 12.331653594970703 41.667335510253906 6
 endloop
endfacet
facet normal 0 0 0
 outer loop
vertex 12.493483543395996 41.62679672241211 0
vertex 12.650562286376953 41.570594787597656 0
vertex 12.493483543395996 41.62679672241211 6
 endloop
endfacet
facet normal 0 0 0
 outer loop
vertex 12.650562286376953 41.570594787597656 0
vertex 12.650562286376953 41.570594787597656 6
vertex 12.493483543395996 41.62679672241211 6
 endloop
endfacet
facet normal 0 0 0
 outer loop
vertex 12.650562286376953 41.570594787597656 0
vertex 12.801374435424805 41.499267578125 0
vertex 12.650562286376953 41.570594787597656 6
 endloop
endfacet
facet normal 0 0 0
 outer loop
vertex 12.801374435424805 41.499267578125 0
vertex 12.801374435424805 41.499267578125 6
vertex 12.650562286376953 41.570594787597656 6
 endloop
endfacet
facet normal 0 0 0
 outer loop
vertex 12.801374435424805 41.499267578125 0
vertex 12.944469451904297 41.41349792480469 0
vertex 12.801374435424805 41.499267578125 6
 endloop
endfacet
facet normal 0 0 0
 outer loop
vertex 12.944469451904297 41.41349792480469 0
vertex 12.944469451904297 41.41349792480469 6
vertex 12.801374435424805 41.499267578125 6
 endloop
endfacet
facet normal 0 0 0
 outer loop
vertex 12.944469451904297 41.41349792480469 0
vertex 13.078468322753906 41.314117431640625 0
vertex 12.944469451904297 41.41349792480469 6
 endloop
endfacet
facet normal 0 0 0
 outer loop
vertex 13.078468322753906 41.314117431640625 0
vertex 13.078468322753906 41.314117431640625 6
vertex 12.944469451904297 41.41349792480469 6
 endloop
endfacet
facet normal 0 0 0
 outer loop
vertex 13.078468322753906 41.314117431640625 0
vertex 13.202081680297852 41.20207977294922 0
vertex 13.078468322753906 41.314117431640625 6
 endloop
endfacet
facet normal 0 0 0
 outer loop
vertex 13.202081680297852 41.20207977294922 0
vertex 13.202081680297852 41.20207977294922 6
vertex 13.078468322753906 41.314117431640625 6
 endloop
endfacet
facet normal 0 0 0
 outer loop
vertex 13.202081680297852 41.20207977294922 0
vertex 13.314117431640625 41.078468322753906 0
vertex 13.202081680297852 41.20207977294922 6
 endloop
endfacet
facet normal 0 0 0
 outer loop
vertex 13.314117431640625 41.078468322753906 0
vertex 13.314117431640625 41.078468322753906 6
vertex 13.202081680297852 41.20207977294922 6
 endloop
endfacet
facet normal 0 0 0
 outer loop
vertex 13.314117431640625 41.078468322753906 0
vertex 13.413497924804688 40.9444694519043 0
vertex 13.314117431640625 41.078468322753906 6
 endloop
endfacet
facet normal 0 0 0
 outer loop
vertex 13.413497924804688 40.9444694519043 0
vertex 13.413497924804688 40.9444694519043 6
vertex 13.314117431640625 41.078468322753906 6
 endloop
endfacet
facet normal 0 0 0
 outer loop
vertex 13.413497924804688 40.9444694519043 0
vertex 13.499266624450684 40.80137634277344 0
vertex 13.413497924804688 40.9444694519043 6
 endloop
endfacet
facet normal 0 0 0
 outer loop
vertex 13.499266624450684 40.80137634277344 0
vertex 13.499266624450684 40.80137634277344 6
vertex 13.413497924804688 40.9444694519043 6
 endloop
endfacet
facet normal 0 0 0
 outer loop
vertex 13.499266624450684 40.80137634277344 0
vertex 13.570594787597656 40.65056228637695 0
vertex 13.499266624450684 40.80137634277344 6
 endloop
endfacet
facet normal 0 0 0
 outer loop
vertex 13.570594787597656 40.65056228637695 0
vertex 13.570594787597656 40.65056228637695 6
vertex 13.499266624450684 40.80137634277344 6
 endloop
endfacet
facet normal 0 0 0
 outer loop
vertex 13.570594787597656 40.65056228637695 0
vertex 13.626798629760742 40.49348449707031 0
vertex 13.570594787597656 40.65056228637695 6
 endloop
endfacet
facet normal 0 0 0
 outer loop
vertex 13.626798629760742 40.49348449707031 0
vertex 13.626798629760742 40.49348449707031 6
vertex 13.570594787597656 40.65056228637695 6
 endloop
endfacet
facet normal 0 0 0
 outer loop
vertex 13.626798629760742 40.49348449707031 0
vertex 13.66733455657959 40.3316535949707 0
vertex 13.626798629760742 40.49348449707031 6
 endloop
endfacet
facet normal 0 0 0
 outer loop
vertex 13.66733455657959 40.3316535949707 0
vertex 13.66733455657959 40.3316535949707 6
vertex 13.626798629760742 40.49348449707031 6
 endloop
endfacet
facet normal 0 0 0
 outer loop
vertex 13.66733455657959 40.3316535949707 0
vertex 13.691814422607422 40.166629791259766 0
vertex 13.66733455657959 40.3316535949707 6
 endloop
endfacet
facet normal 0 0 0
 outer loop
vertex 13.691814422607422 40.166629791259766 0
vertex 13.691814422607422 40.166629791259766 6
vertex 13.66733455657959 40.3316535949707 6
 endloop
endfacet
facet normal 0 0 0
 outer loop
vertex 13.691814422607422 40.166629791259766 0
vertex 13.699999809265137 40 0
vertex 13.691814422607422 40.166629791259766 6
 endloop
endfacet
facet normal 0 0 0
 outer loop
vertex 13.699999809265137 40 0
vertex 13.699999809265137 40 6
vertex 13.691814422607422 40.166629791259766 6
 endloop
endfacet
endsolid systemedu
