solid systemedu
facet normal 0 0 0
 outer loop
vertex 41.30818557739258 95.1666259765625 0
vertex 41.29999923706055 95 0
vertex -41.29999923706055 95 0
 endloop
endfacet
facet normal 0 0 0
 outer loop
vertex -41.29999923706055 95 0
vertex 41.29999923706055 95 0
vertex 41.30818557739258 94.8333740234375 0
 endloop
endfacet
facet normal 0 0 0
 outer loop
vertex -55 0 0
vertex -44.70000076293945 95 0
vertex -44.69181442260742 94.8333740234375 0
 endloop
endfacet
facet normal 0 0 0
 outer loop
vertex -44.69181442260742 10.16662883758545 0
vertex -44.70000076293945 10 0
vertex -55 0 0
 endloop
endfacet
facet normal 0 0 0
 outer loop
vertex -16.691814422607422 20.166629791259766 0
vertex -16.700000762939453 20 0
vertex -43.49348449707031 11.626798629760742 0
 endloop
endfacet
facet normal 0 0 0
 outer loop
vertex 13.300000190734863 20 0
vertex -13.300000190734863 20 0
vertex -13.308185577392578 20.166629791259766 0
 endloop
endfacet
facet normal 0 0 0
 outer loop
vertex -13.300000190734863 20 0
vertex 13.300000190734863 20 0
vertex 13.308185577392578 19.833370208740234 0
 endloop
endfacet
facet normal 0 0 0
 outer loop
vertex 41.29999923706055 10 0
vertex -41.29999923706055 10 0
vertex -41.30818557739258 10.16662883758545 0
 endloop
endfacet
facet normal 0 0 0
 outer loop
vertex -41.29999923706055 10 0
vertex 41.29999923706055 10 0
vertex 41.30818557739258 9.83337116241455 0
 endloop
endfacet
facet normal 0 0 0
 outer loop
vertex -55 0 0
vertex -44.70000076293945 10 0
vertex -44.69181442260742 9.83337116241455 0
 endloop
endfacet
facet normal 0 0 0
 outer loop
vertex -44.70000076293945 95 0
vertex -55 0 0
vertex -55 105 0
 endloop
endfacet
facet normal 0 0 0
 outer loop
vertex 41.30818557739258 95.1666259765625 0
vertex -41.29999923706055 95 0
vertex -41.30818557739258 95.1666259765625 0
 endloop
endfacet
facet normal 0 0 0
 outer loop
vertex -41.29999923706055 95 0
vertex 41.30818557739258 94.8333740234375 0
vertex 41.332664489746094 94.66835021972656 0
 endloop
endfacet
facet normal 0 0 0
 outer loop
vertex -55 0 0
vertex -44.69181442260742 94.8333740234375 0
vertex -44.667335510253906 94.66835021972656 0
 endloop
endfacet
facet normal 0 0 0
 outer loop
vertex -44.667335510253906 10.331653594970703 0
vertex -44.69181442260742 10.16662883758545 0
vertex -55 0 0
 endloop
endfacet
facet normal 0 0 0
 outer loop
vertex -16.667335510253906 20.331653594970703 0
vertex -16.691814422607422 20.166629791259766 0
vertex -43.49348449707031 11.626798629760742 0
 endloop
endfacet
facet normal 0 0 0
 outer loop
vertex 13.300000190734863 20 0
vertex -13.308185577392578 20.166629791259766 0
vertex -13.33266544342041 20.331653594970703 0
 endloop
endfacet
facet normal 0 0 0
 outer loop
vertex -13.300000190734863 20 0
vertex 13.308185577392578 19.833370208740234 0
vertex 13.33266544342041 19.668346405029297 0
 endloop
endfacet
facet normal 0 0 0
 outer loop
vertex 41.29999923706055 10 0
vertex -41.30818557739258 10.16662883758545 0
vertex -41.332664489746094 10.331653594970703 0
 endloop
endfacet
facet normal 0 0 0
 outer loop
vertex -41.29999923706055 10 0
vertex 41.30818557739258 9.83337116241455 0
vertex 41.332664489746094 9.668346405029297 0
 endloop
endfacet
facet normal 0 0 0
 outer loop
vertex -55 0 0
vertex -44.69181442260742 9.83337116241455 0
vertex -44.667335510253906 9.668346405029297 0
 endloop
endfacet
facet normal 0 0 0
 outer loop
vertex -44.69181442260742 95.1666259765625 0
vertex -44.70000076293945 95 0
vertex -55 105 0
 endloop
endfacet
facet normal 0 0 0
 outer loop
vertex 41.30818557739258 95.1666259765625 0
vertex -41.30818557739258 95.1666259765625 0
vertex -41.332664489746094 95.33164978027344 0
 endloop
endfacet
facet normal 0 0 0
 outer loop
vertex -41.29999923706055 95 0
vertex 41.332664489746094 94.66835021972656 0
vertex 41.37320327758789 94.50651550292969 0
 endloop
endfacet
facet normal 0 0 0
 outer loop
vertex -55 0 0
vertex -44.667335510253906 94.66835021972656 0
vertex -44.62679672241211 94.50651550292969 0
 endloop
endfacet
facet normal 0 0 0
 outer loop
vertex -44.62679672241211 10.493483543395996 0
vertex -44.667335510253906 10.331653594970703 0
vertex -55 0 0
 endloop
endfacet
facet normal 0 0 0
 outer loop
vertex -16.626798629760742 20.493484497070312 0
vertex -16.667335510253906 20.331653594970703 0
vertex -43.49348449707031 11.626798629760742 0
 endloop
endfacet
facet normal 0 0 0
 outer loop
vertex 13.300000190734863 20 0
vertex -13.33266544342041 20.331653594970703 0
vertex -13.373201370239258 20.493484497070312 0
 endloop
endfacet
facet normal 0 0 0
 outer loop
vertex -13.300000190734863 20 0
vertex 13.33266544342041 19.668346405029297 0
vertex 13.373201370239258 19.506515502929688 0
 endloop
endfacet
facet normal 0 0 0
 outer loop
vertex 41.29999923706055 10 0
vertex -41.332664489746094 10.331653594970703 0
vertex -41.37320327758789 10.493483543395996 0
 endloop
endfacet
facet normal 0 0 0
 outer loop
vertex -41.29999923706055 10 0
vertex 41.332664489746094 9.668346405029297 0
vertex 41.37320327758789 9.506516456604004 0
 endloop
endfacet
facet normal 0 0 0
 outer loop
vertex -55 0 0
vertex -44.667335510253906 9.668346405029297 0
vertex -44.62679672241211 9.506516456604004 0
 endloop
endfacet
facet normal 0 0 0
 outer loop
vertex -44.667335510253906 95.33164978027344 0
vertex -44.69181442260742 95.1666259765625 0
vertex -55 105 0
 endloop
endfacet
facet normal 0 0 0
 outer loop
vertex 41.30818557739258 95.1666259765625 0
vertex -41.332664489746094 95.33164978027344 0
vertex -41.37320327758789 95.49348449707031 0
 endloop
endfacet
facet normal 0 0 0
 outer loop
vertex -41.29999923706055 95 0
vertex 41.37320327758789 94.50651550292969 0
vertex 41.429405212402344 94.34944152832031 0
 endloop
endfacet
facet normal 0 0 0
 outer loop
vertex -55 0 0
vertex -44.62679672241211 94.50651550292969 0
vertex -44.570594787597656 94.34944152832031 0
 endloop
endfacet
facet normal 0 0 0
 outer loop
vertex -44.570594787597656 10.650562286376953 0
vertex -44.62679672241211 10.493483543395996 0
vertex -55 0 0
 endloop
endfacet
facet normal 0 0 0
 outer loop
vertex -16.570594787597656 20.650562286376953 0
vertex -16.626798629760742 20.493484497070312 0
vertex -43.49348449707031 11.626798629760742 0
 endloop
endfacet
facet normal 0 0 0
 outer loop
vertex 13.300000190734863 20 0
vertex -13.373201370239258 20.493484497070312 0
vertex -13.429405212402344 20.650562286376953 0
 endloop
endfacet
facet normal 0 0 0
 outer loop
vertex -13.300000190734863 20 0
vertex 13.373201370239258 19.506515502929688 0
vertex 13.429405212402344 19.349437713623047 0
 endloop
endfacet
facet normal 0 0 0
 outer loop
vertex 41.29999923706055 10 0
vertex -41.37320327758789 10.493483543395996 0
vertex -41.429405212402344 10.650562286376953 0
 endloop
endfacet
facet normal 0 0 0
 outer loop
vertex -41.29999923706055 10 0
vertex 41.37320327758789 9.506516456604004 0
vertex 41.429405212402344 9.349437713623047 0
 endloop
endfacet
facet normal 0 0 0
 outer loop
vertex -55 0 0
vertex -44.62679672241211 9.506516456604004 0
vertex -44.570594787597656 9.349437713623047 0
 endloop
endfacet
facet normal 0 0 0
 outer loop
vertex -44.62679672241211 95.49348449707031 0
vertex -44.667335510253906 95.33164978027344 0
vertex -55 105 0
 endloop
endfacet
facet normal 0 0 0
 outer loop
vertex 41.30818557739258 95.1666259765625 0
vertex -41.37320327758789 95.49348449707031 0
vertex -41.429405212402344 95.65055847167969 0
 endloop
endfacet
facet normal 0 0 0
 outer loop
vertex -41.29999923706055 95 0
vertex 41.429405212402344 94.34944152832031 0
vertex 41.500732421875 94.19862365722656 0
 endloop
endfacet
facet normal 0 0 0
 outer loop
vertex -55 0 0
vertex -44.570594787597656 94.34944152832031 0
vertex -44.499267578125 94.19862365722656 0
 endloop
endfacet
facet normal 0 0 0
 outer loop
vertex -44.499267578125 10.801374435424805 0
vertex -44.570594787597656 10.650562286376953 0
vertex -55 0 0
 endloop
endfacet
facet normal 0 0 0
 outer loop
vertex -16.499265670776367 20.801374435424805 0
vertex -16.570594787597656 20.650562286376953 0
vertex -43.49348449707031 11.626798629760742 0
 endloop
endfacet
facet normal 0 0 0
 outer loop
vertex 13.300000190734863 20 0
vertex -13.429405212402344 20.650562286376953 0
vertex -13.500733375549316 20.801374435424805 0
 endloop
endfacet
facet normal 0 0 0
 outer loop
vertex -13.300000190734863 20 0
vertex 13.429405212402344 19.349437713623047 0
vertex 13.500733375549316 19.198625564575195 0
 endloop
endfacet
facet normal 0 0 0
 outer loop
vertex 41.29999923706055 10 0
vertex -41.429405212402344 10.650562286376953 0
vertex -41.500732421875 10.801374435424805 0
 endloop
endfacet
facet normal 0 0 0
 outer loop
vertex -41.29999923706055 10 0
vertex 41.429405212402344 9.349437713623047 0
vertex 41.500732421875 9.198625564575195 0
 endloop
endfacet
facet normal 0 0 0
 outer loop
vertex -55 0 0
vertex -44.570594787597656 9.349437713623047 0
vertex -44.499267578125 9.198625564575195 0
 endloop
endfacet
facet normal 0 0 0
 outer loop
vertex -44.570594787597656 95.65055847167969 0
vertex -44.62679672241211 95.49348449707031 0
vertex -55 105 0
 endloop
endfacet
facet normal 0 0 0
 outer loop
vertex 41.30818557739258 95.1666259765625 0
vertex -41.429405212402344 95.65055847167969 0
vertex -41.500732421875 95.80137634277344 0
 endloop
endfacet
facet normal 0 0 0
 outer loop
vertex -41.29999923706055 95 0
vertex 41.500732421875 94.19862365722656 0
vertex 41.58650207519531 94.05553436279297 0
 endloop
endfacet
facet normal 0 0 0
 outer loop
vertex -55 0 0
vertex -44.499267578125 94.19862365722656 0
vertex -44.41349792480469 94.05553436279297 0
 endloop
endfacet
facet normal 0 0 0
 outer loop
vertex -44.41349792480469 10.944469451904297 0
vertex -44.499267578125 10.801374435424805 0
vertex -55 0 0
 endloop
endfacet
facet normal 0 0 0
 outer loop
vertex -16.413497924804688 20.944469451904297 0
vertex -16.499265670776367 20.801374435424805 0
vertex -43.49348449707031 11.626798629760742 0
 endloop
endfacet
facet normal 0 0 0
 outer loop
vertex 13.300000190734863 20 0
vertex -13.500733375549316 20.801374435424805 0
vertex -13.586502075195312 20.944469451904297 0
 endloop
endfacet
facet normal 0 0 0
 outer loop
vertex -13.300000190734863 20 0
vertex 13.500733375549316 19.198625564575195 0
vertex 13.586502075195312 19.055530548095703 0
 endloop
endfacet
facet normal 0 0 0
 outer loop
vertex 41.29999923706055 10 0
vertex -41.500732421875 10.801374435424805 0
vertex -41.58650207519531 10.944469451904297 0
 endloop
endfacet
facet normal 0 0 0
 outer loop
vertex -41.29999923706055 10 0
vertex 41.500732421875 9.198625564575195 0
vertex 41.58650207519531 9.055530548095703 0
 endloop
endfacet
facet normal 0 0 0
 outer loop
vertex -55 0 0
vertex -44.499267578125 9.198625564575195 0
vertex -44.41349792480469 9.055530548095703 0
 endloop
endfacet
facet normal 0 0 0
 outer loop
vertex -44.499267578125 95.80137634277344 0
vertex -44.570594787597656 95.65055847167969 0
vertex -55 105 0
 endloop
endfacet
facet normal 0 0 0
 outer loop
vertex 41.30818557739258 95.1666259765625 0
vertex -41.500732421875 95.80137634277344 0
vertex -41.58650207519531 95.94446563720703 0
 endloop
endfacet
facet normal 0 0 0
 outer loop
vertex -41.29999923706055 95 0
vertex 41.58650207519531 94.05553436279297 0
vertex 41.685882568359375 93.9215316772461 0
 endloop
endfacet
facet normal 0 0 0
 outer loop
vertex -55 0 0
vertex -44.41349792480469 94.05553436279297 0
vertex -44.314117431640625 93.9215316772461 0
 endloop
endfacet
facet normal 0 0 0
 outer loop
vertex -44.314117431640625 11.078468322753906 0
vertex -44.41349792480469 10.944469451904297 0
vertex -55 0 0
 endloop
endfacet
facet normal 0 0 0
 outer loop
vertex -16.314117431640625 21.078468322753906 0
vertex -16.413497924804688 20.944469451904297 0
vertex -43.49348449707031 11.626798629760742 0
 endloop
endfacet
facet normal 0 0 0
 outer loop
vertex 13.300000190734863 20 0
vertex -13.586502075195312 20.944469451904297 0
vertex -13.685882568359375 21.078468322753906 0
 endloop
endfacet
facet normal 0 0 0
 outer loop
vertex -13.300000190734863 20 0
vertex 13.586502075195312 19.055530548095703 0
vertex 13.685882568359375 18.921531677246094 0
 endloop
endfacet
facet normal 0 0 0
 outer loop
vertex 41.29999923706055 10 0
vertex -41.58650207519531 10.944469451904297 0
vertex -41.685882568359375 11.078468322753906 0
 endloop
endfacet
facet normal 0 0 0
 outer loop
vertex -41.29999923706055 10 0
vertex 41.58650207519531 9.055530548095703 0
vertex 41.685882568359375 8.921531677246094 0
 endloop
endfacet
facet normal 0 0 0
 outer loop
vertex -55 0 0
vertex -44.41349792480469 9.055530548095703 0
vertex -44.314117431640625 8.921531677246094 0
 endloop
endfacet
facet normal 0 0 0
 outer loop
vertex -44.41349792480469 95.94446563720703 0
vertex -44.499267578125 95.80137634277344 0
vertex -55 105 0
 endloop
endfacet
facet normal 0 0 0
 outer loop
vertex 41.30818557739258 95.1666259765625 0
vertex -41.58650207519531 95.94446563720703 0
vertex -41.685882568359375 96.0784683227539 0
 endloop
endfacet
facet normal 0 0 0
 outer loop
vertex -41.29999923706055 95 0
vertex 41.685882568359375 93.9215316772461 0
vertex 41.79792022705078 93.79792022705078 0
 endloop
endfacet
facet normal 0 0 0
 outer loop
vertex -55 0 0
vertex -44.314117431640625 93.9215316772461 0
vertex -44.20207977294922 93.79792022705078 0
 endloop
endfacet
facet normal 0 0 0
 outer loop
vertex -44.20207977294922 11.202081680297852 0
vertex -44.314117431640625 11.078468322753906 0
vertex -55 0 0
 endloop
endfacet
facet normal 0 0 0
 outer loop
vertex -16.20208168029785 21.20208168029785 0
vertex -16.314117431640625 21.078468322753906 0
vertex -43.49348449707031 11.626798629760742 0
 endloop
endfacet
facet normal 0 0 0
 outer loop
vertex 13.300000190734863 20 0
vertex -13.685882568359375 21.078468322753906 0
vertex -13.797918319702148 21.20208168029785 0
 endloop
endfacet
facet normal 0 0 0
 outer loop
vertex -13.300000190734863 20 0
vertex 13.685882568359375 18.921531677246094 0
vertex 13.797918319702148 18.79791831970215 0
 endloop
endfacet
facet normal 0 0 0
 outer loop
vertex 41.29999923706055 10 0
vertex -41.685882568359375 11.078468322753906 0
vertex -41.79792022705078 11.202081680297852 0
 endloop
endfacet
facet normal 0 0 0
 outer loop
vertex -41.29999923706055 10 0
vertex 41.685882568359375 8.921531677246094 0
vertex 41.79792022705078 8.797918319702148 0
 endloop
endfacet
facet normal 0 0 0
 outer loop
vertex -55 0 0
vertex -44.314117431640625 8.921531677246094 0
vertex -44.20207977294922 8.797918319702148 0
 endloop
endfacet
facet normal 0 0 0
 outer loop
vertex -44.314117431640625 96.0784683227539 0
vertex -44.41349792480469 95.94446563720703 0
vertex -55 105 0
 endloop
endfacet
facet normal 0 0 0
 outer loop
vertex 41.30818557739258 95.1666259765625 0
vertex -41.685882568359375 96.0784683227539 0
vertex -41.79792022705078 96.20207977294922 0
 endloop
endfacet
facet normal 0 0 0
 outer loop
vertex -41.29999923706055 95 0
vertex 41.79792022705078 93.79792022705078 0
vertex 41.921531677246094 93.68588256835938 0
 endloop
endfacet
facet normal 0 0 0
 outer loop
vertex -55 0 0
vertex -44.20207977294922 93.79792022705078 0
vertex -44.078468322753906 93.68588256835938 0
 endloop
endfacet
facet normal 0 0 0
 outer loop
vertex -16.078468322753906 21.314117431640625 0
vertex -16.20208168029785 21.20208168029785 0
vertex -43.49348449707031 11.626798629760742 0
 endloop
endfacet
facet normal 0 0 0
 outer loop
vertex 13.300000190734863 20 0
vertex -13.797918319702148 21.20208168029785 0
vertex -13.921531677246094 21.314117431640625 0
 endloop
endfacet
facet normal 0 0 0
 outer loop
vertex -13.300000190734863 20 0
vertex 13.797918319702148 18.79791831970215 0
vertex 13.921531677246094 18.685882568359375 0
 endloop
endfacet
facet normal 0 0 0
 outer loop
vertex 41.29999923706055 10 0
vertex -41.79792022705078 11.202081680297852 0
vertex -41.921531677246094 11.314117431640625 0
 endloop
endfacet
facet normal 0 0 0
 outer loop
vertex -41.29999923706055 10 0
vertex 41.79792022705078 8.797918319702148 0
vertex 41.921531677246094 8.685882568359375 0
 endloop
endfacet
facet normal 0 0 0
 outer loop
vertex -55 0 0
vertex -44.20207977294922 8.797918319702148 0
vertex -44.078468322753906 8.685882568359375 0
 endloop
endfacet
facet normal 0 0 0
 outer loop
vertex -44.20207977294922 96.20207977294922 0
vertex -44.314117431640625 96.0784683227539 0
vertex -55 105 0
 endloop
endfacet
facet normal 0 0 0
 outer loop
vertex 41.30818557739258 95.1666259765625 0
vertex -41.79792022705078 96.20207977294922 0
vertex -41.921531677246094 96.31411743164062 0
 endloop
endfacet
facet normal 0 0 0
 outer loop
vertex -41.29999923706055 95 0
vertex 41.921531677246094 93.68588256835938 0
vertex 42.0555305480957 93.58650207519531 0
 endloop
endfacet
facet normal 0 0 0
 outer loop
vertex -55 0 0
vertex -44.078468322753906 93.68588256835938 0
vertex -43.9444694519043 93.58650207519531 0
 endloop
endfacet
facet normal 0 0 0
 outer loop
vertex -15.944469451904297 21.413497924804688 0
vertex -16.078468322753906 21.314117431640625 0
vertex -43.49348449707031 11.626798629760742 0
 endloop
endfacet
facet normal 0 0 0
 outer loop
vertex 13.300000190734863 20 0
vertex -13.921531677246094 21.314117431640625 0
vertex -14.055530548095703 21.413497924804688 0
 endloop
endfacet
facet normal 0 0 0
 outer loop
vertex -13.300000190734863 20 0
vertex 13.921531677246094 18.685882568359375 0
vertex 14.055530548095703 18.586502075195312 0
 endloop
endfacet
facet normal 0 0 0
 outer loop
vertex 41.29999923706055 10 0
vertex -41.921531677246094 11.314117431640625 0
vertex -42.0555305480957 11.413497924804688 0
 endloop
endfacet
facet normal 0 0 0
 outer loop
vertex -41.29999923706055 10 0
vertex 41.921531677246094 8.685882568359375 0
vertex 42.0555305480957 8.586502075195312 0
 endloop
endfacet
facet normal 0 0 0
 outer loop
vertex -55 0 0
vertex -44.078468322753906 8.685882568359375 0
vertex -43.9444694519043 8.586502075195312 0
 endloop
endfacet
facet normal 0 0 0
 outer loop
vertex -44.078468322753906 96.31411743164062 0
vertex -44.20207977294922 96.20207977294922 0
vertex -55 105 0
 endloop
endfacet
facet normal 0 0 0
 outer loop
vertex 41.30818557739258 95.1666259765625 0
vertex -41.921531677246094 96.31411743164062 0
vertex -42.0555305480957 96.41349792480469 0
 endloop
endfacet
facet normal 0 0 0
 outer loop
vertex -41.29999923706055 95 0
vertex 42.0555305480957 93.58650207519531 0
vertex 42.19862365722656 93.500732421875 0
 endloop
endfacet
facet normal 0 0 0
 outer loop
vertex -55 0 0
vertex -43.9444694519043 93.58650207519531 0
vertex -43.80137634277344 93.500732421875 0
 endloop
endfacet
facet normal 0 0 0
 outer loop
vertex -15.801374435424805 21.499265670776367 0
vertex -15.944469451904297 21.413497924804688 0
vertex -43.49348449707031 11.626798629760742 0
 endloop
endfacet
facet normal 0 0 0
 outer loop
vertex 13.300000190734863 20 0
vertex -14.055530548095703 21.413497924804688 0
vertex -14.198625564575195 21.499265670776367 0
 endloop
endfacet
facet normal 0 0 0
 outer loop
vertex -13.300000190734863 20 0
vertex 14.055530548095703 18.586502075195312 0
vertex 14.198625564575195 18.500734329223633 0
 endloop
endfacet
facet normal 0 0 0
 outer loop
vertex 41.29999923706055 10 0
vertex -42.0555305480957 11.413497924804688 0
vertex -42.19862365722656 11.499266624450684 0
 endloop
endfacet
facet normal 0 0 0
 outer loop
vertex -41.29999923706055 10 0
vertex 42.0555305480957 8.586502075195312 0
vertex 42.19862365722656 8.500733375549316 0
 endloop
endfacet
facet normal 0 0 0
 outer loop
vertex -55 0 0
vertex -43.9444694519043 8.586502075195312 0
vertex -43.80137634277344 8.500733375549316 0
 endloop
endfacet
facet normal 0 0 0
 outer loop
vertex -43.9444694519043 96.41349792480469 0
vertex -44.078468322753906 96.31411743164062 0
vertex -55 105 0
 endloop
endfacet
facet normal 0 0 0
 outer loop
vertex 41.30818557739258 95.1666259765625 0
vertex -42.0555305480957 96.41349792480469 0
vertex -42.19862365722656 96.499267578125 0
 endloop
endfacet
facet normal 0 0 0
 outer loop
vertex -41.29999923706055 95 0
vertex 42.19862365722656 93.500732421875 0
vertex 42.34943771362305 93.42940521240234 0
 endloop
endfacet
facet normal 0 0 0
 outer loop
vertex -55 0 0
vertex -43.80137634277344 93.500732421875 0
vertex -43.65056228637695 93.42940521240234 0
 endloop
endfacet
facet normal 0 0 0
 outer loop
vertex -15.650562286376953 21.570594787597656 0
vertex -15.801374435424805 21.499265670776367 0
vertex -43.49348449707031 11.626798629760742 0
 endloop
endfacet
facet normal 0 0 0
 outer loop
vertex 13.300000190734863 20 0
vertex -14.198625564575195 21.499265670776367 0
vertex -14.349437713623047 21.570594787597656 0
 endloop
endfacet
facet normal 0 0 0
 outer loop
vertex -13.300000190734863 20 0
vertex 14.198625564575195 18.500734329223633 0
vertex 14.349437713623047 18.429405212402344 0
 endloop
endfacet
facet normal 0 0 0
 outer loop
vertex 41.29999923706055 10 0
vertex -42.19862365722656 11.499266624450684 0
vertex -42.34943771362305 11.570594787597656 0
 endloop
endfacet
facet normal 0 0 0
 outer loop
vertex -41.29999923706055 10 0
vertex 42.19862365722656 8.500733375549316 0
vertex 42.34943771362305 8.429405212402344 0
 endloop
endfacet
facet normal 0 0 0
 outer loop
vertex -55 0 0
vertex -43.80137634277344 8.500733375549316 0
vertex -43.65056228637695 8.429405212402344 0
 endloop
endfacet
facet normal 0 0 0
 outer loop
vertex -43.80137634277344 96.499267578125 0
vertex -43.9444694519043 96.41349792480469 0
vertex -55 105 0
 endloop
endfacet
facet normal 0 0 0
 outer loop
vertex 41.30818557739258 95.1666259765625 0
vertex -42.19862365722656 96.499267578125 0
vertex -42.34943771362305 96.57059478759766 0
 endloop
endfacet
facet normal 0 0 0
 outer loop
vertex -41.29999923706055 95 0
vertex 42.34943771362305 93.42940521240234 0
vertex 42.50651550292969 93.37319946289062 0
 endloop
endfacet
facet normal 0 0 0
 outer loop
vertex -55 0 0
vertex -43.65056228637695 93.42940521240234 0
vertex -43.49348449707031 93.37319946289062 0
 endloop
endfacet
facet normal 0 0 0
 outer loop
vertex -15.493483543395996 21.626798629760742 0
vertex -15.650562286376953 21.570594787597656 0
vertex -43.49348449707031 11.626798629760742 0
 endloop
endfacet
facet normal 0 0 0
 outer loop
vertex 13.300000190734863 20 0
vertex -14.349437713623047 21.570594787597656 0
vertex -14.506516456604004 21.626798629760742 0
 endloop
endfacet
facet normal 0 0 0
 outer loop
vertex -13.300000190734863 20 0
vertex 14.349437713623047 18.429405212402344 0
vertex 14.506516456604004 18.373201370239258 0
 endloop
endfacet
facet normal 0 0 0
 outer loop
vertex 41.29999923706055 10 0
vertex -42.34943771362305 11.570594787597656 0
vertex -42.50651550292969 11.626798629760742 0
 endloop
endfacet
facet normal 0 0 0
 outer loop
vertex -41.29999923706055 10 0
vertex 42.34943771362305 8.429405212402344 0
vertex 42.50651550292969 8.373201370239258 0
 endloop
endfacet
facet normal 0 0 0
 outer loop
vertex -55 0 0
vertex -43.65056228637695 8.429405212402344 0
vertex -43.49348449707031 8.373201370239258 0
 endloop
endfacet
facet normal 0 0 0
 outer loop
vertex -43.65056228637695 96.57059478759766 0
vertex -43.80137634277344 96.499267578125 0
vertex -55 105 0
 endloop
endfacet
facet normal 0 0 0
 outer loop
vertex 41.30818557739258 95.1666259765625 0
vertex -42.34943771362305 96.57059478759766 0
vertex -42.50651550292969 96.62680053710938 0
 endloop
endfacet
facet normal 0 0 0
 outer loop
vertex -41.29999923706055 95 0
vertex 42.50651550292969 93.37319946289062 0
vertex 42.6683464050293 93.3326644897461 0
 endloop
endfacet
facet normal 0 0 0
 outer loop
vertex -55 0 0
vertex -43.49348449707031 93.37319946289062 0
vertex -43.3316535949707 93.3326644897461 0
 endloop
endfacet
facet normal 0 0 0
 outer loop
vertex 13.300000190734863 20 0
vertex -14.506516456604004 21.626798629760742 0
vertex -14.668346405029297 21.667335510253906 0
 endloop
endfacet
facet normal 0 0 0
 outer loop
vertex -13.300000190734863 20 0
vertex 14.506516456604004 18.373201370239258 0
vertex 14.668346405029297 18.332664489746094 0
 endloop
endfacet
facet normal 0 0 0
 outer loop
vertex 41.29999923706055 10 0
vertex -42.50651550292969 11.626798629760742 0
vertex -42.6683464050293 11.66733455657959 0
 endloop
endfacet
facet normal 0 0 0
 outer loop
vertex -41.29999923706055 10 0
vertex 42.50651550292969 8.373201370239258 0
vertex 42.6683464050293 8.33266544342041 0
 endloop
endfacet
facet normal 0 0 0
 outer loop
vertex -55 0 0
vertex -43.49348449707031 8.373201370239258 0
vertex -43.3316535949707 8.33266544342041 0
 endloop
endfacet
facet normal 0 0 0
 outer loop
vertex -43.49348449707031 96.62680053710938 0
vertex -43.65056228637695 96.57059478759766 0
vertex -55 105 0
 endloop
endfacet
facet normal 0 0 0
 outer loop
vertex 41.30818557739258 95.1666259765625 0
vertex -42.50651550292969 96.62680053710938 0
vertex -42.6683464050293 96.6673355102539 0
 endloop
endfacet
facet normal 0 0 0
 outer loop
vertex -41.29999923706055 95 0
vertex 42.6683464050293 93.3326644897461 0
vertex 42.833370208740234 93.30818939208984 0
 endloop
endfacet
facet normal 0 0 0
 outer loop
vertex -55 0 0
vertex -43.3316535949707 93.3326644897461 0
vertex -43.166629791259766 93.30818939208984 0
 endloop
endfacet
facet normal 0 0 0
 outer loop
vertex 13.300000190734863 20 0
vertex -14.668346405029297 21.667335510253906 0
vertex -14.83337116241455 21.691814422607422 0
 endloop
endfacet
facet normal 0 0 0
 outer loop
vertex -13.300000190734863 20 0
vertex 14.668346405029297 18.332664489746094 0
vertex 14.83337116241455 18.308185577392578 0
 endloop
endfacet
facet normal 0 0 0
 outer loop
vertex 41.29999923706055 10 0
vertex -42.6683464050293 11.66733455657959 0
vertex -42.833370208740234 11.691814422607422 0
 endloop
endfacet
facet normal 0 0 0
 outer loop
vertex -41.29999923706055 10 0
vertex 42.6683464050293 8.33266544342041 0
vertex 42.833370208740234 8.308185577392578 0
 endloop
endfacet
facet normal 0 0 0
 outer loop
vertex -55 0 0
vertex -43.3316535949707 8.33266544342041 0
vertex -43.166629791259766 8.308185577392578 0
 endloop
endfacet
facet normal 0 0 0
 outer loop
vertex -43.3316535949707 96.6673355102539 0
vertex -43.49348449707031 96.62680053710938 0
vertex -55 105 0
 endloop
endfacet
facet normal 0 0 0
 outer loop
vertex 41.30818557739258 95.1666259765625 0
vertex -42.6683464050293 96.6673355102539 0
vertex -42.833370208740234 96.69181060791016 0
 endloop
endfacet
facet normal 0 0 0
 outer loop
vertex -41.29999923706055 95 0
vertex 42.833370208740234 93.30818939208984 0
vertex 43 93.30000305175781 0
 endloop
endfacet
facet normal 0 0 0
 outer loop
vertex -55 0 0
vertex -43.166629791259766 93.30818939208984 0
vertex -43 93.30000305175781 0
 endloop
endfacet
facet normal 0 0 0
 outer loop
vertex 13.308185577392578 20.166629791259766 0
vertex 13.300000190734863 20 0
vertex -14.83337116241455 21.691814422607422 0
 endloop
endfacet
facet normal 0 0 0
 outer loop
vertex -13.308185577392578 19.833370208740234 0
vertex -13.300000190734863 20 0
vertex 14.83337116241455 18.308185577392578 0
 endloop
endfacet
facet normal 0 0 0
 outer loop
vertex 41.29999923706055 10 0
vertex -42.833370208740234 11.691814422607422 0
vertex -43 11.699999809265137 0
 endloop
endfacet
facet normal 0 0 0
 outer loop
vertex -41.29999923706055 10 0
vertex 42.833370208740234 8.308185577392578 0
vertex 43 8.300000190734863 0
 endloop
endfacet
facet normal 0 0 0
 outer loop
vertex -55 0 0
vertex -43.166629791259766 8.308185577392578 0
vertex -43 8.300000190734863 0
 endloop
endfacet
facet normal 0 0 0
 outer loop
vertex -43.166629791259766 96.69181060791016 0
vertex -43.3316535949707 96.6673355102539 0
vertex -55 105 0
 endloop
endfacet
facet normal 0 0 0
 outer loop
vertex 41.30818557739258 95.1666259765625 0
vertex -42.833370208740234 96.69181060791016 0
vertex -43 96.69999694824219 0
 endloop
endfacet
facet normal 0 0 0
 outer loop
vertex -41.30818557739258 94.8333740234375 0
vertex -41.29999923706055 95 0
vertex 43 93.30000305175781 0
 endloop
endfacet
facet normal 0 0 0
 outer loop
vertex -55 0 0
vertex -43 93.30000305175781 0
vertex -42.833370208740234 93.30818939208984 0
 endloop
endfacet
facet normal 0 0 0
 outer loop
vertex 13.33266544342041 20.331653594970703 0
vertex 13.308185577392578 20.166629791259766 0
vertex -14.83337116241455 21.691814422607422 0
 endloop
endfacet
facet normal 0 0 0
 outer loop
vertex -13.33266544342041 19.668346405029297 0
vertex -13.308185577392578 19.833370208740234 0
vertex 14.83337116241455 18.308185577392578 0
 endloop
endfacet
facet normal 0 0 0
 outer loop
vertex 41.30818557739258 10.16662883758545 0
vertex 41.29999923706055 10 0
vertex -43 11.699999809265137 0
 endloop
endfacet
facet normal 0 0 0
 outer loop
vertex -41.30818557739258 9.83337116241455 0
vertex -41.29999923706055 10 0
vertex 43 8.300000190734863 0
 endloop
endfacet
facet normal 0 0 0
 outer loop
vertex -55 0 0
vertex -43 8.300000190734863 0
vertex -42.833370208740234 8.308185577392578 0
 endloop
endfacet
facet normal 0 0 0
 outer loop
vertex -43.166629791259766 96.69181060791016 0
vertex -55 105 0
vertex 55 105 0
 endloop
endfacet
facet normal 0 0 0
 outer loop
vertex 41.332664489746094 95.33164978027344 0
vertex 41.30818557739258 95.1666259765625 0
vertex -43 96.69999694824219 0
 endloop
endfacet
facet normal 0 0 0
 outer loop
vertex -41.332664489746094 94.66835021972656 0
vertex -41.30818557739258 94.8333740234375 0
vertex 43 93.30000305175781 0
 endloop
endfacet
facet normal 0 0 0
 outer loop
vertex -55 0 0
vertex -42.833370208740234 93.30818939208984 0
vertex -42.6683464050293 93.3326644897461 0
 endloop
endfacet
facet normal 0 0 0
 outer loop
vertex 13.33266544342041 20.331653594970703 0
vertex -14.83337116241455 21.691814422607422 0
vertex -15 21.700000762939453 0
 endloop
endfacet
facet normal 0 0 0
 outer loop
vertex -13.33266544342041 19.668346405029297 0
vertex 14.83337116241455 18.308185577392578 0
vertex 15 18.299999237060547 0
 endloop
endfacet
facet normal 0 0 0
 outer loop
vertex 41.332664489746094 10.331653594970703 0
vertex 41.30818557739258 10.16662883758545 0
vertex -43 11.699999809265137 0
 endloop
endfacet
facet normal 0 0 0
 outer loop
vertex -41.332664489746094 9.668346405029297 0
vertex -41.30818557739258 9.83337116241455 0
vertex 43 8.300000190734863 0
 endloop
endfacet
facet normal 0 0 0
 outer loop
vertex -55 0 0
vertex -42.833370208740234 8.308185577392578 0
vertex -42.6683464050293 8.33266544342041 0
 endloop
endfacet
facet normal 0 0 0
 outer loop
vertex -43 96.69999694824219 0
vertex -43.166629791259766 96.69181060791016 0
vertex 55 105 0
 endloop
endfacet
facet normal 0 0 0
 outer loop
vertex 41.37320327758789 95.49348449707031 0
vertex 41.332664489746094 95.33164978027344 0
vertex -43 96.69999694824219 0
 endloop
endfacet
facet normal 0 0 0
 outer loop
vertex -41.37320327758789 94.50651550292969 0
vertex -41.332664489746094 94.66835021972656 0
vertex 43 93.30000305175781 0
 endloop
endfacet
facet normal 0 0 0
 outer loop
vertex -55 0 0
vertex -42.6683464050293 93.3326644897461 0
vertex -42.50651550292969 93.37319946289062 0
 endloop
endfacet
facet normal 0 0 0
 outer loop
vertex 13.373201370239258 20.493484497070312 0
vertex 13.33266544342041 20.331653594970703 0
vertex -15 21.700000762939453 0
 endloop
endfacet
facet normal 0 0 0
 outer loop
vertex -13.373201370239258 19.506515502929688 0
vertex -13.33266544342041 19.668346405029297 0
vertex 15 18.299999237060547 0
 endloop
endfacet
facet normal 0 0 0
 outer loop
vertex 41.37320327758789 10.493483543395996 0
vertex 41.332664489746094 10.331653594970703 0
vertex -43 11.699999809265137 0
 endloop
endfacet
facet normal 0 0 0
 outer loop
vertex -41.37320327758789 9.506516456604004 0
vertex -41.332664489746094 9.668346405029297 0
vertex 43 8.300000190734863 0
 endloop
endfacet
facet normal 0 0 0
 outer loop
vertex -55 0 0
vertex -42.6683464050293 8.33266544342041 0
vertex -42.50651550292969 8.373201370239258 0
 endloop
endfacet
facet normal 0 0 0
 outer loop
vertex 41.429405212402344 95.65055847167969 0
vertex 41.37320327758789 95.49348449707031 0
vertex -43 96.69999694824219 0
 endloop
endfacet
facet normal 0 0 0
 outer loop
vertex -41.429405212402344 94.34944152832031 0
vertex -41.37320327758789 94.50651550292969 0
vertex 43 93.30000305175781 0
 endloop
endfacet
facet normal 0 0 0
 outer loop
vertex -55 0 0
vertex -42.50651550292969 93.37319946289062 0
vertex -42.34943771362305 93.42940521240234 0
 endloop
endfacet
facet normal 0 0 0
 outer loop
vertex 13.429405212402344 20.650562286376953 0
vertex 13.373201370239258 20.493484497070312 0
vertex -15 21.700000762939453 0
 endloop
endfacet
facet normal 0 0 0
 outer loop
vertex -13.429405212402344 19.349437713623047 0
vertex -13.373201370239258 19.506515502929688 0
vertex 15 18.299999237060547 0
 endloop
endfacet
facet normal 0 0 0
 outer loop
vertex 41.429405212402344 10.650562286376953 0
vertex 41.37320327758789 10.493483543395996 0
vertex -43 11.699999809265137 0
 endloop
endfacet
facet normal 0 0 0
 outer loop
vertex -41.429405212402344 9.349437713623047 0
vertex -41.37320327758789 9.506516456604004 0
vertex 43 8.300000190734863 0
 endloop
endfacet
facet normal 0 0 0
 outer loop
vertex -55 0 0
vertex -42.50651550292969 8.373201370239258 0
vertex -42.34943771362305 8.429405212402344 0
 endloop
endfacet
facet normal 0 0 0
 outer loop
vertex 41.500732421875 95.80137634277344 0
vertex 41.429405212402344 95.65055847167969 0
vertex -43 96.69999694824219 0
 endloop
endfacet
facet normal 0 0 0
 outer loop
vertex -41.500732421875 94.19862365722656 0
vertex -41.429405212402344 94.34944152832031 0
vertex 43 93.30000305175781 0
 endloop
endfacet
facet normal 0 0 0
 outer loop
vertex -55 0 0
vertex -42.34943771362305 93.42940521240234 0
vertex -42.19862365722656 93.500732421875 0
 endloop
endfacet
facet normal 0 0 0
 outer loop
vertex 13.500733375549316 20.801374435424805 0
vertex 13.429405212402344 20.650562286376953 0
vertex -15 21.700000762939453 0
 endloop
endfacet
facet normal 0 0 0
 outer loop
vertex -13.500733375549316 19.198625564575195 0
vertex -13.429405212402344 19.349437713623047 0
vertex 15 18.299999237060547 0
 endloop
endfacet
facet normal 0 0 0
 outer loop
vertex 41.500732421875 10.801374435424805 0
vertex 41.429405212402344 10.650562286376953 0
vertex -43 11.699999809265137 0
 endloop
endfacet
facet normal 0 0 0
 outer loop
vertex -41.500732421875 9.198625564575195 0
vertex -41.429405212402344 9.349437713623047 0
vertex 43 8.300000190734863 0
 endloop
endfacet
facet normal 0 0 0
 outer loop
vertex -55 0 0
vertex -42.34943771362305 8.429405212402344 0
vertex -42.19862365722656 8.500733375549316 0
 endloop
endfacet
facet normal 0 0 0
 outer loop
vertex 41.58650207519531 95.94446563720703 0
vertex 41.500732421875 95.80137634277344 0
vertex -43 96.69999694824219 0
 endloop
endfacet
facet normal 0 0 0
 outer loop
vertex -41.58650207519531 94.05553436279297 0
vertex -41.500732421875 94.19862365722656 0
vertex 43 93.30000305175781 0
 endloop
endfacet
facet normal 0 0 0
 outer loop
vertex -55 0 0
vertex -42.19862365722656 93.500732421875 0
vertex -42.0555305480957 93.58650207519531 0
 endloop
endfacet
facet normal 0 0 0
 outer loop
vertex 13.586502075195312 20.944469451904297 0
vertex 13.500733375549316 20.801374435424805 0
vertex -15 21.700000762939453 0
 endloop
endfacet
facet normal 0 0 0
 outer loop
vertex -13.586502075195312 19.055530548095703 0
vertex -13.500733375549316 19.198625564575195 0
vertex 15 18.299999237060547 0
 endloop
endfacet
facet normal 0 0 0
 outer loop
vertex 41.58650207519531 10.944469451904297 0
vertex 41.500732421875 10.801374435424805 0
vertex -43 11.699999809265137 0
 endloop
endfacet
facet normal 0 0 0
 outer loop
vertex -41.58650207519531 9.055530548095703 0
vertex -41.500732421875 9.198625564575195 0
vertex 43 8.300000190734863 0
 endloop
endfacet
facet normal 0 0 0
 outer loop
vertex -55 0 0
vertex -42.19862365722656 8.500733375549316 0
vertex -42.0555305480957 8.586502075195312 0
 endloop
endfacet
facet normal 0 0 0
 outer loop
vertex 41.685882568359375 96.0784683227539 0
vertex 41.58650207519531 95.94446563720703 0
vertex -43 96.69999694824219 0
 endloop
endfacet
facet normal 0 0 0
 outer loop
vertex -41.685882568359375 93.9215316772461 0
vertex -41.58650207519531 94.05553436279297 0
vertex 43 93.30000305175781 0
 endloop
endfacet
facet normal 0 0 0
 outer loop
vertex -55 0 0
vertex -42.0555305480957 93.58650207519531 0
vertex -41.921531677246094 93.68588256835938 0
 endloop
endfacet
facet normal 0 0 0
 outer loop
vertex 13.685882568359375 21.078468322753906 0
vertex 13.586502075195312 20.944469451904297 0
vertex -15 21.700000762939453 0
 endloop
endfacet
facet normal 0 0 0
 outer loop
vertex -13.685882568359375 18.921531677246094 0
vertex -13.586502075195312 19.055530548095703 0
vertex 15 18.299999237060547 0
 endloop
endfacet
facet normal 0 0 0
 outer loop
vertex 41.685882568359375 11.078468322753906 0
vertex 41.58650207519531 10.944469451904297 0
vertex -43 11.699999809265137 0
 endloop
endfacet
facet normal 0 0 0
 outer loop
vertex -41.685882568359375 8.921531677246094 0
vertex -41.58650207519531 9.055530548095703 0
vertex 43 8.300000190734863 0
 endloop
endfacet
facet normal 0 0 0
 outer loop
vertex 55 0 0
vertex -55 0 0
vertex -42.0555305480957 8.586502075195312 0
 endloop
endfacet
facet normal 0 0 0
 outer loop
vertex 41.79792022705078 96.20207977294922 0
vertex 41.685882568359375 96.0784683227539 0
vertex -43 96.69999694824219 0
 endloop
endfacet
facet normal 0 0 0
 outer loop
vertex -41.79792022705078 93.79792022705078 0
vertex -41.685882568359375 93.9215316772461 0
vertex 43 93.30000305175781 0
 endloop
endfacet
facet normal 0 0 0
 outer loop
vertex -55 0 0
vertex -41.921531677246094 93.68588256835938 0
vertex -41.79792022705078 93.79792022705078 0
 endloop
endfacet
facet normal 0 0 0
 outer loop
vertex 13.797918319702148 21.20208168029785 0
vertex 13.685882568359375 21.078468322753906 0
vertex -15 21.700000762939453 0
 endloop
endfacet
facet normal 0 0 0
 outer loop
vertex -13.797918319702148 18.79791831970215 0
vertex -13.685882568359375 18.921531677246094 0
vertex 15 18.299999237060547 0
 endloop
endfacet
facet normal 0 0 0
 outer loop
vertex 41.79792022705078 11.202081680297852 0
vertex 41.685882568359375 11.078468322753906 0
vertex -43 11.699999809265137 0
 endloop
endfacet
facet normal 0 0 0
 outer loop
vertex -41.79792022705078 8.797918319702148 0
vertex -41.685882568359375 8.921531677246094 0
vertex 43 8.300000190734863 0
 endloop
endfacet
facet normal 0 0 0
 outer loop
vertex 55 0 0
vertex -42.0555305480957 8.586502075195312 0
vertex -41.921531677246094 8.685882568359375 0
 endloop
endfacet
facet normal 0 0 0
 outer loop
vertex 41.921531677246094 96.31411743164062 0
vertex 41.79792022705078 96.20207977294922 0
vertex -43 96.69999694824219 0
 endloop
endfacet
facet normal 0 0 0
 outer loop
vertex -44.20207977294922 11.202081680297852 0
vertex -55 0 0
vertex -41.79792022705078 93.79792022705078 0
 endloop
endfacet
facet normal 0 0 0
 outer loop
vertex 13.921531677246094 21.314117431640625 0
vertex 13.797918319702148 21.20208168029785 0
vertex -15 21.700000762939453 0
 endloop
endfacet
facet normal 0 0 0
 outer loop
vertex -13.921531677246094 18.685882568359375 0
vertex -13.797918319702148 18.79791831970215 0
vertex 15 18.299999237060547 0
 endloop
endfacet
facet normal 0 0 0
 outer loop
vertex 41.921531677246094 11.314117431640625 0
vertex 41.79792022705078 11.202081680297852 0
vertex -43 11.699999809265137 0
 endloop
endfacet
facet normal 0 0 0
 outer loop
vertex -41.921531677246094 8.685882568359375 0
vertex -41.79792022705078 8.797918319702148 0
vertex 43 8.300000190734863 0
 endloop
endfacet
facet normal 0 0 0
 outer loop
vertex 42.0555305480957 96.41349792480469 0
vertex 41.921531677246094 96.31411743164062 0
vertex -43 96.69999694824219 0
 endloop
endfacet
facet normal 0 0 0
 outer loop
vertex -44.20207977294922 11.202081680297852 0
vertex -41.79792022705078 93.79792022705078 0
vertex 43 93.30000305175781 0
 endloop
endfacet
facet normal 0 0 0
 outer loop
vertex 14.055530548095703 21.413497924804688 0
vertex 13.921531677246094 21.314117431640625 0
vertex -15 21.700000762939453 0
 endloop
endfacet
facet normal 0 0 0
 outer loop
vertex -14.055530548095703 18.586502075195312 0
vertex -13.921531677246094 18.685882568359375 0
vertex 15 18.299999237060547 0
 endloop
endfacet
facet normal 0 0 0
 outer loop
vertex 42.0555305480957 11.413497924804688 0
vertex 41.921531677246094 11.314117431640625 0
vertex -43 11.699999809265137 0
 endloop
endfacet
facet normal 0 0 0
 outer loop
vertex 55 0 0
vertex -41.921531677246094 8.685882568359375 0
vertex 43 8.300000190734863 0
 endloop
endfacet
facet normal 0 0 0
 outer loop
vertex 42.0555305480957 96.41349792480469 0
vertex -43 96.69999694824219 0
vertex 55 105 0
 endloop
endfacet
facet normal 0 0 0
 outer loop
vertex -44.20207977294922 11.202081680297852 0
vertex 43 93.30000305175781 0
vertex 43.166629791259766 93.30818939208984 0
 endloop
endfacet
facet normal 0 0 0
 outer loop
vertex 14.198625564575195 21.499265670776367 0
vertex 14.055530548095703 21.413497924804688 0
vertex -15 21.700000762939453 0
 endloop
endfacet
facet normal 0 0 0
 outer loop
vertex -14.198625564575195 18.500734329223633 0
vertex -14.055530548095703 18.586502075195312 0
vertex 15 18.299999237060547 0
 endloop
endfacet
facet normal 0 0 0
 outer loop
vertex 42.19862365722656 11.499266624450684 0
vertex 42.0555305480957 11.413497924804688 0
vertex -43 11.699999809265137 0
 endloop
endfacet
facet normal 0 0 0
 outer loop
vertex 55 0 0
vertex 43 8.300000190734863 0
vertex 43.166629791259766 8.308185577392578 0
 endloop
endfacet
facet normal 0 0 0
 outer loop
vertex 42.19862365722656 96.499267578125 0
vertex 42.0555305480957 96.41349792480469 0
vertex 55 105 0
 endloop
endfacet
facet normal 0 0 0
 outer loop
vertex -44.20207977294922 11.202081680297852 0
vertex 43.166629791259766 93.30818939208984 0
vertex 43.3316535949707 93.3326644897461 0
 endloop
endfacet
facet normal 0 0 0
 outer loop
vertex 14.349437713623047 21.570594787597656 0
vertex 14.198625564575195 21.499265670776367 0
vertex -15 21.700000762939453 0
 endloop
endfacet
facet normal 0 0 0
 outer loop
vertex -14.349437713623047 18.429405212402344 0
vertex -14.198625564575195 18.500734329223633 0
vertex 15 18.299999237060547 0
 endloop
endfacet
facet normal 0 0 0
 outer loop
vertex 42.34943771362305 11.570594787597656 0
vertex 42.19862365722656 11.499266624450684 0
vertex -43 11.699999809265137 0
 endloop
endfacet
facet normal 0 0 0
 outer loop
vertex 55 0 0
vertex 43.166629791259766 8.308185577392578 0
vertex 43.3316535949707 8.33266544342041 0
 endloop
endfacet
facet normal 0 0 0
 outer loop
vertex 42.34943771362305 96.57059478759766 0
vertex 42.19862365722656 96.499267578125 0
vertex 55 105 0
 endloop
endfacet
facet normal 0 0 0
 outer loop
vertex -44.20207977294922 11.202081680297852 0
vertex 43.3316535949707 93.3326644897461 0
vertex 43.49348449707031 93.37319946289062 0
 endloop
endfacet
facet normal 0 0 0
 outer loop
vertex 14.506516456604004 21.626798629760742 0
vertex 14.349437713623047 21.570594787597656 0
vertex -15 21.700000762939453 0
 endloop
endfacet
facet normal 0 0 0
 outer loop
vertex -14.506516456604004 18.373201370239258 0
vertex -14.349437713623047 18.429405212402344 0
vertex 15 18.299999237060547 0
 endloop
endfacet
facet normal 0 0 0
 outer loop
vertex 42.50651550292969 11.626798629760742 0
vertex 42.34943771362305 11.570594787597656 0
vertex -43 11.699999809265137 0
 endloop
endfacet
facet normal 0 0 0
 outer loop
vertex 55 0 0
vertex 43.3316535949707 8.33266544342041 0
vertex 43.49348449707031 8.373201370239258 0
 endloop
endfacet
facet normal 0 0 0
 outer loop
vertex 42.50651550292969 96.62680053710938 0
vertex 42.34943771362305 96.57059478759766 0
vertex 55 105 0
 endloop
endfacet
facet normal 0 0 0
 outer loop
vertex -44.20207977294922 11.202081680297852 0
vertex 43.49348449707031 93.37319946289062 0
vertex 43.65056228637695 93.42940521240234 0
 endloop
endfacet
facet normal 0 0 0
 outer loop
vertex 14.668346405029297 21.667335510253906 0
vertex 14.506516456604004 21.626798629760742 0
vertex -15 21.700000762939453 0
 endloop
endfacet
facet normal 0 0 0
 outer loop
vertex -14.668346405029297 18.332664489746094 0
vertex -14.506516456604004 18.373201370239258 0
vertex 15 18.299999237060547 0
 endloop
endfacet
facet normal 0 0 0
 outer loop
vertex 42.6683464050293 11.66733455657959 0
vertex 42.50651550292969 11.626798629760742 0
vertex -43 11.699999809265137 0
 endloop
endfacet
facet normal 0 0 0
 outer loop
vertex 55 0 0
vertex 43.49348449707031 8.373201370239258 0
vertex 43.65056228637695 8.429405212402344 0
 endloop
endfacet
facet normal 0 0 0
 outer loop
vertex 42.6683464050293 96.6673355102539 0
vertex 42.50651550292969 96.62680053710938 0
vertex 55 105 0
 endloop
endfacet
facet normal 0 0 0
 outer loop
vertex -44.20207977294922 11.202081680297852 0
vertex 43.65056228637695 93.42940521240234 0
vertex 43.80137634277344 93.500732421875 0
 endloop
endfacet
facet normal 0 0 0
 outer loop
vertex 14.83337116241455 21.691814422607422 0
vertex 14.668346405029297 21.667335510253906 0
vertex -15 21.700000762939453 0
 endloop
endfacet
facet normal 0 0 0
 outer loop
vertex -14.83337116241455 18.308185577392578 0
vertex -14.668346405029297 18.332664489746094 0
vertex 15 18.299999237060547 0
 endloop
endfacet
facet normal 0 0 0
 outer loop
vertex 42.833370208740234 11.691814422607422 0
vertex 42.6683464050293 11.66733455657959 0
vertex -43 11.699999809265137 0
 endloop
endfacet
facet normal 0 0 0
 outer loop
vertex 55 0 0
vertex 43.65056228637695 8.429405212402344 0
vertex 43.80137634277344 8.500733375549316 0
 endloop
endfacet
facet normal 0 0 0
 outer loop
vertex 42.833370208740234 96.69181060791016 0
vertex 42.6683464050293 96.6673355102539 0
vertex 55 105 0
 endloop
endfacet
facet normal 0 0 0
 outer loop
vertex -44.20207977294922 11.202081680297852 0
vertex 43.80137634277344 93.500732421875 0
vertex 43.9444694519043 93.58650207519531 0
 endloop
endfacet
facet normal 0 0 0
 outer loop
vertex 15 21.700000762939453 0
vertex 14.83337116241455 21.691814422607422 0
vertex -15 21.700000762939453 0
 endloop
endfacet
facet normal 0 0 0
 outer loop
vertex -15 18.299999237060547 0
vertex -14.83337116241455 18.308185577392578 0
vertex 15 18.299999237060547 0
 endloop
endfacet
facet normal 0 0 0
 outer loop
vertex 43 11.699999809265137 0
vertex 42.833370208740234 11.691814422607422 0
vertex -43 11.699999809265137 0
 endloop
endfacet
facet normal 0 0 0
 outer loop
vertex 55 0 0
vertex 43.80137634277344 8.500733375549316 0
vertex 43.9444694519043 8.586502075195312 0
 endloop
endfacet
facet normal 0 0 0
 outer loop
vertex 43 96.69999694824219 0
vertex 42.833370208740234 96.69181060791016 0
vertex 55 105 0
 endloop
endfacet
facet normal 0 0 0
 outer loop
vertex -44.20207977294922 11.202081680297852 0
vertex 43.9444694519043 93.58650207519531 0
vertex 44.078468322753906 93.68588256835938 0
 endloop
endfacet
facet normal 0 0 0
 outer loop
vertex 55 0 0
vertex 43.9444694519043 8.586502075195312 0
vertex 44.078468322753906 8.685882568359375 0
 endloop
endfacet
facet normal 0 0 0
 outer loop
vertex 43.166629791259766 96.69181060791016 0
vertex 43 96.69999694824219 0
vertex 55 105 0
 endloop
endfacet
facet normal 0 0 0
 outer loop
vertex -44.20207977294922 11.202081680297852 0
vertex 44.078468322753906 93.68588256835938 0
vertex 44.20207977294922 93.79792022705078 0
 endloop
endfacet
facet normal 0 0 0
 outer loop
vertex 55 0 0
vertex 44.078468322753906 8.685882568359375 0
vertex 44.20207977294922 8.797918319702148 0
 endloop
endfacet
facet normal 0 0 0
 outer loop
vertex 43.3316535949707 96.6673355102539 0
vertex 43.166629791259766 96.69181060791016 0
vertex 55 105 0
 endloop
endfacet
facet normal 0 0 0
 outer loop
vertex -44.078468322753906 11.314117431640625 0
vertex -44.20207977294922 11.202081680297852 0
vertex 44.20207977294922 93.79792022705078 0
 endloop
endfacet
facet normal 0 0 0
 outer loop
vertex 55 0 0
vertex 44.20207977294922 8.797918319702148 0
vertex 44.314117431640625 8.921531677246094 0
 endloop
endfacet
facet normal 0 0 0
 outer loop
vertex 43.49348449707031 96.62680053710938 0
vertex 43.3316535949707 96.6673355102539 0
vertex 55 105 0
 endloop
endfacet
facet normal 0 0 0
 outer loop
vertex -43.9444694519043 11.413497924804688 0
vertex -44.078468322753906 11.314117431640625 0
vertex 44.20207977294922 93.79792022705078 0
 endloop
endfacet
facet normal 0 0 0
 outer loop
vertex 55 0 0
vertex 44.314117431640625 8.921531677246094 0
vertex 44.41349792480469 9.055530548095703 0
 endloop
endfacet
facet normal 0 0 0
 outer loop
vertex 43.65056228637695 96.57059478759766 0
vertex 43.49348449707031 96.62680053710938 0
vertex 55 105 0
 endloop
endfacet
facet normal 0 0 0
 outer loop
vertex -43.80137634277344 11.499266624450684 0
vertex -43.9444694519043 11.413497924804688 0
vertex 44.20207977294922 93.79792022705078 0
 endloop
endfacet
facet normal 0 0 0
 outer loop
vertex 55 0 0
vertex 44.41349792480469 9.055530548095703 0
vertex 44.499267578125 9.198625564575195 0
 endloop
endfacet
facet normal 0 0 0
 outer loop
vertex 43.80137634277344 96.499267578125 0
vertex 43.65056228637695 96.57059478759766 0
vertex 55 105 0
 endloop
endfacet
facet normal 0 0 0
 outer loop
vertex -43.65056228637695 11.570594787597656 0
vertex -43.80137634277344 11.499266624450684 0
vertex 44.20207977294922 93.79792022705078 0
 endloop
endfacet
facet normal 0 0 0
 outer loop
vertex 55 0 0
vertex 44.499267578125 9.198625564575195 0
vertex 44.570594787597656 9.349437713623047 0
 endloop
endfacet
facet normal 0 0 0
 outer loop
vertex 43.9444694519043 96.41349792480469 0
vertex 43.80137634277344 96.499267578125 0
vertex 55 105 0
 endloop
endfacet
facet normal 0 0 0
 outer loop
vertex -43.49348449707031 11.626798629760742 0
vertex -43.65056228637695 11.570594787597656 0
vertex 44.20207977294922 93.79792022705078 0
 endloop
endfacet
facet normal 0 0 0
 outer loop
vertex -43.49348449707031 11.626798629760742 0
vertex -16.700000762939453 20 0
vertex -16.691814422607422 19.833370208740234 0
 endloop
endfacet
facet normal 0 0 0
 outer loop
vertex 55 0 0
vertex 44.570594787597656 9.349437713623047 0
vertex 44.62679672241211 9.506516456604004 0
 endloop
endfacet
facet normal 0 0 0
 outer loop
vertex 44.078468322753906 96.31411743164062 0
vertex 43.9444694519043 96.41349792480469 0
vertex 55 105 0
 endloop
endfacet
facet normal 0 0 0
 outer loop
vertex -15.493483543395996 21.626798629760742 0
vertex -43.49348449707031 11.626798629760742 0
vertex 44.20207977294922 93.79792022705078 0
 endloop
endfacet
facet normal 0 0 0
 outer loop
vertex -43.49348449707031 11.626798629760742 0
vertex -16.691814422607422 19.833370208740234 0
vertex -16.667335510253906 19.668346405029297 0
 endloop
endfacet
facet normal 0 0 0
 outer loop
vertex 55 0 0
vertex 44.62679672241211 9.506516456604004 0
vertex 44.667335510253906 9.668346405029297 0
 endloop
endfacet
facet normal 0 0 0
 outer loop
vertex 44.20207977294922 96.20207977294922 0
vertex 44.078468322753906 96.31411743164062 0
vertex 55 105 0
 endloop
endfacet
facet normal 0 0 0
 outer loop
vertex -15.493483543395996 21.626798629760742 0
vertex 44.20207977294922 93.79792022705078 0
vertex 44.314117431640625 93.9215316772461 0
 endloop
endfacet
facet normal 0 0 0
 outer loop
vertex -43.49348449707031 11.626798629760742 0
vertex -16.667335510253906 19.668346405029297 0
vertex -16.626798629760742 19.506515502929688 0
 endloop
endfacet
facet normal 0 0 0
 outer loop
vertex 55 0 0
vertex 44.667335510253906 9.668346405029297 0
vertex 44.69181442260742 9.83337116241455 0
 endloop
endfacet
facet normal 0 0 0
 outer loop
vertex 44.314117431640625 96.0784683227539 0
vertex 44.20207977294922 96.20207977294922 0
vertex 55 105 0
 endloop
endfacet
facet normal 0 0 0
 outer loop
vertex -15.331653594970703 21.667335510253906 0
vertex -15.493483543395996 21.626798629760742 0
vertex 44.314117431640625 93.9215316772461 0
 endloop
endfacet
facet normal 0 0 0
 outer loop
vertex -43.49348449707031 11.626798629760742 0
vertex -16.626798629760742 19.506515502929688 0
vertex -16.570594787597656 19.349437713623047 0
 endloop
endfacet
facet normal 0 0 0
 outer loop
vertex 55 0 0
vertex 44.69181442260742 9.83337116241455 0
vertex 44.70000076293945 10 0
 endloop
endfacet
facet normal 0 0 0
 outer loop
vertex 44.41349792480469 95.94446563720703 0
vertex 44.314117431640625 96.0784683227539 0
vertex 55 105 0
 endloop
endfacet
facet normal 0 0 0
 outer loop
vertex -15.16662883758545 21.691814422607422 0
vertex -15.331653594970703 21.667335510253906 0
vertex 44.314117431640625 93.9215316772461 0
 endloop
endfacet
facet normal 0 0 0
 outer loop
vertex -43.49348449707031 11.626798629760742 0
vertex -16.570594787597656 19.349437713623047 0
vertex -16.499265670776367 19.198625564575195 0
 endloop
endfacet
facet normal 0 0 0
 outer loop
vertex 55 0 0
vertex 44.70000076293945 10 0
vertex 44.69181442260742 10.16662883758545 0
 endloop
endfacet
facet normal 0 0 0
 outer loop
vertex 44.499267578125 95.80137634277344 0
vertex 44.41349792480469 95.94446563720703 0
vertex 55 105 0
 endloop
endfacet
facet normal 0 0 0
 outer loop
vertex -15 21.700000762939453 0
vertex -15.16662883758545 21.691814422607422 0
vertex 44.314117431640625 93.9215316772461 0
 endloop
endfacet
facet normal 0 0 0
 outer loop
vertex -43.49348449707031 11.626798629760742 0
vertex -16.499265670776367 19.198625564575195 0
vertex -16.413497924804688 19.055530548095703 0
 endloop
endfacet
facet normal 0 0 0
 outer loop
vertex 55 0 0
vertex 44.69181442260742 10.16662883758545 0
vertex 44.667335510253906 10.331653594970703 0
 endloop
endfacet
facet normal 0 0 0
 outer loop
vertex 44.570594787597656 95.65055847167969 0
vertex 44.499267578125 95.80137634277344 0
vertex 55 105 0
 endloop
endfacet
facet normal 0 0 0
 outer loop
vertex 15 21.700000762939453 0
vertex -15 21.700000762939453 0
vertex 44.314117431640625 93.9215316772461 0
 endloop
endfacet
facet normal 0 0 0
 outer loop
vertex -43.49348449707031 11.626798629760742 0
vertex -16.413497924804688 19.055530548095703 0
vertex -16.314117431640625 18.921531677246094 0
 endloop
endfacet
facet normal 0 0 0
 outer loop
vertex 55 0 0
vertex 44.667335510253906 10.331653594970703 0
vertex 44.62679672241211 10.493483543395996 0
 endloop
endfacet
facet normal 0 0 0
 outer loop
vertex 44.62679672241211 95.49348449707031 0
vertex 44.570594787597656 95.65055847167969 0
vertex 55 105 0
 endloop
endfacet
facet normal 0 0 0
 outer loop
vertex 15 21.700000762939453 0
vertex 44.314117431640625 93.9215316772461 0
vertex 44.41349792480469 94.05553436279297 0
 endloop
endfacet
facet normal 0 0 0
 outer loop
vertex -43.49348449707031 11.626798629760742 0
vertex -16.314117431640625 18.921531677246094 0
vertex -16.20208168029785 18.79791831970215 0
 endloop
endfacet
facet normal 0 0 0
 outer loop
vertex 55 0 0
vertex 44.62679672241211 10.493483543395996 0
vertex 44.570594787597656 10.650562286376953 0
 endloop
endfacet
facet normal 0 0 0
 outer loop
vertex 44.667335510253906 95.33164978027344 0
vertex 44.62679672241211 95.49348449707031 0
vertex 55 105 0
 endloop
endfacet
facet normal 0 0 0
 outer loop
vertex 15 21.700000762939453 0
vertex 44.41349792480469 94.05553436279297 0
vertex 44.499267578125 94.19862365722656 0
 endloop
endfacet
facet normal 0 0 0
 outer loop
vertex -43.49348449707031 11.626798629760742 0
vertex -16.20208168029785 18.79791831970215 0
vertex -16.078468322753906 18.685882568359375 0
 endloop
endfacet
facet normal 0 0 0
 outer loop
vertex 55 0 0
vertex 44.570594787597656 10.650562286376953 0
vertex 44.499267578125 10.801374435424805 0
 endloop
endfacet
facet normal 0 0 0
 outer loop
vertex 44.69181442260742 95.1666259765625 0
vertex 44.667335510253906 95.33164978027344 0
vertex 55 105 0
 endloop
endfacet
facet normal 0 0 0
 outer loop
vertex 15 21.700000762939453 0
vertex 44.499267578125 94.19862365722656 0
vertex 44.570594787597656 94.34944152832031 0
 endloop
endfacet
facet normal 0 0 0
 outer loop
vertex -43.49348449707031 11.626798629760742 0
vertex -16.078468322753906 18.685882568359375 0
vertex -15.944469451904297 18.586502075195312 0
 endloop
endfacet
facet normal 0 0 0
 outer loop
vertex 55 0 0
vertex 44.499267578125 10.801374435424805 0
vertex 44.41349792480469 10.944469451904297 0
 endloop
endfacet
facet normal 0 0 0
 outer loop
vertex 44.69181442260742 95.1666259765625 0
vertex 55 105 0
vertex 55 0 0
 endloop
endfacet
facet normal 0 0 0
 outer loop
vertex 15.16662883758545 21.691814422607422 0
vertex 15 21.700000762939453 0
vertex 44.570594787597656 94.34944152832031 0
 endloop
endfacet
facet normal 0 0 0
 outer loop
vertex -43.3316535949707 11.66733455657959 0
vertex -43.49348449707031 11.626798629760742 0
vertex -15.944469451904297 18.586502075195312 0
 endloop
endfacet
facet normal 0 0 0
 outer loop
vertex 55 0 0
vertex 44.41349792480469 10.944469451904297 0
vertex 44.314117431640625 11.078468322753906 0
 endloop
endfacet
facet normal 0 0 0
 outer loop
vertex 44.70000076293945 95 0
vertex 44.69181442260742 95.1666259765625 0
vertex 55 0 0
 endloop
endfacet
facet normal 0 0 0
 outer loop
vertex 15.331653594970703 21.667335510253906 0
vertex 15.16662883758545 21.691814422607422 0
vertex 44.570594787597656 94.34944152832031 0
 endloop
endfacet
facet normal 0 0 0
 outer loop
vertex -43.3316535949707 11.66733455657959 0
vertex -15.944469451904297 18.586502075195312 0
vertex -15.801374435424805 18.500734329223633 0
 endloop
endfacet
facet normal 0 0 0
 outer loop
vertex 55 0 0
vertex 44.314117431640625 11.078468322753906 0
vertex 44.20207977294922 11.202081680297852 0
 endloop
endfacet
facet normal 0 0 0
 outer loop
vertex 44.69181442260742 94.8333740234375 0
vertex 44.70000076293945 95 0
vertex 55 0 0
 endloop
endfacet
facet normal 0 0 0
 outer loop
vertex 15.493483543395996 21.626798629760742 0
vertex 15.331653594970703 21.667335510253906 0
vertex 44.570594787597656 94.34944152832031 0
 endloop
endfacet
facet normal 0 0 0
 outer loop
vertex -43.3316535949707 11.66733455657959 0
vertex -15.801374435424805 18.500734329223633 0
vertex -15.650562286376953 18.429405212402344 0
 endloop
endfacet
facet normal 0 0 0
 outer loop
vertex 44.69181442260742 94.8333740234375 0
vertex 55 0 0
vertex 44.20207977294922 11.202081680297852 0
 endloop
endfacet
facet normal 0 0 0
 outer loop
vertex 15.650562286376953 21.570594787597656 0
vertex 15.493483543395996 21.626798629760742 0
vertex 44.570594787597656 94.34944152832031 0
 endloop
endfacet
facet normal 0 0 0
 outer loop
vertex -43.3316535949707 11.66733455657959 0
vertex -15.650562286376953 18.429405212402344 0
vertex -15.493483543395996 18.373201370239258 0
 endloop
endfacet
facet normal 0 0 0
 outer loop
vertex 44.69181442260742 94.8333740234375 0
vertex 44.20207977294922 11.202081680297852 0
vertex 44.078468322753906 11.314117431640625 0
 endloop
endfacet
facet normal 0 0 0
 outer loop
vertex 15.801374435424805 21.499265670776367 0
vertex 15.650562286376953 21.570594787597656 0
vertex 44.570594787597656 94.34944152832031 0
 endloop
endfacet
facet normal 0 0 0
 outer loop
vertex -43.3316535949707 11.66733455657959 0
vertex -15.493483543395996 18.373201370239258 0
vertex -15.331653594970703 18.332664489746094 0
 endloop
endfacet
facet normal 0 0 0
 outer loop
vertex 44.69181442260742 94.8333740234375 0
vertex 44.078468322753906 11.314117431640625 0
vertex 43.9444694519043 11.413497924804688 0
 endloop
endfacet
facet normal 0 0 0
 outer loop
vertex 15.944469451904297 21.413497924804688 0
vertex 15.801374435424805 21.499265670776367 0
vertex 44.570594787597656 94.34944152832031 0
 endloop
endfacet
facet normal 0 0 0
 outer loop
vertex -43.3316535949707 11.66733455657959 0
vertex -15.331653594970703 18.332664489746094 0
vertex -15.16662883758545 18.308185577392578 0
 endloop
endfacet
facet normal 0 0 0
 outer loop
vertex 44.69181442260742 94.8333740234375 0
vertex 43.9444694519043 11.413497924804688 0
vertex 43.80137634277344 11.499266624450684 0
 endloop
endfacet
facet normal 0 0 0
 outer loop
vertex 16.078468322753906 21.314117431640625 0
vertex 15.944469451904297 21.413497924804688 0
vertex 44.570594787597656 94.34944152832031 0
 endloop
endfacet
facet normal 0 0 0
 outer loop
vertex -43.3316535949707 11.66733455657959 0
vertex -15.16662883758545 18.308185577392578 0
vertex -15 18.299999237060547 0
 endloop
endfacet
facet normal 0 0 0
 outer loop
vertex 44.69181442260742 94.8333740234375 0
vertex 43.80137634277344 11.499266624450684 0
vertex 43.65056228637695 11.570594787597656 0
 endloop
endfacet
facet normal 0 0 0
 outer loop
vertex 16.20208168029785 21.20208168029785 0
vertex 16.078468322753906 21.314117431640625 0
vertex 44.570594787597656 94.34944152832031 0
 endloop
endfacet
facet normal 0 0 0
 outer loop
vertex -43.166629791259766 11.691814422607422 0
vertex -43.3316535949707 11.66733455657959 0
vertex -15 18.299999237060547 0
 endloop
endfacet
facet normal 0 0 0
 outer loop
vertex 44.69181442260742 94.8333740234375 0
vertex 43.65056228637695 11.570594787597656 0
vertex 43.49348449707031 11.626798629760742 0
 endloop
endfacet
facet normal 0 0 0
 outer loop
vertex 16.314117431640625 21.078468322753906 0
vertex 16.20208168029785 21.20208168029785 0
vertex 44.570594787597656 94.34944152832031 0
 endloop
endfacet
facet normal 0 0 0
 outer loop
vertex -43.166629791259766 11.691814422607422 0
vertex -15 18.299999237060547 0
vertex 15 18.299999237060547 0
 endloop
endfacet
facet normal 0 0 0
 outer loop
vertex 44.69181442260742 94.8333740234375 0
vertex 43.49348449707031 11.626798629760742 0
vertex 43.3316535949707 11.66733455657959 0
 endloop
endfacet
facet normal 0 0 0
 outer loop
vertex 16.413497924804688 20.944469451904297 0
vertex 16.314117431640625 21.078468322753906 0
vertex 44.570594787597656 94.34944152832031 0
 endloop
endfacet
facet normal 0 0 0
 outer loop
vertex -43.166629791259766 11.691814422607422 0
vertex 15 18.299999237060547 0
vertex 15.16662883758545 18.308185577392578 0
 endloop
endfacet
facet normal 0 0 0
 outer loop
vertex 44.69181442260742 94.8333740234375 0
vertex 43.3316535949707 11.66733455657959 0
vertex 43.166629791259766 11.691814422607422 0
 endloop
endfacet
facet normal 0 0 0
 outer loop
vertex 16.499265670776367 20.801374435424805 0
vertex 16.413497924804688 20.944469451904297 0
vertex 44.570594787597656 94.34944152832031 0
 endloop
endfacet
facet normal 0 0 0
 outer loop
vertex -43 11.699999809265137 0
vertex -43.166629791259766 11.691814422607422 0
vertex 15.16662883758545 18.308185577392578 0
 endloop
endfacet
facet normal 0 0 0
 outer loop
vertex 44.69181442260742 94.8333740234375 0
vertex 43.166629791259766 11.691814422607422 0
vertex 43 11.699999809265137 0
 endloop
endfacet
facet normal 0 0 0
 outer loop
vertex 16.570594787597656 20.650562286376953 0
vertex 16.499265670776367 20.801374435424805 0
vertex 44.570594787597656 94.34944152832031 0
 endloop
endfacet
facet normal 0 0 0
 outer loop
vertex 43 11.699999809265137 0
vertex -43 11.699999809265137 0
vertex 15.16662883758545 18.308185577392578 0
 endloop
endfacet
facet normal 0 0 0
 outer loop
vertex 44.667335510253906 94.66835021972656 0
vertex 44.69181442260742 94.8333740234375 0
vertex 43 11.699999809265137 0
 endloop
endfacet
facet normal 0 0 0
 outer loop
vertex 16.626798629760742 20.493484497070312 0
vertex 16.570594787597656 20.650562286376953 0
vertex 44.570594787597656 94.34944152832031 0
 endloop
endfacet
facet normal 0 0 0
 outer loop
vertex 43 11.699999809265137 0
vertex 15.16662883758545 18.308185577392578 0
vertex 15.331653594970703 18.332664489746094 0
 endloop
endfacet
facet normal 0 0 0
 outer loop
vertex 44.62679672241211 94.50651550292969 0
vertex 44.667335510253906 94.66835021972656 0
vertex 43 11.699999809265137 0
 endloop
endfacet
facet normal 0 0 0
 outer loop
vertex 16.667335510253906 20.331653594970703 0
vertex 16.626798629760742 20.493484497070312 0
vertex 44.570594787597656 94.34944152832031 0
 endloop
endfacet
facet normal 0 0 0
 outer loop
vertex 43 11.699999809265137 0
vertex 15.331653594970703 18.332664489746094 0
vertex 15.493483543395996 18.373201370239258 0
 endloop
endfacet
facet normal 0 0 0
 outer loop
vertex 44.570594787597656 94.34944152832031 0
vertex 44.62679672241211 94.50651550292969 0
vertex 43 11.699999809265137 0
 endloop
endfacet
facet normal 0 0 0
 outer loop
vertex 16.691814422607422 20.166629791259766 0
vertex 16.667335510253906 20.331653594970703 0
vertex 44.570594787597656 94.34944152832031 0
 endloop
endfacet
facet normal 0 0 0
 outer loop
vertex 43 11.699999809265137 0
vertex 15.493483543395996 18.373201370239258 0
vertex 15.650562286376953 18.429405212402344 0
 endloop
endfacet
facet normal 0 0 0
 outer loop
vertex 16.691814422607422 20.166629791259766 0
vertex 44.570594787597656 94.34944152832031 0
vertex 43 11.699999809265137 0
 endloop
endfacet
facet normal 0 0 0
 outer loop
vertex 43 11.699999809265137 0
vertex 15.650562286376953 18.429405212402344 0
vertex 15.801374435424805 18.500734329223633 0
 endloop
endfacet
facet normal 0 0 0
 outer loop
vertex 16.700000762939453 20 0
vertex 16.691814422607422 20.166629791259766 0
vertex 43 11.699999809265137 0
 endloop
endfacet
facet normal 0 0 0
 outer loop
vertex 43 11.699999809265137 0
vertex 15.801374435424805 18.500734329223633 0
vertex 15.944469451904297 18.586502075195312 0
 endloop
endfacet
facet normal 0 0 0
 outer loop
vertex 16.691814422607422 19.833370208740234 0
vertex 16.700000762939453 20 0
vertex 43 11.699999809265137 0
 endloop
endfacet
facet normal 0 0 0
 outer loop
vertex 43 11.699999809265137 0
vertex 15.944469451904297 18.586502075195312 0
vertex 16.078468322753906 18.685882568359375 0
 endloop
endfacet
facet normal 0 0 0
 outer loop
vertex 16.667335510253906 19.668346405029297 0
vertex 16.691814422607422 19.833370208740234 0
vertex 43 11.699999809265137 0
 endloop
endfacet
facet normal 0 0 0
 outer loop
vertex 43 11.699999809265137 0
vertex 16.078468322753906 18.685882568359375 0
vertex 16.20208168029785 18.79791831970215 0
 endloop
endfacet
facet normal 0 0 0
 outer loop
vertex 16.626798629760742 19.506515502929688 0
vertex 16.667335510253906 19.668346405029297 0
vertex 43 11.699999809265137 0
 endloop
endfacet
facet normal 0 0 0
 outer loop
vertex 43 11.699999809265137 0
vertex 16.20208168029785 18.79791831970215 0
vertex 16.314117431640625 18.921531677246094 0
 endloop
endfacet
facet normal 0 0 0
 outer loop
vertex 16.570594787597656 19.349437713623047 0
vertex 16.626798629760742 19.506515502929688 0
vertex 43 11.699999809265137 0
 endloop
endfacet
facet normal 0 0 0
 outer loop
vertex 43 11.699999809265137 0
vertex 16.314117431640625 18.921531677246094 0
vertex 16.413497924804688 19.055530548095703 0
 endloop
endfacet
facet normal 0 0 0
 outer loop
vertex 16.499265670776367 19.198625564575195 0
vertex 16.570594787597656 19.349437713623047 0
vertex 43 11.699999809265137 0
 endloop
endfacet
facet normal 0 0 0
 outer loop
vertex 43 11.699999809265137 0
vertex 16.413497924804688 19.055530548095703 0
vertex 16.499265670776367 19.198625564575195 0
 endloop
endfacet
facet normal 0 0 0
 outer loop
vertex -41.29999923706055 95 5
vertex 41.29999923706055 95 5
vertex 41.30818557739258 95.1666259765625 5
 endloop
endfacet
facet normal 0 0 0
 outer loop
vertex 41.30818557739258 94.8333740234375 5
vertex 41.29999923706055 95 5
vertex -41.29999923706055 95 5
 endloop
endfacet
facet normal 0 0 0
 outer loop
vertex -44.69181442260742 94.8333740234375 5
vertex -44.70000076293945 95 5
vertex -55 0 5
 endloop
endfacet
facet normal 0 0 0
 outer loop
vertex -55 0 5
vertex -44.70000076293945 10 5
vertex -44.69181442260742 10.16662883758545 5
 endloop
endfacet
facet normal 0 0 0
 outer loop
vertex -43.49348449707031 11.626798629760742 5
vertex -16.700000762939453 20 5
vertex -16.691814422607422 20.166629791259766 5
 endloop
endfacet
facet normal 0 0 0
 outer loop
vertex -13.308185577392578 20.166629791259766 5
vertex -13.300000190734863 20 5
vertex 13.300000190734863 20 5
 endloop
endfacet
facet normal 0 0 0
 outer loop
vertex 13.308185577392578 19.833370208740234 5
vertex 13.300000190734863 20 5
vertex -13.300000190734863 20 5
 endloop
endfacet
facet normal 0 0 0
 outer loop
vertex -41.30818557739258 10.16662883758545 5
vertex -41.29999923706055 10 5
vertex 41.29999923706055 10 5
 endloop
endfacet
facet normal 0 0 0
 outer loop
vertex 41.30818557739258 9.83337116241455 5
vertex 41.29999923706055 10 5
vertex -41.29999923706055 10 5
 endloop
endfacet
facet normal 0 0 0
 outer loop
vertex -44.69181442260742 9.83337116241455 5
vertex -44.70000076293945 10 5
vertex -55 0 5
 endloop
endfacet
facet normal 0 0 0
 outer loop
vertex -55 105 5
vertex -55 0 5
vertex -44.70000076293945 95 5
 endloop
endfacet
facet normal 0 0 0
 outer loop
vertex -41.30818557739258 95.1666259765625 5
vertex -41.29999923706055 95 5
vertex 41.30818557739258 95.1666259765625 5
 endloop
endfacet
facet normal 0 0 0
 outer loop
vertex 41.332664489746094 94.66835021972656 5
vertex 41.30818557739258 94.8333740234375 5
vertex -41.29999923706055 95 5
 endloop
endfacet
facet normal 0 0 0
 outer loop
vertex -44.667335510253906 94.66835021972656 5
vertex -44.69181442260742 94.8333740234375 5
vertex -55 0 5
 endloop
endfacet
facet normal 0 0 0
 outer loop
vertex -55 0 5
vertex -44.69181442260742 10.16662883758545 5
vertex -44.667335510253906 10.331653594970703 5
 endloop
endfacet
facet normal 0 0 0
 outer loop
vertex -43.49348449707031 11.626798629760742 5
vertex -16.691814422607422 20.166629791259766 5
vertex -16.667335510253906 20.331653594970703 5
 endloop
endfacet
facet normal 0 0 0
 outer loop
vertex -13.33266544342041 20.331653594970703 5
vertex -13.308185577392578 20.166629791259766 5
vertex 13.300000190734863 20 5
 endloop
endfacet
facet normal 0 0 0
 outer loop
vertex 13.33266544342041 19.668346405029297 5
vertex 13.308185577392578 19.833370208740234 5
vertex -13.300000190734863 20 5
 endloop
endfacet
facet normal 0 0 0
 outer loop
vertex -41.332664489746094 10.331653594970703 5
vertex -41.30818557739258 10.16662883758545 5
vertex 41.29999923706055 10 5
 endloop
endfacet
facet normal 0 0 0
 outer loop
vertex 41.332664489746094 9.668346405029297 5
vertex 41.30818557739258 9.83337116241455 5
vertex -41.29999923706055 10 5
 endloop
endfacet
facet normal 0 0 0
 outer loop
vertex -44.667335510253906 9.668346405029297 5
vertex -44.69181442260742 9.83337116241455 5
vertex -55 0 5
 endloop
endfacet
facet normal 0 0 0
 outer loop
vertex -55 105 5
vertex -44.70000076293945 95 5
vertex -44.69181442260742 95.1666259765625 5
 endloop
endfacet
facet normal 0 0 0
 outer loop
vertex -41.332664489746094 95.33164978027344 5
vertex -41.30818557739258 95.1666259765625 5
vertex 41.30818557739258 95.1666259765625 5
 endloop
endfacet
facet normal 0 0 0
 outer loop
vertex 41.37320327758789 94.50651550292969 5
vertex 41.332664489746094 94.66835021972656 5
vertex -41.29999923706055 95 5
 endloop
endfacet
facet normal 0 0 0
 outer loop
vertex -44.62679672241211 94.50651550292969 5
vertex -44.667335510253906 94.66835021972656 5
vertex -55 0 5
 endloop
endfacet
facet normal 0 0 0
 outer loop
vertex -55 0 5
vertex -44.667335510253906 10.331653594970703 5
vertex -44.62679672241211 10.493483543395996 5
 endloop
endfacet
facet normal 0 0 0
 outer loop
vertex -43.49348449707031 11.626798629760742 5
vertex -16.667335510253906 20.331653594970703 5
vertex -16.626798629760742 20.493484497070312 5
 endloop
endfacet
facet normal 0 0 0
 outer loop
vertex -13.373201370239258 20.493484497070312 5
vertex -13.33266544342041 20.331653594970703 5
vertex 13.300000190734863 20 5
 endloop
endfacet
facet normal 0 0 0
 outer loop
vertex 13.373201370239258 19.506515502929688 5
vertex 13.33266544342041 19.668346405029297 5
vertex -13.300000190734863 20 5
 endloop
endfacet
facet normal 0 0 0
 outer loop
vertex -41.37320327758789 10.493483543395996 5
vertex -41.332664489746094 10.331653594970703 5
vertex 41.29999923706055 10 5
 endloop
endfacet
facet normal 0 0 0
 outer loop
vertex 41.37320327758789 9.506516456604004 5
vertex 41.332664489746094 9.668346405029297 5
vertex -41.29999923706055 10 5
 endloop
endfacet
facet normal 0 0 0
 outer loop
vertex -44.62679672241211 9.506516456604004 5
vertex -44.667335510253906 9.668346405029297 5
vertex -55 0 5
 endloop
endfacet
facet normal 0 0 0
 outer loop
vertex -55 105 5
vertex -44.69181442260742 95.1666259765625 5
vertex -44.667335510253906 95.33164978027344 5
 endloop
endfacet
facet normal 0 0 0
 outer loop
vertex -41.37320327758789 95.49348449707031 5
vertex -41.332664489746094 95.33164978027344 5
vertex 41.30818557739258 95.1666259765625 5
 endloop
endfacet
facet normal 0 0 0
 outer loop
vertex 41.429405212402344 94.34944152832031 5
vertex 41.37320327758789 94.50651550292969 5
vertex -41.29999923706055 95 5
 endloop
endfacet
facet normal 0 0 0
 outer loop
vertex -44.570594787597656 94.34944152832031 5
vertex -44.62679672241211 94.50651550292969 5
vertex -55 0 5
 endloop
endfacet
facet normal 0 0 0
 outer loop
vertex -55 0 5
vertex -44.62679672241211 10.493483543395996 5
vertex -44.570594787597656 10.650562286376953 5
 endloop
endfacet
facet normal 0 0 0
 outer loop
vertex -43.49348449707031 11.626798629760742 5
vertex -16.626798629760742 20.493484497070312 5
vertex -16.570594787597656 20.650562286376953 5
 endloop
endfacet
facet normal 0 0 0
 outer loop
vertex -13.429405212402344 20.650562286376953 5
vertex -13.373201370239258 20.493484497070312 5
vertex 13.300000190734863 20 5
 endloop
endfacet
facet normal 0 0 0
 outer loop
vertex 13.429405212402344 19.349437713623047 5
vertex 13.373201370239258 19.506515502929688 5
vertex -13.300000190734863 20 5
 endloop
endfacet
facet normal 0 0 0
 outer loop
vertex -41.429405212402344 10.650562286376953 5
vertex -41.37320327758789 10.493483543395996 5
vertex 41.29999923706055 10 5
 endloop
endfacet
facet normal 0 0 0
 outer loop
vertex 41.429405212402344 9.349437713623047 5
vertex 41.37320327758789 9.506516456604004 5
vertex -41.29999923706055 10 5
 endloop
endfacet
facet normal 0 0 0
 outer loop
vertex -44.570594787597656 9.349437713623047 5
vertex -44.62679672241211 9.506516456604004 5
vertex -55 0 5
 endloop
endfacet
facet normal 0 0 0
 outer loop
vertex -55 105 5
vertex -44.667335510253906 95.33164978027344 5
vertex -44.62679672241211 95.49348449707031 5
 endloop
endfacet
facet normal 0 0 0
 outer loop
vertex -41.429405212402344 95.65055847167969 5
vertex -41.37320327758789 95.49348449707031 5
vertex 41.30818557739258 95.1666259765625 5
 endloop
endfacet
facet normal 0 0 0
 outer loop
vertex 41.500732421875 94.19862365722656 5
vertex 41.429405212402344 94.34944152832031 5
vertex -41.29999923706055 95 5
 endloop
endfacet
facet normal 0 0 0
 outer loop
vertex -44.499267578125 94.19862365722656 5
vertex -44.570594787597656 94.34944152832031 5
vertex -55 0 5
 endloop
endfacet
facet normal 0 0 0
 outer loop
vertex -55 0 5
vertex -44.570594787597656 10.650562286376953 5
vertex -44.499267578125 10.801374435424805 5
 endloop
endfacet
facet normal 0 0 0
 outer loop
vertex -43.49348449707031 11.626798629760742 5
vertex -16.570594787597656 20.650562286376953 5
vertex -16.499265670776367 20.801374435424805 5
 endloop
endfacet
facet normal 0 0 0
 outer loop
vertex -13.500733375549316 20.801374435424805 5
vertex -13.429405212402344 20.650562286376953 5
vertex 13.300000190734863 20 5
 endloop
endfacet
facet normal 0 0 0
 outer loop
vertex 13.500733375549316 19.198625564575195 5
vertex 13.429405212402344 19.349437713623047 5
vertex -13.300000190734863 20 5
 endloop
endfacet
facet normal 0 0 0
 outer loop
vertex -41.500732421875 10.801374435424805 5
vertex -41.429405212402344 10.650562286376953 5
vertex 41.29999923706055 10 5
 endloop
endfacet
facet normal 0 0 0
 outer loop
vertex 41.500732421875 9.198625564575195 5
vertex 41.429405212402344 9.349437713623047 5
vertex -41.29999923706055 10 5
 endloop
endfacet
facet normal 0 0 0
 outer loop
vertex -44.499267578125 9.198625564575195 5
vertex -44.570594787597656 9.349437713623047 5
vertex -55 0 5
 endloop
endfacet
facet normal 0 0 0
 outer loop
vertex -55 105 5
vertex -44.62679672241211 95.49348449707031 5
vertex -44.570594787597656 95.65055847167969 5
 endloop
endfacet
facet normal 0 0 0
 outer loop
vertex -41.500732421875 95.80137634277344 5
vertex -41.429405212402344 95.65055847167969 5
vertex 41.30818557739258 95.1666259765625 5
 endloop
endfacet
facet normal 0 0 0
 outer loop
vertex 41.58650207519531 94.05553436279297 5
vertex 41.500732421875 94.19862365722656 5
vertex -41.29999923706055 95 5
 endloop
endfacet
facet normal 0 0 0
 outer loop
vertex -44.41349792480469 94.05553436279297 5
vertex -44.499267578125 94.19862365722656 5
vertex -55 0 5
 endloop
endfacet
facet normal 0 0 0
 outer loop
vertex -55 0 5
vertex -44.499267578125 10.801374435424805 5
vertex -44.41349792480469 10.944469451904297 5
 endloop
endfacet
facet normal 0 0 0
 outer loop
vertex -43.49348449707031 11.626798629760742 5
vertex -16.499265670776367 20.801374435424805 5
vertex -16.413497924804688 20.944469451904297 5
 endloop
endfacet
facet normal 0 0 0
 outer loop
vertex -13.586502075195312 20.944469451904297 5
vertex -13.500733375549316 20.801374435424805 5
vertex 13.300000190734863 20 5
 endloop
endfacet
facet normal 0 0 0
 outer loop
vertex 13.586502075195312 19.055530548095703 5
vertex 13.500733375549316 19.198625564575195 5
vertex -13.300000190734863 20 5
 endloop
endfacet
facet normal 0 0 0
 outer loop
vertex -41.58650207519531 10.944469451904297 5
vertex -41.500732421875 10.801374435424805 5
vertex 41.29999923706055 10 5
 endloop
endfacet
facet normal 0 0 0
 outer loop
vertex 41.58650207519531 9.055530548095703 5
vertex 41.500732421875 9.198625564575195 5
vertex -41.29999923706055 10 5
 endloop
endfacet
facet normal 0 0 0
 outer loop
vertex -44.41349792480469 9.055530548095703 5
vertex -44.499267578125 9.198625564575195 5
vertex -55 0 5
 endloop
endfacet
facet normal 0 0 0
 outer loop
vertex -55 105 5
vertex -44.570594787597656 95.65055847167969 5
vertex -44.499267578125 95.80137634277344 5
 endloop
endfacet
facet normal 0 0 0
 outer loop
vertex -41.58650207519531 95.94446563720703 5
vertex -41.500732421875 95.80137634277344 5
vertex 41.30818557739258 95.1666259765625 5
 endloop
endfacet
facet normal 0 0 0
 outer loop
vertex 41.685882568359375 93.9215316772461 5
vertex 41.58650207519531 94.05553436279297 5
vertex -41.29999923706055 95 5
 endloop
endfacet
facet normal 0 0 0
 outer loop
vertex -44.314117431640625 93.9215316772461 5
vertex -44.41349792480469 94.05553436279297 5
vertex -55 0 5
 endloop
endfacet
facet normal 0 0 0
 outer loop
vertex -55 0 5
vertex -44.41349792480469 10.944469451904297 5
vertex -44.314117431640625 11.078468322753906 5
 endloop
endfacet
facet normal 0 0 0
 outer loop
vertex -43.49348449707031 11.626798629760742 5
vertex -16.413497924804688 20.944469451904297 5
vertex -16.314117431640625 21.078468322753906 5
 endloop
endfacet
facet normal 0 0 0
 outer loop
vertex -13.685882568359375 21.078468322753906 5
vertex -13.586502075195312 20.944469451904297 5
vertex 13.300000190734863 20 5
 endloop
endfacet
facet normal 0 0 0
 outer loop
vertex 13.685882568359375 18.921531677246094 5
vertex 13.586502075195312 19.055530548095703 5
vertex -13.300000190734863 20 5
 endloop
endfacet
facet normal 0 0 0
 outer loop
vertex -41.685882568359375 11.078468322753906 5
vertex -41.58650207519531 10.944469451904297 5
vertex 41.29999923706055 10 5
 endloop
endfacet
facet normal 0 0 0
 outer loop
vertex 41.685882568359375 8.921531677246094 5
vertex 41.58650207519531 9.055530548095703 5
vertex -41.29999923706055 10 5
 endloop
endfacet
facet normal 0 0 0
 outer loop
vertex -44.314117431640625 8.921531677246094 5
vertex -44.41349792480469 9.055530548095703 5
vertex -55 0 5
 endloop
endfacet
facet normal 0 0 0
 outer loop
vertex -55 105 5
vertex -44.499267578125 95.80137634277344 5
vertex -44.41349792480469 95.94446563720703 5
 endloop
endfacet
facet normal 0 0 0
 outer loop
vertex -41.685882568359375 96.0784683227539 5
vertex -41.58650207519531 95.94446563720703 5
vertex 41.30818557739258 95.1666259765625 5
 endloop
endfacet
facet normal 0 0 0
 outer loop
vertex 41.79792022705078 93.79792022705078 5
vertex 41.685882568359375 93.9215316772461 5
vertex -41.29999923706055 95 5
 endloop
endfacet
facet normal 0 0 0
 outer loop
vertex -44.20207977294922 93.79792022705078 5
vertex -44.314117431640625 93.9215316772461 5
vertex -55 0 5
 endloop
endfacet
facet normal 0 0 0
 outer loop
vertex -55 0 5
vertex -44.314117431640625 11.078468322753906 5
vertex -44.20207977294922 11.202081680297852 5
 endloop
endfacet
facet normal 0 0 0
 outer loop
vertex -43.49348449707031 11.626798629760742 5
vertex -16.314117431640625 21.078468322753906 5
vertex -16.20208168029785 21.20208168029785 5
 endloop
endfacet
facet normal 0 0 0
 outer loop
vertex -13.797918319702148 21.20208168029785 5
vertex -13.685882568359375 21.078468322753906 5
vertex 13.300000190734863 20 5
 endloop
endfacet
facet normal 0 0 0
 outer loop
vertex 13.797918319702148 18.79791831970215 5
vertex 13.685882568359375 18.921531677246094 5
vertex -13.300000190734863 20 5
 endloop
endfacet
facet normal 0 0 0
 outer loop
vertex -41.79792022705078 11.202081680297852 5
vertex -41.685882568359375 11.078468322753906 5
vertex 41.29999923706055 10 5
 endloop
endfacet
facet normal 0 0 0
 outer loop
vertex 41.79792022705078 8.797918319702148 5
vertex 41.685882568359375 8.921531677246094 5
vertex -41.29999923706055 10 5
 endloop
endfacet
facet normal 0 0 0
 outer loop
vertex -44.20207977294922 8.797918319702148 5
vertex -44.314117431640625 8.921531677246094 5
vertex -55 0 5
 endloop
endfacet
facet normal 0 0 0
 outer loop
vertex -55 105 5
vertex -44.41349792480469 95.94446563720703 5
vertex -44.314117431640625 96.0784683227539 5
 endloop
endfacet
facet normal 0 0 0
 outer loop
vertex -41.79792022705078 96.20207977294922 5
vertex -41.685882568359375 96.0784683227539 5
vertex 41.30818557739258 95.1666259765625 5
 endloop
endfacet
facet normal 0 0 0
 outer loop
vertex 41.921531677246094 93.68588256835938 5
vertex 41.79792022705078 93.79792022705078 5
vertex -41.29999923706055 95 5
 endloop
endfacet
facet normal 0 0 0
 outer loop
vertex -44.078468322753906 93.68588256835938 5
vertex -44.20207977294922 93.79792022705078 5
vertex -55 0 5
 endloop
endfacet
facet normal 0 0 0
 outer loop
vertex -43.49348449707031 11.626798629760742 5
vertex -16.20208168029785 21.20208168029785 5
vertex -16.078468322753906 21.314117431640625 5
 endloop
endfacet
facet normal 0 0 0
 outer loop
vertex -13.921531677246094 21.314117431640625 5
vertex -13.797918319702148 21.20208168029785 5
vertex 13.300000190734863 20 5
 endloop
endfacet
facet normal 0 0 0
 outer loop
vertex 13.921531677246094 18.685882568359375 5
vertex 13.797918319702148 18.79791831970215 5
vertex -13.300000190734863 20 5
 endloop
endfacet
facet normal 0 0 0
 outer loop
vertex -41.921531677246094 11.314117431640625 5
vertex -41.79792022705078 11.202081680297852 5
vertex 41.29999923706055 10 5
 endloop
endfacet
facet normal 0 0 0
 outer loop
vertex 41.921531677246094 8.685882568359375 5
vertex 41.79792022705078 8.797918319702148 5
vertex -41.29999923706055 10 5
 endloop
endfacet
facet normal 0 0 0
 outer loop
vertex -44.078468322753906 8.685882568359375 5
vertex -44.20207977294922 8.797918319702148 5
vertex -55 0 5
 endloop
endfacet
facet normal 0 0 0
 outer loop
vertex -55 105 5
vertex -44.314117431640625 96.0784683227539 5
vertex -44.20207977294922 96.20207977294922 5
 endloop
endfacet
facet normal 0 0 0
 outer loop
vertex -41.921531677246094 96.31411743164062 5
vertex -41.79792022705078 96.20207977294922 5
vertex 41.30818557739258 95.1666259765625 5
 endloop
endfacet
facet normal 0 0 0
 outer loop
vertex 42.0555305480957 93.58650207519531 5
vertex 41.921531677246094 93.68588256835938 5
vertex -41.29999923706055 95 5
 endloop
endfacet
facet normal 0 0 0
 outer loop
vertex -43.9444694519043 93.58650207519531 5
vertex -44.078468322753906 93.68588256835938 5
vertex -55 0 5
 endloop
endfacet
facet normal 0 0 0
 outer loop
vertex -43.49348449707031 11.626798629760742 5
vertex -16.078468322753906 21.314117431640625 5
vertex -15.944469451904297 21.413497924804688 5
 endloop
endfacet
facet normal 0 0 0
 outer loop
vertex -14.055530548095703 21.413497924804688 5
vertex -13.921531677246094 21.314117431640625 5
vertex 13.300000190734863 20 5
 endloop
endfacet
facet normal 0 0 0
 outer loop
vertex 14.055530548095703 18.586502075195312 5
vertex 13.921531677246094 18.685882568359375 5
vertex -13.300000190734863 20 5
 endloop
endfacet
facet normal 0 0 0
 outer loop
vertex -42.0555305480957 11.413497924804688 5
vertex -41.921531677246094 11.314117431640625 5
vertex 41.29999923706055 10 5
 endloop
endfacet
facet normal 0 0 0
 outer loop
vertex 42.0555305480957 8.586502075195312 5
vertex 41.921531677246094 8.685882568359375 5
vertex -41.29999923706055 10 5
 endloop
endfacet
facet normal 0 0 0
 outer loop
vertex -43.9444694519043 8.586502075195312 5
vertex -44.078468322753906 8.685882568359375 5
vertex -55 0 5
 endloop
endfacet
facet normal 0 0 0
 outer loop
vertex -55 105 5
vertex -44.20207977294922 96.20207977294922 5
vertex -44.078468322753906 96.31411743164062 5
 endloop
endfacet
facet normal 0 0 0
 outer loop
vertex -42.0555305480957 96.41349792480469 5
vertex -41.921531677246094 96.31411743164062 5
vertex 41.30818557739258 95.1666259765625 5
 endloop
endfacet
facet normal 0 0 0
 outer loop
vertex 42.19862365722656 93.500732421875 5
vertex 42.0555305480957 93.58650207519531 5
vertex -41.29999923706055 95 5
 endloop
endfacet
facet normal 0 0 0
 outer loop
vertex -43.80137634277344 93.500732421875 5
vertex -43.9444694519043 93.58650207519531 5
vertex -55 0 5
 endloop
endfacet
facet normal 0 0 0
 outer loop
vertex -43.49348449707031 11.626798629760742 5
vertex -15.944469451904297 21.413497924804688 5
vertex -15.801374435424805 21.499265670776367 5
 endloop
endfacet
facet normal 0 0 0
 outer loop
vertex -14.198625564575195 21.499265670776367 5
vertex -14.055530548095703 21.413497924804688 5
vertex 13.300000190734863 20 5
 endloop
endfacet
facet normal 0 0 0
 outer loop
vertex 14.198625564575195 18.500734329223633 5
vertex 14.055530548095703 18.586502075195312 5
vertex -13.300000190734863 20 5
 endloop
endfacet
facet normal 0 0 0
 outer loop
vertex -42.19862365722656 11.499266624450684 5
vertex -42.0555305480957 11.413497924804688 5
vertex 41.29999923706055 10 5
 endloop
endfacet
facet normal 0 0 0
 outer loop
vertex 42.19862365722656 8.500733375549316 5
vertex 42.0555305480957 8.586502075195312 5
vertex -41.29999923706055 10 5
 endloop
endfacet
facet normal 0 0 0
 outer loop
vertex -43.80137634277344 8.500733375549316 5
vertex -43.9444694519043 8.586502075195312 5
vertex -55 0 5
 endloop
endfacet
facet normal 0 0 0
 outer loop
vertex -55 105 5
vertex -44.078468322753906 96.31411743164062 5
vertex -43.9444694519043 96.41349792480469 5
 endloop
endfacet
facet normal 0 0 0
 outer loop
vertex -42.19862365722656 96.499267578125 5
vertex -42.0555305480957 96.41349792480469 5
vertex 41.30818557739258 95.1666259765625 5
 endloop
endfacet
facet normal 0 0 0
 outer loop
vertex 42.34943771362305 93.42940521240234 5
vertex 42.19862365722656 93.500732421875 5
vertex -41.29999923706055 95 5
 endloop
endfacet
facet normal 0 0 0
 outer loop
vertex -43.65056228637695 93.42940521240234 5
vertex -43.80137634277344 93.500732421875 5
vertex -55 0 5
 endloop
endfacet
facet normal 0 0 0
 outer loop
vertex -43.49348449707031 11.626798629760742 5
vertex -15.801374435424805 21.499265670776367 5
vertex -15.650562286376953 21.570594787597656 5
 endloop
endfacet
facet normal 0 0 0
 outer loop
vertex -14.349437713623047 21.570594787597656 5
vertex -14.198625564575195 21.499265670776367 5
vertex 13.300000190734863 20 5
 endloop
endfacet
facet normal 0 0 0
 outer loop
vertex 14.349437713623047 18.429405212402344 5
vertex 14.198625564575195 18.500734329223633 5
vertex -13.300000190734863 20 5
 endloop
endfacet
facet normal 0 0 0
 outer loop
vertex -42.34943771362305 11.570594787597656 5
vertex -42.19862365722656 11.499266624450684 5
vertex 41.29999923706055 10 5
 endloop
endfacet
facet normal 0 0 0
 outer loop
vertex 42.34943771362305 8.429405212402344 5
vertex 42.19862365722656 8.500733375549316 5
vertex -41.29999923706055 10 5
 endloop
endfacet
facet normal 0 0 0
 outer loop
vertex -43.65056228637695 8.429405212402344 5
vertex -43.80137634277344 8.500733375549316 5
vertex -55 0 5
 endloop
endfacet
facet normal 0 0 0
 outer loop
vertex -55 105 5
vertex -43.9444694519043 96.41349792480469 5
vertex -43.80137634277344 96.499267578125 5
 endloop
endfacet
facet normal 0 0 0
 outer loop
vertex -42.34943771362305 96.57059478759766 5
vertex -42.19862365722656 96.499267578125 5
vertex 41.30818557739258 95.1666259765625 5
 endloop
endfacet
facet normal 0 0 0
 outer loop
vertex 42.50651550292969 93.37319946289062 5
vertex 42.34943771362305 93.42940521240234 5
vertex -41.29999923706055 95 5
 endloop
endfacet
facet normal 0 0 0
 outer loop
vertex -43.49348449707031 93.37319946289062 5
vertex -43.65056228637695 93.42940521240234 5
vertex -55 0 5
 endloop
endfacet
facet normal 0 0 0
 outer loop
vertex -43.49348449707031 11.626798629760742 5
vertex -15.650562286376953 21.570594787597656 5
vertex -15.493483543395996 21.626798629760742 5
 endloop
endfacet
facet normal 0 0 0
 outer loop
vertex -14.506516456604004 21.626798629760742 5
vertex -14.349437713623047 21.570594787597656 5
vertex 13.300000190734863 20 5
 endloop
endfacet
facet normal 0 0 0
 outer loop
vertex 14.506516456604004 18.373201370239258 5
vertex 14.349437713623047 18.429405212402344 5
vertex -13.300000190734863 20 5
 endloop
endfacet
facet normal 0 0 0
 outer loop
vertex -42.50651550292969 11.626798629760742 5
vertex -42.34943771362305 11.570594787597656 5
vertex 41.29999923706055 10 5
 endloop
endfacet
facet normal 0 0 0
 outer loop
vertex 42.50651550292969 8.373201370239258 5
vertex 42.34943771362305 8.429405212402344 5
vertex -41.29999923706055 10 5
 endloop
endfacet
facet normal 0 0 0
 outer loop
vertex -43.49348449707031 8.373201370239258 5
vertex -43.65056228637695 8.429405212402344 5
vertex -55 0 5
 endloop
endfacet
facet normal 0 0 0
 outer loop
vertex -55 105 5
vertex -43.80137634277344 96.499267578125 5
vertex -43.65056228637695 96.57059478759766 5
 endloop
endfacet
facet normal 0 0 0
 outer loop
vertex -42.50651550292969 96.62680053710938 5
vertex -42.34943771362305 96.57059478759766 5
vertex 41.30818557739258 95.1666259765625 5
 endloop
endfacet
facet normal 0 0 0
 outer loop
vertex 42.6683464050293 93.3326644897461 5
vertex 42.50651550292969 93.37319946289062 5
vertex -41.29999923706055 95 5
 endloop
endfacet
facet normal 0 0 0
 outer loop
vertex -43.3316535949707 93.3326644897461 5
vertex -43.49348449707031 93.37319946289062 5
vertex -55 0 5
 endloop
endfacet
facet normal 0 0 0
 outer loop
vertex -14.668346405029297 21.667335510253906 5
vertex -14.506516456604004 21.626798629760742 5
vertex 13.300000190734863 20 5
 endloop
endfacet
facet normal 0 0 0
 outer loop
vertex 14.668346405029297 18.332664489746094 5
vertex 14.506516456604004 18.373201370239258 5
vertex -13.300000190734863 20 5
 endloop
endfacet
facet normal 0 0 0
 outer loop
vertex -42.6683464050293 11.66733455657959 5
vertex -42.50651550292969 11.626798629760742 5
vertex 41.29999923706055 10 5
 endloop
endfacet
facet normal 0 0 0
 outer loop
vertex 42.6683464050293 8.33266544342041 5
vertex 42.50651550292969 8.373201370239258 5
vertex -41.29999923706055 10 5
 endloop
endfacet
facet normal 0 0 0
 outer loop
vertex -43.3316535949707 8.33266544342041 5
vertex -43.49348449707031 8.373201370239258 5
vertex -55 0 5
 endloop
endfacet
facet normal 0 0 0
 outer loop
vertex -55 105 5
vertex -43.65056228637695 96.57059478759766 5
vertex -43.49348449707031 96.62680053710938 5
 endloop
endfacet
facet normal 0 0 0
 outer loop
vertex -42.6683464050293 96.6673355102539 5
vertex -42.50651550292969 96.62680053710938 5
vertex 41.30818557739258 95.1666259765625 5
 endloop
endfacet
facet normal 0 0 0
 outer loop
vertex 42.833370208740234 93.30818939208984 5
vertex 42.6683464050293 93.3326644897461 5
vertex -41.29999923706055 95 5
 endloop
endfacet
facet normal 0 0 0
 outer loop
vertex -43.166629791259766 93.30818939208984 5
vertex -43.3316535949707 93.3326644897461 5
vertex -55 0 5
 endloop
endfacet
facet normal 0 0 0
 outer loop
vertex -14.83337116241455 21.691814422607422 5
vertex -14.668346405029297 21.667335510253906 5
vertex 13.300000190734863 20 5
 endloop
endfacet
facet normal 0 0 0
 outer loop
vertex 14.83337116241455 18.308185577392578 5
vertex 14.668346405029297 18.332664489746094 5
vertex -13.300000190734863 20 5
 endloop
endfacet
facet normal 0 0 0
 outer loop
vertex -42.833370208740234 11.691814422607422 5
vertex -42.6683464050293 11.66733455657959 5
vertex 41.29999923706055 10 5
 endloop
endfacet
facet normal 0 0 0
 outer loop
vertex 42.833370208740234 8.308185577392578 5
vertex 42.6683464050293 8.33266544342041 5
vertex -41.29999923706055 10 5
 endloop
endfacet
facet normal 0 0 0
 outer loop
vertex -43.166629791259766 8.308185577392578 5
vertex -43.3316535949707 8.33266544342041 5
vertex -55 0 5
 endloop
endfacet
facet normal 0 0 0
 outer loop
vertex -55 105 5
vertex -43.49348449707031 96.62680053710938 5
vertex -43.3316535949707 96.6673355102539 5
 endloop
endfacet
facet normal 0 0 0
 outer loop
vertex -42.833370208740234 96.69181060791016 5
vertex -42.6683464050293 96.6673355102539 5
vertex 41.30818557739258 95.1666259765625 5
 endloop
endfacet
facet normal 0 0 0
 outer loop
vertex 43 93.30000305175781 5
vertex 42.833370208740234 93.30818939208984 5
vertex -41.29999923706055 95 5
 endloop
endfacet
facet normal 0 0 0
 outer loop
vertex -43 93.30000305175781 5
vertex -43.166629791259766 93.30818939208984 5
vertex -55 0 5
 endloop
endfacet
facet normal 0 0 0
 outer loop
vertex -14.83337116241455 21.691814422607422 5
vertex 13.300000190734863 20 5
vertex 13.308185577392578 20.166629791259766 5
 endloop
endfacet
facet normal 0 0 0
 outer loop
vertex 14.83337116241455 18.308185577392578 5
vertex -13.300000190734863 20 5
vertex -13.308185577392578 19.833370208740234 5
 endloop
endfacet
facet normal 0 0 0
 outer loop
vertex -43 11.699999809265137 5
vertex -42.833370208740234 11.691814422607422 5
vertex 41.29999923706055 10 5
 endloop
endfacet
facet normal 0 0 0
 outer loop
vertex 43 8.300000190734863 5
vertex 42.833370208740234 8.308185577392578 5
vertex -41.29999923706055 10 5
 endloop
endfacet
facet normal 0 0 0
 outer loop
vertex -43 8.300000190734863 5
vertex -43.166629791259766 8.308185577392578 5
vertex -55 0 5
 endloop
endfacet
facet normal 0 0 0
 outer loop
vertex -55 105 5
vertex -43.3316535949707 96.6673355102539 5
vertex -43.166629791259766 96.69181060791016 5
 endloop
endfacet
facet normal 0 0 0
 outer loop
vertex -43 96.69999694824219 5
vertex -42.833370208740234 96.69181060791016 5
vertex 41.30818557739258 95.1666259765625 5
 endloop
endfacet
facet normal 0 0 0
 outer loop
vertex 43 93.30000305175781 5
vertex -41.29999923706055 95 5
vertex -41.30818557739258 94.8333740234375 5
 endloop
endfacet
facet normal 0 0 0
 outer loop
vertex -42.833370208740234 93.30818939208984 5
vertex -43 93.30000305175781 5
vertex -55 0 5
 endloop
endfacet
facet normal 0 0 0
 outer loop
vertex -14.83337116241455 21.691814422607422 5
vertex 13.308185577392578 20.166629791259766 5
vertex 13.33266544342041 20.331653594970703 5
 endloop
endfacet
facet normal 0 0 0
 outer loop
vertex 14.83337116241455 18.308185577392578 5
vertex -13.308185577392578 19.833370208740234 5
vertex -13.33266544342041 19.668346405029297 5
 endloop
endfacet
facet normal 0 0 0
 outer loop
vertex -43 11.699999809265137 5
vertex 41.29999923706055 10 5
vertex 41.30818557739258 10.16662883758545 5
 endloop
endfacet
facet normal 0 0 0
 outer loop
vertex 43 8.300000190734863 5
vertex -41.29999923706055 10 5
vertex -41.30818557739258 9.83337116241455 5
 endloop
endfacet
facet normal 0 0 0
 outer loop
vertex -42.833370208740234 8.308185577392578 5
vertex -43 8.300000190734863 5
vertex -55 0 5
 endloop
endfacet
facet normal 0 0 0
 outer loop
vertex 55 105 5
vertex -55 105 5
vertex -43.166629791259766 96.69181060791016 5
 endloop
endfacet
facet normal 0 0 0
 outer loop
vertex -43 96.69999694824219 5
vertex 41.30818557739258 95.1666259765625 5
vertex 41.332664489746094 95.33164978027344 5
 endloop
endfacet
facet normal 0 0 0
 outer loop
vertex 43 93.30000305175781 5
vertex -41.30818557739258 94.8333740234375 5
vertex -41.332664489746094 94.66835021972656 5
 endloop
endfacet
facet normal 0 0 0
 outer loop
vertex -42.6683464050293 93.3326644897461 5
vertex -42.833370208740234 93.30818939208984 5
vertex -55 0 5
 endloop
endfacet
facet normal 0 0 0
 outer loop
vertex -15 21.700000762939453 5
vertex -14.83337116241455 21.691814422607422 5
vertex 13.33266544342041 20.331653594970703 5
 endloop
endfacet
facet normal 0 0 0
 outer loop
vertex 15 18.299999237060547 5
vertex 14.83337116241455 18.308185577392578 5
vertex -13.33266544342041 19.668346405029297 5
 endloop
endfacet
facet normal 0 0 0
 outer loop
vertex -43 11.699999809265137 5
vertex 41.30818557739258 10.16662883758545 5
vertex 41.332664489746094 10.331653594970703 5
 endloop
endfacet
facet normal 0 0 0
 outer loop
vertex 43 8.300000190734863 5
vertex -41.30818557739258 9.83337116241455 5
vertex -41.332664489746094 9.668346405029297 5
 endloop
endfacet
facet normal 0 0 0
 outer loop
vertex -42.6683464050293 8.33266544342041 5
vertex -42.833370208740234 8.308185577392578 5
vertex -55 0 5
 endloop
endfacet
facet normal 0 0 0
 outer loop
vertex 55 105 5
vertex -43.166629791259766 96.69181060791016 5
vertex -43 96.69999694824219 5
 endloop
endfacet
facet normal 0 0 0
 outer loop
vertex -43 96.69999694824219 5
vertex 41.332664489746094 95.33164978027344 5
vertex 41.37320327758789 95.49348449707031 5
 endloop
endfacet
facet normal 0 0 0
 outer loop
vertex 43 93.30000305175781 5
vertex -41.332664489746094 94.66835021972656 5
vertex -41.37320327758789 94.50651550292969 5
 endloop
endfacet
facet normal 0 0 0
 outer loop
vertex -42.50651550292969 93.37319946289062 5
vertex -42.6683464050293 93.3326644897461 5
vertex -55 0 5
 endloop
endfacet
facet normal 0 0 0
 outer loop
vertex -15 21.700000762939453 5
vertex 13.33266544342041 20.331653594970703 5
vertex 13.373201370239258 20.493484497070312 5
 endloop
endfacet
facet normal 0 0 0
 outer loop
vertex 15 18.299999237060547 5
vertex -13.33266544342041 19.668346405029297 5
vertex -13.373201370239258 19.506515502929688 5
 endloop
endfacet
facet normal 0 0 0
 outer loop
vertex -43 11.699999809265137 5
vertex 41.332664489746094 10.331653594970703 5
vertex 41.37320327758789 10.493483543395996 5
 endloop
endfacet
facet normal 0 0 0
 outer loop
vertex 43 8.300000190734863 5
vertex -41.332664489746094 9.668346405029297 5
vertex -41.37320327758789 9.506516456604004 5
 endloop
endfacet
facet normal 0 0 0
 outer loop
vertex -42.50651550292969 8.373201370239258 5
vertex -42.6683464050293 8.33266544342041 5
vertex -55 0 5
 endloop
endfacet
facet normal 0 0 0
 outer loop
vertex -43 96.69999694824219 5
vertex 41.37320327758789 95.49348449707031 5
vertex 41.429405212402344 95.65055847167969 5
 endloop
endfacet
facet normal 0 0 0
 outer loop
vertex 43 93.30000305175781 5
vertex -41.37320327758789 94.50651550292969 5
vertex -41.429405212402344 94.34944152832031 5
 endloop
endfacet
facet normal 0 0 0
 outer loop
vertex -42.34943771362305 93.42940521240234 5
vertex -42.50651550292969 93.37319946289062 5
vertex -55 0 5
 endloop
endfacet
facet normal 0 0 0
 outer loop
vertex -15 21.700000762939453 5
vertex 13.373201370239258 20.493484497070312 5
vertex 13.429405212402344 20.650562286376953 5
 endloop
endfacet
facet normal 0 0 0
 outer loop
vertex 15 18.299999237060547 5
vertex -13.373201370239258 19.506515502929688 5
vertex -13.429405212402344 19.349437713623047 5
 endloop
endfacet
facet normal 0 0 0
 outer loop
vertex -43 11.699999809265137 5
vertex 41.37320327758789 10.493483543395996 5
vertex 41.429405212402344 10.650562286376953 5
 endloop
endfacet
facet normal 0 0 0
 outer loop
vertex 43 8.300000190734863 5
vertex -41.37320327758789 9.506516456604004 5
vertex -41.429405212402344 9.349437713623047 5
 endloop
endfacet
facet normal 0 0 0
 outer loop
vertex -42.34943771362305 8.429405212402344 5
vertex -42.50651550292969 8.373201370239258 5
vertex -55 0 5
 endloop
endfacet
facet normal 0 0 0
 outer loop
vertex -43 96.69999694824219 5
vertex 41.429405212402344 95.65055847167969 5
vertex 41.500732421875 95.80137634277344 5
 endloop
endfacet
facet normal 0 0 0
 outer loop
vertex 43 93.30000305175781 5
vertex -41.429405212402344 94.34944152832031 5
vertex -41.500732421875 94.19862365722656 5
 endloop
endfacet
facet normal 0 0 0
 outer loop
vertex -42.19862365722656 93.500732421875 5
vertex -42.34943771362305 93.42940521240234 5
vertex -55 0 5
 endloop
endfacet
facet normal 0 0 0
 outer loop
vertex -15 21.700000762939453 5
vertex 13.429405212402344 20.650562286376953 5
vertex 13.500733375549316 20.801374435424805 5
 endloop
endfacet
facet normal 0 0 0
 outer loop
vertex 15 18.299999237060547 5
vertex -13.429405212402344 19.349437713623047 5
vertex -13.500733375549316 19.198625564575195 5
 endloop
endfacet
facet normal 0 0 0
 outer loop
vertex -43 11.699999809265137 5
vertex 41.429405212402344 10.650562286376953 5
vertex 41.500732421875 10.801374435424805 5
 endloop
endfacet
facet normal 0 0 0
 outer loop
vertex 43 8.300000190734863 5
vertex -41.429405212402344 9.349437713623047 5
vertex -41.500732421875 9.198625564575195 5
 endloop
endfacet
facet normal 0 0 0
 outer loop
vertex -42.19862365722656 8.500733375549316 5
vertex -42.34943771362305 8.429405212402344 5
vertex -55 0 5
 endloop
endfacet
facet normal 0 0 0
 outer loop
vertex -43 96.69999694824219 5
vertex 41.500732421875 95.80137634277344 5
vertex 41.58650207519531 95.94446563720703 5
 endloop
endfacet
facet normal 0 0 0
 outer loop
vertex 43 93.30000305175781 5
vertex -41.500732421875 94.19862365722656 5
vertex -41.58650207519531 94.05553436279297 5
 endloop
endfacet
facet normal 0 0 0
 outer loop
vertex -42.0555305480957 93.58650207519531 5
vertex -42.19862365722656 93.500732421875 5
vertex -55 0 5
 endloop
endfacet
facet normal 0 0 0
 outer loop
vertex -15 21.700000762939453 5
vertex 13.500733375549316 20.801374435424805 5
vertex 13.586502075195312 20.944469451904297 5
 endloop
endfacet
facet normal 0 0 0
 outer loop
vertex 15 18.299999237060547 5
vertex -13.500733375549316 19.198625564575195 5
vertex -13.586502075195312 19.055530548095703 5
 endloop
endfacet
facet normal 0 0 0
 outer loop
vertex -43 11.699999809265137 5
vertex 41.500732421875 10.801374435424805 5
vertex 41.58650207519531 10.944469451904297 5
 endloop
endfacet
facet normal 0 0 0
 outer loop
vertex 43 8.300000190734863 5
vertex -41.500732421875 9.198625564575195 5
vertex -41.58650207519531 9.055530548095703 5
 endloop
endfacet
facet normal 0 0 0
 outer loop
vertex -42.0555305480957 8.586502075195312 5
vertex -42.19862365722656 8.500733375549316 5
vertex -55 0 5
 endloop
endfacet
facet normal 0 0 0
 outer loop
vertex -43 96.69999694824219 5
vertex 41.58650207519531 95.94446563720703 5
vertex 41.685882568359375 96.0784683227539 5
 endloop
endfacet
facet normal 0 0 0
 outer loop
vertex 43 93.30000305175781 5
vertex -41.58650207519531 94.05553436279297 5
vertex -41.685882568359375 93.9215316772461 5
 endloop
endfacet
facet normal 0 0 0
 outer loop
vertex -41.921531677246094 93.68588256835938 5
vertex -42.0555305480957 93.58650207519531 5
vertex -55 0 5
 endloop
endfacet
facet normal 0 0 0
 outer loop
vertex -15 21.700000762939453 5
vertex 13.586502075195312 20.944469451904297 5
vertex 13.685882568359375 21.078468322753906 5
 endloop
endfacet
facet normal 0 0 0
 outer loop
vertex 15 18.299999237060547 5
vertex -13.586502075195312 19.055530548095703 5
vertex -13.685882568359375 18.921531677246094 5
 endloop
endfacet
facet normal 0 0 0
 outer loop
vertex -43 11.699999809265137 5
vertex 41.58650207519531 10.944469451904297 5
vertex 41.685882568359375 11.078468322753906 5
 endloop
endfacet
facet normal 0 0 0
 outer loop
vertex 43 8.300000190734863 5
vertex -41.58650207519531 9.055530548095703 5
vertex -41.685882568359375 8.921531677246094 5
 endloop
endfacet
facet normal 0 0 0
 outer loop
vertex -42.0555305480957 8.586502075195312 5
vertex -55 0 5
vertex 55 0 5
 endloop
endfacet
facet normal 0 0 0
 outer loop
vertex -43 96.69999694824219 5
vertex 41.685882568359375 96.0784683227539 5
vertex 41.79792022705078 96.20207977294922 5
 endloop
endfacet
facet normal 0 0 0
 outer loop
vertex 43 93.30000305175781 5
vertex -41.685882568359375 93.9215316772461 5
vertex -41.79792022705078 93.79792022705078 5
 endloop
endfacet
facet normal 0 0 0
 outer loop
vertex -41.79792022705078 93.79792022705078 5
vertex -41.921531677246094 93.68588256835938 5
vertex -55 0 5
 endloop
endfacet
facet normal 0 0 0
 outer loop
vertex -15 21.700000762939453 5
vertex 13.685882568359375 21.078468322753906 5
vertex 13.797918319702148 21.20208168029785 5
 endloop
endfacet
facet normal 0 0 0
 outer loop
vertex 15 18.299999237060547 5
vertex -13.685882568359375 18.921531677246094 5
vertex -13.797918319702148 18.79791831970215 5
 endloop
endfacet
facet normal 0 0 0
 outer loop
vertex -43 11.699999809265137 5
vertex 41.685882568359375 11.078468322753906 5
vertex 41.79792022705078 11.202081680297852 5
 endloop
endfacet
facet normal 0 0 0
 outer loop
vertex 43 8.300000190734863 5
vertex -41.685882568359375 8.921531677246094 5
vertex -41.79792022705078 8.797918319702148 5
 endloop
endfacet
facet normal 0 0 0
 outer loop
vertex -41.921531677246094 8.685882568359375 5
vertex -42.0555305480957 8.586502075195312 5
vertex 55 0 5
 endloop
endfacet
facet normal 0 0 0
 outer loop
vertex -43 96.69999694824219 5
vertex 41.79792022705078 96.20207977294922 5
vertex 41.921531677246094 96.31411743164062 5
 endloop
endfacet
facet normal 0 0 0
 outer loop
vertex -41.79792022705078 93.79792022705078 5
vertex -55 0 5
vertex -44.20207977294922 11.202081680297852 5
 endloop
endfacet
facet normal 0 0 0
 outer loop
vertex -15 21.700000762939453 5
vertex 13.797918319702148 21.20208168029785 5
vertex 13.921531677246094 21.314117431640625 5
 endloop
endfacet
facet normal 0 0 0
 outer loop
vertex 15 18.299999237060547 5
vertex -13.797918319702148 18.79791831970215 5
vertex -13.921531677246094 18.685882568359375 5
 endloop
endfacet
facet normal 0 0 0
 outer loop
vertex -43 11.699999809265137 5
vertex 41.79792022705078 11.202081680297852 5
vertex 41.921531677246094 11.314117431640625 5
 endloop
endfacet
facet normal 0 0 0
 outer loop
vertex 43 8.300000190734863 5
vertex -41.79792022705078 8.797918319702148 5
vertex -41.921531677246094 8.685882568359375 5
 endloop
endfacet
facet normal 0 0 0
 outer loop
vertex -43 96.69999694824219 5
vertex 41.921531677246094 96.31411743164062 5
vertex 42.0555305480957 96.41349792480469 5
 endloop
endfacet
facet normal 0 0 0
 outer loop
vertex 43 93.30000305175781 5
vertex -41.79792022705078 93.79792022705078 5
vertex -44.20207977294922 11.202081680297852 5
 endloop
endfacet
facet normal 0 0 0
 outer loop
vertex -15 21.700000762939453 5
vertex 13.921531677246094 21.314117431640625 5
vertex 14.055530548095703 21.413497924804688 5
 endloop
endfacet
facet normal 0 0 0
 outer loop
vertex 15 18.299999237060547 5
vertex -13.921531677246094 18.685882568359375 5
vertex -14.055530548095703 18.586502075195312 5
 endloop
endfacet
facet normal 0 0 0
 outer loop
vertex -43 11.699999809265137 5
vertex 41.921531677246094 11.314117431640625 5
vertex 42.0555305480957 11.413497924804688 5
 endloop
endfacet
facet normal 0 0 0
 outer loop
vertex 43 8.300000190734863 5
vertex -41.921531677246094 8.685882568359375 5
vertex 55 0 5
 endloop
endfacet
facet normal 0 0 0
 outer loop
vertex 55 105 5
vertex -43 96.69999694824219 5
vertex 42.0555305480957 96.41349792480469 5
 endloop
endfacet
facet normal 0 0 0
 outer loop
vertex 43.166629791259766 93.30818939208984 5
vertex 43 93.30000305175781 5
vertex -44.20207977294922 11.202081680297852 5
 endloop
endfacet
facet normal 0 0 0
 outer loop
vertex -15 21.700000762939453 5
vertex 14.055530548095703 21.413497924804688 5
vertex 14.198625564575195 21.499265670776367 5
 endloop
endfacet
facet normal 0 0 0
 outer loop
vertex 15 18.299999237060547 5
vertex -14.055530548095703 18.586502075195312 5
vertex -14.198625564575195 18.500734329223633 5
 endloop
endfacet
facet normal 0 0 0
 outer loop
vertex -43 11.699999809265137 5
vertex 42.0555305480957 11.413497924804688 5
vertex 42.19862365722656 11.499266624450684 5
 endloop
endfacet
facet normal 0 0 0
 outer loop
vertex 43.166629791259766 8.308185577392578 5
vertex 43 8.300000190734863 5
vertex 55 0 5
 endloop
endfacet
facet normal 0 0 0
 outer loop
vertex 55 105 5
vertex 42.0555305480957 96.41349792480469 5
vertex 42.19862365722656 96.499267578125 5
 endloop
endfacet
facet normal 0 0 0
 outer loop
vertex 43.3316535949707 93.3326644897461 5
vertex 43.166629791259766 93.30818939208984 5
vertex -44.20207977294922 11.202081680297852 5
 endloop
endfacet
facet normal 0 0 0
 outer loop
vertex -15 21.700000762939453 5
vertex 14.198625564575195 21.499265670776367 5
vertex 14.349437713623047 21.570594787597656 5
 endloop
endfacet
facet normal 0 0 0
 outer loop
vertex 15 18.299999237060547 5
vertex -14.198625564575195 18.500734329223633 5
vertex -14.349437713623047 18.429405212402344 5
 endloop
endfacet
facet normal 0 0 0
 outer loop
vertex -43 11.699999809265137 5
vertex 42.19862365722656 11.499266624450684 5
vertex 42.34943771362305 11.570594787597656 5
 endloop
endfacet
facet normal 0 0 0
 outer loop
vertex 43.3316535949707 8.33266544342041 5
vertex 43.166629791259766 8.308185577392578 5
vertex 55 0 5
 endloop
endfacet
facet normal 0 0 0
 outer loop
vertex 55 105 5
vertex 42.19862365722656 96.499267578125 5
vertex 42.34943771362305 96.57059478759766 5
 endloop
endfacet
facet normal 0 0 0
 outer loop
vertex 43.49348449707031 93.37319946289062 5
vertex 43.3316535949707 93.3326644897461 5
vertex -44.20207977294922 11.202081680297852 5
 endloop
endfacet
facet normal 0 0 0
 outer loop
vertex -15 21.700000762939453 5
vertex 14.349437713623047 21.570594787597656 5
vertex 14.506516456604004 21.626798629760742 5
 endloop
endfacet
facet normal 0 0 0
 outer loop
vertex 15 18.299999237060547 5
vertex -14.349437713623047 18.429405212402344 5
vertex -14.506516456604004 18.373201370239258 5
 endloop
endfacet
facet normal 0 0 0
 outer loop
vertex -43 11.699999809265137 5
vertex 42.34943771362305 11.570594787597656 5
vertex 42.50651550292969 11.626798629760742 5
 endloop
endfacet
facet normal 0 0 0
 outer loop
vertex 43.49348449707031 8.373201370239258 5
vertex 43.3316535949707 8.33266544342041 5
vertex 55 0 5
 endloop
endfacet
facet normal 0 0 0
 outer loop
vertex 55 105 5
vertex 42.34943771362305 96.57059478759766 5
vertex 42.50651550292969 96.62680053710938 5
 endloop
endfacet
facet normal 0 0 0
 outer loop
vertex 43.65056228637695 93.42940521240234 5
vertex 43.49348449707031 93.37319946289062 5
vertex -44.20207977294922 11.202081680297852 5
 endloop
endfacet
facet normal 0 0 0
 outer loop
vertex -15 21.700000762939453 5
vertex 14.506516456604004 21.626798629760742 5
vertex 14.668346405029297 21.667335510253906 5
 endloop
endfacet
facet normal 0 0 0
 outer loop
vertex 15 18.299999237060547 5
vertex -14.506516456604004 18.373201370239258 5
vertex -14.668346405029297 18.332664489746094 5
 endloop
endfacet
facet normal 0 0 0
 outer loop
vertex -43 11.699999809265137 5
vertex 42.50651550292969 11.626798629760742 5
vertex 42.6683464050293 11.66733455657959 5
 endloop
endfacet
facet normal 0 0 0
 outer loop
vertex 43.65056228637695 8.429405212402344 5
vertex 43.49348449707031 8.373201370239258 5
vertex 55 0 5
 endloop
endfacet
facet normal 0 0 0
 outer loop
vertex 55 105 5
vertex 42.50651550292969 96.62680053710938 5
vertex 42.6683464050293 96.6673355102539 5
 endloop
endfacet
facet normal 0 0 0
 outer loop
vertex 43.80137634277344 93.500732421875 5
vertex 43.65056228637695 93.42940521240234 5
vertex -44.20207977294922 11.202081680297852 5
 endloop
endfacet
facet normal 0 0 0
 outer loop
vertex -15 21.700000762939453 5
vertex 14.668346405029297 21.667335510253906 5
vertex 14.83337116241455 21.691814422607422 5
 endloop
endfacet
facet normal 0 0 0
 outer loop
vertex 15 18.299999237060547 5
vertex -14.668346405029297 18.332664489746094 5
vertex -14.83337116241455 18.308185577392578 5
 endloop
endfacet
facet normal 0 0 0
 outer loop
vertex -43 11.699999809265137 5
vertex 42.6683464050293 11.66733455657959 5
vertex 42.833370208740234 11.691814422607422 5
 endloop
endfacet
facet normal 0 0 0
 outer loop
vertex 43.80137634277344 8.500733375549316 5
vertex 43.65056228637695 8.429405212402344 5
vertex 55 0 5
 endloop
endfacet
facet normal 0 0 0
 outer loop
vertex 55 105 5
vertex 42.6683464050293 96.6673355102539 5
vertex 42.833370208740234 96.69181060791016 5
 endloop
endfacet
facet normal 0 0 0
 outer loop
vertex 43.9444694519043 93.58650207519531 5
vertex 43.80137634277344 93.500732421875 5
vertex -44.20207977294922 11.202081680297852 5
 endloop
endfacet
facet normal 0 0 0
 outer loop
vertex -15 21.700000762939453 5
vertex 14.83337116241455 21.691814422607422 5
vertex 15 21.700000762939453 5
 endloop
endfacet
facet normal 0 0 0
 outer loop
vertex 15 18.299999237060547 5
vertex -14.83337116241455 18.308185577392578 5
vertex -15 18.299999237060547 5
 endloop
endfacet
facet normal 0 0 0
 outer loop
vertex -43 11.699999809265137 5
vertex 42.833370208740234 11.691814422607422 5
vertex 43 11.699999809265137 5
 endloop
endfacet
facet normal 0 0 0
 outer loop
vertex 43.9444694519043 8.586502075195312 5
vertex 43.80137634277344 8.500733375549316 5
vertex 55 0 5
 endloop
endfacet
facet normal 0 0 0
 outer loop
vertex 55 105 5
vertex 42.833370208740234 96.69181060791016 5
vertex 43 96.69999694824219 5
 endloop
endfacet
facet normal 0 0 0
 outer loop
vertex 44.078468322753906 93.68588256835938 5
vertex 43.9444694519043 93.58650207519531 5
vertex -44.20207977294922 11.202081680297852 5
 endloop
endfacet
facet normal 0 0 0
 outer loop
vertex 44.078468322753906 8.685882568359375 5
vertex 43.9444694519043 8.586502075195312 5
vertex 55 0 5
 endloop
endfacet
facet normal 0 0 0
 outer loop
vertex 55 105 5
vertex 43 96.69999694824219 5
vertex 43.166629791259766 96.69181060791016 5
 endloop
endfacet
facet normal 0 0 0
 outer loop
vertex 44.20207977294922 93.79792022705078 5
vertex 44.078468322753906 93.68588256835938 5
vertex -44.20207977294922 11.202081680297852 5
 endloop
endfacet
facet normal 0 0 0
 outer loop
vertex 44.20207977294922 8.797918319702148 5
vertex 44.078468322753906 8.685882568359375 5
vertex 55 0 5
 endloop
endfacet
facet normal 0 0 0
 outer loop
vertex 55 105 5
vertex 43.166629791259766 96.69181060791016 5
vertex 43.3316535949707 96.6673355102539 5
 endloop
endfacet
facet normal 0 0 0
 outer loop
vertex 44.20207977294922 93.79792022705078 5
vertex -44.20207977294922 11.202081680297852 5
vertex -44.078468322753906 11.314117431640625 5
 endloop
endfacet
facet normal 0 0 0
 outer loop
vertex 44.314117431640625 8.921531677246094 5
vertex 44.20207977294922 8.797918319702148 5
vertex 55 0 5
 endloop
endfacet
facet normal 0 0 0
 outer loop
vertex 55 105 5
vertex 43.3316535949707 96.6673355102539 5
vertex 43.49348449707031 96.62680053710938 5
 endloop
endfacet
facet normal 0 0 0
 outer loop
vertex 44.20207977294922 93.79792022705078 5
vertex -44.078468322753906 11.314117431640625 5
vertex -43.9444694519043 11.413497924804688 5
 endloop
endfacet
facet normal 0 0 0
 outer loop
vertex 44.41349792480469 9.055530548095703 5
vertex 44.314117431640625 8.921531677246094 5
vertex 55 0 5
 endloop
endfacet
facet normal 0 0 0
 outer loop
vertex 55 105 5
vertex 43.49348449707031 96.62680053710938 5
vertex 43.65056228637695 96.57059478759766 5
 endloop
endfacet
facet normal 0 0 0
 outer loop
vertex 44.20207977294922 93.79792022705078 5
vertex -43.9444694519043 11.413497924804688 5
vertex -43.80137634277344 11.499266624450684 5
 endloop
endfacet
facet normal 0 0 0
 outer loop
vertex 44.499267578125 9.198625564575195 5
vertex 44.41349792480469 9.055530548095703 5
vertex 55 0 5
 endloop
endfacet
facet normal 0 0 0
 outer loop
vertex 55 105 5
vertex 43.65056228637695 96.57059478759766 5
vertex 43.80137634277344 96.499267578125 5
 endloop
endfacet
facet normal 0 0 0
 outer loop
vertex 44.20207977294922 93.79792022705078 5
vertex -43.80137634277344 11.499266624450684 5
vertex -43.65056228637695 11.570594787597656 5
 endloop
endfacet
facet normal 0 0 0
 outer loop
vertex 44.570594787597656 9.349437713623047 5
vertex 44.499267578125 9.198625564575195 5
vertex 55 0 5
 endloop
endfacet
facet normal 0 0 0
 outer loop
vertex 55 105 5
vertex 43.80137634277344 96.499267578125 5
vertex 43.9444694519043 96.41349792480469 5
 endloop
endfacet
facet normal 0 0 0
 outer loop
vertex 44.20207977294922 93.79792022705078 5
vertex -43.65056228637695 11.570594787597656 5
vertex -43.49348449707031 11.626798629760742 5
 endloop
endfacet
facet normal 0 0 0
 outer loop
vertex -16.691814422607422 19.833370208740234 5
vertex -16.700000762939453 20 5
vertex -43.49348449707031 11.626798629760742 5
 endloop
endfacet
facet normal 0 0 0
 outer loop
vertex 44.62679672241211 9.506516456604004 5
vertex 44.570594787597656 9.349437713623047 5
vertex 55 0 5
 endloop
endfacet
facet normal 0 0 0
 outer loop
vertex 55 105 5
vertex 43.9444694519043 96.41349792480469 5
vertex 44.078468322753906 96.31411743164062 5
 endloop
endfacet
facet normal 0 0 0
 outer loop
vertex 44.20207977294922 93.79792022705078 5
vertex -43.49348449707031 11.626798629760742 5
vertex -15.493483543395996 21.626798629760742 5
 endloop
endfacet
facet normal 0 0 0
 outer loop
vertex -16.667335510253906 19.668346405029297 5
vertex -16.691814422607422 19.833370208740234 5
vertex -43.49348449707031 11.626798629760742 5
 endloop
endfacet
facet normal 0 0 0
 outer loop
vertex 44.667335510253906 9.668346405029297 5
vertex 44.62679672241211 9.506516456604004 5
vertex 55 0 5
 endloop
endfacet
facet normal 0 0 0
 outer loop
vertex 55 105 5
vertex 44.078468322753906 96.31411743164062 5
vertex 44.20207977294922 96.20207977294922 5
 endloop
endfacet
facet normal 0 0 0
 outer loop
vertex 44.314117431640625 93.9215316772461 5
vertex 44.20207977294922 93.79792022705078 5
vertex -15.493483543395996 21.626798629760742 5
 endloop
endfacet
facet normal 0 0 0
 outer loop
vertex -16.626798629760742 19.506515502929688 5
vertex -16.667335510253906 19.668346405029297 5
vertex -43.49348449707031 11.626798629760742 5
 endloop
endfacet
facet normal 0 0 0
 outer loop
vertex 44.69181442260742 9.83337116241455 5
vertex 44.667335510253906 9.668346405029297 5
vertex 55 0 5
 endloop
endfacet
facet normal 0 0 0
 outer loop
vertex 55 105 5
vertex 44.20207977294922 96.20207977294922 5
vertex 44.314117431640625 96.0784683227539 5
 endloop
endfacet
facet normal 0 0 0
 outer loop
vertex 44.314117431640625 93.9215316772461 5
vertex -15.493483543395996 21.626798629760742 5
vertex -15.331653594970703 21.667335510253906 5
 endloop
endfacet
facet normal 0 0 0
 outer loop
vertex -16.570594787597656 19.349437713623047 5
vertex -16.626798629760742 19.506515502929688 5
vertex -43.49348449707031 11.626798629760742 5
 endloop
endfacet
facet normal 0 0 0
 outer loop
vertex 44.70000076293945 10 5
vertex 44.69181442260742 9.83337116241455 5
vertex 55 0 5
 endloop
endfacet
facet normal 0 0 0
 outer loop
vertex 55 105 5
vertex 44.314117431640625 96.0784683227539 5
vertex 44.41349792480469 95.94446563720703 5
 endloop
endfacet
facet normal 0 0 0
 outer loop
vertex 44.314117431640625 93.9215316772461 5
vertex -15.331653594970703 21.667335510253906 5
vertex -15.16662883758545 21.691814422607422 5
 endloop
endfacet
facet normal 0 0 0
 outer loop
vertex -16.499265670776367 19.198625564575195 5
vertex -16.570594787597656 19.349437713623047 5
vertex -43.49348449707031 11.626798629760742 5
 endloop
endfacet
facet normal 0 0 0
 outer loop
vertex 44.69181442260742 10.16662883758545 5
vertex 44.70000076293945 10 5
vertex 55 0 5
 endloop
endfacet
facet normal 0 0 0
 outer loop
vertex 55 105 5
vertex 44.41349792480469 95.94446563720703 5
vertex 44.499267578125 95.80137634277344 5
 endloop
endfacet
facet normal 0 0 0
 outer loop
vertex 44.314117431640625 93.9215316772461 5
vertex -15.16662883758545 21.691814422607422 5
vertex -15 21.700000762939453 5
 endloop
endfacet
facet normal 0 0 0
 outer loop
vertex -16.413497924804688 19.055530548095703 5
vertex -16.499265670776367 19.198625564575195 5
vertex -43.49348449707031 11.626798629760742 5
 endloop
endfacet
facet normal 0 0 0
 outer loop
vertex 44.667335510253906 10.331653594970703 5
vertex 44.69181442260742 10.16662883758545 5
vertex 55 0 5
 endloop
endfacet
facet normal 0 0 0
 outer loop
vertex 55 105 5
vertex 44.499267578125 95.80137634277344 5
vertex 44.570594787597656 95.65055847167969 5
 endloop
endfacet
facet normal 0 0 0
 outer loop
vertex 44.314117431640625 93.9215316772461 5
vertex -15 21.700000762939453 5
vertex 15 21.700000762939453 5
 endloop
endfacet
facet normal 0 0 0
 outer loop
vertex -16.314117431640625 18.921531677246094 5
vertex -16.413497924804688 19.055530548095703 5
vertex -43.49348449707031 11.626798629760742 5
 endloop
endfacet
facet normal 0 0 0
 outer loop
vertex 44.62679672241211 10.493483543395996 5
vertex 44.667335510253906 10.331653594970703 5
vertex 55 0 5
 endloop
endfacet
facet normal 0 0 0
 outer loop
vertex 55 105 5
vertex 44.570594787597656 95.65055847167969 5
vertex 44.62679672241211 95.49348449707031 5
 endloop
endfacet
facet normal 0 0 0
 outer loop
vertex 44.41349792480469 94.05553436279297 5
vertex 44.314117431640625 93.9215316772461 5
vertex 15 21.700000762939453 5
 endloop
endfacet
facet normal 0 0 0
 outer loop
vertex -16.20208168029785 18.79791831970215 5
vertex -16.314117431640625 18.921531677246094 5
vertex -43.49348449707031 11.626798629760742 5
 endloop
endfacet
facet normal 0 0 0
 outer loop
vertex 44.570594787597656 10.650562286376953 5
vertex 44.62679672241211 10.493483543395996 5
vertex 55 0 5
 endloop
endfacet
facet normal 0 0 0
 outer loop
vertex 55 105 5
vertex 44.62679672241211 95.49348449707031 5
vertex 44.667335510253906 95.33164978027344 5
 endloop
endfacet
facet normal 0 0 0
 outer loop
vertex 44.499267578125 94.19862365722656 5
vertex 44.41349792480469 94.05553436279297 5
vertex 15 21.700000762939453 5
 endloop
endfacet
facet normal 0 0 0
 outer loop
vertex -16.078468322753906 18.685882568359375 5
vertex -16.20208168029785 18.79791831970215 5
vertex -43.49348449707031 11.626798629760742 5
 endloop
endfacet
facet normal 0 0 0
 outer loop
vertex 44.499267578125 10.801374435424805 5
vertex 44.570594787597656 10.650562286376953 5
vertex 55 0 5
 endloop
endfacet
facet normal 0 0 0
 outer loop
vertex 55 105 5
vertex 44.667335510253906 95.33164978027344 5
vertex 44.69181442260742 95.1666259765625 5
 endloop
endfacet
facet normal 0 0 0
 outer loop
vertex 44.570594787597656 94.34944152832031 5
vertex 44.499267578125 94.19862365722656 5
vertex 15 21.700000762939453 5
 endloop
endfacet
facet normal 0 0 0
 outer loop
vertex -15.944469451904297 18.586502075195312 5
vertex -16.078468322753906 18.685882568359375 5
vertex -43.49348449707031 11.626798629760742 5
 endloop
endfacet
facet normal 0 0 0
 outer loop
vertex 44.41349792480469 10.944469451904297 5
vertex 44.499267578125 10.801374435424805 5
vertex 55 0 5
 endloop
endfacet
facet normal 0 0 0
 outer loop
vertex 55 0 5
vertex 55 105 5
vertex 44.69181442260742 95.1666259765625 5
 endloop
endfacet
facet normal 0 0 0
 outer loop
vertex 44.570594787597656 94.34944152832031 5
vertex 15 21.700000762939453 5
vertex 15.16662883758545 21.691814422607422 5
 endloop
endfacet
facet normal 0 0 0
 outer loop
vertex -15.944469451904297 18.586502075195312 5
vertex -43.49348449707031 11.626798629760742 5
vertex -43.3316535949707 11.66733455657959 5
 endloop
endfacet
facet normal 0 0 0
 outer loop
vertex 44.314117431640625 11.078468322753906 5
vertex 44.41349792480469 10.944469451904297 5
vertex 55 0 5
 endloop
endfacet
facet normal 0 0 0
 outer loop
vertex 55 0 5
vertex 44.69181442260742 95.1666259765625 5
vertex 44.70000076293945 95 5
 endloop
endfacet
facet normal 0 0 0
 outer loop
vertex 44.570594787597656 94.34944152832031 5
vertex 15.16662883758545 21.691814422607422 5
vertex 15.331653594970703 21.667335510253906 5
 endloop
endfacet
facet normal 0 0 0
 outer loop
vertex -15.801374435424805 18.500734329223633 5
vertex -15.944469451904297 18.586502075195312 5
vertex -43.3316535949707 11.66733455657959 5
 endloop
endfacet
facet normal 0 0 0
 outer loop
vertex 44.20207977294922 11.202081680297852 5
vertex 44.314117431640625 11.078468322753906 5
vertex 55 0 5
 endloop
endfacet
facet normal 0 0 0
 outer loop
vertex 55 0 5
vertex 44.70000076293945 95 5
vertex 44.69181442260742 94.8333740234375 5
 endloop
endfacet
facet normal 0 0 0
 outer loop
vertex 44.570594787597656 94.34944152832031 5
vertex 15.331653594970703 21.667335510253906 5
vertex 15.493483543395996 21.626798629760742 5
 endloop
endfacet
facet normal 0 0 0
 outer loop
vertex -15.650562286376953 18.429405212402344 5
vertex -15.801374435424805 18.500734329223633 5
vertex -43.3316535949707 11.66733455657959 5
 endloop
endfacet
facet normal 0 0 0
 outer loop
vertex 44.20207977294922 11.202081680297852 5
vertex 55 0 5
vertex 44.69181442260742 94.8333740234375 5
 endloop
endfacet
facet normal 0 0 0
 outer loop
vertex 44.570594787597656 94.34944152832031 5
vertex 15.493483543395996 21.626798629760742 5
vertex 15.650562286376953 21.570594787597656 5
 endloop
endfacet
facet normal 0 0 0
 outer loop
vertex -15.493483543395996 18.373201370239258 5
vertex -15.650562286376953 18.429405212402344 5
vertex -43.3316535949707 11.66733455657959 5
 endloop
endfacet
facet normal 0 0 0
 outer loop
vertex 44.078468322753906 11.314117431640625 5
vertex 44.20207977294922 11.202081680297852 5
vertex 44.69181442260742 94.8333740234375 5
 endloop
endfacet
facet normal 0 0 0
 outer loop
vertex 44.570594787597656 94.34944152832031 5
vertex 15.650562286376953 21.570594787597656 5
vertex 15.801374435424805 21.499265670776367 5
 endloop
endfacet
facet normal 0 0 0
 outer loop
vertex -15.331653594970703 18.332664489746094 5
vertex -15.493483543395996 18.373201370239258 5
vertex -43.3316535949707 11.66733455657959 5
 endloop
endfacet
facet normal 0 0 0
 outer loop
vertex 43.9444694519043 11.413497924804688 5
vertex 44.078468322753906 11.314117431640625 5
vertex 44.69181442260742 94.8333740234375 5
 endloop
endfacet
facet normal 0 0 0
 outer loop
vertex 44.570594787597656 94.34944152832031 5
vertex 15.801374435424805 21.499265670776367 5
vertex 15.944469451904297 21.413497924804688 5
 endloop
endfacet
facet normal 0 0 0
 outer loop
vertex -15.16662883758545 18.308185577392578 5
vertex -15.331653594970703 18.332664489746094 5
vertex -43.3316535949707 11.66733455657959 5
 endloop
endfacet
facet normal 0 0 0
 outer loop
vertex 43.80137634277344 11.499266624450684 5
vertex 43.9444694519043 11.413497924804688 5
vertex 44.69181442260742 94.8333740234375 5
 endloop
endfacet
facet normal 0 0 0
 outer loop
vertex 44.570594787597656 94.34944152832031 5
vertex 15.944469451904297 21.413497924804688 5
vertex 16.078468322753906 21.314117431640625 5
 endloop
endfacet
facet normal 0 0 0
 outer loop
vertex -15 18.299999237060547 5
vertex -15.16662883758545 18.308185577392578 5
vertex -43.3316535949707 11.66733455657959 5
 endloop
endfacet
facet normal 0 0 0
 outer loop
vertex 43.65056228637695 11.570594787597656 5
vertex 43.80137634277344 11.499266624450684 5
vertex 44.69181442260742 94.8333740234375 5
 endloop
endfacet
facet normal 0 0 0
 outer loop
vertex 44.570594787597656 94.34944152832031 5
vertex 16.078468322753906 21.314117431640625 5
vertex 16.20208168029785 21.20208168029785 5
 endloop
endfacet
facet normal 0 0 0
 outer loop
vertex -15 18.299999237060547 5
vertex -43.3316535949707 11.66733455657959 5
vertex -43.166629791259766 11.691814422607422 5
 endloop
endfacet
facet normal 0 0 0
 outer loop
vertex 43.49348449707031 11.626798629760742 5
vertex 43.65056228637695 11.570594787597656 5
vertex 44.69181442260742 94.8333740234375 5
 endloop
endfacet
facet normal 0 0 0
 outer loop
vertex 44.570594787597656 94.34944152832031 5
vertex 16.20208168029785 21.20208168029785 5
vertex 16.314117431640625 21.078468322753906 5
 endloop
endfacet
facet normal 0 0 0
 outer loop
vertex 15 18.299999237060547 5
vertex -15 18.299999237060547 5
vertex -43.166629791259766 11.691814422607422 5
 endloop
endfacet
facet normal 0 0 0
 outer loop
vertex 43.3316535949707 11.66733455657959 5
vertex 43.49348449707031 11.626798629760742 5
vertex 44.69181442260742 94.8333740234375 5
 endloop
endfacet
facet normal 0 0 0
 outer loop
vertex 44.570594787597656 94.34944152832031 5
vertex 16.314117431640625 21.078468322753906 5
vertex 16.413497924804688 20.944469451904297 5
 endloop
endfacet
facet normal 0 0 0
 outer loop
vertex 15.16662883758545 18.308185577392578 5
vertex 15 18.299999237060547 5
vertex -43.166629791259766 11.691814422607422 5
 endloop
endfacet
facet normal 0 0 0
 outer loop
vertex 43.166629791259766 11.691814422607422 5
vertex 43.3316535949707 11.66733455657959 5
vertex 44.69181442260742 94.8333740234375 5
 endloop
endfacet
facet normal 0 0 0
 outer loop
vertex 44.570594787597656 94.34944152832031 5
vertex 16.413497924804688 20.944469451904297 5
vertex 16.499265670776367 20.801374435424805 5
 endloop
endfacet
facet normal 0 0 0
 outer loop
vertex 15.16662883758545 18.308185577392578 5
vertex -43.166629791259766 11.691814422607422 5
vertex -43 11.699999809265137 5
 endloop
endfacet
facet normal 0 0 0
 outer loop
vertex 43 11.699999809265137 5
vertex 43.166629791259766 11.691814422607422 5
vertex 44.69181442260742 94.8333740234375 5
 endloop
endfacet
facet normal 0 0 0
 outer loop
vertex 44.570594787597656 94.34944152832031 5
vertex 16.499265670776367 20.801374435424805 5
vertex 16.570594787597656 20.650562286376953 5
 endloop
endfacet
facet normal 0 0 0
 outer loop
vertex 15.16662883758545 18.308185577392578 5
vertex -43 11.699999809265137 5
vertex 43 11.699999809265137 5
 endloop
endfacet
facet normal 0 0 0
 outer loop
vertex 43 11.699999809265137 5
vertex 44.69181442260742 94.8333740234375 5
vertex 44.667335510253906 94.66835021972656 5
 endloop
endfacet
facet normal 0 0 0
 outer loop
vertex 44.570594787597656 94.34944152832031 5
vertex 16.570594787597656 20.650562286376953 5
vertex 16.626798629760742 20.493484497070312 5
 endloop
endfacet
facet normal 0 0 0
 outer loop
vertex 15.331653594970703 18.332664489746094 5
vertex 15.16662883758545 18.308185577392578 5
vertex 43 11.699999809265137 5
 endloop
endfacet
facet normal 0 0 0
 outer loop
vertex 43 11.699999809265137 5
vertex 44.667335510253906 94.66835021972656 5
vertex 44.62679672241211 94.50651550292969 5
 endloop
endfacet
facet normal 0 0 0
 outer loop
vertex 44.570594787597656 94.34944152832031 5
vertex 16.626798629760742 20.493484497070312 5
vertex 16.667335510253906 20.331653594970703 5
 endloop
endfacet
facet normal 0 0 0
 outer loop
vertex 15.493483543395996 18.373201370239258 5
vertex 15.331653594970703 18.332664489746094 5
vertex 43 11.699999809265137 5
 endloop
endfacet
facet normal 0 0 0
 outer loop
vertex 43 11.699999809265137 5
vertex 44.62679672241211 94.50651550292969 5
vertex 44.570594787597656 94.34944152832031 5
 endloop
endfacet
facet normal 0 0 0
 outer loop
vertex 44.570594787597656 94.34944152832031 5
vertex 16.667335510253906 20.331653594970703 5
vertex 16.691814422607422 20.166629791259766 5
 endloop
endfacet
facet normal 0 0 0
 outer loop
vertex 15.650562286376953 18.429405212402344 5
vertex 15.493483543395996 18.373201370239258 5
vertex 43 11.699999809265137 5
 endloop
endfacet
facet normal 0 0 0
 outer loop
vertex 43 11.699999809265137 5
vertex 44.570594787597656 94.34944152832031 5
vertex 16.691814422607422 20.166629791259766 5
 endloop
endfacet
facet normal 0 0 0
 outer loop
vertex 15.801374435424805 18.500734329223633 5
vertex 15.650562286376953 18.429405212402344 5
vertex 43 11.699999809265137 5
 endloop
endfacet
facet normal 0 0 0
 outer loop
vertex 43 11.699999809265137 5
vertex 16.691814422607422 20.166629791259766 5
vertex 16.700000762939453 20 5
 endloop
endfacet
facet normal 0 0 0
 outer loop
vertex 15.944469451904297 18.586502075195312 5
vertex 15.801374435424805 18.500734329223633 5
vertex 43 11.699999809265137 5
 endloop
endfacet
facet normal 0 0 0
 outer loop
vertex 43 11.699999809265137 5
vertex 16.700000762939453 20 5
vertex 16.691814422607422 19.833370208740234 5
 endloop
endfacet
facet normal 0 0 0
 outer loop
vertex 16.078468322753906 18.685882568359375 5
vertex 15.944469451904297 18.586502075195312 5
vertex 43 11.699999809265137 5
 endloop
endfacet
facet normal 0 0 0
 outer loop
vertex 43 11.699999809265137 5
vertex 16.691814422607422 19.833370208740234 5
vertex 16.667335510253906 19.668346405029297 5
 endloop
endfacet
facet normal 0 0 0
 outer loop
vertex 16.20208168029785 18.79791831970215 5
vertex 16.078468322753906 18.685882568359375 5
vertex 43 11.699999809265137 5
 endloop
endfacet
facet normal 0 0 0
 outer loop
vertex 43 11.699999809265137 5
vertex 16.667335510253906 19.668346405029297 5
vertex 16.626798629760742 19.506515502929688 5
 endloop
endfacet
facet normal 0 0 0
 outer loop
vertex 16.314117431640625 18.921531677246094 5
vertex 16.20208168029785 18.79791831970215 5
vertex 43 11.699999809265137 5
 endloop
endfacet
facet normal 0 0 0
 outer loop
vertex 43 11.699999809265137 5
vertex 16.626798629760742 19.506515502929688 5
vertex 16.570594787597656 19.349437713623047 5
 endloop
endfacet
facet normal 0 0 0
 outer loop
vertex 16.413497924804688 19.055530548095703 5
vertex 16.314117431640625 18.921531677246094 5
vertex 43 11.699999809265137 5
 endloop
endfacet
facet normal 0 0 0
 outer loop
vertex 43 11.699999809265137 5
vertex 16.570594787597656 19.349437713623047 5
vertex 16.499265670776367 19.198625564575195 5
 endloop
endfacet
facet normal 0 0 0
 outer loop
vertex 16.499265670776367 19.198625564575195 5
vertex 16.413497924804688 19.055530548095703 5
vertex 43 11.699999809265137 5
 endloop
endfacet
facet normal 0 0 0
 outer loop
vertex -55 0 0
vertex 55 0 0
vertex -55 0 5
 endloop
endfacet
facet normal 0 0 0
 outer loop
vertex 55 0 0
vertex 55 0 5
vertex -55 0 5
 endloop
endfacet
facet normal 0 0 0
 outer loop
vertex 55 0 0
vertex 55 105 0
vertex 55 0 5
 endloop
endfacet
facet normal 0 0 0
 outer loop
vertex 55 105 0
vertex 55 105 5
vertex 55 0 5
 endloop
endfacet
facet normal 0 0 0
 outer loop
vertex 55 105 0
vertex -55 105 0
vertex 55 105 5
 endloop
endfacet
facet normal 0 0 0
 outer loop
vertex -55 105 0
vertex -55 105 5
vertex 55 105 5
 endloop
endfacet
facet normal 0 0 0
 outer loop
vertex -55 105 0
vertex -55 0 0
vertex -55 105 5
 endloop
endfacet
facet normal 0 0 0
 outer loop
vertex -55 0 0
vertex -55 0 5
vertex -55 105 5
 endloop
endfacet
facet normal 0 0 0
 outer loop
vertex -41.29999923706055 10 0
vertex -41.30818557739258 9.83337116241455 0
vertex -41.29999923706055 10 5
 endloop
endfacet
facet normal 0 0 0
 outer loop
vertex -41.30818557739258 9.83337116241455 0
vertex -41.30818557739258 9.83337116241455 5
vertex -41.29999923706055 10 5
 endloop
endfacet
facet normal 0 0 0
 outer loop
vertex -41.30818557739258 9.83337116241455 0
vertex -41.332664489746094 9.668346405029297 0
vertex -41.30818557739258 9.83337116241455 5
 endloop
endfacet
facet normal 0 0 0
 outer loop
vertex -41.332664489746094 9.668346405029297 0
vertex -41.332664489746094 9.668346405029297 5
vertex -41.30818557739258 9.83337116241455 5
 endloop
endfacet
facet normal 0 0 0
 outer loop
vertex -41.332664489746094 9.668346405029297 0
vertex -41.37320327758789 9.506516456604004 0
vertex -41.332664489746094 9.668346405029297 5
 endloop
endfacet
facet normal 0 0 0
 outer loop
vertex -41.37320327758789 9.506516456604004 0
vertex -41.37320327758789 9.506516456604004 5
vertex -41.332664489746094 9.668346405029297 5
 endloop
endfacet
facet normal 0 0 0
 outer loop
vertex -41.37320327758789 9.506516456604004 0
vertex -41.429405212402344 9.349437713623047 0
vertex -41.37320327758789 9.506516456604004 5
 endloop
endfacet
facet normal 0 0 0
 outer loop
vertex -41.429405212402344 9.349437713623047 0
vertex -41.429405212402344 9.349437713623047 5
vertex -41.37320327758789 9.506516456604004 5
 endloop
endfacet
facet normal 0 0 0
 outer loop
vertex -41.429405212402344 9.349437713623047 0
vertex -41.500732421875 9.198625564575195 0
vertex -41.429405212402344 9.349437713623047 5
 endloop
endfacet
facet normal 0 0 0
 outer loop
vertex -41.500732421875 9.198625564575195 0
vertex -41.500732421875 9.198625564575195 5
vertex -41.429405212402344 9.349437713623047 5
 endloop
endfacet
facet normal 0 0 0
 outer loop
vertex -41.500732421875 9.198625564575195 0
vertex -41.58650207519531 9.055530548095703 0
vertex -41.500732421875 9.198625564575195 5
 endloop
endfacet
facet normal 0 0 0
 outer loop
vertex -41.58650207519531 9.055530548095703 0
vertex -41.58650207519531 9.055530548095703 5
vertex -41.500732421875 9.198625564575195 5
 endloop
endfacet
facet normal 0 0 0
 outer loop
vertex -41.58650207519531 9.055530548095703 0
vertex -41.685882568359375 8.921531677246094 0
vertex -41.58650207519531 9.055530548095703 5
 endloop
endfacet
facet normal 0 0 0
 outer loop
vertex -41.685882568359375 8.921531677246094 0
vertex -41.685882568359375 8.921531677246094 5
vertex -41.58650207519531 9.055530548095703 5
 endloop
endfacet
facet normal 0 0 0
 outer loop
vertex -41.685882568359375 8.921531677246094 0
vertex -41.79792022705078 8.797918319702148 0
vertex -41.685882568359375 8.921531677246094 5
 endloop
endfacet
facet normal 0 0 0
 outer loop
vertex -41.79792022705078 8.797918319702148 0
vertex -41.79792022705078 8.797918319702148 5
vertex -41.685882568359375 8.921531677246094 5
 endloop
endfacet
facet normal 0 0 0
 outer loop
vertex -41.79792022705078 8.797918319702148 0
vertex -41.921531677246094 8.685882568359375 0
vertex -41.79792022705078 8.797918319702148 5
 endloop
endfacet
facet normal 0 0 0
 outer loop
vertex -41.921531677246094 8.685882568359375 0
vertex -41.921531677246094 8.685882568359375 5
vertex -41.79792022705078 8.797918319702148 5
 endloop
endfacet
facet normal 0 0 0
 outer loop
vertex -41.921531677246094 8.685882568359375 0
vertex -42.0555305480957 8.586502075195312 0
vertex -41.921531677246094 8.685882568359375 5
 endloop
endfacet
facet normal 0 0 0
 outer loop
vertex -42.0555305480957 8.586502075195312 0
vertex -42.0555305480957 8.586502075195312 5
vertex -41.921531677246094 8.685882568359375 5
 endloop
endfacet
facet normal 0 0 0
 outer loop
vertex -42.0555305480957 8.586502075195312 0
vertex -42.19862365722656 8.500733375549316 0
vertex -42.0555305480957 8.586502075195312 5
 endloop
endfacet
facet normal 0 0 0
 outer loop
vertex -42.19862365722656 8.500733375549316 0
vertex -42.19862365722656 8.500733375549316 5
vertex -42.0555305480957 8.586502075195312 5
 endloop
endfacet
facet normal 0 0 0
 outer loop
vertex -42.19862365722656 8.500733375549316 0
vertex -42.34943771362305 8.429405212402344 0
vertex -42.19862365722656 8.500733375549316 5
 endloop
endfacet
facet normal 0 0 0
 outer loop
vertex -42.34943771362305 8.429405212402344 0
vertex -42.34943771362305 8.429405212402344 5
vertex -42.19862365722656 8.500733375549316 5
 endloop
endfacet
facet normal 0 0 0
 outer loop
vertex -42.34943771362305 8.429405212402344 0
vertex -42.50651550292969 8.373201370239258 0
vertex -42.34943771362305 8.429405212402344 5
 endloop
endfacet
facet normal 0 0 0
 outer loop
vertex -42.50651550292969 8.373201370239258 0
vertex -42.50651550292969 8.373201370239258 5
vertex -42.34943771362305 8.429405212402344 5
 endloop
endfacet
facet normal 0 0 0
 outer loop
vertex -42.50651550292969 8.373201370239258 0
vertex -42.6683464050293 8.33266544342041 0
vertex -42.50651550292969 8.373201370239258 5
 endloop
endfacet
facet normal 0 0 0
 outer loop
vertex -42.6683464050293 8.33266544342041 0
vertex -42.6683464050293 8.33266544342041 5
vertex -42.50651550292969 8.373201370239258 5
 endloop
endfacet
facet normal 0 0 0
 outer loop
vertex -42.6683464050293 8.33266544342041 0
vertex -42.833370208740234 8.308185577392578 0
vertex -42.6683464050293 8.33266544342041 5
 endloop
endfacet
facet normal 0 0 0
 outer loop
vertex -42.833370208740234 8.308185577392578 0
vertex -42.833370208740234 8.308185577392578 5
vertex -42.6683464050293 8.33266544342041 5
 endloop
endfacet
facet normal 0 0 0
 outer loop
vertex -42.833370208740234 8.308185577392578 0
vertex -43 8.300000190734863 0
vertex -42.833370208740234 8.308185577392578 5
 endloop
endfacet
facet normal 0 0 0
 outer loop
vertex -43 8.300000190734863 0
vertex -43 8.300000190734863 5
vertex -42.833370208740234 8.308185577392578 5
 endloop
endfacet
facet normal 0 0 0
 outer loop
vertex -43 8.300000190734863 0
vertex -43.166629791259766 8.308185577392578 0
vertex -43 8.300000190734863 5
 endloop
endfacet
facet normal 0 0 0
 outer loop
vertex -43.166629791259766 8.308185577392578 0
vertex -43.166629791259766 8.308185577392578 5
vertex -43 8.300000190734863 5
 endloop
endfacet
facet normal 0 0 0
 outer loop
vertex -43.166629791259766 8.308185577392578 0
vertex -43.3316535949707 8.33266544342041 0
vertex -43.166629791259766 8.308185577392578 5
 endloop
endfacet
facet normal 0 0 0
 outer loop
vertex -43.3316535949707 8.33266544342041 0
vertex -43.3316535949707 8.33266544342041 5
vertex -43.166629791259766 8.308185577392578 5
 endloop
endfacet
facet normal 0 0 0
 outer loop
vertex -43.3316535949707 8.33266544342041 0
vertex -43.49348449707031 8.373201370239258 0
vertex -43.3316535949707 8.33266544342041 5
 endloop
endfacet
facet normal 0 0 0
 outer loop
vertex -43.49348449707031 8.373201370239258 0
vertex -43.49348449707031 8.373201370239258 5
vertex -43.3316535949707 8.33266544342041 5
 endloop
endfacet
facet normal 0 0 0
 outer loop
vertex -43.49348449707031 8.373201370239258 0
vertex -43.65056228637695 8.429405212402344 0
vertex -43.49348449707031 8.373201370239258 5
 endloop
endfacet
facet normal 0 0 0
 outer loop
vertex -43.65056228637695 8.429405212402344 0
vertex -43.65056228637695 8.429405212402344 5
vertex -43.49348449707031 8.373201370239258 5
 endloop
endfacet
facet normal 0 0 0
 outer loop
vertex -43.65056228637695 8.429405212402344 0
vertex -43.80137634277344 8.500733375549316 0
vertex -43.65056228637695 8.429405212402344 5
 endloop
endfacet
facet normal 0 0 0
 outer loop
vertex -43.80137634277344 8.500733375549316 0
vertex -43.80137634277344 8.500733375549316 5
vertex -43.65056228637695 8.429405212402344 5
 endloop
endfacet
facet normal 0 0 0
 outer loop
vertex -43.80137634277344 8.500733375549316 0
vertex -43.9444694519043 8.586502075195312 0
vertex -43.80137634277344 8.500733375549316 5
 endloop
endfacet
facet normal 0 0 0
 outer loop
vertex -43.9444694519043 8.586502075195312 0
vertex -43.9444694519043 8.586502075195312 5
vertex -43.80137634277344 8.500733375549316 5
 endloop
endfacet
facet normal 0 0 0
 outer loop
vertex -43.9444694519043 8.586502075195312 0
vertex -44.078468322753906 8.685882568359375 0
vertex -43.9444694519043 8.586502075195312 5
 endloop
endfacet
facet normal 0 0 0
 outer loop
vertex -44.078468322753906 8.685882568359375 0
vertex -44.078468322753906 8.685882568359375 5
vertex -43.9444694519043 8.586502075195312 5
 endloop
endfacet
facet normal 0 0 0
 outer loop
vertex -44.078468322753906 8.685882568359375 0
vertex -44.20207977294922 8.797918319702148 0
vertex -44.078468322753906 8.685882568359375 5
 endloop
endfacet
facet normal 0 0 0
 outer loop
vertex -44.20207977294922 8.797918319702148 0
vertex -44.20207977294922 8.797918319702148 5
vertex -44.078468322753906 8.685882568359375 5
 endloop
endfacet
facet normal 0 0 0
 outer loop
vertex -44.20207977294922 8.797918319702148 0
vertex -44.314117431640625 8.921531677246094 0
vertex -44.20207977294922 8.797918319702148 5
 endloop
endfacet
facet normal 0 0 0
 outer loop
vertex -44.314117431640625 8.921531677246094 0
vertex -44.314117431640625 8.921531677246094 5
vertex -44.20207977294922 8.797918319702148 5
 endloop
endfacet
facet normal 0 0 0
 outer loop
vertex -44.314117431640625 8.921531677246094 0
vertex -44.41349792480469 9.055530548095703 0
vertex -44.314117431640625 8.921531677246094 5
 endloop
endfacet
facet normal 0 0 0
 outer loop
vertex -44.41349792480469 9.055530548095703 0
vertex -44.41349792480469 9.055530548095703 5
vertex -44.314117431640625 8.921531677246094 5
 endloop
endfacet
facet normal 0 0 0
 outer loop
vertex -44.41349792480469 9.055530548095703 0
vertex -44.499267578125 9.198625564575195 0
vertex -44.41349792480469 9.055530548095703 5
 endloop
endfacet
facet normal 0 0 0
 outer loop
vertex -44.499267578125 9.198625564575195 0
vertex -44.499267578125 9.198625564575195 5
vertex -44.41349792480469 9.055530548095703 5
 endloop
endfacet
facet normal 0 0 0
 outer loop
vertex -44.499267578125 9.198625564575195 0
vertex -44.570594787597656 9.349437713623047 0
vertex -44.499267578125 9.198625564575195 5
 endloop
endfacet
facet normal 0 0 0
 outer loop
vertex -44.570594787597656 9.349437713623047 0
vertex -44.570594787597656 9.349437713623047 5
vertex -44.499267578125 9.198625564575195 5
 endloop
endfacet
facet normal 0 0 0
 outer loop
vertex -44.570594787597656 9.349437713623047 0
vertex -44.62679672241211 9.506516456604004 0
vertex -44.570594787597656 9.349437713623047 5
 endloop
endfacet
facet normal 0 0 0
 outer loop
vertex -44.62679672241211 9.506516456604004 0
vertex -44.62679672241211 9.506516456604004 5
vertex -44.570594787597656 9.349437713623047 5
 endloop
endfacet
facet normal 0 0 0
 outer loop
vertex -44.62679672241211 9.506516456604004 0
vertex -44.667335510253906 9.668346405029297 0
vertex -44.62679672241211 9.506516456604004 5
 endloop
endfacet
facet normal 0 0 0
 outer loop
vertex -44.667335510253906 9.668346405029297 0
vertex -44.667335510253906 9.668346405029297 5
vertex -44.62679672241211 9.506516456604004 5
 endloop
endfacet
facet normal 0 0 0
 outer loop
vertex -44.667335510253906 9.668346405029297 0
vertex -44.69181442260742 9.83337116241455 0
vertex -44.667335510253906 9.668346405029297 5
 endloop
endfacet
facet normal 0 0 0
 outer loop
vertex -44.69181442260742 9.83337116241455 0
vertex -44.69181442260742 9.83337116241455 5
vertex -44.667335510253906 9.668346405029297 5
 endloop
endfacet
facet normal 0 0 0
 outer loop
vertex -44.69181442260742 9.83337116241455 0
vertex -44.70000076293945 10 0
vertex -44.69181442260742 9.83337116241455 5
 endloop
endfacet
facet normal 0 0 0
 outer loop
vertex -44.70000076293945 10 0
vertex -44.70000076293945 10 5
vertex -44.69181442260742 9.83337116241455 5
 endloop
endfacet
facet normal 0 0 0
 outer loop
vertex -44.70000076293945 10 0
vertex -44.69181442260742 10.16662883758545 0
vertex -44.70000076293945 10 5
 endloop
endfacet
facet normal 0 0 0
 outer loop
vertex -44.69181442260742 10.16662883758545 0
vertex -44.69181442260742 10.16662883758545 5
vertex -44.70000076293945 10 5
 endloop
endfacet
facet normal 0 0 0
 outer loop
vertex -44.69181442260742 10.16662883758545 0
vertex -44.667335510253906 10.331653594970703 0
vertex -44.69181442260742 10.16662883758545 5
 endloop
endfacet
facet normal 0 0 0
 outer loop
vertex -44.667335510253906 10.331653594970703 0
vertex -44.667335510253906 10.331653594970703 5
vertex -44.69181442260742 10.16662883758545 5
 endloop
endfacet
facet normal 0 0 0
 outer loop
vertex -44.667335510253906 10.331653594970703 0
vertex -44.62679672241211 10.493483543395996 0
vertex -44.667335510253906 10.331653594970703 5
 endloop
endfacet
facet normal 0 0 0
 outer loop
vertex -44.62679672241211 10.493483543395996 0
vertex -44.62679672241211 10.493483543395996 5
vertex -44.667335510253906 10.331653594970703 5
 endloop
endfacet
facet normal 0 0 0
 outer loop
vertex -44.62679672241211 10.493483543395996 0
vertex -44.570594787597656 10.650562286376953 0
vertex -44.62679672241211 10.493483543395996 5
 endloop
endfacet
facet normal 0 0 0
 outer loop
vertex -44.570594787597656 10.650562286376953 0
vertex -44.570594787597656 10.650562286376953 5
vertex -44.62679672241211 10.493483543395996 5
 endloop
endfacet
facet normal 0 0 0
 outer loop
vertex -44.570594787597656 10.650562286376953 0
vertex -44.499267578125 10.801374435424805 0
vertex -44.570594787597656 10.650562286376953 5
 endloop
endfacet
facet normal 0 0 0
 outer loop
vertex -44.499267578125 10.801374435424805 0
vertex -44.499267578125 10.801374435424805 5
vertex -44.570594787597656 10.650562286376953 5
 endloop
endfacet
facet normal 0 0 0
 outer loop
vertex -44.499267578125 10.801374435424805 0
vertex -44.41349792480469 10.944469451904297 0
vertex -44.499267578125 10.801374435424805 5
 endloop
endfacet
facet normal 0 0 0
 outer loop
vertex -44.41349792480469 10.944469451904297 0
vertex -44.41349792480469 10.944469451904297 5
vertex -44.499267578125 10.801374435424805 5
 endloop
endfacet
facet normal 0 0 0
 outer loop
vertex -44.41349792480469 10.944469451904297 0
vertex -44.314117431640625 11.078468322753906 0
vertex -44.41349792480469 10.944469451904297 5
 endloop
endfacet
facet normal 0 0 0
 outer loop
vertex -44.314117431640625 11.078468322753906 0
vertex -44.314117431640625 11.078468322753906 5
vertex -44.41349792480469 10.944469451904297 5
 endloop
endfacet
facet normal 0 0 0
 outer loop
vertex -44.314117431640625 11.078468322753906 0
vertex -44.20207977294922 11.202081680297852 0
vertex -44.314117431640625 11.078468322753906 5
 endloop
endfacet
facet normal 0 0 0
 outer loop
vertex -44.20207977294922 11.202081680297852 0
vertex -44.20207977294922 11.202081680297852 5
vertex -44.314117431640625 11.078468322753906 5
 endloop
endfacet
facet normal 0 0 0
 outer loop
vertex -44.20207977294922 11.202081680297852 0
vertex -44.078468322753906 11.314117431640625 0
vertex -44.20207977294922 11.202081680297852 5
 endloop
endfacet
facet normal 0 0 0
 outer loop
vertex -44.078468322753906 11.314117431640625 0
vertex -44.078468322753906 11.314117431640625 5
vertex -44.20207977294922 11.202081680297852 5
 endloop
endfacet
facet normal 0 0 0
 outer loop
vertex -44.078468322753906 11.314117431640625 0
vertex -43.9444694519043 11.413497924804688 0
vertex -44.078468322753906 11.314117431640625 5
 endloop
endfacet
facet normal 0 0 0
 outer loop
vertex -43.9444694519043 11.413497924804688 0
vertex -43.9444694519043 11.413497924804688 5
vertex -44.078468322753906 11.314117431640625 5
 endloop
endfacet
facet normal 0 0 0
 outer loop
vertex -43.9444694519043 11.413497924804688 0
vertex -43.80137634277344 11.499266624450684 0
vertex -43.9444694519043 11.413497924804688 5
 endloop
endfacet
facet normal 0 0 0
 outer loop
vertex -43.80137634277344 11.499266624450684 0
vertex -43.80137634277344 11.499266624450684 5
vertex -43.9444694519043 11.413497924804688 5
 endloop
endfacet
facet normal 0 0 0
 outer loop
vertex -43.80137634277344 11.499266624450684 0
vertex -43.65056228637695 11.570594787597656 0
vertex -43.80137634277344 11.499266624450684 5
 endloop
endfacet
facet normal 0 0 0
 outer loop
vertex -43.65056228637695 11.570594787597656 0
vertex -43.65056228637695 11.570594787597656 5
vertex -43.80137634277344 11.499266624450684 5
 endloop
endfacet
facet normal 0 0 0
 outer loop
vertex -43.65056228637695 11.570594787597656 0
vertex -43.49348449707031 11.626798629760742 0
vertex -43.65056228637695 11.570594787597656 5
 endloop
endfacet
facet normal 0 0 0
 outer loop
vertex -43.49348449707031 11.626798629760742 0
vertex -43.49348449707031 11.626798629760742 5
vertex -43.65056228637695 11.570594787597656 5
 endloop
endfacet
facet normal 0 0 0
 outer loop
vertex -43.49348449707031 11.626798629760742 0
vertex -43.3316535949707 11.66733455657959 0
vertex -43.49348449707031 11.626798629760742 5
 endloop
endfacet
facet normal 0 0 0
 outer loop
vertex -43.3316535949707 11.66733455657959 0
vertex -43.3316535949707 11.66733455657959 5
vertex -43.49348449707031 11.626798629760742 5
 endloop
endfacet
facet normal 0 0 0
 outer loop
vertex -43.3316535949707 11.66733455657959 0
vertex -43.166629791259766 11.691814422607422 0
vertex -43.3316535949707 11.66733455657959 5
 endloop
endfacet
facet normal 0 0 0
 outer loop
vertex -43.166629791259766 11.691814422607422 0
vertex -43.166629791259766 11.691814422607422 5
vertex -43.3316535949707 11.66733455657959 5
 endloop
endfacet
facet normal 0 0 0
 outer loop
vertex -43.166629791259766 11.691814422607422 0
vertex -43 11.699999809265137 0
vertex -43.166629791259766 11.691814422607422 5
 endloop
endfacet
facet normal 0 0 0
 outer loop
vertex -43 11.699999809265137 0
vertex -43 11.699999809265137 5
vertex -43.166629791259766 11.691814422607422 5
 endloop
endfacet
facet normal 0 0 0
 outer loop
vertex -43 11.699999809265137 0
vertex -42.833370208740234 11.691814422607422 0
vertex -43 11.699999809265137 5
 endloop
endfacet
facet normal 0 0 0
 outer loop
vertex -42.833370208740234 11.691814422607422 0
vertex -42.833370208740234 11.691814422607422 5
vertex -43 11.699999809265137 5
 endloop
endfacet
facet normal 0 0 0
 outer loop
vertex -42.833370208740234 11.691814422607422 0
vertex -42.6683464050293 11.66733455657959 0
vertex -42.833370208740234 11.691814422607422 5
 endloop
endfacet
facet normal 0 0 0
 outer loop
vertex -42.6683464050293 11.66733455657959 0
vertex -42.6683464050293 11.66733455657959 5
vertex -42.833370208740234 11.691814422607422 5
 endloop
endfacet
facet normal 0 0 0
 outer loop
vertex -42.6683464050293 11.66733455657959 0
vertex -42.50651550292969 11.626798629760742 0
vertex -42.6683464050293 11.66733455657959 5
 endloop
endfacet
facet normal 0 0 0
 outer loop
vertex -42.50651550292969 11.626798629760742 0
vertex -42.50651550292969 11.626798629760742 5
vertex -42.6683464050293 11.66733455657959 5
 endloop
endfacet
facet normal 0 0 0
 outer loop
vertex -42.50651550292969 11.626798629760742 0
vertex -42.34943771362305 11.570594787597656 0
vertex -42.50651550292969 11.626798629760742 5
 endloop
endfacet
facet normal 0 0 0
 outer loop
vertex -42.34943771362305 11.570594787597656 0
vertex -42.34943771362305 11.570594787597656 5
vertex -42.50651550292969 11.626798629760742 5
 endloop
endfacet
facet normal 0 0 0
 outer loop
vertex -42.34943771362305 11.570594787597656 0
vertex -42.19862365722656 11.499266624450684 0
vertex -42.34943771362305 11.570594787597656 5
 endloop
endfacet
facet normal 0 0 0
 outer loop
vertex -42.19862365722656 11.499266624450684 0
vertex -42.19862365722656 11.499266624450684 5
vertex -42.34943771362305 11.570594787597656 5
 endloop
endfacet
facet normal 0 0 0
 outer loop
vertex -42.19862365722656 11.499266624450684 0
vertex -42.0555305480957 11.413497924804688 0
vertex -42.19862365722656 11.499266624450684 5
 endloop
endfacet
facet normal 0 0 0
 outer loop
vertex -42.0555305480957 11.413497924804688 0
vertex -42.0555305480957 11.413497924804688 5
vertex -42.19862365722656 11.499266624450684 5
 endloop
endfacet
facet normal 0 0 0
 outer loop
vertex -42.0555305480957 11.413497924804688 0
vertex -41.921531677246094 11.314117431640625 0
vertex -42.0555305480957 11.413497924804688 5
 endloop
endfacet
facet normal 0 0 0
 outer loop
vertex -41.921531677246094 11.314117431640625 0
vertex -41.921531677246094 11.314117431640625 5
vertex -42.0555305480957 11.413497924804688 5
 endloop
endfacet
facet normal 0 0 0
 outer loop
vertex -41.921531677246094 11.314117431640625 0
vertex -41.79792022705078 11.202081680297852 0
vertex -41.921531677246094 11.314117431640625 5
 endloop
endfacet
facet normal 0 0 0
 outer loop
vertex -41.79792022705078 11.202081680297852 0
vertex -41.79792022705078 11.202081680297852 5
vertex -41.921531677246094 11.314117431640625 5
 endloop
endfacet
facet normal 0 0 0
 outer loop
vertex -41.79792022705078 11.202081680297852 0
vertex -41.685882568359375 11.078468322753906 0
vertex -41.79792022705078 11.202081680297852 5
 endloop
endfacet
facet normal 0 0 0
 outer loop
vertex -41.685882568359375 11.078468322753906 0
vertex -41.685882568359375 11.078468322753906 5
vertex -41.79792022705078 11.202081680297852 5
 endloop
endfacet
facet normal 0 0 0
 outer loop
vertex -41.685882568359375 11.078468322753906 0
vertex -41.58650207519531 10.944469451904297 0
vertex -41.685882568359375 11.078468322753906 5
 endloop
endfacet
facet normal 0 0 0
 outer loop
vertex -41.58650207519531 10.944469451904297 0
vertex -41.58650207519531 10.944469451904297 5
vertex -41.685882568359375 11.078468322753906 5
 endloop
endfacet
facet normal 0 0 0
 outer loop
vertex -41.58650207519531 10.944469451904297 0
vertex -41.500732421875 10.801374435424805 0
vertex -41.58650207519531 10.944469451904297 5
 endloop
endfacet
facet normal 0 0 0
 outer loop
vertex -41.500732421875 10.801374435424805 0
vertex -41.500732421875 10.801374435424805 5
vertex -41.58650207519531 10.944469451904297 5
 endloop
endfacet
facet normal 0 0 0
 outer loop
vertex -41.500732421875 10.801374435424805 0
vertex -41.429405212402344 10.650562286376953 0
vertex -41.500732421875 10.801374435424805 5
 endloop
endfacet
facet normal 0 0 0
 outer loop
vertex -41.429405212402344 10.650562286376953 0
vertex -41.429405212402344 10.650562286376953 5
vertex -41.500732421875 10.801374435424805 5
 endloop
endfacet
facet normal 0 0 0
 outer loop
vertex -41.429405212402344 10.650562286376953 0
vertex -41.37320327758789 10.493483543395996 0
vertex -41.429405212402344 10.650562286376953 5
 endloop
endfacet
facet normal 0 0 0
 outer loop
vertex -41.37320327758789 10.493483543395996 0
vertex -41.37320327758789 10.493483543395996 5
vertex -41.429405212402344 10.650562286376953 5
 endloop
endfacet
facet normal 0 0 0
 outer loop
vertex -41.37320327758789 10.493483543395996 0
vertex -41.332664489746094 10.331653594970703 0
vertex -41.37320327758789 10.493483543395996 5
 endloop
endfacet
facet normal 0 0 0
 outer loop
vertex -41.332664489746094 10.331653594970703 0
vertex -41.332664489746094 10.331653594970703 5
vertex -41.37320327758789 10.493483543395996 5
 endloop
endfacet
facet normal 0 0 0
 outer loop
vertex -41.332664489746094 10.331653594970703 0
vertex -41.30818557739258 10.16662883758545 0
vertex -41.332664489746094 10.331653594970703 5
 endloop
endfacet
facet normal 0 0 0
 outer loop
vertex -41.30818557739258 10.16662883758545 0
vertex -41.30818557739258 10.16662883758545 5
vertex -41.332664489746094 10.331653594970703 5
 endloop
endfacet
facet normal 0 0 0
 outer loop
vertex -41.30818557739258 10.16662883758545 0
vertex -41.29999923706055 10 0
vertex -41.30818557739258 10.16662883758545 5
 endloop
endfacet
facet normal 0 0 0
 outer loop
vertex -41.29999923706055 10 0
vertex -41.29999923706055 10 5
vertex -41.30818557739258 10.16662883758545 5
 endloop
endfacet
facet normal 0 0 0
 outer loop
vertex 44.70000076293945 10 0
vertex 44.69181442260742 9.83337116241455 0
vertex 44.70000076293945 10 5
 endloop
endfacet
facet normal 0 0 0
 outer loop
vertex 44.69181442260742 9.83337116241455 0
vertex 44.69181442260742 9.83337116241455 5
vertex 44.70000076293945 10 5
 endloop
endfacet
facet normal 0 0 0
 outer loop
vertex 44.69181442260742 9.83337116241455 0
vertex 44.667335510253906 9.668346405029297 0
vertex 44.69181442260742 9.83337116241455 5
 endloop
endfacet
facet normal 0 0 0
 outer loop
vertex 44.667335510253906 9.668346405029297 0
vertex 44.667335510253906 9.668346405029297 5
vertex 44.69181442260742 9.83337116241455 5
 endloop
endfacet
facet normal 0 0 0
 outer loop
vertex 44.667335510253906 9.668346405029297 0
vertex 44.62679672241211 9.506516456604004 0
vertex 44.667335510253906 9.668346405029297 5
 endloop
endfacet
facet normal 0 0 0
 outer loop
vertex 44.62679672241211 9.506516456604004 0
vertex 44.62679672241211 9.506516456604004 5
vertex 44.667335510253906 9.668346405029297 5
 endloop
endfacet
facet normal 0 0 0
 outer loop
vertex 44.62679672241211 9.506516456604004 0
vertex 44.570594787597656 9.349437713623047 0
vertex 44.62679672241211 9.506516456604004 5
 endloop
endfacet
facet normal 0 0 0
 outer loop
vertex 44.570594787597656 9.349437713623047 0
vertex 44.570594787597656 9.349437713623047 5
vertex 44.62679672241211 9.506516456604004 5
 endloop
endfacet
facet normal 0 0 0
 outer loop
vertex 44.570594787597656 9.349437713623047 0
vertex 44.499267578125 9.198625564575195 0
vertex 44.570594787597656 9.349437713623047 5
 endloop
endfacet
facet normal 0 0 0
 outer loop
vertex 44.499267578125 9.198625564575195 0
vertex 44.499267578125 9.198625564575195 5
vertex 44.570594787597656 9.349437713623047 5
 endloop
endfacet
facet normal 0 0 0
 outer loop
vertex 44.499267578125 9.198625564575195 0
vertex 44.41349792480469 9.055530548095703 0
vertex 44.499267578125 9.198625564575195 5
 endloop
endfacet
facet normal 0 0 0
 outer loop
vertex 44.41349792480469 9.055530548095703 0
vertex 44.41349792480469 9.055530548095703 5
vertex 44.499267578125 9.198625564575195 5
 endloop
endfacet
facet normal 0 0 0
 outer loop
vertex 44.41349792480469 9.055530548095703 0
vertex 44.314117431640625 8.921531677246094 0
vertex 44.41349792480469 9.055530548095703 5
 endloop
endfacet
facet normal 0 0 0
 outer loop
vertex 44.314117431640625 8.921531677246094 0
vertex 44.314117431640625 8.921531677246094 5
vertex 44.41349792480469 9.055530548095703 5
 endloop
endfacet
facet normal 0 0 0
 outer loop
vertex 44.314117431640625 8.921531677246094 0
vertex 44.20207977294922 8.797918319702148 0
vertex 44.314117431640625 8.921531677246094 5
 endloop
endfacet
facet normal 0 0 0
 outer loop
vertex 44.20207977294922 8.797918319702148 0
vertex 44.20207977294922 8.797918319702148 5
vertex 44.314117431640625 8.921531677246094 5
 endloop
endfacet
facet normal 0 0 0
 outer loop
vertex 44.20207977294922 8.797918319702148 0
vertex 44.078468322753906 8.685882568359375 0
vertex 44.20207977294922 8.797918319702148 5
 endloop
endfacet
facet normal 0 0 0
 outer loop
vertex 44.078468322753906 8.685882568359375 0
vertex 44.078468322753906 8.685882568359375 5
vertex 44.20207977294922 8.797918319702148 5
 endloop
endfacet
facet normal 0 0 0
 outer loop
vertex 44.078468322753906 8.685882568359375 0
vertex 43.9444694519043 8.586502075195312 0
vertex 44.078468322753906 8.685882568359375 5
 endloop
endfacet
facet normal 0 0 0
 outer loop
vertex 43.9444694519043 8.586502075195312 0
vertex 43.9444694519043 8.586502075195312 5
vertex 44.078468322753906 8.685882568359375 5
 endloop
endfacet
facet normal 0 0 0
 outer loop
vertex 43.9444694519043 8.586502075195312 0
vertex 43.80137634277344 8.500733375549316 0
vertex 43.9444694519043 8.586502075195312 5
 endloop
endfacet
facet normal 0 0 0
 outer loop
vertex 43.80137634277344 8.500733375549316 0
vertex 43.80137634277344 8.500733375549316 5
vertex 43.9444694519043 8.586502075195312 5
 endloop
endfacet
facet normal 0 0 0
 outer loop
vertex 43.80137634277344 8.500733375549316 0
vertex 43.65056228637695 8.429405212402344 0
vertex 43.80137634277344 8.500733375549316 5
 endloop
endfacet
facet normal 0 0 0
 outer loop
vertex 43.65056228637695 8.429405212402344 0
vertex 43.65056228637695 8.429405212402344 5
vertex 43.80137634277344 8.500733375549316 5
 endloop
endfacet
facet normal 0 0 0
 outer loop
vertex 43.65056228637695 8.429405212402344 0
vertex 43.49348449707031 8.373201370239258 0
vertex 43.65056228637695 8.429405212402344 5
 endloop
endfacet
facet normal 0 0 0
 outer loop
vertex 43.49348449707031 8.373201370239258 0
vertex 43.49348449707031 8.373201370239258 5
vertex 43.65056228637695 8.429405212402344 5
 endloop
endfacet
facet normal 0 0 0
 outer loop
vertex 43.49348449707031 8.373201370239258 0
vertex 43.3316535949707 8.33266544342041 0
vertex 43.49348449707031 8.373201370239258 5
 endloop
endfacet
facet normal 0 0 0
 outer loop
vertex 43.3316535949707 8.33266544342041 0
vertex 43.3316535949707 8.33266544342041 5
vertex 43.49348449707031 8.373201370239258 5
 endloop
endfacet
facet normal 0 0 0
 outer loop
vertex 43.3316535949707 8.33266544342041 0
vertex 43.166629791259766 8.308185577392578 0
vertex 43.3316535949707 8.33266544342041 5
 endloop
endfacet
facet normal 0 0 0
 outer loop
vertex 43.166629791259766 8.308185577392578 0
vertex 43.166629791259766 8.308185577392578 5
vertex 43.3316535949707 8.33266544342041 5
 endloop
endfacet
facet normal 0 0 0
 outer loop
vertex 43.166629791259766 8.308185577392578 0
vertex 43 8.300000190734863 0
vertex 43.166629791259766 8.308185577392578 5
 endloop
endfacet
facet normal 0 0 0
 outer loop
vertex 43 8.300000190734863 0
vertex 43 8.300000190734863 5
vertex 43.166629791259766 8.308185577392578 5
 endloop
endfacet
facet normal 0 0 0
 outer loop
vertex 43 8.300000190734863 0
vertex 42.833370208740234 8.308185577392578 0
vertex 43 8.300000190734863 5
 endloop
endfacet
facet normal 0 0 0
 outer loop
vertex 42.833370208740234 8.308185577392578 0
vertex 42.833370208740234 8.308185577392578 5
vertex 43 8.300000190734863 5
 endloop
endfacet
facet normal 0 0 0
 outer loop
vertex 42.833370208740234 8.308185577392578 0
vertex 42.6683464050293 8.33266544342041 0
vertex 42.833370208740234 8.308185577392578 5
 endloop
endfacet
facet normal 0 0 0
 outer loop
vertex 42.6683464050293 8.33266544342041 0
vertex 42.6683464050293 8.33266544342041 5
vertex 42.833370208740234 8.308185577392578 5
 endloop
endfacet
facet normal 0 0 0
 outer loop
vertex 42.6683464050293 8.33266544342041 0
vertex 42.50651550292969 8.373201370239258 0
vertex 42.6683464050293 8.33266544342041 5
 endloop
endfacet
facet normal 0 0 0
 outer loop
vertex 42.50651550292969 8.373201370239258 0
vertex 42.50651550292969 8.373201370239258 5
vertex 42.6683464050293 8.33266544342041 5
 endloop
endfacet
facet normal 0 0 0
 outer loop
vertex 42.50651550292969 8.373201370239258 0
vertex 42.34943771362305 8.429405212402344 0
vertex 42.50651550292969 8.373201370239258 5
 endloop
endfacet
facet normal 0 0 0
 outer loop
vertex 42.34943771362305 8.429405212402344 0
vertex 42.34943771362305 8.429405212402344 5
vertex 42.50651550292969 8.373201370239258 5
 endloop
endfacet
facet normal 0 0 0
 outer loop
vertex 42.34943771362305 8.429405212402344 0
vertex 42.19862365722656 8.500733375549316 0
vertex 42.34943771362305 8.429405212402344 5
 endloop
endfacet
facet normal 0 0 0
 outer loop
vertex 42.19862365722656 8.500733375549316 0
vertex 42.19862365722656 8.500733375549316 5
vertex 42.34943771362305 8.429405212402344 5
 endloop
endfacet
facet normal 0 0 0
 outer loop
vertex 42.19862365722656 8.500733375549316 0
vertex 42.0555305480957 8.586502075195312 0
vertex 42.19862365722656 8.500733375549316 5
 endloop
endfacet
facet normal 0 0 0
 outer loop
vertex 42.0555305480957 8.586502075195312 0
vertex 42.0555305480957 8.586502075195312 5
vertex 42.19862365722656 8.500733375549316 5
 endloop
endfacet
facet normal 0 0 0
 outer loop
vertex 42.0555305480957 8.586502075195312 0
vertex 41.921531677246094 8.685882568359375 0
vertex 42.0555305480957 8.586502075195312 5
 endloop
endfacet
facet normal 0 0 0
 outer loop
vertex 41.921531677246094 8.685882568359375 0
vertex 41.921531677246094 8.685882568359375 5
vertex 42.0555305480957 8.586502075195312 5
 endloop
endfacet
facet normal 0 0 0
 outer loop
vertex 41.921531677246094 8.685882568359375 0
vertex 41.79792022705078 8.797918319702148 0
vertex 41.921531677246094 8.685882568359375 5
 endloop
endfacet
facet normal 0 0 0
 outer loop
vertex 41.79792022705078 8.797918319702148 0
vertex 41.79792022705078 8.797918319702148 5
vertex 41.921531677246094 8.685882568359375 5
 endloop
endfacet
facet normal 0 0 0
 outer loop
vertex 41.79792022705078 8.797918319702148 0
vertex 41.685882568359375 8.921531677246094 0
vertex 41.79792022705078 8.797918319702148 5
 endloop
endfacet
facet normal 0 0 0
 outer loop
vertex 41.685882568359375 8.921531677246094 0
vertex 41.685882568359375 8.921531677246094 5
vertex 41.79792022705078 8.797918319702148 5
 endloop
endfacet
facet normal 0 0 0
 outer loop
vertex 41.685882568359375 8.921531677246094 0
vertex 41.58650207519531 9.055530548095703 0
vertex 41.685882568359375 8.921531677246094 5
 endloop
endfacet
facet normal 0 0 0
 outer loop
vertex 41.58650207519531 9.055530548095703 0
vertex 41.58650207519531 9.055530548095703 5
vertex 41.685882568359375 8.921531677246094 5
 endloop
endfacet
facet normal 0 0 0
 outer loop
vertex 41.58650207519531 9.055530548095703 0
vertex 41.500732421875 9.198625564575195 0
vertex 41.58650207519531 9.055530548095703 5
 endloop
endfacet
facet normal 0 0 0
 outer loop
vertex 41.500732421875 9.198625564575195 0
vertex 41.500732421875 9.198625564575195 5
vertex 41.58650207519531 9.055530548095703 5
 endloop
endfacet
facet normal 0 0 0
 outer loop
vertex 41.500732421875 9.198625564575195 0
vertex 41.429405212402344 9.349437713623047 0
vertex 41.500732421875 9.198625564575195 5
 endloop
endfacet
facet normal 0 0 0
 outer loop
vertex 41.429405212402344 9.349437713623047 0
vertex 41.429405212402344 9.349437713623047 5
vertex 41.500732421875 9.198625564575195 5
 endloop
endfacet
facet normal 0 0 0
 outer loop
vertex 41.429405212402344 9.349437713623047 0
vertex 41.37320327758789 9.506516456604004 0
vertex 41.429405212402344 9.349437713623047 5
 endloop
endfacet
facet normal 0 0 0
 outer loop
vertex 41.37320327758789 9.506516456604004 0
vertex 41.37320327758789 9.506516456604004 5
vertex 41.429405212402344 9.349437713623047 5
 endloop
endfacet
facet normal 0 0 0
 outer loop
vertex 41.37320327758789 9.506516456604004 0
vertex 41.332664489746094 9.668346405029297 0
vertex 41.37320327758789 9.506516456604004 5
 endloop
endfacet
facet normal 0 0 0
 outer loop
vertex 41.332664489746094 9.668346405029297 0
vertex 41.332664489746094 9.668346405029297 5
vertex 41.37320327758789 9.506516456604004 5
 endloop
endfacet
facet normal 0 0 0
 outer loop
vertex 41.332664489746094 9.668346405029297 0
vertex 41.30818557739258 9.83337116241455 0
vertex 41.332664489746094 9.668346405029297 5
 endloop
endfacet
facet normal 0 0 0
 outer loop
vertex 41.30818557739258 9.83337116241455 0
vertex 41.30818557739258 9.83337116241455 5
vertex 41.332664489746094 9.668346405029297 5
 endloop
endfacet
facet normal 0 0 0
 outer loop
vertex 41.30818557739258 9.83337116241455 0
vertex 41.29999923706055 10 0
vertex 41.30818557739258 9.83337116241455 5
 endloop
endfacet
facet normal 0 0 0
 outer loop
vertex 41.29999923706055 10 0
vertex 41.29999923706055 10 5
vertex 41.30818557739258 9.83337116241455 5
 endloop
endfacet
facet normal 0 0 0
 outer loop
vertex 41.29999923706055 10 0
vertex 41.30818557739258 10.16662883758545 0
vertex 41.29999923706055 10 5
 endloop
endfacet
facet normal 0 0 0
 outer loop
vertex 41.30818557739258 10.16662883758545 0
vertex 41.30818557739258 10.16662883758545 5
vertex 41.29999923706055 10 5
 endloop
endfacet
facet normal 0 0 0
 outer loop
vertex 41.30818557739258 10.16662883758545 0
vertex 41.332664489746094 10.331653594970703 0
vertex 41.30818557739258 10.16662883758545 5
 endloop
endfacet
facet normal 0 0 0
 outer loop
vertex 41.332664489746094 10.331653594970703 0
vertex 41.332664489746094 10.331653594970703 5
vertex 41.30818557739258 10.16662883758545 5
 endloop
endfacet
facet normal 0 0 0
 outer loop
vertex 41.332664489746094 10.331653594970703 0
vertex 41.37320327758789 10.493483543395996 0
vertex 41.332664489746094 10.331653594970703 5
 endloop
endfacet
facet normal 0 0 0
 outer loop
vertex 41.37320327758789 10.493483543395996 0
vertex 41.37320327758789 10.493483543395996 5
vertex 41.332664489746094 10.331653594970703 5
 endloop
endfacet
facet normal 0 0 0
 outer loop
vertex 41.37320327758789 10.493483543395996 0
vertex 41.429405212402344 10.650562286376953 0
vertex 41.37320327758789 10.493483543395996 5
 endloop
endfacet
facet normal 0 0 0
 outer loop
vertex 41.429405212402344 10.650562286376953 0
vertex 41.429405212402344 10.650562286376953 5
vertex 41.37320327758789 10.493483543395996 5
 endloop
endfacet
facet normal 0 0 0
 outer loop
vertex 41.429405212402344 10.650562286376953 0
vertex 41.500732421875 10.801374435424805 0
vertex 41.429405212402344 10.650562286376953 5
 endloop
endfacet
facet normal 0 0 0
 outer loop
vertex 41.500732421875 10.801374435424805 0
vertex 41.500732421875 10.801374435424805 5
vertex 41.429405212402344 10.650562286376953 5
 endloop
endfacet
facet normal 0 0 0
 outer loop
vertex 41.500732421875 10.801374435424805 0
vertex 41.58650207519531 10.944469451904297 0
vertex 41.500732421875 10.801374435424805 5
 endloop
endfacet
facet normal 0 0 0
 outer loop
vertex 41.58650207519531 10.944469451904297 0
vertex 41.58650207519531 10.944469451904297 5
vertex 41.500732421875 10.801374435424805 5
 endloop
endfacet
facet normal 0 0 0
 outer loop
vertex 41.58650207519531 10.944469451904297 0
vertex 41.685882568359375 11.078468322753906 0
vertex 41.58650207519531 10.944469451904297 5
 endloop
endfacet
facet normal 0 0 0
 outer loop
vertex 41.685882568359375 11.078468322753906 0
vertex 41.685882568359375 11.078468322753906 5
vertex 41.58650207519531 10.944469451904297 5
 endloop
endfacet
facet normal 0 0 0
 outer loop
vertex 41.685882568359375 11.078468322753906 0
vertex 41.79792022705078 11.202081680297852 0
vertex 41.685882568359375 11.078468322753906 5
 endloop
endfacet
facet normal 0 0 0
 outer loop
vertex 41.79792022705078 11.202081680297852 0
vertex 41.79792022705078 11.202081680297852 5
vertex 41.685882568359375 11.078468322753906 5
 endloop
endfacet
facet normal 0 0 0
 outer loop
vertex 41.79792022705078 11.202081680297852 0
vertex 41.921531677246094 11.314117431640625 0
vertex 41.79792022705078 11.202081680297852 5
 endloop
endfacet
facet normal 0 0 0
 outer loop
vertex 41.921531677246094 11.314117431640625 0
vertex 41.921531677246094 11.314117431640625 5
vertex 41.79792022705078 11.202081680297852 5
 endloop
endfacet
facet normal 0 0 0
 outer loop
vertex 41.921531677246094 11.314117431640625 0
vertex 42.0555305480957 11.413497924804688 0
vertex 41.921531677246094 11.314117431640625 5
 endloop
endfacet
facet normal 0 0 0
 outer loop
vertex 42.0555305480957 11.413497924804688 0
vertex 42.0555305480957 11.413497924804688 5
vertex 41.921531677246094 11.314117431640625 5
 endloop
endfacet
facet normal 0 0 0
 outer loop
vertex 42.0555305480957 11.413497924804688 0
vertex 42.19862365722656 11.499266624450684 0
vertex 42.0555305480957 11.413497924804688 5
 endloop
endfacet
facet normal 0 0 0
 outer loop
vertex 42.19862365722656 11.499266624450684 0
vertex 42.19862365722656 11.499266624450684 5
vertex 42.0555305480957 11.413497924804688 5
 endloop
endfacet
facet normal 0 0 0
 outer loop
vertex 42.19862365722656 11.499266624450684 0
vertex 42.34943771362305 11.570594787597656 0
vertex 42.19862365722656 11.499266624450684 5
 endloop
endfacet
facet normal 0 0 0
 outer loop
vertex 42.34943771362305 11.570594787597656 0
vertex 42.34943771362305 11.570594787597656 5
vertex 42.19862365722656 11.499266624450684 5
 endloop
endfacet
facet normal 0 0 0
 outer loop
vertex 42.34943771362305 11.570594787597656 0
vertex 42.50651550292969 11.626798629760742 0
vertex 42.34943771362305 11.570594787597656 5
 endloop
endfacet
facet normal 0 0 0
 outer loop
vertex 42.50651550292969 11.626798629760742 0
vertex 42.50651550292969 11.626798629760742 5
vertex 42.34943771362305 11.570594787597656 5
 endloop
endfacet
facet normal 0 0 0
 outer loop
vertex 42.50651550292969 11.626798629760742 0
vertex 42.6683464050293 11.66733455657959 0
vertex 42.50651550292969 11.626798629760742 5
 endloop
endfacet
facet normal 0 0 0
 outer loop
vertex 42.6683464050293 11.66733455657959 0
vertex 42.6683464050293 11.66733455657959 5
vertex 42.50651550292969 11.626798629760742 5
 endloop
endfacet
facet normal 0 0 0
 outer loop
vertex 42.6683464050293 11.66733455657959 0
vertex 42.833370208740234 11.691814422607422 0
vertex 42.6683464050293 11.66733455657959 5
 endloop
endfacet
facet normal 0 0 0
 outer loop
vertex 42.833370208740234 11.691814422607422 0
vertex 42.833370208740234 11.691814422607422 5
vertex 42.6683464050293 11.66733455657959 5
 endloop
endfacet
facet normal 0 0 0
 outer loop
vertex 42.833370208740234 11.691814422607422 0
vertex 43 11.699999809265137 0
vertex 42.833370208740234 11.691814422607422 5
 endloop
endfacet
facet normal 0 0 0
 outer loop
vertex 43 11.699999809265137 0
vertex 43 11.699999809265137 5
vertex 42.833370208740234 11.691814422607422 5
 endloop
endfacet
facet normal 0 0 0
 outer loop
vertex 43 11.699999809265137 0
vertex 43.166629791259766 11.691814422607422 0
vertex 43 11.699999809265137 5
 endloop
endfacet
facet normal 0 0 0
 outer loop
vertex 43.166629791259766 11.691814422607422 0
vertex 43.166629791259766 11.691814422607422 5
vertex 43 11.699999809265137 5
 endloop
endfacet
facet normal 0 0 0
 outer loop
vertex 43.166629791259766 11.691814422607422 0
vertex 43.3316535949707 11.66733455657959 0
vertex 43.166629791259766 11.691814422607422 5
 endloop
endfacet
facet normal 0 0 0
 outer loop
vertex 43.3316535949707 11.66733455657959 0
vertex 43.3316535949707 11.66733455657959 5
vertex 43.166629791259766 11.691814422607422 5
 endloop
endfacet
facet normal 0 0 0
 outer loop
vertex 43.3316535949707 11.66733455657959 0
vertex 43.49348449707031 11.626798629760742 0
vertex 43.3316535949707 11.66733455657959 5
 endloop
endfacet
facet normal 0 0 0
 outer loop
vertex 43.49348449707031 11.626798629760742 0
vertex 43.49348449707031 11.626798629760742 5
vertex 43.3316535949707 11.66733455657959 5
 endloop
endfacet
facet normal 0 0 0
 outer loop
vertex 43.49348449707031 11.626798629760742 0
vertex 43.65056228637695 11.570594787597656 0
vertex 43.49348449707031 11.626798629760742 5
 endloop
endfacet
facet normal 0 0 0
 outer loop
vertex 43.65056228637695 11.570594787597656 0
vertex 43.65056228637695 11.570594787597656 5
vertex 43.49348449707031 11.626798629760742 5
 endloop
endfacet
facet normal 0 0 0
 outer loop
vertex 43.65056228637695 11.570594787597656 0
vertex 43.80137634277344 11.499266624450684 0
vertex 43.65056228637695 11.570594787597656 5
 endloop
endfacet
facet normal 0 0 0
 outer loop
vertex 43.80137634277344 11.499266624450684 0
vertex 43.80137634277344 11.499266624450684 5
vertex 43.65056228637695 11.570594787597656 5
 endloop
endfacet
facet normal 0 0 0
 outer loop
vertex 43.80137634277344 11.499266624450684 0
vertex 43.9444694519043 11.413497924804688 0
vertex 43.80137634277344 11.499266624450684 5
 endloop
endfacet
facet normal 0 0 0
 outer loop
vertex 43.9444694519043 11.413497924804688 0
vertex 43.9444694519043 11.413497924804688 5
vertex 43.80137634277344 11.499266624450684 5
 endloop
endfacet
facet normal 0 0 0
 outer loop
vertex 43.9444694519043 11.413497924804688 0
vertex 44.078468322753906 11.314117431640625 0
vertex 43.9444694519043 11.413497924804688 5
 endloop
endfacet
facet normal 0 0 0
 outer loop
vertex 44.078468322753906 11.314117431640625 0
vertex 44.078468322753906 11.314117431640625 5
vertex 43.9444694519043 11.413497924804688 5
 endloop
endfacet
facet normal 0 0 0
 outer loop
vertex 44.078468322753906 11.314117431640625 0
vertex 44.20207977294922 11.202081680297852 0
vertex 44.078468322753906 11.314117431640625 5
 endloop
endfacet
facet normal 0 0 0
 outer loop
vertex 44.20207977294922 11.202081680297852 0
vertex 44.20207977294922 11.202081680297852 5
vertex 44.078468322753906 11.314117431640625 5
 endloop
endfacet
facet normal 0 0 0
 outer loop
vertex 44.20207977294922 11.202081680297852 0
vertex 44.314117431640625 11.078468322753906 0
vertex 44.20207977294922 11.202081680297852 5
 endloop
endfacet
facet normal 0 0 0
 outer loop
vertex 44.314117431640625 11.078468322753906 0
vertex 44.314117431640625 11.078468322753906 5
vertex 44.20207977294922 11.202081680297852 5
 endloop
endfacet
facet normal 0 0 0
 outer loop
vertex 44.314117431640625 11.078468322753906 0
vertex 44.41349792480469 10.944469451904297 0
vertex 44.314117431640625 11.078468322753906 5
 endloop
endfacet
facet normal 0 0 0
 outer loop
vertex 44.41349792480469 10.944469451904297 0
vertex 44.41349792480469 10.944469451904297 5
vertex 44.314117431640625 11.078468322753906 5
 endloop
endfacet
facet normal 0 0 0
 outer loop
vertex 44.41349792480469 10.944469451904297 0
vertex 44.499267578125 10.801374435424805 0
vertex 44.41349792480469 10.944469451904297 5
 endloop
endfacet
facet normal 0 0 0
 outer loop
vertex 44.499267578125 10.801374435424805 0
vertex 44.499267578125 10.801374435424805 5
vertex 44.41349792480469 10.944469451904297 5
 endloop
endfacet
facet normal 0 0 0
 outer loop
vertex 44.499267578125 10.801374435424805 0
vertex 44.570594787597656 10.650562286376953 0
vertex 44.499267578125 10.801374435424805 5
 endloop
endfacet
facet normal 0 0 0
 outer loop
vertex 44.570594787597656 10.650562286376953 0
vertex 44.570594787597656 10.650562286376953 5
vertex 44.499267578125 10.801374435424805 5
 endloop
endfacet
facet normal 0 0 0
 outer loop
vertex 44.570594787597656 10.650562286376953 0
vertex 44.62679672241211 10.493483543395996 0
vertex 44.570594787597656 10.650562286376953 5
 endloop
endfacet
facet normal 0 0 0
 outer loop
vertex 44.62679672241211 10.493483543395996 0
vertex 44.62679672241211 10.493483543395996 5
vertex 44.570594787597656 10.650562286376953 5
 endloop
endfacet
facet normal 0 0 0
 outer loop
vertex 44.62679672241211 10.493483543395996 0
vertex 44.667335510253906 10.331653594970703 0
vertex 44.62679672241211 10.493483543395996 5
 endloop
endfacet
facet normal 0 0 0
 outer loop
vertex 44.667335510253906 10.331653594970703 0
vertex 44.667335510253906 10.331653594970703 5
vertex 44.62679672241211 10.493483543395996 5
 endloop
endfacet
facet normal 0 0 0
 outer loop
vertex 44.667335510253906 10.331653594970703 0
vertex 44.69181442260742 10.16662883758545 0
vertex 44.667335510253906 10.331653594970703 5
 endloop
endfacet
facet normal 0 0 0
 outer loop
vertex 44.69181442260742 10.16662883758545 0
vertex 44.69181442260742 10.16662883758545 5
vertex 44.667335510253906 10.331653594970703 5
 endloop
endfacet
facet normal 0 0 0
 outer loop
vertex 44.69181442260742 10.16662883758545 0
vertex 44.70000076293945 10 0
vertex 44.69181442260742 10.16662883758545 5
 endloop
endfacet
facet normal 0 0 0
 outer loop
vertex 44.70000076293945 10 0
vertex 44.70000076293945 10 5
vertex 44.69181442260742 10.16662883758545 5
 endloop
endfacet
facet normal 0 0 0
 outer loop
vertex -41.29999923706055 95 0
vertex -41.30818557739258 94.8333740234375 0
vertex -41.29999923706055 95 5
 endloop
endfacet
facet normal 0 0 0
 outer loop
vertex -41.30818557739258 94.8333740234375 0
vertex -41.30818557739258 94.8333740234375 5
vertex -41.29999923706055 95 5
 endloop
endfacet
facet normal 0 0 0
 outer loop
vertex -41.30818557739258 94.8333740234375 0
vertex -41.332664489746094 94.66835021972656 0
vertex -41.30818557739258 94.8333740234375 5
 endloop
endfacet
facet normal 0 0 0
 outer loop
vertex -41.332664489746094 94.66835021972656 0
vertex -41.332664489746094 94.66835021972656 5
vertex -41.30818557739258 94.8333740234375 5
 endloop
endfacet
facet normal 0 0 0
 outer loop
vertex -41.332664489746094 94.66835021972656 0
vertex -41.37320327758789 94.50651550292969 0
vertex -41.332664489746094 94.66835021972656 5
 endloop
endfacet
facet normal 0 0 0
 outer loop
vertex -41.37320327758789 94.50651550292969 0
vertex -41.37320327758789 94.50651550292969 5
vertex -41.332664489746094 94.66835021972656 5
 endloop
endfacet
facet normal 0 0 0
 outer loop
vertex -41.37320327758789 94.50651550292969 0
vertex -41.429405212402344 94.34944152832031 0
vertex -41.37320327758789 94.50651550292969 5
 endloop
endfacet
facet normal 0 0 0
 outer loop
vertex -41.429405212402344 94.34944152832031 0
vertex -41.429405212402344 94.34944152832031 5
vertex -41.37320327758789 94.50651550292969 5
 endloop
endfacet
facet normal 0 0 0
 outer loop
vertex -41.429405212402344 94.34944152832031 0
vertex -41.500732421875 94.19862365722656 0
vertex -41.429405212402344 94.34944152832031 5
 endloop
endfacet
facet normal 0 0 0
 outer loop
vertex -41.500732421875 94.19862365722656 0
vertex -41.500732421875 94.19862365722656 5
vertex -41.429405212402344 94.34944152832031 5
 endloop
endfacet
facet normal 0 0 0
 outer loop
vertex -41.500732421875 94.19862365722656 0
vertex -41.58650207519531 94.05553436279297 0
vertex -41.500732421875 94.19862365722656 5
 endloop
endfacet
facet normal 0 0 0
 outer loop
vertex -41.58650207519531 94.05553436279297 0
vertex -41.58650207519531 94.05553436279297 5
vertex -41.500732421875 94.19862365722656 5
 endloop
endfacet
facet normal 0 0 0
 outer loop
vertex -41.58650207519531 94.05553436279297 0
vertex -41.685882568359375 93.9215316772461 0
vertex -41.58650207519531 94.05553436279297 5
 endloop
endfacet
facet normal 0 0 0
 outer loop
vertex -41.685882568359375 93.9215316772461 0
vertex -41.685882568359375 93.9215316772461 5
vertex -41.58650207519531 94.05553436279297 5
 endloop
endfacet
facet normal 0 0 0
 outer loop
vertex -41.685882568359375 93.9215316772461 0
vertex -41.79792022705078 93.79792022705078 0
vertex -41.685882568359375 93.9215316772461 5
 endloop
endfacet
facet normal 0 0 0
 outer loop
vertex -41.79792022705078 93.79792022705078 0
vertex -41.79792022705078 93.79792022705078 5
vertex -41.685882568359375 93.9215316772461 5
 endloop
endfacet
facet normal 0 0 0
 outer loop
vertex -41.79792022705078 93.79792022705078 0
vertex -41.921531677246094 93.68588256835938 0
vertex -41.79792022705078 93.79792022705078 5
 endloop
endfacet
facet normal 0 0 0
 outer loop
vertex -41.921531677246094 93.68588256835938 0
vertex -41.921531677246094 93.68588256835938 5
vertex -41.79792022705078 93.79792022705078 5
 endloop
endfacet
facet normal 0 0 0
 outer loop
vertex -41.921531677246094 93.68588256835938 0
vertex -42.0555305480957 93.58650207519531 0
vertex -41.921531677246094 93.68588256835938 5
 endloop
endfacet
facet normal 0 0 0
 outer loop
vertex -42.0555305480957 93.58650207519531 0
vertex -42.0555305480957 93.58650207519531 5
vertex -41.921531677246094 93.68588256835938 5
 endloop
endfacet
facet normal 0 0 0
 outer loop
vertex -42.0555305480957 93.58650207519531 0
vertex -42.19862365722656 93.500732421875 0
vertex -42.0555305480957 93.58650207519531 5
 endloop
endfacet
facet normal 0 0 0
 outer loop
vertex -42.19862365722656 93.500732421875 0
vertex -42.19862365722656 93.500732421875 5
vertex -42.0555305480957 93.58650207519531 5
 endloop
endfacet
facet normal 0 0 0
 outer loop
vertex -42.19862365722656 93.500732421875 0
vertex -42.34943771362305 93.42940521240234 0
vertex -42.19862365722656 93.500732421875 5
 endloop
endfacet
facet normal 0 0 0
 outer loop
vertex -42.34943771362305 93.42940521240234 0
vertex -42.34943771362305 93.42940521240234 5
vertex -42.19862365722656 93.500732421875 5
 endloop
endfacet
facet normal 0 0 0
 outer loop
vertex -42.34943771362305 93.42940521240234 0
vertex -42.50651550292969 93.37319946289062 0
vertex -42.34943771362305 93.42940521240234 5
 endloop
endfacet
facet normal 0 0 0
 outer loop
vertex -42.50651550292969 93.37319946289062 0
vertex -42.50651550292969 93.37319946289062 5
vertex -42.34943771362305 93.42940521240234 5
 endloop
endfacet
facet normal 0 0 0
 outer loop
vertex -42.50651550292969 93.37319946289062 0
vertex -42.6683464050293 93.3326644897461 0
vertex -42.50651550292969 93.37319946289062 5
 endloop
endfacet
facet normal 0 0 0
 outer loop
vertex -42.6683464050293 93.3326644897461 0
vertex -42.6683464050293 93.3326644897461 5
vertex -42.50651550292969 93.37319946289062 5
 endloop
endfacet
facet normal 0 0 0
 outer loop
vertex -42.6683464050293 93.3326644897461 0
vertex -42.833370208740234 93.30818939208984 0
vertex -42.6683464050293 93.3326644897461 5
 endloop
endfacet
facet normal 0 0 0
 outer loop
vertex -42.833370208740234 93.30818939208984 0
vertex -42.833370208740234 93.30818939208984 5
vertex -42.6683464050293 93.3326644897461 5
 endloop
endfacet
facet normal 0 0 0
 outer loop
vertex -42.833370208740234 93.30818939208984 0
vertex -43 93.30000305175781 0
vertex -42.833370208740234 93.30818939208984 5
 endloop
endfacet
facet normal 0 0 0
 outer loop
vertex -43 93.30000305175781 0
vertex -43 93.30000305175781 5
vertex -42.833370208740234 93.30818939208984 5
 endloop
endfacet
facet normal 0 0 0
 outer loop
vertex -43 93.30000305175781 0
vertex -43.166629791259766 93.30818939208984 0
vertex -43 93.30000305175781 5
 endloop
endfacet
facet normal 0 0 0
 outer loop
vertex -43.166629791259766 93.30818939208984 0
vertex -43.166629791259766 93.30818939208984 5
vertex -43 93.30000305175781 5
 endloop
endfacet
facet normal 0 0 0
 outer loop
vertex -43.166629791259766 93.30818939208984 0
vertex -43.3316535949707 93.3326644897461 0
vertex -43.166629791259766 93.30818939208984 5
 endloop
endfacet
facet normal 0 0 0
 outer loop
vertex -43.3316535949707 93.3326644897461 0
vertex -43.3316535949707 93.3326644897461 5
vertex -43.166629791259766 93.30818939208984 5
 endloop
endfacet
facet normal 0 0 0
 outer loop
vertex -43.3316535949707 93.3326644897461 0
vertex -43.49348449707031 93.37319946289062 0
vertex -43.3316535949707 93.3326644897461 5
 endloop
endfacet
facet normal 0 0 0
 outer loop
vertex -43.49348449707031 93.37319946289062 0
vertex -43.49348449707031 93.37319946289062 5
vertex -43.3316535949707 93.3326644897461 5
 endloop
endfacet
facet normal 0 0 0
 outer loop
vertex -43.49348449707031 93.37319946289062 0
vertex -43.65056228637695 93.42940521240234 0
vertex -43.49348449707031 93.37319946289062 5
 endloop
endfacet
facet normal 0 0 0
 outer loop
vertex -43.65056228637695 93.42940521240234 0
vertex -43.65056228637695 93.42940521240234 5
vertex -43.49348449707031 93.37319946289062 5
 endloop
endfacet
facet normal 0 0 0
 outer loop
vertex -43.65056228637695 93.42940521240234 0
vertex -43.80137634277344 93.500732421875 0
vertex -43.65056228637695 93.42940521240234 5
 endloop
endfacet
facet normal 0 0 0
 outer loop
vertex -43.80137634277344 93.500732421875 0
vertex -43.80137634277344 93.500732421875 5
vertex -43.65056228637695 93.42940521240234 5
 endloop
endfacet
facet normal 0 0 0
 outer loop
vertex -43.80137634277344 93.500732421875 0
vertex -43.9444694519043 93.58650207519531 0
vertex -43.80137634277344 93.500732421875 5
 endloop
endfacet
facet normal 0 0 0
 outer loop
vertex -43.9444694519043 93.58650207519531 0
vertex -43.9444694519043 93.58650207519531 5
vertex -43.80137634277344 93.500732421875 5
 endloop
endfacet
facet normal 0 0 0
 outer loop
vertex -43.9444694519043 93.58650207519531 0
vertex -44.078468322753906 93.68588256835938 0
vertex -43.9444694519043 93.58650207519531 5
 endloop
endfacet
facet normal 0 0 0
 outer loop
vertex -44.078468322753906 93.68588256835938 0
vertex -44.078468322753906 93.68588256835938 5
vertex -43.9444694519043 93.58650207519531 5
 endloop
endfacet
facet normal 0 0 0
 outer loop
vertex -44.078468322753906 93.68588256835938 0
vertex -44.20207977294922 93.79792022705078 0
vertex -44.078468322753906 93.68588256835938 5
 endloop
endfacet
facet normal 0 0 0
 outer loop
vertex -44.20207977294922 93.79792022705078 0
vertex -44.20207977294922 93.79792022705078 5
vertex -44.078468322753906 93.68588256835938 5
 endloop
endfacet
facet normal 0 0 0
 outer loop
vertex -44.20207977294922 93.79792022705078 0
vertex -44.314117431640625 93.9215316772461 0
vertex -44.20207977294922 93.79792022705078 5
 endloop
endfacet
facet normal 0 0 0
 outer loop
vertex -44.314117431640625 93.9215316772461 0
vertex -44.314117431640625 93.9215316772461 5
vertex -44.20207977294922 93.79792022705078 5
 endloop
endfacet
facet normal 0 0 0
 outer loop
vertex -44.314117431640625 93.9215316772461 0
vertex -44.41349792480469 94.05553436279297 0
vertex -44.314117431640625 93.9215316772461 5
 endloop
endfacet
facet normal 0 0 0
 outer loop
vertex -44.41349792480469 94.05553436279297 0
vertex -44.41349792480469 94.05553436279297 5
vertex -44.314117431640625 93.9215316772461 5
 endloop
endfacet
facet normal 0 0 0
 outer loop
vertex -44.41349792480469 94.05553436279297 0
vertex -44.499267578125 94.19862365722656 0
vertex -44.41349792480469 94.05553436279297 5
 endloop
endfacet
facet normal 0 0 0
 outer loop
vertex -44.499267578125 94.19862365722656 0
vertex -44.499267578125 94.19862365722656 5
vertex -44.41349792480469 94.05553436279297 5
 endloop
endfacet
facet normal 0 0 0
 outer loop
vertex -44.499267578125 94.19862365722656 0
vertex -44.570594787597656 94.34944152832031 0
vertex -44.499267578125 94.19862365722656 5
 endloop
endfacet
facet normal 0 0 0
 outer loop
vertex -44.570594787597656 94.34944152832031 0
vertex -44.570594787597656 94.34944152832031 5
vertex -44.499267578125 94.19862365722656 5
 endloop
endfacet
facet normal 0 0 0
 outer loop
vertex -44.570594787597656 94.34944152832031 0
vertex -44.62679672241211 94.50651550292969 0
vertex -44.570594787597656 94.34944152832031 5
 endloop
endfacet
facet normal 0 0 0
 outer loop
vertex -44.62679672241211 94.50651550292969 0
vertex -44.62679672241211 94.50651550292969 5
vertex -44.570594787597656 94.34944152832031 5
 endloop
endfacet
facet normal 0 0 0
 outer loop
vertex -44.62679672241211 94.50651550292969 0
vertex -44.667335510253906 94.66835021972656 0
vertex -44.62679672241211 94.50651550292969 5
 endloop
endfacet
facet normal 0 0 0
 outer loop
vertex -44.667335510253906 94.66835021972656 0
vertex -44.667335510253906 94.66835021972656 5
vertex -44.62679672241211 94.50651550292969 5
 endloop
endfacet
facet normal 0 0 0
 outer loop
vertex -44.667335510253906 94.66835021972656 0
vertex -44.69181442260742 94.8333740234375 0
vertex -44.667335510253906 94.66835021972656 5
 endloop
endfacet
facet normal 0 0 0
 outer loop
vertex -44.69181442260742 94.8333740234375 0
vertex -44.69181442260742 94.8333740234375 5
vertex -44.667335510253906 94.66835021972656 5
 endloop
endfacet
facet normal 0 0 0
 outer loop
vertex -44.69181442260742 94.8333740234375 0
vertex -44.70000076293945 95 0
vertex -44.69181442260742 94.8333740234375 5
 endloop
endfacet
facet normal 0 0 0
 outer loop
vertex -44.70000076293945 95 0
vertex -44.70000076293945 95 5
vertex -44.69181442260742 94.8333740234375 5
 endloop
endfacet
facet normal 0 0 0
 outer loop
vertex -44.70000076293945 95 0
vertex -44.69181442260742 95.1666259765625 0
vertex -44.70000076293945 95 5
 endloop
endfacet
facet normal 0 0 0
 outer loop
vertex -44.69181442260742 95.1666259765625 0
vertex -44.69181442260742 95.1666259765625 5
vertex -44.70000076293945 95 5
 endloop
endfacet
facet normal 0 0 0
 outer loop
vertex -44.69181442260742 95.1666259765625 0
vertex -44.667335510253906 95.33164978027344 0
vertex -44.69181442260742 95.1666259765625 5
 endloop
endfacet
facet normal 0 0 0
 outer loop
vertex -44.667335510253906 95.33164978027344 0
vertex -44.667335510253906 95.33164978027344 5
vertex -44.69181442260742 95.1666259765625 5
 endloop
endfacet
facet normal 0 0 0
 outer loop
vertex -44.667335510253906 95.33164978027344 0
vertex -44.62679672241211 95.49348449707031 0
vertex -44.667335510253906 95.33164978027344 5
 endloop
endfacet
facet normal 0 0 0
 outer loop
vertex -44.62679672241211 95.49348449707031 0
vertex -44.62679672241211 95.49348449707031 5
vertex -44.667335510253906 95.33164978027344 5
 endloop
endfacet
facet normal 0 0 0
 outer loop
vertex -44.62679672241211 95.49348449707031 0
vertex -44.570594787597656 95.65055847167969 0
vertex -44.62679672241211 95.49348449707031 5
 endloop
endfacet
facet normal 0 0 0
 outer loop
vertex -44.570594787597656 95.65055847167969 0
vertex -44.570594787597656 95.65055847167969 5
vertex -44.62679672241211 95.49348449707031 5
 endloop
endfacet
facet normal 0 0 0
 outer loop
vertex -44.570594787597656 95.65055847167969 0
vertex -44.499267578125 95.80137634277344 0
vertex -44.570594787597656 95.65055847167969 5
 endloop
endfacet
facet normal 0 0 0
 outer loop
vertex -44.499267578125 95.80137634277344 0
vertex -44.499267578125 95.80137634277344 5
vertex -44.570594787597656 95.65055847167969 5
 endloop
endfacet
facet normal 0 0 0
 outer loop
vertex -44.499267578125 95.80137634277344 0
vertex -44.41349792480469 95.94446563720703 0
vertex -44.499267578125 95.80137634277344 5
 endloop
endfacet
facet normal 0 0 0
 outer loop
vertex -44.41349792480469 95.94446563720703 0
vertex -44.41349792480469 95.94446563720703 5
vertex -44.499267578125 95.80137634277344 5
 endloop
endfacet
facet normal 0 0 0
 outer loop
vertex -44.41349792480469 95.94446563720703 0
vertex -44.314117431640625 96.0784683227539 0
vertex -44.41349792480469 95.94446563720703 5
 endloop
endfacet
facet normal 0 0 0
 outer loop
vertex -44.314117431640625 96.0784683227539 0
vertex -44.314117431640625 96.0784683227539 5
vertex -44.41349792480469 95.94446563720703 5
 endloop
endfacet
facet normal 0 0 0
 outer loop
vertex -44.314117431640625 96.0784683227539 0
vertex -44.20207977294922 96.20207977294922 0
vertex -44.314117431640625 96.0784683227539 5
 endloop
endfacet
facet normal 0 0 0
 outer loop
vertex -44.20207977294922 96.20207977294922 0
vertex -44.20207977294922 96.20207977294922 5
vertex -44.314117431640625 96.0784683227539 5
 endloop
endfacet
facet normal 0 0 0
 outer loop
vertex -44.20207977294922 96.20207977294922 0
vertex -44.078468322753906 96.31411743164062 0
vertex -44.20207977294922 96.20207977294922 5
 endloop
endfacet
facet normal 0 0 0
 outer loop
vertex -44.078468322753906 96.31411743164062 0
vertex -44.078468322753906 96.31411743164062 5
vertex -44.20207977294922 96.20207977294922 5
 endloop
endfacet
facet normal 0 0 0
 outer loop
vertex -44.078468322753906 96.31411743164062 0
vertex -43.9444694519043 96.41349792480469 0
vertex -44.078468322753906 96.31411743164062 5
 endloop
endfacet
facet normal 0 0 0
 outer loop
vertex -43.9444694519043 96.41349792480469 0
vertex -43.9444694519043 96.41349792480469 5
vertex -44.078468322753906 96.31411743164062 5
 endloop
endfacet
facet normal 0 0 0
 outer loop
vertex -43.9444694519043 96.41349792480469 0
vertex -43.80137634277344 96.499267578125 0
vertex -43.9444694519043 96.41349792480469 5
 endloop
endfacet
facet normal 0 0 0
 outer loop
vertex -43.80137634277344 96.499267578125 0
vertex -43.80137634277344 96.499267578125 5
vertex -43.9444694519043 96.41349792480469 5
 endloop
endfacet
facet normal 0 0 0
 outer loop
vertex -43.80137634277344 96.499267578125 0
vertex -43.65056228637695 96.57059478759766 0
vertex -43.80137634277344 96.499267578125 5
 endloop
endfacet
facet normal 0 0 0
 outer loop
vertex -43.65056228637695 96.57059478759766 0
vertex -43.65056228637695 96.57059478759766 5
vertex -43.80137634277344 96.499267578125 5
 endloop
endfacet
facet normal 0 0 0
 outer loop
vertex -43.65056228637695 96.57059478759766 0
vertex -43.49348449707031 96.62680053710938 0
vertex -43.65056228637695 96.57059478759766 5
 endloop
endfacet
facet normal 0 0 0
 outer loop
vertex -43.49348449707031 96.62680053710938 0
vertex -43.49348449707031 96.62680053710938 5
vertex -43.65056228637695 96.57059478759766 5
 endloop
endfacet
facet normal 0 0 0
 outer loop
vertex -43.49348449707031 96.62680053710938 0
vertex -43.3316535949707 96.6673355102539 0
vertex -43.49348449707031 96.62680053710938 5
 endloop
endfacet
facet normal 0 0 0
 outer loop
vertex -43.3316535949707 96.6673355102539 0
vertex -43.3316535949707 96.6673355102539 5
vertex -43.49348449707031 96.62680053710938 5
 endloop
endfacet
facet normal 0 0 0
 outer loop
vertex -43.3316535949707 96.6673355102539 0
vertex -43.166629791259766 96.69181060791016 0
vertex -43.3316535949707 96.6673355102539 5
 endloop
endfacet
facet normal 0 0 0
 outer loop
vertex -43.166629791259766 96.69181060791016 0
vertex -43.166629791259766 96.69181060791016 5
vertex -43.3316535949707 96.6673355102539 5
 endloop
endfacet
facet normal 0 0 0
 outer loop
vertex -43.166629791259766 96.69181060791016 0
vertex -43 96.69999694824219 0
vertex -43.166629791259766 96.69181060791016 5
 endloop
endfacet
facet normal 0 0 0
 outer loop
vertex -43 96.69999694824219 0
vertex -43 96.69999694824219 5
vertex -43.166629791259766 96.69181060791016 5
 endloop
endfacet
facet normal 0 0 0
 outer loop
vertex -43 96.69999694824219 0
vertex -42.833370208740234 96.69181060791016 0
vertex -43 96.69999694824219 5
 endloop
endfacet
facet normal 0 0 0
 outer loop
vertex -42.833370208740234 96.69181060791016 0
vertex -42.833370208740234 96.69181060791016 5
vertex -43 96.69999694824219 5
 endloop
endfacet
facet normal 0 0 0
 outer loop
vertex -42.833370208740234 96.69181060791016 0
vertex -42.6683464050293 96.6673355102539 0
vertex -42.833370208740234 96.69181060791016 5
 endloop
endfacet
facet normal 0 0 0
 outer loop
vertex -42.6683464050293 96.6673355102539 0
vertex -42.6683464050293 96.6673355102539 5
vertex -42.833370208740234 96.69181060791016 5
 endloop
endfacet
facet normal 0 0 0
 outer loop
vertex -42.6683464050293 96.6673355102539 0
vertex -42.50651550292969 96.62680053710938 0
vertex -42.6683464050293 96.6673355102539 5
 endloop
endfacet
facet normal 0 0 0
 outer loop
vertex -42.50651550292969 96.62680053710938 0
vertex -42.50651550292969 96.62680053710938 5
vertex -42.6683464050293 96.6673355102539 5
 endloop
endfacet
facet normal 0 0 0
 outer loop
vertex -42.50651550292969 96.62680053710938 0
vertex -42.34943771362305 96.57059478759766 0
vertex -42.50651550292969 96.62680053710938 5
 endloop
endfacet
facet normal 0 0 0
 outer loop
vertex -42.34943771362305 96.57059478759766 0
vertex -42.34943771362305 96.57059478759766 5
vertex -42.50651550292969 96.62680053710938 5
 endloop
endfacet
facet normal 0 0 0
 outer loop
vertex -42.34943771362305 96.57059478759766 0
vertex -42.19862365722656 96.499267578125 0
vertex -42.34943771362305 96.57059478759766 5
 endloop
endfacet
facet normal 0 0 0
 outer loop
vertex -42.19862365722656 96.499267578125 0
vertex -42.19862365722656 96.499267578125 5
vertex -42.34943771362305 96.57059478759766 5
 endloop
endfacet
facet normal 0 0 0
 outer loop
vertex -42.19862365722656 96.499267578125 0
vertex -42.0555305480957 96.41349792480469 0
vertex -42.19862365722656 96.499267578125 5
 endloop
endfacet
facet normal 0 0 0
 outer loop
vertex -42.0555305480957 96.41349792480469 0
vertex -42.0555305480957 96.41349792480469 5
vertex -42.19862365722656 96.499267578125 5
 endloop
endfacet
facet normal 0 0 0
 outer loop
vertex -42.0555305480957 96.41349792480469 0
vertex -41.921531677246094 96.31411743164062 0
vertex -42.0555305480957 96.41349792480469 5
 endloop
endfacet
facet normal 0 0 0
 outer loop
vertex -41.921531677246094 96.31411743164062 0
vertex -41.921531677246094 96.31411743164062 5
vertex -42.0555305480957 96.41349792480469 5
 endloop
endfacet
facet normal 0 0 0
 outer loop
vertex -41.921531677246094 96.31411743164062 0
vertex -41.79792022705078 96.20207977294922 0
vertex -41.921531677246094 96.31411743164062 5
 endloop
endfacet
facet normal 0 0 0
 outer loop
vertex -41.79792022705078 96.20207977294922 0
vertex -41.79792022705078 96.20207977294922 5
vertex -41.921531677246094 96.31411743164062 5
 endloop
endfacet
facet normal 0 0 0
 outer loop
vertex -41.79792022705078 96.20207977294922 0
vertex -41.685882568359375 96.0784683227539 0
vertex -41.79792022705078 96.20207977294922 5
 endloop
endfacet
facet normal 0 0 0
 outer loop
vertex -41.685882568359375 96.0784683227539 0
vertex -41.685882568359375 96.0784683227539 5
vertex -41.79792022705078 96.20207977294922 5
 endloop
endfacet
facet normal 0 0 0
 outer loop
vertex -41.685882568359375 96.0784683227539 0
vertex -41.58650207519531 95.94446563720703 0
vertex -41.685882568359375 96.0784683227539 5
 endloop
endfacet
facet normal 0 0 0
 outer loop
vertex -41.58650207519531 95.94446563720703 0
vertex -41.58650207519531 95.94446563720703 5
vertex -41.685882568359375 96.0784683227539 5
 endloop
endfacet
facet normal 0 0 0
 outer loop
vertex -41.58650207519531 95.94446563720703 0
vertex -41.500732421875 95.80137634277344 0
vertex -41.58650207519531 95.94446563720703 5
 endloop
endfacet
facet normal 0 0 0
 outer loop
vertex -41.500732421875 95.80137634277344 0
vertex -41.500732421875 95.80137634277344 5
vertex -41.58650207519531 95.94446563720703 5
 endloop
endfacet
facet normal 0 0 0
 outer loop
vertex -41.500732421875 95.80137634277344 0
vertex -41.429405212402344 95.65055847167969 0
vertex -41.500732421875 95.80137634277344 5
 endloop
endfacet
facet normal 0 0 0
 outer loop
vertex -41.429405212402344 95.65055847167969 0
vertex -41.429405212402344 95.65055847167969 5
vertex -41.500732421875 95.80137634277344 5
 endloop
endfacet
facet normal 0 0 0
 outer loop
vertex -41.429405212402344 95.65055847167969 0
vertex -41.37320327758789 95.49348449707031 0
vertex -41.429405212402344 95.65055847167969 5
 endloop
endfacet
facet normal 0 0 0
 outer loop
vertex -41.37320327758789 95.49348449707031 0
vertex -41.37320327758789 95.49348449707031 5
vertex -41.429405212402344 95.65055847167969 5
 endloop
endfacet
facet normal 0 0 0
 outer loop
vertex -41.37320327758789 95.49348449707031 0
vertex -41.332664489746094 95.33164978027344 0
vertex -41.37320327758789 95.49348449707031 5
 endloop
endfacet
facet normal 0 0 0
 outer loop
vertex -41.332664489746094 95.33164978027344 0
vertex -41.332664489746094 95.33164978027344 5
vertex -41.37320327758789 95.49348449707031 5
 endloop
endfacet
facet normal 0 0 0
 outer loop
vertex -41.332664489746094 95.33164978027344 0
vertex -41.30818557739258 95.1666259765625 0
vertex -41.332664489746094 95.33164978027344 5
 endloop
endfacet
facet normal 0 0 0
 outer loop
vertex -41.30818557739258 95.1666259765625 0
vertex -41.30818557739258 95.1666259765625 5
vertex -41.332664489746094 95.33164978027344 5
 endloop
endfacet
facet normal 0 0 0
 outer loop
vertex -41.30818557739258 95.1666259765625 0
vertex -41.29999923706055 95 0
vertex -41.30818557739258 95.1666259765625 5
 endloop
endfacet
facet normal 0 0 0
 outer loop
vertex -41.29999923706055 95 0
vertex -41.29999923706055 95 5
vertex -41.30818557739258 95.1666259765625 5
 endloop
endfacet
facet normal 0 0 0
 outer loop
vertex 44.70000076293945 95 0
vertex 44.69181442260742 94.8333740234375 0
vertex 44.70000076293945 95 5
 endloop
endfacet
facet normal 0 0 0
 outer loop
vertex 44.69181442260742 94.8333740234375 0
vertex 44.69181442260742 94.8333740234375 5
vertex 44.70000076293945 95 5
 endloop
endfacet
facet normal 0 0 0
 outer loop
vertex 44.69181442260742 94.8333740234375 0
vertex 44.667335510253906 94.66835021972656 0
vertex 44.69181442260742 94.8333740234375 5
 endloop
endfacet
facet normal 0 0 0
 outer loop
vertex 44.667335510253906 94.66835021972656 0
vertex 44.667335510253906 94.66835021972656 5
vertex 44.69181442260742 94.8333740234375 5
 endloop
endfacet
facet normal 0 0 0
 outer loop
vertex 44.667335510253906 94.66835021972656 0
vertex 44.62679672241211 94.50651550292969 0
vertex 44.667335510253906 94.66835021972656 5
 endloop
endfacet
facet normal 0 0 0
 outer loop
vertex 44.62679672241211 94.50651550292969 0
vertex 44.62679672241211 94.50651550292969 5
vertex 44.667335510253906 94.66835021972656 5
 endloop
endfacet
facet normal 0 0 0
 outer loop
vertex 44.62679672241211 94.50651550292969 0
vertex 44.570594787597656 94.34944152832031 0
vertex 44.62679672241211 94.50651550292969 5
 endloop
endfacet
facet normal 0 0 0
 outer loop
vertex 44.570594787597656 94.34944152832031 0
vertex 44.570594787597656 94.34944152832031 5
vertex 44.62679672241211 94.50651550292969 5
 endloop
endfacet
facet normal 0 0 0
 outer loop
vertex 44.570594787597656 94.34944152832031 0
vertex 44.499267578125 94.19862365722656 0
vertex 44.570594787597656 94.34944152832031 5
 endloop
endfacet
facet normal 0 0 0
 outer loop
vertex 44.499267578125 94.19862365722656 0
vertex 44.499267578125 94.19862365722656 5
vertex 44.570594787597656 94.34944152832031 5
 endloop
endfacet
facet normal 0 0 0
 outer loop
vertex 44.499267578125 94.19862365722656 0
vertex 44.41349792480469 94.05553436279297 0
vertex 44.499267578125 94.19862365722656 5
 endloop
endfacet
facet normal 0 0 0
 outer loop
vertex 44.41349792480469 94.05553436279297 0
vertex 44.41349792480469 94.05553436279297 5
vertex 44.499267578125 94.19862365722656 5
 endloop
endfacet
facet normal 0 0 0
 outer loop
vertex 44.41349792480469 94.05553436279297 0
vertex 44.314117431640625 93.9215316772461 0
vertex 44.41349792480469 94.05553436279297 5
 endloop
endfacet
facet normal 0 0 0
 outer loop
vertex 44.314117431640625 93.9215316772461 0
vertex 44.314117431640625 93.9215316772461 5
vertex 44.41349792480469 94.05553436279297 5
 endloop
endfacet
facet normal 0 0 0
 outer loop
vertex 44.314117431640625 93.9215316772461 0
vertex 44.20207977294922 93.79792022705078 0
vertex 44.314117431640625 93.9215316772461 5
 endloop
endfacet
facet normal 0 0 0
 outer loop
vertex 44.20207977294922 93.79792022705078 0
vertex 44.20207977294922 93.79792022705078 5
vertex 44.314117431640625 93.9215316772461 5
 endloop
endfacet
facet normal 0 0 0
 outer loop
vertex 44.20207977294922 93.79792022705078 0
vertex 44.078468322753906 93.68588256835938 0
vertex 44.20207977294922 93.79792022705078 5
 endloop
endfacet
facet normal 0 0 0
 outer loop
vertex 44.078468322753906 93.68588256835938 0
vertex 44.078468322753906 93.68588256835938 5
vertex 44.20207977294922 93.79792022705078 5
 endloop
endfacet
facet normal 0 0 0
 outer loop
vertex 44.078468322753906 93.68588256835938 0
vertex 43.9444694519043 93.58650207519531 0
vertex 44.078468322753906 93.68588256835938 5
 endloop
endfacet
facet normal 0 0 0
 outer loop
vertex 43.9444694519043 93.58650207519531 0
vertex 43.9444694519043 93.58650207519531 5
vertex 44.078468322753906 93.68588256835938 5
 endloop
endfacet
facet normal 0 0 0
 outer loop
vertex 43.9444694519043 93.58650207519531 0
vertex 43.80137634277344 93.500732421875 0
vertex 43.9444694519043 93.58650207519531 5
 endloop
endfacet
facet normal 0 0 0
 outer loop
vertex 43.80137634277344 93.500732421875 0
vertex 43.80137634277344 93.500732421875 5
vertex 43.9444694519043 93.58650207519531 5
 endloop
endfacet
facet normal 0 0 0
 outer loop
vertex 43.80137634277344 93.500732421875 0
vertex 43.65056228637695 93.42940521240234 0
vertex 43.80137634277344 93.500732421875 5
 endloop
endfacet
facet normal 0 0 0
 outer loop
vertex 43.65056228637695 93.42940521240234 0
vertex 43.65056228637695 93.42940521240234 5
vertex 43.80137634277344 93.500732421875 5
 endloop
endfacet
facet normal 0 0 0
 outer loop
vertex 43.65056228637695 93.42940521240234 0
vertex 43.49348449707031 93.37319946289062 0
vertex 43.65056228637695 93.42940521240234 5
 endloop
endfacet
facet normal 0 0 0
 outer loop
vertex 43.49348449707031 93.37319946289062 0
vertex 43.49348449707031 93.37319946289062 5
vertex 43.65056228637695 93.42940521240234 5
 endloop
endfacet
facet normal 0 0 0
 outer loop
vertex 43.49348449707031 93.37319946289062 0
vertex 43.3316535949707 93.3326644897461 0
vertex 43.49348449707031 93.37319946289062 5
 endloop
endfacet
facet normal 0 0 0
 outer loop
vertex 43.3316535949707 93.3326644897461 0
vertex 43.3316535949707 93.3326644897461 5
vertex 43.49348449707031 93.37319946289062 5
 endloop
endfacet
facet normal 0 0 0
 outer loop
vertex 43.3316535949707 93.3326644897461 0
vertex 43.166629791259766 93.30818939208984 0
vertex 43.3316535949707 93.3326644897461 5
 endloop
endfacet
facet normal 0 0 0
 outer loop
vertex 43.166629791259766 93.30818939208984 0
vertex 43.166629791259766 93.30818939208984 5
vertex 43.3316535949707 93.3326644897461 5
 endloop
endfacet
facet normal 0 0 0
 outer loop
vertex 43.166629791259766 93.30818939208984 0
vertex 43 93.30000305175781 0
vertex 43.166629791259766 93.30818939208984 5
 endloop
endfacet
facet normal 0 0 0
 outer loop
vertex 43 93.30000305175781 0
vertex 43 93.30000305175781 5
vertex 43.166629791259766 93.30818939208984 5
 endloop
endfacet
facet normal 0 0 0
 outer loop
vertex 43 93.30000305175781 0
vertex 42.833370208740234 93.30818939208984 0
vertex 43 93.30000305175781 5
 endloop
endfacet
facet normal 0 0 0
 outer loop
vertex 42.833370208740234 93.30818939208984 0
vertex 42.833370208740234 93.30818939208984 5
vertex 43 93.30000305175781 5
 endloop
endfacet
facet normal 0 0 0
 outer loop
vertex 42.833370208740234 93.30818939208984 0
vertex 42.6683464050293 93.3326644897461 0
vertex 42.833370208740234 93.30818939208984 5
 endloop
endfacet
facet normal 0 0 0
 outer loop
vertex 42.6683464050293 93.3326644897461 0
vertex 42.6683464050293 93.3326644897461 5
vertex 42.833370208740234 93.30818939208984 5
 endloop
endfacet
facet normal 0 0 0
 outer loop
vertex 42.6683464050293 93.3326644897461 0
vertex 42.50651550292969 93.37319946289062 0
vertex 42.6683464050293 93.3326644897461 5
 endloop
endfacet
facet normal 0 0 0
 outer loop
vertex 42.50651550292969 93.37319946289062 0
vertex 42.50651550292969 93.37319946289062 5
vertex 42.6683464050293 93.3326644897461 5
 endloop
endfacet
facet normal 0 0 0
 outer loop
vertex 42.50651550292969 93.37319946289062 0
vertex 42.34943771362305 93.42940521240234 0
vertex 42.50651550292969 93.37319946289062 5
 endloop
endfacet
facet normal 0 0 0
 outer loop
vertex 42.34943771362305 93.42940521240234 0
vertex 42.34943771362305 93.42940521240234 5
vertex 42.50651550292969 93.37319946289062 5
 endloop
endfacet
facet normal 0 0 0
 outer loop
vertex 42.34943771362305 93.42940521240234 0
vertex 42.19862365722656 93.500732421875 0
vertex 42.34943771362305 93.42940521240234 5
 endloop
endfacet
facet normal 0 0 0
 outer loop
vertex 42.19862365722656 93.500732421875 0
vertex 42.19862365722656 93.500732421875 5
vertex 42.34943771362305 93.42940521240234 5
 endloop
endfacet
facet normal 0 0 0
 outer loop
vertex 42.19862365722656 93.500732421875 0
vertex 42.0555305480957 93.58650207519531 0
vertex 42.19862365722656 93.500732421875 5
 endloop
endfacet
facet normal 0 0 0
 outer loop
vertex 42.0555305480957 93.58650207519531 0
vertex 42.0555305480957 93.58650207519531 5
vertex 42.19862365722656 93.500732421875 5
 endloop
endfacet
facet normal 0 0 0
 outer loop
vertex 42.0555305480957 93.58650207519531 0
vertex 41.921531677246094 93.68588256835938 0
vertex 42.0555305480957 93.58650207519531 5
 endloop
endfacet
facet normal 0 0 0
 outer loop
vertex 41.921531677246094 93.68588256835938 0
vertex 41.921531677246094 93.68588256835938 5
vertex 42.0555305480957 93.58650207519531 5
 endloop
endfacet
facet normal 0 0 0
 outer loop
vertex 41.921531677246094 93.68588256835938 0
vertex 41.79792022705078 93.79792022705078 0
vertex 41.921531677246094 93.68588256835938 5
 endloop
endfacet
facet normal 0 0 0
 outer loop
vertex 41.79792022705078 93.79792022705078 0
vertex 41.79792022705078 93.79792022705078 5
vertex 41.921531677246094 93.68588256835938 5
 endloop
endfacet
facet normal 0 0 0
 outer loop
vertex 41.79792022705078 93.79792022705078 0
vertex 41.685882568359375 93.9215316772461 0
vertex 41.79792022705078 93.79792022705078 5
 endloop
endfacet
facet normal 0 0 0
 outer loop
vertex 41.685882568359375 93.9215316772461 0
vertex 41.685882568359375 93.9215316772461 5
vertex 41.79792022705078 93.79792022705078 5
 endloop
endfacet
facet normal 0 0 0
 outer loop
vertex 41.685882568359375 93.9215316772461 0
vertex 41.58650207519531 94.05553436279297 0
vertex 41.685882568359375 93.9215316772461 5
 endloop
endfacet
facet normal 0 0 0
 outer loop
vertex 41.58650207519531 94.05553436279297 0
vertex 41.58650207519531 94.05553436279297 5
vertex 41.685882568359375 93.9215316772461 5
 endloop
endfacet
facet normal 0 0 0
 outer loop
vertex 41.58650207519531 94.05553436279297 0
vertex 41.500732421875 94.19862365722656 0
vertex 41.58650207519531 94.05553436279297 5
 endloop
endfacet
facet normal 0 0 0
 outer loop
vertex 41.500732421875 94.19862365722656 0
vertex 41.500732421875 94.19862365722656 5
vertex 41.58650207519531 94.05553436279297 5
 endloop
endfacet
facet normal 0 0 0
 outer loop
vertex 41.500732421875 94.19862365722656 0
vertex 41.429405212402344 94.34944152832031 0
vertex 41.500732421875 94.19862365722656 5
 endloop
endfacet
facet normal 0 0 0
 outer loop
vertex 41.429405212402344 94.34944152832031 0
vertex 41.429405212402344 94.34944152832031 5
vertex 41.500732421875 94.19862365722656 5
 endloop
endfacet
facet normal 0 0 0
 outer loop
vertex 41.429405212402344 94.34944152832031 0
vertex 41.37320327758789 94.50651550292969 0
vertex 41.429405212402344 94.34944152832031 5
 endloop
endfacet
facet normal 0 0 0
 outer loop
vertex 41.37320327758789 94.50651550292969 0
vertex 41.37320327758789 94.50651550292969 5
vertex 41.429405212402344 94.34944152832031 5
 endloop
endfacet
facet normal 0 0 0
 outer loop
vertex 41.37320327758789 94.50651550292969 0
vertex 41.332664489746094 94.66835021972656 0
vertex 41.37320327758789 94.50651550292969 5
 endloop
endfacet
facet normal 0 0 0
 outer loop
vertex 41.332664489746094 94.66835021972656 0
vertex 41.332664489746094 94.66835021972656 5
vertex 41.37320327758789 94.50651550292969 5
 endloop
endfacet
facet normal 0 0 0
 outer loop
vertex 41.332664489746094 94.66835021972656 0
vertex 41.30818557739258 94.8333740234375 0
vertex 41.332664489746094 94.66835021972656 5
 endloop
endfacet
facet normal 0 0 0
 outer loop
vertex 41.30818557739258 94.8333740234375 0
vertex 41.30818557739258 94.8333740234375 5
vertex 41.332664489746094 94.66835021972656 5
 endloop
endfacet
facet normal 0 0 0
 outer loop
vertex 41.30818557739258 94.8333740234375 0
vertex 41.29999923706055 95 0
vertex 41.30818557739258 94.8333740234375 5
 endloop
endfacet
facet normal 0 0 0
 outer loop
vertex 41.29999923706055 95 0
vertex 41.29999923706055 95 5
vertex 41.30818557739258 94.8333740234375 5
 endloop
endfacet
facet normal 0 0 0
 outer loop
vertex 41.29999923706055 95 0
vertex 41.30818557739258 95.1666259765625 0
vertex 41.29999923706055 95 5
 endloop
endfacet
facet normal 0 0 0
 outer loop
vertex 41.30818557739258 95.1666259765625 0
vertex 41.30818557739258 95.1666259765625 5
vertex 41.29999923706055 95 5
 endloop
endfacet
facet normal 0 0 0
 outer loop
vertex 41.30818557739258 95.1666259765625 0
vertex 41.332664489746094 95.33164978027344 0
vertex 41.30818557739258 95.1666259765625 5
 endloop
endfacet
facet normal 0 0 0
 outer loop
vertex 41.332664489746094 95.33164978027344 0
vertex 41.332664489746094 95.33164978027344 5
vertex 41.30818557739258 95.1666259765625 5
 endloop
endfacet
facet normal 0 0 0
 outer loop
vertex 41.332664489746094 95.33164978027344 0
vertex 41.37320327758789 95.49348449707031 0
vertex 41.332664489746094 95.33164978027344 5
 endloop
endfacet
facet normal 0 0 0
 outer loop
vertex 41.37320327758789 95.49348449707031 0
vertex 41.37320327758789 95.49348449707031 5
vertex 41.332664489746094 95.33164978027344 5
 endloop
endfacet
facet normal 0 0 0
 outer loop
vertex 41.37320327758789 95.49348449707031 0
vertex 41.429405212402344 95.65055847167969 0
vertex 41.37320327758789 95.49348449707031 5
 endloop
endfacet
facet normal 0 0 0
 outer loop
vertex 41.429405212402344 95.65055847167969 0
vertex 41.429405212402344 95.65055847167969 5
vertex 41.37320327758789 95.49348449707031 5
 endloop
endfacet
facet normal 0 0 0
 outer loop
vertex 41.429405212402344 95.65055847167969 0
vertex 41.500732421875 95.80137634277344 0
vertex 41.429405212402344 95.65055847167969 5
 endloop
endfacet
facet normal 0 0 0
 outer loop
vertex 41.500732421875 95.80137634277344 0
vertex 41.500732421875 95.80137634277344 5
vertex 41.429405212402344 95.65055847167969 5
 endloop
endfacet
facet normal 0 0 0
 outer loop
vertex 41.500732421875 95.80137634277344 0
vertex 41.58650207519531 95.94446563720703 0
vertex 41.500732421875 95.80137634277344 5
 endloop
endfacet
facet normal 0 0 0
 outer loop
vertex 41.58650207519531 95.94446563720703 0
vertex 41.58650207519531 95.94446563720703 5
vertex 41.500732421875 95.80137634277344 5
 endloop
endfacet
facet normal 0 0 0
 outer loop
vertex 41.58650207519531 95.94446563720703 0
vertex 41.685882568359375 96.0784683227539 0
vertex 41.58650207519531 95.94446563720703 5
 endloop
endfacet
facet normal 0 0 0
 outer loop
vertex 41.685882568359375 96.0784683227539 0
vertex 41.685882568359375 96.0784683227539 5
vertex 41.58650207519531 95.94446563720703 5
 endloop
endfacet
facet normal 0 0 0
 outer loop
vertex 41.685882568359375 96.0784683227539 0
vertex 41.79792022705078 96.20207977294922 0
vertex 41.685882568359375 96.0784683227539 5
 endloop
endfacet
facet normal 0 0 0
 outer loop
vertex 41.79792022705078 96.20207977294922 0
vertex 41.79792022705078 96.20207977294922 5
vertex 41.685882568359375 96.0784683227539 5
 endloop
endfacet
facet normal 0 0 0
 outer loop
vertex 41.79792022705078 96.20207977294922 0
vertex 41.921531677246094 96.31411743164062 0
vertex 41.79792022705078 96.20207977294922 5
 endloop
endfacet
facet normal 0 0 0
 outer loop
vertex 41.921531677246094 96.31411743164062 0
vertex 41.921531677246094 96.31411743164062 5
vertex 41.79792022705078 96.20207977294922 5
 endloop
endfacet
facet normal 0 0 0
 outer loop
vertex 41.921531677246094 96.31411743164062 0
vertex 42.0555305480957 96.41349792480469 0
vertex 41.921531677246094 96.31411743164062 5
 endloop
endfacet
facet normal 0 0 0
 outer loop
vertex 42.0555305480957 96.41349792480469 0
vertex 42.0555305480957 96.41349792480469 5
vertex 41.921531677246094 96.31411743164062 5
 endloop
endfacet
facet normal 0 0 0
 outer loop
vertex 42.0555305480957 96.41349792480469 0
vertex 42.19862365722656 96.499267578125 0
vertex 42.0555305480957 96.41349792480469 5
 endloop
endfacet
facet normal 0 0 0
 outer loop
vertex 42.19862365722656 96.499267578125 0
vertex 42.19862365722656 96.499267578125 5
vertex 42.0555305480957 96.41349792480469 5
 endloop
endfacet
facet normal 0 0 0
 outer loop
vertex 42.19862365722656 96.499267578125 0
vertex 42.34943771362305 96.57059478759766 0
vertex 42.19862365722656 96.499267578125 5
 endloop
endfacet
facet normal 0 0 0
 outer loop
vertex 42.34943771362305 96.57059478759766 0
vertex 42.34943771362305 96.57059478759766 5
vertex 42.19862365722656 96.499267578125 5
 endloop
endfacet
facet normal 0 0 0
 outer loop
vertex 42.34943771362305 96.57059478759766 0
vertex 42.50651550292969 96.62680053710938 0
vertex 42.34943771362305 96.57059478759766 5
 endloop
endfacet
facet normal 0 0 0
 outer loop
vertex 42.50651550292969 96.62680053710938 0
vertex 42.50651550292969 96.62680053710938 5
vertex 42.34943771362305 96.57059478759766 5
 endloop
endfacet
facet normal 0 0 0
 outer loop
vertex 42.50651550292969 96.62680053710938 0
vertex 42.6683464050293 96.6673355102539 0
vertex 42.50651550292969 96.62680053710938 5
 endloop
endfacet
facet normal 0 0 0
 outer loop
vertex 42.6683464050293 96.6673355102539 0
vertex 42.6683464050293 96.6673355102539 5
vertex 42.50651550292969 96.62680053710938 5
 endloop
endfacet
facet normal 0 0 0
 outer loop
vertex 42.6683464050293 96.6673355102539 0
vertex 42.833370208740234 96.69181060791016 0
vertex 42.6683464050293 96.6673355102539 5
 endloop
endfacet
facet normal 0 0 0
 outer loop
vertex 42.833370208740234 96.69181060791016 0
vertex 42.833370208740234 96.69181060791016 5
vertex 42.6683464050293 96.6673355102539 5
 endloop
endfacet
facet normal 0 0 0
 outer loop
vertex 42.833370208740234 96.69181060791016 0
vertex 43 96.69999694824219 0
vertex 42.833370208740234 96.69181060791016 5
 endloop
endfacet
facet normal 0 0 0
 outer loop
vertex 43 96.69999694824219 0
vertex 43 96.69999694824219 5
vertex 42.833370208740234 96.69181060791016 5
 endloop
endfacet
facet normal 0 0 0
 outer loop
vertex 43 96.69999694824219 0
vertex 43.166629791259766 96.69181060791016 0
vertex 43 96.69999694824219 5
 endloop
endfacet
facet normal 0 0 0
 outer loop
vertex 43.166629791259766 96.69181060791016 0
vertex 43.166629791259766 96.69181060791016 5
vertex 43 96.69999694824219 5
 endloop
endfacet
facet normal 0 0 0
 outer loop
vertex 43.166629791259766 96.69181060791016 0
vertex 43.3316535949707 96.6673355102539 0
vertex 43.166629791259766 96.69181060791016 5
 endloop
endfacet
facet normal 0 0 0
 outer loop
vertex 43.3316535949707 96.6673355102539 0
vertex 43.3316535949707 96.6673355102539 5
vertex 43.166629791259766 96.69181060791016 5
 endloop
endfacet
facet normal 0 0 0
 outer loop
vertex 43.3316535949707 96.6673355102539 0
vertex 43.49348449707031 96.62680053710938 0
vertex 43.3316535949707 96.6673355102539 5
 endloop
endfacet
facet normal 0 0 0
 outer loop
vertex 43.49348449707031 96.62680053710938 0
vertex 43.49348449707031 96.62680053710938 5
vertex 43.3316535949707 96.6673355102539 5
 endloop
endfacet
facet normal 0 0 0
 outer loop
vertex 43.49348449707031 96.62680053710938 0
vertex 43.65056228637695 96.57059478759766 0
vertex 43.49348449707031 96.62680053710938 5
 endloop
endfacet
facet normal 0 0 0
 outer loop
vertex 43.65056228637695 96.57059478759766 0
vertex 43.65056228637695 96.57059478759766 5
vertex 43.49348449707031 96.62680053710938 5
 endloop
endfacet
facet normal 0 0 0
 outer loop
vertex 43.65056228637695 96.57059478759766 0
vertex 43.80137634277344 96.499267578125 0
vertex 43.65056228637695 96.57059478759766 5
 endloop
endfacet
facet normal 0 0 0
 outer loop
vertex 43.80137634277344 96.499267578125 0
vertex 43.80137634277344 96.499267578125 5
vertex 43.65056228637695 96.57059478759766 5
 endloop
endfacet
facet normal 0 0 0
 outer loop
vertex 43.80137634277344 96.499267578125 0
vertex 43.9444694519043 96.41349792480469 0
vertex 43.80137634277344 96.499267578125 5
 endloop
endfacet
facet normal 0 0 0
 outer loop
vertex 43.9444694519043 96.41349792480469 0
vertex 43.9444694519043 96.41349792480469 5
vertex 43.80137634277344 96.499267578125 5
 endloop
endfacet
facet normal 0 0 0
 outer loop
vertex 43.9444694519043 96.41349792480469 0
vertex 44.078468322753906 96.31411743164062 0
vertex 43.9444694519043 96.41349792480469 5
 endloop
endfacet
facet normal 0 0 0
 outer loop
vertex 44.078468322753906 96.31411743164062 0
vertex 44.078468322753906 96.31411743164062 5
vertex 43.9444694519043 96.41349792480469 5
 endloop
endfacet
facet normal 0 0 0
 outer loop
vertex 44.078468322753906 96.31411743164062 0
vertex 44.20207977294922 96.20207977294922 0
vertex 44.078468322753906 96.31411743164062 5
 endloop
endfacet
facet normal 0 0 0
 outer loop
vertex 44.20207977294922 96.20207977294922 0
vertex 44.20207977294922 96.20207977294922 5
vertex 44.078468322753906 96.31411743164062 5
 endloop
endfacet
facet normal 0 0 0
 outer loop
vertex 44.20207977294922 96.20207977294922 0
vertex 44.314117431640625 96.0784683227539 0
vertex 44.20207977294922 96.20207977294922 5
 endloop
endfacet
facet normal 0 0 0
 outer loop
vertex 44.314117431640625 96.0784683227539 0
vertex 44.314117431640625 96.0784683227539 5
vertex 44.20207977294922 96.20207977294922 5
 endloop
endfacet
facet normal 0 0 0
 outer loop
vertex 44.314117431640625 96.0784683227539 0
vertex 44.41349792480469 95.94446563720703 0
vertex 44.314117431640625 96.0784683227539 5
 endloop
endfacet
facet normal 0 0 0
 outer loop
vertex 44.41349792480469 95.94446563720703 0
vertex 44.41349792480469 95.94446563720703 5
vertex 44.314117431640625 96.0784683227539 5
 endloop
endfacet
facet normal 0 0 0
 outer loop
vertex 44.41349792480469 95.94446563720703 0
vertex 44.499267578125 95.80137634277344 0
vertex 44.41349792480469 95.94446563720703 5
 endloop
endfacet
facet normal 0 0 0
 outer loop
vertex 44.499267578125 95.80137634277344 0
vertex 44.499267578125 95.80137634277344 5
vertex 44.41349792480469 95.94446563720703 5
 endloop
endfacet
facet normal 0 0 0
 outer loop
vertex 44.499267578125 95.80137634277344 0
vertex 44.570594787597656 95.65055847167969 0
vertex 44.499267578125 95.80137634277344 5
 endloop
endfacet
facet normal 0 0 0
 outer loop
vertex 44.570594787597656 95.65055847167969 0
vertex 44.570594787597656 95.65055847167969 5
vertex 44.499267578125 95.80137634277344 5
 endloop
endfacet
facet normal 0 0 0
 outer loop
vertex 44.570594787597656 95.65055847167969 0
vertex 44.62679672241211 95.49348449707031 0
vertex 44.570594787597656 95.65055847167969 5
 endloop
endfacet
facet normal 0 0 0
 outer loop
vertex 44.62679672241211 95.49348449707031 0
vertex 44.62679672241211 95.49348449707031 5
vertex 44.570594787597656 95.65055847167969 5
 endloop
endfacet
facet normal 0 0 0
 outer loop
vertex 44.62679672241211 95.49348449707031 0
vertex 44.667335510253906 95.33164978027344 0
vertex 44.62679672241211 95.49348449707031 5
 endloop
endfacet
facet normal 0 0 0
 outer loop
vertex 44.667335510253906 95.33164978027344 0
vertex 44.667335510253906 95.33164978027344 5
vertex 44.62679672241211 95.49348449707031 5
 endloop
endfacet
facet normal 0 0 0
 outer loop
vertex 44.667335510253906 95.33164978027344 0
vertex 44.69181442260742 95.1666259765625 0
vertex 44.667335510253906 95.33164978027344 5
 endloop
endfacet
facet normal 0 0 0
 outer loop
vertex 44.69181442260742 95.1666259765625 0
vertex 44.69181442260742 95.1666259765625 5
vertex 44.667335510253906 95.33164978027344 5
 endloop
endfacet
facet normal 0 0 0
 outer loop
vertex 44.69181442260742 95.1666259765625 0
vertex 44.70000076293945 95 0
vertex 44.69181442260742 95.1666259765625 5
 endloop
endfacet
facet normal 0 0 0
 outer loop
vertex 44.70000076293945 95 0
vertex 44.70000076293945 95 5
vertex 44.69181442260742 95.1666259765625 5
 endloop
endfacet
facet normal 0 0 0
 outer loop
vertex -13.300000190734863 20 0
vertex -13.308185577392578 19.833370208740234 0
vertex -13.300000190734863 20 5
 endloop
endfacet
facet normal 0 0 0
 outer loop
vertex -13.308185577392578 19.833370208740234 0
vertex -13.308185577392578 19.833370208740234 5
vertex -13.300000190734863 20 5
 endloop
endfacet
facet normal 0 0 0
 outer loop
vertex -13.308185577392578 19.833370208740234 0
vertex -13.33266544342041 19.668346405029297 0
vertex -13.308185577392578 19.833370208740234 5
 endloop
endfacet
facet normal 0 0 0
 outer loop
vertex -13.33266544342041 19.668346405029297 0
vertex -13.33266544342041 19.668346405029297 5
vertex -13.308185577392578 19.833370208740234 5
 endloop
endfacet
facet normal 0 0 0
 outer loop
vertex -13.33266544342041 19.668346405029297 0
vertex -13.373201370239258 19.506515502929688 0
vertex -13.33266544342041 19.668346405029297 5
 endloop
endfacet
facet normal 0 0 0
 outer loop
vertex -13.373201370239258 19.506515502929688 0
vertex -13.373201370239258 19.506515502929688 5
vertex -13.33266544342041 19.668346405029297 5
 endloop
endfacet
facet normal 0 0 0
 outer loop
vertex -13.373201370239258 19.506515502929688 0
vertex -13.429405212402344 19.349437713623047 0
vertex -13.373201370239258 19.506515502929688 5
 endloop
endfacet
facet normal 0 0 0
 outer loop
vertex -13.429405212402344 19.349437713623047 0
vertex -13.429405212402344 19.349437713623047 5
vertex -13.373201370239258 19.506515502929688 5
 endloop
endfacet
facet normal 0 0 0
 outer loop
vertex -13.429405212402344 19.349437713623047 0
vertex -13.500733375549316 19.198625564575195 0
vertex -13.429405212402344 19.349437713623047 5
 endloop
endfacet
facet normal 0 0 0
 outer loop
vertex -13.500733375549316 19.198625564575195 0
vertex -13.500733375549316 19.198625564575195 5
vertex -13.429405212402344 19.349437713623047 5
 endloop
endfacet
facet normal 0 0 0
 outer loop
vertex -13.500733375549316 19.198625564575195 0
vertex -13.586502075195312 19.055530548095703 0
vertex -13.500733375549316 19.198625564575195 5
 endloop
endfacet
facet normal 0 0 0
 outer loop
vertex -13.586502075195312 19.055530548095703 0
vertex -13.586502075195312 19.055530548095703 5
vertex -13.500733375549316 19.198625564575195 5
 endloop
endfacet
facet normal 0 0 0
 outer loop
vertex -13.586502075195312 19.055530548095703 0
vertex -13.685882568359375 18.921531677246094 0
vertex -13.586502075195312 19.055530548095703 5
 endloop
endfacet
facet normal 0 0 0
 outer loop
vertex -13.685882568359375 18.921531677246094 0
vertex -13.685882568359375 18.921531677246094 5
vertex -13.586502075195312 19.055530548095703 5
 endloop
endfacet
facet normal 0 0 0
 outer loop
vertex -13.685882568359375 18.921531677246094 0
vertex -13.797918319702148 18.79791831970215 0
vertex -13.685882568359375 18.921531677246094 5
 endloop
endfacet
facet normal 0 0 0
 outer loop
vertex -13.797918319702148 18.79791831970215 0
vertex -13.797918319702148 18.79791831970215 5
vertex -13.685882568359375 18.921531677246094 5
 endloop
endfacet
facet normal 0 0 0
 outer loop
vertex -13.797918319702148 18.79791831970215 0
vertex -13.921531677246094 18.685882568359375 0
vertex -13.797918319702148 18.79791831970215 5
 endloop
endfacet
facet normal 0 0 0
 outer loop
vertex -13.921531677246094 18.685882568359375 0
vertex -13.921531677246094 18.685882568359375 5
vertex -13.797918319702148 18.79791831970215 5
 endloop
endfacet
facet normal 0 0 0
 outer loop
vertex -13.921531677246094 18.685882568359375 0
vertex -14.055530548095703 18.586502075195312 0
vertex -13.921531677246094 18.685882568359375 5
 endloop
endfacet
facet normal 0 0 0
 outer loop
vertex -14.055530548095703 18.586502075195312 0
vertex -14.055530548095703 18.586502075195312 5
vertex -13.921531677246094 18.685882568359375 5
 endloop
endfacet
facet normal 0 0 0
 outer loop
vertex -14.055530548095703 18.586502075195312 0
vertex -14.198625564575195 18.500734329223633 0
vertex -14.055530548095703 18.586502075195312 5
 endloop
endfacet
facet normal 0 0 0
 outer loop
vertex -14.198625564575195 18.500734329223633 0
vertex -14.198625564575195 18.500734329223633 5
vertex -14.055530548095703 18.586502075195312 5
 endloop
endfacet
facet normal 0 0 0
 outer loop
vertex -14.198625564575195 18.500734329223633 0
vertex -14.349437713623047 18.429405212402344 0
vertex -14.198625564575195 18.500734329223633 5
 endloop
endfacet
facet normal 0 0 0
 outer loop
vertex -14.349437713623047 18.429405212402344 0
vertex -14.349437713623047 18.429405212402344 5
vertex -14.198625564575195 18.500734329223633 5
 endloop
endfacet
facet normal 0 0 0
 outer loop
vertex -14.349437713623047 18.429405212402344 0
vertex -14.506516456604004 18.373201370239258 0
vertex -14.349437713623047 18.429405212402344 5
 endloop
endfacet
facet normal 0 0 0
 outer loop
vertex -14.506516456604004 18.373201370239258 0
vertex -14.506516456604004 18.373201370239258 5
vertex -14.349437713623047 18.429405212402344 5
 endloop
endfacet
facet normal 0 0 0
 outer loop
vertex -14.506516456604004 18.373201370239258 0
vertex -14.668346405029297 18.332664489746094 0
vertex -14.506516456604004 18.373201370239258 5
 endloop
endfacet
facet normal 0 0 0
 outer loop
vertex -14.668346405029297 18.332664489746094 0
vertex -14.668346405029297 18.332664489746094 5
vertex -14.506516456604004 18.373201370239258 5
 endloop
endfacet
facet normal 0 0 0
 outer loop
vertex -14.668346405029297 18.332664489746094 0
vertex -14.83337116241455 18.308185577392578 0
vertex -14.668346405029297 18.332664489746094 5
 endloop
endfacet
facet normal 0 0 0
 outer loop
vertex -14.83337116241455 18.308185577392578 0
vertex -14.83337116241455 18.308185577392578 5
vertex -14.668346405029297 18.332664489746094 5
 endloop
endfacet
facet normal 0 0 0
 outer loop
vertex -14.83337116241455 18.308185577392578 0
vertex -15 18.299999237060547 0
vertex -14.83337116241455 18.308185577392578 5
 endloop
endfacet
facet normal 0 0 0
 outer loop
vertex -15 18.299999237060547 0
vertex -15 18.299999237060547 5
vertex -14.83337116241455 18.308185577392578 5
 endloop
endfacet
facet normal 0 0 0
 outer loop
vertex -15 18.299999237060547 0
vertex -15.16662883758545 18.308185577392578 0
vertex -15 18.299999237060547 5
 endloop
endfacet
facet normal 0 0 0
 outer loop
vertex -15.16662883758545 18.308185577392578 0
vertex -15.16662883758545 18.308185577392578 5
vertex -15 18.299999237060547 5
 endloop
endfacet
facet normal 0 0 0
 outer loop
vertex -15.16662883758545 18.308185577392578 0
vertex -15.331653594970703 18.332664489746094 0
vertex -15.16662883758545 18.308185577392578 5
 endloop
endfacet
facet normal 0 0 0
 outer loop
vertex -15.331653594970703 18.332664489746094 0
vertex -15.331653594970703 18.332664489746094 5
vertex -15.16662883758545 18.308185577392578 5
 endloop
endfacet
facet normal 0 0 0
 outer loop
vertex -15.331653594970703 18.332664489746094 0
vertex -15.493483543395996 18.373201370239258 0
vertex -15.331653594970703 18.332664489746094 5
 endloop
endfacet
facet normal 0 0 0
 outer loop
vertex -15.493483543395996 18.373201370239258 0
vertex -15.493483543395996 18.373201370239258 5
vertex -15.331653594970703 18.332664489746094 5
 endloop
endfacet
facet normal 0 0 0
 outer loop
vertex -15.493483543395996 18.373201370239258 0
vertex -15.650562286376953 18.429405212402344 0
vertex -15.493483543395996 18.373201370239258 5
 endloop
endfacet
facet normal 0 0 0
 outer loop
vertex -15.650562286376953 18.429405212402344 0
vertex -15.650562286376953 18.429405212402344 5
vertex -15.493483543395996 18.373201370239258 5
 endloop
endfacet
facet normal 0 0 0
 outer loop
vertex -15.650562286376953 18.429405212402344 0
vertex -15.801374435424805 18.500734329223633 0
vertex -15.650562286376953 18.429405212402344 5
 endloop
endfacet
facet normal 0 0 0
 outer loop
vertex -15.801374435424805 18.500734329223633 0
vertex -15.801374435424805 18.500734329223633 5
vertex -15.650562286376953 18.429405212402344 5
 endloop
endfacet
facet normal 0 0 0
 outer loop
vertex -15.801374435424805 18.500734329223633 0
vertex -15.944469451904297 18.586502075195312 0
vertex -15.801374435424805 18.500734329223633 5
 endloop
endfacet
facet normal 0 0 0
 outer loop
vertex -15.944469451904297 18.586502075195312 0
vertex -15.944469451904297 18.586502075195312 5
vertex -15.801374435424805 18.500734329223633 5
 endloop
endfacet
facet normal 0 0 0
 outer loop
vertex -15.944469451904297 18.586502075195312 0
vertex -16.078468322753906 18.685882568359375 0
vertex -15.944469451904297 18.586502075195312 5
 endloop
endfacet
facet normal 0 0 0
 outer loop
vertex -16.078468322753906 18.685882568359375 0
vertex -16.078468322753906 18.685882568359375 5
vertex -15.944469451904297 18.586502075195312 5
 endloop
endfacet
facet normal 0 0 0
 outer loop
vertex -16.078468322753906 18.685882568359375 0
vertex -16.20208168029785 18.79791831970215 0
vertex -16.078468322753906 18.685882568359375 5
 endloop
endfacet
facet normal 0 0 0
 outer loop
vertex -16.20208168029785 18.79791831970215 0
vertex -16.20208168029785 18.79791831970215 5
vertex -16.078468322753906 18.685882568359375 5
 endloop
endfacet
facet normal 0 0 0
 outer loop
vertex -16.20208168029785 18.79791831970215 0
vertex -16.314117431640625 18.921531677246094 0
vertex -16.20208168029785 18.79791831970215 5
 endloop
endfacet
facet normal 0 0 0
 outer loop
vertex -16.314117431640625 18.921531677246094 0
vertex -16.314117431640625 18.921531677246094 5
vertex -16.20208168029785 18.79791831970215 5
 endloop
endfacet
facet normal 0 0 0
 outer loop
vertex -16.314117431640625 18.921531677246094 0
vertex -16.413497924804688 19.055530548095703 0
vertex -16.314117431640625 18.921531677246094 5
 endloop
endfacet
facet normal 0 0 0
 outer loop
vertex -16.413497924804688 19.055530548095703 0
vertex -16.413497924804688 19.055530548095703 5
vertex -16.314117431640625 18.921531677246094 5
 endloop
endfacet
facet normal 0 0 0
 outer loop
vertex -16.413497924804688 19.055530548095703 0
vertex -16.499265670776367 19.198625564575195 0
vertex -16.413497924804688 19.055530548095703 5
 endloop
endfacet
facet normal 0 0 0
 outer loop
vertex -16.499265670776367 19.198625564575195 0
vertex -16.499265670776367 19.198625564575195 5
vertex -16.413497924804688 19.055530548095703 5
 endloop
endfacet
facet normal 0 0 0
 outer loop
vertex -16.499265670776367 19.198625564575195 0
vertex -16.570594787597656 19.349437713623047 0
vertex -16.499265670776367 19.198625564575195 5
 endloop
endfacet
facet normal 0 0 0
 outer loop
vertex -16.570594787597656 19.349437713623047 0
vertex -16.570594787597656 19.349437713623047 5
vertex -16.499265670776367 19.198625564575195 5
 endloop
endfacet
facet normal 0 0 0
 outer loop
vertex -16.570594787597656 19.349437713623047 0
vertex -16.626798629760742 19.506515502929688 0
vertex -16.570594787597656 19.349437713623047 5
 endloop
endfacet
facet normal 0 0 0
 outer loop
vertex -16.626798629760742 19.506515502929688 0
vertex -16.626798629760742 19.506515502929688 5
vertex -16.570594787597656 19.349437713623047 5
 endloop
endfacet
facet normal 0 0 0
 outer loop
vertex -16.626798629760742 19.506515502929688 0
vertex -16.667335510253906 19.668346405029297 0
vertex -16.626798629760742 19.506515502929688 5
 endloop
endfacet
facet normal 0 0 0
 outer loop
vertex -16.667335510253906 19.668346405029297 0
vertex -16.667335510253906 19.668346405029297 5
vertex -16.626798629760742 19.506515502929688 5
 endloop
endfacet
facet normal 0 0 0
 outer loop
vertex -16.667335510253906 19.668346405029297 0
vertex -16.691814422607422 19.833370208740234 0
vertex -16.667335510253906 19.668346405029297 5
 endloop
endfacet
facet normal 0 0 0
 outer loop
vertex -16.691814422607422 19.833370208740234 0
vertex -16.691814422607422 19.833370208740234 5
vertex -16.667335510253906 19.668346405029297 5
 endloop
endfacet
facet normal 0 0 0
 outer loop
vertex -16.691814422607422 19.833370208740234 0
vertex -16.700000762939453 20 0
vertex -16.691814422607422 19.833370208740234 5
 endloop
endfacet
facet normal 0 0 0
 outer loop
vertex -16.700000762939453 20 0
vertex -16.700000762939453 20 5
vertex -16.691814422607422 19.833370208740234 5
 endloop
endfacet
facet normal 0 0 0
 outer loop
vertex -16.700000762939453 20 0
vertex -16.691814422607422 20.166629791259766 0
vertex -16.700000762939453 20 5
 endloop
endfacet
facet normal 0 0 0
 outer loop
vertex -16.691814422607422 20.166629791259766 0
vertex -16.691814422607422 20.166629791259766 5
vertex -16.700000762939453 20 5
 endloop
endfacet
facet normal 0 0 0
 outer loop
vertex -16.691814422607422 20.166629791259766 0
vertex -16.667335510253906 20.331653594970703 0
vertex -16.691814422607422 20.166629791259766 5
 endloop
endfacet
facet normal 0 0 0
 outer loop
vertex -16.667335510253906 20.331653594970703 0
vertex -16.667335510253906 20.331653594970703 5
vertex -16.691814422607422 20.166629791259766 5
 endloop
endfacet
facet normal 0 0 0
 outer loop
vertex -16.667335510253906 20.331653594970703 0
vertex -16.626798629760742 20.493484497070312 0
vertex -16.667335510253906 20.331653594970703 5
 endloop
endfacet
facet normal 0 0 0
 outer loop
vertex -16.626798629760742 20.493484497070312 0
vertex -16.626798629760742 20.493484497070312 5
vertex -16.667335510253906 20.331653594970703 5
 endloop
endfacet
facet normal 0 0 0
 outer loop
vertex -16.626798629760742 20.493484497070312 0
vertex -16.570594787597656 20.650562286376953 0
vertex -16.626798629760742 20.493484497070312 5
 endloop
endfacet
facet normal 0 0 0
 outer loop
vertex -16.570594787597656 20.650562286376953 0
vertex -16.570594787597656 20.650562286376953 5
vertex -16.626798629760742 20.493484497070312 5
 endloop
endfacet
facet normal 0 0 0
 outer loop
vertex -16.570594787597656 20.650562286376953 0
vertex -16.499265670776367 20.801374435424805 0
vertex -16.570594787597656 20.650562286376953 5
 endloop
endfacet
facet normal 0 0 0
 outer loop
vertex -16.499265670776367 20.801374435424805 0
vertex -16.499265670776367 20.801374435424805 5
vertex -16.570594787597656 20.650562286376953 5
 endloop
endfacet
facet normal 0 0 0
 outer loop
vertex -16.499265670776367 20.801374435424805 0
vertex -16.413497924804688 20.944469451904297 0
vertex -16.499265670776367 20.801374435424805 5
 endloop
endfacet
facet normal 0 0 0
 outer loop
vertex -16.413497924804688 20.944469451904297 0
vertex -16.413497924804688 20.944469451904297 5
vertex -16.499265670776367 20.801374435424805 5
 endloop
endfacet
facet normal 0 0 0
 outer loop
vertex -16.413497924804688 20.944469451904297 0
vertex -16.314117431640625 21.078468322753906 0
vertex -16.413497924804688 20.944469451904297 5
 endloop
endfacet
facet normal 0 0 0
 outer loop
vertex -16.314117431640625 21.078468322753906 0
vertex -16.314117431640625 21.078468322753906 5
vertex -16.413497924804688 20.944469451904297 5
 endloop
endfacet
facet normal 0 0 0
 outer loop
vertex -16.314117431640625 21.078468322753906 0
vertex -16.20208168029785 21.20208168029785 0
vertex -16.314117431640625 21.078468322753906 5
 endloop
endfacet
facet normal 0 0 0
 outer loop
vertex -16.20208168029785 21.20208168029785 0
vertex -16.20208168029785 21.20208168029785 5
vertex -16.314117431640625 21.078468322753906 5
 endloop
endfacet
facet normal 0 0 0
 outer loop
vertex -16.20208168029785 21.20208168029785 0
vertex -16.078468322753906 21.314117431640625 0
vertex -16.20208168029785 21.20208168029785 5
 endloop
endfacet
facet normal 0 0 0
 outer loop
vertex -16.078468322753906 21.314117431640625 0
vertex -16.078468322753906 21.314117431640625 5
vertex -16.20208168029785 21.20208168029785 5
 endloop
endfacet
facet normal 0 0 0
 outer loop
vertex -16.078468322753906 21.314117431640625 0
vertex -15.944469451904297 21.413497924804688 0
vertex -16.078468322753906 21.314117431640625 5
 endloop
endfacet
facet normal 0 0 0
 outer loop
vertex -15.944469451904297 21.413497924804688 0
vertex -15.944469451904297 21.413497924804688 5
vertex -16.078468322753906 21.314117431640625 5
 endloop
endfacet
facet normal 0 0 0
 outer loop
vertex -15.944469451904297 21.413497924804688 0
vertex -15.801374435424805 21.499265670776367 0
vertex -15.944469451904297 21.413497924804688 5
 endloop
endfacet
facet normal 0 0 0
 outer loop
vertex -15.801374435424805 21.499265670776367 0
vertex -15.801374435424805 21.499265670776367 5
vertex -15.944469451904297 21.413497924804688 5
 endloop
endfacet
facet normal 0 0 0
 outer loop
vertex -15.801374435424805 21.499265670776367 0
vertex -15.650562286376953 21.570594787597656 0
vertex -15.801374435424805 21.499265670776367 5
 endloop
endfacet
facet normal 0 0 0
 outer loop
vertex -15.650562286376953 21.570594787597656 0
vertex -15.650562286376953 21.570594787597656 5
vertex -15.801374435424805 21.499265670776367 5
 endloop
endfacet
facet normal 0 0 0
 outer loop
vertex -15.650562286376953 21.570594787597656 0
vertex -15.493483543395996 21.626798629760742 0
vertex -15.650562286376953 21.570594787597656 5
 endloop
endfacet
facet normal 0 0 0
 outer loop
vertex -15.493483543395996 21.626798629760742 0
vertex -15.493483543395996 21.626798629760742 5
vertex -15.650562286376953 21.570594787597656 5
 endloop
endfacet
facet normal 0 0 0
 outer loop
vertex -15.493483543395996 21.626798629760742 0
vertex -15.331653594970703 21.667335510253906 0
vertex -15.493483543395996 21.626798629760742 5
 endloop
endfacet
facet normal 0 0 0
 outer loop
vertex -15.331653594970703 21.667335510253906 0
vertex -15.331653594970703 21.667335510253906 5
vertex -15.493483543395996 21.626798629760742 5
 endloop
endfacet
facet normal 0 0 0
 outer loop
vertex -15.331653594970703 21.667335510253906 0
vertex -15.16662883758545 21.691814422607422 0
vertex -15.331653594970703 21.667335510253906 5
 endloop
endfacet
facet normal 0 0 0
 outer loop
vertex -15.16662883758545 21.691814422607422 0
vertex -15.16662883758545 21.691814422607422 5
vertex -15.331653594970703 21.667335510253906 5
 endloop
endfacet
facet normal 0 0 0
 outer loop
vertex -15.16662883758545 21.691814422607422 0
vertex -15 21.700000762939453 0
vertex -15.16662883758545 21.691814422607422 5
 endloop
endfacet
facet normal 0 0 0
 outer loop
vertex -15 21.700000762939453 0
vertex -15 21.700000762939453 5
vertex -15.16662883758545 21.691814422607422 5
 endloop
endfacet
facet normal 0 0 0
 outer loop
vertex -15 21.700000762939453 0
vertex -14.83337116241455 21.691814422607422 0
vertex -15 21.700000762939453 5
 endloop
endfacet
facet normal 0 0 0
 outer loop
vertex -14.83337116241455 21.691814422607422 0
vertex -14.83337116241455 21.691814422607422 5
vertex -15 21.700000762939453 5
 endloop
endfacet
facet normal 0 0 0
 outer loop
vertex -14.83337116241455 21.691814422607422 0
vertex -14.668346405029297 21.667335510253906 0
vertex -14.83337116241455 21.691814422607422 5
 endloop
endfacet
facet normal 0 0 0
 outer loop
vertex -14.668346405029297 21.667335510253906 0
vertex -14.668346405029297 21.667335510253906 5
vertex -14.83337116241455 21.691814422607422 5
 endloop
endfacet
facet normal 0 0 0
 outer loop
vertex -14.668346405029297 21.667335510253906 0
vertex -14.506516456604004 21.626798629760742 0
vertex -14.668346405029297 21.667335510253906 5
 endloop
endfacet
facet normal 0 0 0
 outer loop
vertex -14.506516456604004 21.626798629760742 0
vertex -14.506516456604004 21.626798629760742 5
vertex -14.668346405029297 21.667335510253906 5
 endloop
endfacet
facet normal 0 0 0
 outer loop
vertex -14.506516456604004 21.626798629760742 0
vertex -14.349437713623047 21.570594787597656 0
vertex -14.506516456604004 21.626798629760742 5
 endloop
endfacet
facet normal 0 0 0
 outer loop
vertex -14.349437713623047 21.570594787597656 0
vertex -14.349437713623047 21.570594787597656 5
vertex -14.506516456604004 21.626798629760742 5
 endloop
endfacet
facet normal 0 0 0
 outer loop
vertex -14.349437713623047 21.570594787597656 0
vertex -14.198625564575195 21.499265670776367 0
vertex -14.349437713623047 21.570594787597656 5
 endloop
endfacet
facet normal 0 0 0
 outer loop
vertex -14.198625564575195 21.499265670776367 0
vertex -14.198625564575195 21.499265670776367 5
vertex -14.349437713623047 21.570594787597656 5
 endloop
endfacet
facet normal 0 0 0
 outer loop
vertex -14.198625564575195 21.499265670776367 0
vertex -14.055530548095703 21.413497924804688 0
vertex -14.198625564575195 21.499265670776367 5
 endloop
endfacet
facet normal 0 0 0
 outer loop
vertex -14.055530548095703 21.413497924804688 0
vertex -14.055530548095703 21.413497924804688 5
vertex -14.198625564575195 21.499265670776367 5
 endloop
endfacet
facet normal 0 0 0
 outer loop
vertex -14.055530548095703 21.413497924804688 0
vertex -13.921531677246094 21.314117431640625 0
vertex -14.055530548095703 21.413497924804688 5
 endloop
endfacet
facet normal 0 0 0
 outer loop
vertex -13.921531677246094 21.314117431640625 0
vertex -13.921531677246094 21.314117431640625 5
vertex -14.055530548095703 21.413497924804688 5
 endloop
endfacet
facet normal 0 0 0
 outer loop
vertex -13.921531677246094 21.314117431640625 0
vertex -13.797918319702148 21.20208168029785 0
vertex -13.921531677246094 21.314117431640625 5
 endloop
endfacet
facet normal 0 0 0
 outer loop
vertex -13.797918319702148 21.20208168029785 0
vertex -13.797918319702148 21.20208168029785 5
vertex -13.921531677246094 21.314117431640625 5
 endloop
endfacet
facet normal 0 0 0
 outer loop
vertex -13.797918319702148 21.20208168029785 0
vertex -13.685882568359375 21.078468322753906 0
vertex -13.797918319702148 21.20208168029785 5
 endloop
endfacet
facet normal 0 0 0
 outer loop
vertex -13.685882568359375 21.078468322753906 0
vertex -13.685882568359375 21.078468322753906 5
vertex -13.797918319702148 21.20208168029785 5
 endloop
endfacet
facet normal 0 0 0
 outer loop
vertex -13.685882568359375 21.078468322753906 0
vertex -13.586502075195312 20.944469451904297 0
vertex -13.685882568359375 21.078468322753906 5
 endloop
endfacet
facet normal 0 0 0
 outer loop
vertex -13.586502075195312 20.944469451904297 0
vertex -13.586502075195312 20.944469451904297 5
vertex -13.685882568359375 21.078468322753906 5
 endloop
endfacet
facet normal 0 0 0
 outer loop
vertex -13.586502075195312 20.944469451904297 0
vertex -13.500733375549316 20.801374435424805 0
vertex -13.586502075195312 20.944469451904297 5
 endloop
endfacet
facet normal 0 0 0
 outer loop
vertex -13.500733375549316 20.801374435424805 0
vertex -13.500733375549316 20.801374435424805 5
vertex -13.586502075195312 20.944469451904297 5
 endloop
endfacet
facet normal 0 0 0
 outer loop
vertex -13.500733375549316 20.801374435424805 0
vertex -13.429405212402344 20.650562286376953 0
vertex -13.500733375549316 20.801374435424805 5
 endloop
endfacet
facet normal 0 0 0
 outer loop
vertex -13.429405212402344 20.650562286376953 0
vertex -13.429405212402344 20.650562286376953 5
vertex -13.500733375549316 20.801374435424805 5
 endloop
endfacet
facet normal 0 0 0
 outer loop
vertex -13.429405212402344 20.650562286376953 0
vertex -13.373201370239258 20.493484497070312 0
vertex -13.429405212402344 20.650562286376953 5
 endloop
endfacet
facet normal 0 0 0
 outer loop
vertex -13.373201370239258 20.493484497070312 0
vertex -13.373201370239258 20.493484497070312 5
vertex -13.429405212402344 20.650562286376953 5
 endloop
endfacet
facet normal 0 0 0
 outer loop
vertex -13.373201370239258 20.493484497070312 0
vertex -13.33266544342041 20.331653594970703 0
vertex -13.373201370239258 20.493484497070312 5
 endloop
endfacet
facet normal 0 0 0
 outer loop
vertex -13.33266544342041 20.331653594970703 0
vertex -13.33266544342041 20.331653594970703 5
vertex -13.373201370239258 20.493484497070312 5
 endloop
endfacet
facet normal 0 0 0
 outer loop
vertex -13.33266544342041 20.331653594970703 0
vertex -13.308185577392578 20.166629791259766 0
vertex -13.33266544342041 20.331653594970703 5
 endloop
endfacet
facet normal 0 0 0
 outer loop
vertex -13.308185577392578 20.166629791259766 0
vertex -13.308185577392578 20.166629791259766 5
vertex -13.33266544342041 20.331653594970703 5
 endloop
endfacet
facet normal 0 0 0
 outer loop
vertex -13.308185577392578 20.166629791259766 0
vertex -13.300000190734863 20 0
vertex -13.308185577392578 20.166629791259766 5
 endloop
endfacet
facet normal 0 0 0
 outer loop
vertex -13.300000190734863 20 0
vertex -13.300000190734863 20 5
vertex -13.308185577392578 20.166629791259766 5
 endloop
endfacet
facet normal 0 0 0
 outer loop
vertex 16.700000762939453 20 0
vertex 16.691814422607422 19.833370208740234 0
vertex 16.700000762939453 20 5
 endloop
endfacet
facet normal 0 0 0
 outer loop
vertex 16.691814422607422 19.833370208740234 0
vertex 16.691814422607422 19.833370208740234 5
vertex 16.700000762939453 20 5
 endloop
endfacet
facet normal 0 0 0
 outer loop
vertex 16.691814422607422 19.833370208740234 0
vertex 16.667335510253906 19.668346405029297 0
vertex 16.691814422607422 19.833370208740234 5
 endloop
endfacet
facet normal 0 0 0
 outer loop
vertex 16.667335510253906 19.668346405029297 0
vertex 16.667335510253906 19.668346405029297 5
vertex 16.691814422607422 19.833370208740234 5
 endloop
endfacet
facet normal 0 0 0
 outer loop
vertex 16.667335510253906 19.668346405029297 0
vertex 16.626798629760742 19.506515502929688 0
vertex 16.667335510253906 19.668346405029297 5
 endloop
endfacet
facet normal 0 0 0
 outer loop
vertex 16.626798629760742 19.506515502929688 0
vertex 16.626798629760742 19.506515502929688 5
vertex 16.667335510253906 19.668346405029297 5
 endloop
endfacet
facet normal 0 0 0
 outer loop
vertex 16.626798629760742 19.506515502929688 0
vertex 16.570594787597656 19.349437713623047 0
vertex 16.626798629760742 19.506515502929688 5
 endloop
endfacet
facet normal 0 0 0
 outer loop
vertex 16.570594787597656 19.349437713623047 0
vertex 16.570594787597656 19.349437713623047 5
vertex 16.626798629760742 19.506515502929688 5
 endloop
endfacet
facet normal 0 0 0
 outer loop
vertex 16.570594787597656 19.349437713623047 0
vertex 16.499265670776367 19.198625564575195 0
vertex 16.570594787597656 19.349437713623047 5
 endloop
endfacet
facet normal 0 0 0
 outer loop
vertex 16.499265670776367 19.198625564575195 0
vertex 16.499265670776367 19.198625564575195 5
vertex 16.570594787597656 19.349437713623047 5
 endloop
endfacet
facet normal 0 0 0
 outer loop
vertex 16.499265670776367 19.198625564575195 0
vertex 16.413497924804688 19.055530548095703 0
vertex 16.499265670776367 19.198625564575195 5
 endloop
endfacet
facet normal 0 0 0
 outer loop
vertex 16.413497924804688 19.055530548095703 0
vertex 16.413497924804688 19.055530548095703 5
vertex 16.499265670776367 19.198625564575195 5
 endloop
endfacet
facet normal 0 0 0
 outer loop
vertex 16.413497924804688 19.055530548095703 0
vertex 16.314117431640625 18.921531677246094 0
vertex 16.413497924804688 19.055530548095703 5
 endloop
endfacet
facet normal 0 0 0
 outer loop
vertex 16.314117431640625 18.921531677246094 0
vertex 16.314117431640625 18.921531677246094 5
vertex 16.413497924804688 19.055530548095703 5
 endloop
endfacet
facet normal 0 0 0
 outer loop
vertex 16.314117431640625 18.921531677246094 0
vertex 16.20208168029785 18.79791831970215 0
vertex 16.314117431640625 18.921531677246094 5
 endloop
endfacet
facet normal 0 0 0
 outer loop
vertex 16.20208168029785 18.79791831970215 0
vertex 16.20208168029785 18.79791831970215 5
vertex 16.314117431640625 18.921531677246094 5
 endloop
endfacet
facet normal 0 0 0
 outer loop
vertex 16.20208168029785 18.79791831970215 0
vertex 16.078468322753906 18.685882568359375 0
vertex 16.20208168029785 18.79791831970215 5
 endloop
endfacet
facet normal 0 0 0
 outer loop
vertex 16.078468322753906 18.685882568359375 0
vertex 16.078468322753906 18.685882568359375 5
vertex 16.20208168029785 18.79791831970215 5
 endloop
endfacet
facet normal 0 0 0
 outer loop
vertex 16.078468322753906 18.685882568359375 0
vertex 15.944469451904297 18.586502075195312 0
vertex 16.078468322753906 18.685882568359375 5
 endloop
endfacet
facet normal 0 0 0
 outer loop
vertex 15.944469451904297 18.586502075195312 0
vertex 15.944469451904297 18.586502075195312 5
vertex 16.078468322753906 18.685882568359375 5
 endloop
endfacet
facet normal 0 0 0
 outer loop
vertex 15.944469451904297 18.586502075195312 0
vertex 15.801374435424805 18.500734329223633 0
vertex 15.944469451904297 18.586502075195312 5
 endloop
endfacet
facet normal 0 0 0
 outer loop
vertex 15.801374435424805 18.500734329223633 0
vertex 15.801374435424805 18.500734329223633 5
vertex 15.944469451904297 18.586502075195312 5
 endloop
endfacet
facet normal 0 0 0
 outer loop
vertex 15.801374435424805 18.500734329223633 0
vertex 15.650562286376953 18.429405212402344 0
vertex 15.801374435424805 18.500734329223633 5
 endloop
endfacet
facet normal 0 0 0
 outer loop
vertex 15.650562286376953 18.429405212402344 0
vertex 15.650562286376953 18.429405212402344 5
vertex 15.801374435424805 18.500734329223633 5
 endloop
endfacet
facet normal 0 0 0
 outer loop
vertex 15.650562286376953 18.429405212402344 0
vertex 15.493483543395996 18.373201370239258 0
vertex 15.650562286376953 18.429405212402344 5
 endloop
endfacet
facet normal 0 0 0
 outer loop
vertex 15.493483543395996 18.373201370239258 0
vertex 15.493483543395996 18.373201370239258 5
vertex 15.650562286376953 18.429405212402344 5
 endloop
endfacet
facet normal 0 0 0
 outer loop
vertex 15.493483543395996 18.373201370239258 0
vertex 15.331653594970703 18.332664489746094 0
vertex 15.493483543395996 18.373201370239258 5
 endloop
endfacet
facet normal 0 0 0
 outer loop
vertex 15.331653594970703 18.332664489746094 0
vertex 15.331653594970703 18.332664489746094 5
vertex 15.493483543395996 18.373201370239258 5
 endloop
endfacet
facet normal 0 0 0
 outer loop
vertex 15.331653594970703 18.332664489746094 0
vertex 15.16662883758545 18.308185577392578 0
vertex 15.331653594970703 18.332664489746094 5
 endloop
endfacet
facet normal 0 0 0
 outer loop
vertex 15.16662883758545 18.308185577392578 0
vertex 15.16662883758545 18.308185577392578 5
vertex 15.331653594970703 18.332664489746094 5
 endloop
endfacet
facet normal 0 0 0
 outer loop
vertex 15.16662883758545 18.308185577392578 0
vertex 15 18.299999237060547 0
vertex 15.16662883758545 18.308185577392578 5
 endloop
endfacet
facet normal 0 0 0
 outer loop
vertex 15 18.299999237060547 0
vertex 15 18.299999237060547 5
vertex 15.16662883758545 18.308185577392578 5
 endloop
endfacet
facet normal 0 0 0
 outer loop
vertex 15 18.299999237060547 0
vertex 14.83337116241455 18.308185577392578 0
vertex 15 18.299999237060547 5
 endloop
endfacet
facet normal 0 0 0
 outer loop
vertex 14.83337116241455 18.308185577392578 0
vertex 14.83337116241455 18.308185577392578 5
vertex 15 18.299999237060547 5
 endloop
endfacet
facet normal 0 0 0
 outer loop
vertex 14.83337116241455 18.308185577392578 0
vertex 14.668346405029297 18.332664489746094 0
vertex 14.83337116241455 18.308185577392578 5
 endloop
endfacet
facet normal 0 0 0
 outer loop
vertex 14.668346405029297 18.332664489746094 0
vertex 14.668346405029297 18.332664489746094 5
vertex 14.83337116241455 18.308185577392578 5
 endloop
endfacet
facet normal 0 0 0
 outer loop
vertex 14.668346405029297 18.332664489746094 0
vertex 14.506516456604004 18.373201370239258 0
vertex 14.668346405029297 18.332664489746094 5
 endloop
endfacet
facet normal 0 0 0
 outer loop
vertex 14.506516456604004 18.373201370239258 0
vertex 14.506516456604004 18.373201370239258 5
vertex 14.668346405029297 18.332664489746094 5
 endloop
endfacet
facet normal 0 0 0
 outer loop
vertex 14.506516456604004 18.373201370239258 0
vertex 14.349437713623047 18.429405212402344 0
vertex 14.506516456604004 18.373201370239258 5
 endloop
endfacet
facet normal 0 0 0
 outer loop
vertex 14.349437713623047 18.429405212402344 0
vertex 14.349437713623047 18.429405212402344 5
vertex 14.506516456604004 18.373201370239258 5
 endloop
endfacet
facet normal 0 0 0
 outer loop
vertex 14.349437713623047 18.429405212402344 0
vertex 14.198625564575195 18.500734329223633 0
vertex 14.349437713623047 18.429405212402344 5
 endloop
endfacet
facet normal 0 0 0
 outer loop
vertex 14.198625564575195 18.500734329223633 0
vertex 14.198625564575195 18.500734329223633 5
vertex 14.349437713623047 18.429405212402344 5
 endloop
endfacet
facet normal 0 0 0
 outer loop
vertex 14.198625564575195 18.500734329223633 0
vertex 14.055530548095703 18.586502075195312 0
vertex 14.198625564575195 18.500734329223633 5
 endloop
endfacet
facet normal 0 0 0
 outer loop
vertex 14.055530548095703 18.586502075195312 0
vertex 14.055530548095703 18.586502075195312 5
vertex 14.198625564575195 18.500734329223633 5
 endloop
endfacet
facet normal 0 0 0
 outer loop
vertex 14.055530548095703 18.586502075195312 0
vertex 13.921531677246094 18.685882568359375 0
vertex 14.055530548095703 18.586502075195312 5
 endloop
endfacet
facet normal 0 0 0
 outer loop
vertex 13.921531677246094 18.685882568359375 0
vertex 13.921531677246094 18.685882568359375 5
vertex 14.055530548095703 18.586502075195312 5
 endloop
endfacet
facet normal 0 0 0
 outer loop
vertex 13.921531677246094 18.685882568359375 0
vertex 13.797918319702148 18.79791831970215 0
vertex 13.921531677246094 18.685882568359375 5
 endloop
endfacet
facet normal 0 0 0
 outer loop
vertex 13.797918319702148 18.79791831970215 0
vertex 13.797918319702148 18.79791831970215 5
vertex 13.921531677246094 18.685882568359375 5
 endloop
endfacet
facet normal 0 0 0
 outer loop
vertex 13.797918319702148 18.79791831970215 0
vertex 13.685882568359375 18.921531677246094 0
vertex 13.797918319702148 18.79791831970215 5
 endloop
endfacet
facet normal 0 0 0
 outer loop
vertex 13.685882568359375 18.921531677246094 0
vertex 13.685882568359375 18.921531677246094 5
vertex 13.797918319702148 18.79791831970215 5
 endloop
endfacet
facet normal 0 0 0
 outer loop
vertex 13.685882568359375 18.921531677246094 0
vertex 13.586502075195312 19.055530548095703 0
vertex 13.685882568359375 18.921531677246094 5
 endloop
endfacet
facet normal 0 0 0
 outer loop
vertex 13.586502075195312 19.055530548095703 0
vertex 13.586502075195312 19.055530548095703 5
vertex 13.685882568359375 18.921531677246094 5
 endloop
endfacet
facet normal 0 0 0
 outer loop
vertex 13.586502075195312 19.055530548095703 0
vertex 13.500733375549316 19.198625564575195 0
vertex 13.586502075195312 19.055530548095703 5
 endloop
endfacet
facet normal 0 0 0
 outer loop
vertex 13.500733375549316 19.198625564575195 0
vertex 13.500733375549316 19.198625564575195 5
vertex 13.586502075195312 19.055530548095703 5
 endloop
endfacet
facet normal 0 0 0
 outer loop
vertex 13.500733375549316 19.198625564575195 0
vertex 13.429405212402344 19.349437713623047 0
vertex 13.500733375549316 19.198625564575195 5
 endloop
endfacet
facet normal 0 0 0
 outer loop
vertex 13.429405212402344 19.349437713623047 0
vertex 13.429405212402344 19.349437713623047 5
vertex 13.500733375549316 19.198625564575195 5
 endloop
endfacet
facet normal 0 0 0
 outer loop
vertex 13.429405212402344 19.349437713623047 0
vertex 13.373201370239258 19.506515502929688 0
vertex 13.429405212402344 19.349437713623047 5
 endloop
endfacet
facet normal 0 0 0
 outer loop
vertex 13.373201370239258 19.506515502929688 0
vertex 13.373201370239258 19.506515502929688 5
vertex 13.429405212402344 19.349437713623047 5
 endloop
endfacet
facet normal 0 0 0
 outer loop
vertex 13.373201370239258 19.506515502929688 0
vertex 13.33266544342041 19.668346405029297 0
vertex 13.373201370239258 19.506515502929688 5
 endloop
endfacet
facet normal 0 0 0
 outer loop
vertex 13.33266544342041 19.668346405029297 0
vertex 13.33266544342041 19.668346405029297 5
vertex 13.373201370239258 19.506515502929688 5
 endloop
endfacet
facet normal 0 0 0
 outer loop
vertex 13.33266544342041 19.668346405029297 0
vertex 13.308185577392578 19.833370208740234 0
vertex 13.33266544342041 19.668346405029297 5
 endloop
endfacet
facet normal 0 0 0
 outer loop
vertex 13.308185577392578 19.833370208740234 0
vertex 13.308185577392578 19.833370208740234 5
vertex 13.33266544342041 19.668346405029297 5
 endloop
endfacet
facet normal 0 0 0
 outer loop
vertex 13.308185577392578 19.833370208740234 0
vertex 13.300000190734863 20 0
vertex 13.308185577392578 19.833370208740234 5
 endloop
endfacet
facet normal 0 0 0
 outer loop
vertex 13.300000190734863 20 0
vertex 13.300000190734863 20 5
vertex 13.308185577392578 19.833370208740234 5
 endloop
endfacet
facet normal 0 0 0
 outer loop
vertex 13.300000190734863 20 0
vertex 13.308185577392578 20.166629791259766 0
vertex 13.300000190734863 20 5
 endloop
endfacet
facet normal 0 0 0
 outer loop
vertex 13.308185577392578 20.166629791259766 0
vertex 13.308185577392578 20.166629791259766 5
vertex 13.300000190734863 20 5
 endloop
endfacet
facet normal 0 0 0
 outer loop
vertex 13.308185577392578 20.166629791259766 0
vertex 13.33266544342041 20.331653594970703 0
vertex 13.308185577392578 20.166629791259766 5
 endloop
endfacet
facet normal 0 0 0
 outer loop
vertex 13.33266544342041 20.331653594970703 0
vertex 13.33266544342041 20.331653594970703 5
vertex 13.308185577392578 20.166629791259766 5
 endloop
endfacet
facet normal 0 0 0
 outer loop
vertex 13.33266544342041 20.331653594970703 0
vertex 13.373201370239258 20.493484497070312 0
vertex 13.33266544342041 20.331653594970703 5
 endloop
endfacet
facet normal 0 0 0
 outer loop
vertex 13.373201370239258 20.493484497070312 0
vertex 13.373201370239258 20.493484497070312 5
vertex 13.33266544342041 20.331653594970703 5
 endloop
endfacet
facet normal 0 0 0
 outer loop
vertex 13.373201370239258 20.493484497070312 0
vertex 13.429405212402344 20.650562286376953 0
vertex 13.373201370239258 20.493484497070312 5
 endloop
endfacet
facet normal 0 0 0
 outer loop
vertex 13.429405212402344 20.650562286376953 0
vertex 13.429405212402344 20.650562286376953 5
vertex 13.373201370239258 20.493484497070312 5
 endloop
endfacet
facet normal 0 0 0
 outer loop
vertex 13.429405212402344 20.650562286376953 0
vertex 13.500733375549316 20.801374435424805 0
vertex 13.429405212402344 20.650562286376953 5
 endloop
endfacet
facet normal 0 0 0
 outer loop
vertex 13.500733375549316 20.801374435424805 0
vertex 13.500733375549316 20.801374435424805 5
vertex 13.429405212402344 20.650562286376953 5
 endloop
endfacet
facet normal 0 0 0
 outer loop
vertex 13.500733375549316 20.801374435424805 0
vertex 13.586502075195312 20.944469451904297 0
vertex 13.500733375549316 20.801374435424805 5
 endloop
endfacet
facet normal 0 0 0
 outer loop
vertex 13.586502075195312 20.944469451904297 0
vertex 13.586502075195312 20.944469451904297 5
vertex 13.500733375549316 20.801374435424805 5
 endloop
endfacet
facet normal 0 0 0
 outer loop
vertex 13.586502075195312 20.944469451904297 0
vertex 13.685882568359375 21.078468322753906 0
vertex 13.586502075195312 20.944469451904297 5
 endloop
endfacet
facet normal 0 0 0
 outer loop
vertex 13.685882568359375 21.078468322753906 0
vertex 13.685882568359375 21.078468322753906 5
vertex 13.586502075195312 20.944469451904297 5
 endloop
endfacet
facet normal 0 0 0
 outer loop
vertex 13.685882568359375 21.078468322753906 0
vertex 13.797918319702148 21.20208168029785 0
vertex 13.685882568359375 21.078468322753906 5
 endloop
endfacet
facet normal 0 0 0
 outer loop
vertex 13.797918319702148 21.20208168029785 0
vertex 13.797918319702148 21.20208168029785 5
vertex 13.685882568359375 21.078468322753906 5
 endloop
endfacet
facet normal 0 0 0
 outer loop
vertex 13.797918319702148 21.20208168029785 0
vertex 13.921531677246094 21.314117431640625 0
vertex 13.797918319702148 21.20208168029785 5
 endloop
endfacet
facet normal 0 0 0
 outer loop
vertex 13.921531677246094 21.314117431640625 0
vertex 13.921531677246094 21.314117431640625 5
vertex 13.797918319702148 21.20208168029785 5
 endloop
endfacet
facet normal 0 0 0
 outer loop
vertex 13.921531677246094 21.314117431640625 0
vertex 14.055530548095703 21.413497924804688 0
vertex 13.921531677246094 21.314117431640625 5
 endloop
endfacet
facet normal 0 0 0
 outer loop
vertex 14.055530548095703 21.413497924804688 0
vertex 14.055530548095703 21.413497924804688 5
vertex 13.921531677246094 21.314117431640625 5
 endloop
endfacet
facet normal 0 0 0
 outer loop
vertex 14.055530548095703 21.413497924804688 0
vertex 14.198625564575195 21.499265670776367 0
vertex 14.055530548095703 21.413497924804688 5
 endloop
endfacet
facet normal 0 0 0
 outer loop
vertex 14.198625564575195 21.499265670776367 0
vertex 14.198625564575195 21.499265670776367 5
vertex 14.055530548095703 21.413497924804688 5
 endloop
endfacet
facet normal 0 0 0
 outer loop
vertex 14.198625564575195 21.499265670776367 0
vertex 14.349437713623047 21.570594787597656 0
vertex 14.198625564575195 21.499265670776367 5
 endloop
endfacet
facet normal 0 0 0
 outer loop
vertex 14.349437713623047 21.570594787597656 0
vertex 14.349437713623047 21.570594787597656 5
vertex 14.198625564575195 21.499265670776367 5
 endloop
endfacet
facet normal 0 0 0
 outer loop
vertex 14.349437713623047 21.570594787597656 0
vertex 14.506516456604004 21.626798629760742 0
vertex 14.349437713623047 21.570594787597656 5
 endloop
endfacet
facet normal 0 0 0
 outer loop
vertex 14.506516456604004 21.626798629760742 0
vertex 14.506516456604004 21.626798629760742 5
vertex 14.349437713623047 21.570594787597656 5
 endloop
endfacet
facet normal 0 0 0
 outer loop
vertex 14.506516456604004 21.626798629760742 0
vertex 14.668346405029297 21.667335510253906 0
vertex 14.506516456604004 21.626798629760742 5
 endloop
endfacet
facet normal 0 0 0
 outer loop
vertex 14.668346405029297 21.667335510253906 0
vertex 14.668346405029297 21.667335510253906 5
vertex 14.506516456604004 21.626798629760742 5
 endloop
endfacet
facet normal 0 0 0
 outer loop
vertex 14.668346405029297 21.667335510253906 0
vertex 14.83337116241455 21.691814422607422 0
vertex 14.668346405029297 21.667335510253906 5
 endloop
endfacet
facet normal 0 0 0
 outer loop
vertex 14.83337116241455 21.691814422607422 0
vertex 14.83337116241455 21.691814422607422 5
vertex 14.668346405029297 21.667335510253906 5
 endloop
endfacet
facet normal 0 0 0
 outer loop
vertex 14.83337116241455 21.691814422607422 0
vertex 15 21.700000762939453 0
vertex 14.83337116241455 21.691814422607422 5
 endloop
endfacet
facet normal 0 0 0
 outer loop
vertex 15 21.700000762939453 0
vertex 15 21.700000762939453 5
vertex 14.83337116241455 21.691814422607422 5
 endloop
endfacet
facet normal 0 0 0
 outer loop
vertex 15 21.700000762939453 0
vertex 15.16662883758545 21.691814422607422 0
vertex 15 21.700000762939453 5
 endloop
endfacet
facet normal 0 0 0
 outer loop
vertex 15.16662883758545 21.691814422607422 0
vertex 15.16662883758545 21.691814422607422 5
vertex 15 21.700000762939453 5
 endloop
endfacet
facet normal 0 0 0
 outer loop
vertex 15.16662883758545 21.691814422607422 0
vertex 15.331653594970703 21.667335510253906 0
vertex 15.16662883758545 21.691814422607422 5
 endloop
endfacet
facet normal 0 0 0
 outer loop
vertex 15.331653594970703 21.667335510253906 0
vertex 15.331653594970703 21.667335510253906 5
vertex 15.16662883758545 21.691814422607422 5
 endloop
endfacet
facet normal 0 0 0
 outer loop
vertex 15.331653594970703 21.667335510253906 0
vertex 15.493483543395996 21.626798629760742 0
vertex 15.331653594970703 21.667335510253906 5
 endloop
endfacet
facet normal 0 0 0
 outer loop
vertex 15.493483543395996 21.626798629760742 0
vertex 15.493483543395996 21.626798629760742 5
vertex 15.331653594970703 21.667335510253906 5
 endloop
endfacet
facet normal 0 0 0
 outer loop
vertex 15.493483543395996 21.626798629760742 0
vertex 15.650562286376953 21.570594787597656 0
vertex 15.493483543395996 21.626798629760742 5
 endloop
endfacet
facet normal 0 0 0
 outer loop
vertex 15.650562286376953 21.570594787597656 0
vertex 15.650562286376953 21.570594787597656 5
vertex 15.493483543395996 21.626798629760742 5
 endloop
endfacet
facet normal 0 0 0
 outer loop
vertex 15.650562286376953 21.570594787597656 0
vertex 15.801374435424805 21.499265670776367 0
vertex 15.650562286376953 21.570594787597656 5
 endloop
endfacet
facet normal 0 0 0
 outer loop
vertex 15.801374435424805 21.499265670776367 0
vertex 15.801374435424805 21.499265670776367 5
vertex 15.650562286376953 21.570594787597656 5
 endloop
endfacet
facet normal 0 0 0
 outer loop
vertex 15.801374435424805 21.499265670776367 0
vertex 15.944469451904297 21.413497924804688 0
vertex 15.801374435424805 21.499265670776367 5
 endloop
endfacet
facet normal 0 0 0
 outer loop
vertex 15.944469451904297 21.413497924804688 0
vertex 15.944469451904297 21.413497924804688 5
vertex 15.801374435424805 21.499265670776367 5
 endloop
endfacet
facet normal 0 0 0
 outer loop
vertex 15.944469451904297 21.413497924804688 0
vertex 16.078468322753906 21.314117431640625 0
vertex 15.944469451904297 21.413497924804688 5
 endloop
endfacet
facet normal 0 0 0
 outer loop
vertex 16.078468322753906 21.314117431640625 0
vertex 16.078468322753906 21.314117431640625 5
vertex 15.944469451904297 21.413497924804688 5
 endloop
endfacet
facet normal 0 0 0
 outer loop
vertex 16.078468322753906 21.314117431640625 0
vertex 16.20208168029785 21.20208168029785 0
vertex 16.078468322753906 21.314117431640625 5
 endloop
endfacet
facet normal 0 0 0
 outer loop
vertex 16.20208168029785 21.20208168029785 0
vertex 16.20208168029785 21.20208168029785 5
vertex 16.078468322753906 21.314117431640625 5
 endloop
endfacet
facet normal 0 0 0
 outer loop
vertex 16.20208168029785 21.20208168029785 0
vertex 16.314117431640625 21.078468322753906 0
vertex 16.20208168029785 21.20208168029785 5
 endloop
endfacet
facet normal 0 0 0
 outer loop
vertex 16.314117431640625 21.078468322753906 0
vertex 16.314117431640625 21.078468322753906 5
vertex 16.20208168029785 21.20208168029785 5
 endloop
endfacet
facet normal 0 0 0
 outer loop
vertex 16.314117431640625 21.078468322753906 0
vertex 16.413497924804688 20.944469451904297 0
vertex 16.314117431640625 21.078468322753906 5
 endloop
endfacet
facet normal 0 0 0
 outer loop
vertex 16.413497924804688 20.944469451904297 0
vertex 16.413497924804688 20.944469451904297 5
vertex 16.314117431640625 21.078468322753906 5
 endloop
endfacet
facet normal 0 0 0
 outer loop
vertex 16.413497924804688 20.944469451904297 0
vertex 16.499265670776367 20.801374435424805 0
vertex 16.413497924804688 20.944469451904297 5
 endloop
endfacet
facet normal 0 0 0
 outer loop
vertex 16.499265670776367 20.801374435424805 0
vertex 16.499265670776367 20.801374435424805 5
vertex 16.413497924804688 20.944469451904297 5
 endloop
endfacet
facet normal 0 0 0
 outer loop
vertex 16.499265670776367 20.801374435424805 0
vertex 16.570594787597656 20.650562286376953 0
vertex 16.499265670776367 20.801374435424805 5
 endloop
endfacet
facet normal 0 0 0
 outer loop
vertex 16.570594787597656 20.650562286376953 0
vertex 16.570594787597656 20.650562286376953 5
vertex 16.499265670776367 20.801374435424805 5
 endloop
endfacet
facet normal 0 0 0
 outer loop
vertex 16.570594787597656 20.650562286376953 0
vertex 16.626798629760742 20.493484497070312 0
vertex 16.570594787597656 20.650562286376953 5
 endloop
endfacet
facet normal 0 0 0
 outer loop
vertex 16.626798629760742 20.493484497070312 0
vertex 16.626798629760742 20.493484497070312 5
vertex 16.570594787597656 20.650562286376953 5
 endloop
endfacet
facet normal 0 0 0
 outer loop
vertex 16.626798629760742 20.493484497070312 0
vertex 16.667335510253906 20.331653594970703 0
vertex 16.626798629760742 20.493484497070312 5
 endloop
endfacet
facet normal 0 0 0
 outer loop
vertex 16.667335510253906 20.331653594970703 0
vertex 16.667335510253906 20.331653594970703 5
vertex 16.626798629760742 20.493484497070312 5
 endloop
endfacet
facet normal 0 0 0
 outer loop
vertex 16.667335510253906 20.331653594970703 0
vertex 16.691814422607422 20.166629791259766 0
vertex 16.667335510253906 20.331653594970703 5
 endloop
endfacet
facet normal 0 0 0
 outer loop
vertex 16.691814422607422 20.166629791259766 0
vertex 16.691814422607422 20.166629791259766 5
vertex 16.667335510253906 20.331653594970703 5
 endloop
endfacet
facet normal 0 0 0
 outer loop
vertex 16.691814422607422 20.166629791259766 0
vertex 16.700000762939453 20 0
vertex 16.691814422607422 20.166629791259766 5
 endloop
endfacet
facet normal 0 0 0
 outer loop
vertex 16.700000762939453 20 0
vertex 16.700000762939453 20 5
vertex 16.691814422607422 20.166629791259766 5
 endloop
endfacet
endsolid systemedu
