solid systemedu
facet normal 0 0 0
 outer loop
vertex 11.308185577392578 10.16662883758545 0
vertex 11.300000190734863 10 0
vertex 1.649999976158142 10 0
 endloop
endfacet
facet normal 0 0 0
 outer loop
vertex 1.649999976158142 10 0
vertex 11.300000190734863 10 0
vertex 11.308185577392578 9.83337116241455 0
 endloop
endfacet
facet normal 0 0 0
 outer loop
vertex -11.399999618530273 10 0
vertex -1.649999976158142 10 0
vertex -1.642054796218872 9.838272094726562 0
 endloop
endfacet
facet normal 0 0 0
 outer loop
vertex -22 0 0
vertex -14.600000381469727 10 0
vertex -14.59229564666748 9.843173027038574 0
 endloop
endfacet
facet normal 0 0 0
 outer loop
vertex -14.600000381469727 10 0
vertex -22 0 0
vertex -22 20 0
 endloop
endfacet
facet normal 0 0 0
 outer loop
vertex -1.649999976158142 10 0
vertex -11.399999618530273 10 0
vertex -11.40770435333252 10.156826972961426 0
 endloop
endfacet
facet normal 0 0 0
 outer loop
vertex 11.308185577392578 10.16662883758545 0
vertex 1.649999976158142 10 0
vertex 1.642054796218872 10.161727905273438 0
 endloop
endfacet
facet normal 0 0 0
 outer loop
vertex 1.649999976158142 10 0
vertex 11.308185577392578 9.83337116241455 0
vertex 11.33266544342041 9.668346405029297 0
 endloop
endfacet
facet normal 0 0 0
 outer loop
vertex -11.399999618530273 10 0
vertex -1.642054796218872 9.838272094726562 0
vertex -1.618295669555664 9.6781005859375 0
 endloop
endfacet
facet normal 0 0 0
 outer loop
vertex -22 0 0
vertex -14.59229564666748 9.843173027038574 0
vertex -14.569256782531738 9.68785572052002 0
 endloop
endfacet
facet normal 0 0 0
 outer loop
vertex -14.59229564666748 10.156826972961426 0
vertex -14.600000381469727 10 0
vertex -22 20 0
 endloop
endfacet
facet normal 0 0 0
 outer loop
vertex -1.649999976158142 10 0
vertex -11.40770435333252 10.156826972961426 0
vertex -11.430743217468262 10.31214427947998 0
 endloop
endfacet
facet normal 0 0 0
 outer loop
vertex 11.308185577392578 10.16662883758545 0
vertex 1.642054796218872 10.161727905273438 0
vertex 1.618295669555664 10.3218994140625 0
 endloop
endfacet
facet normal 0 0 0
 outer loop
vertex 1.649999976158142 10 0
vertex 11.33266544342041 9.668346405029297 0
vertex 11.373201370239258 9.506516456604004 0
 endloop
endfacet
facet normal 0 0 0
 outer loop
vertex -11.399999618530273 10 0
vertex -1.618295669555664 9.6781005859375 0
vertex -1.5789515972137451 9.52103042602539 0
 endloop
endfacet
facet normal 0 0 0
 outer loop
vertex -22 0 0
vertex -14.569256782531738 9.68785572052002 0
vertex -14.53110408782959 9.535544395446777 0
 endloop
endfacet
facet normal 0 0 0
 outer loop
vertex -14.569256782531738 10.31214427947998 0
vertex -14.59229564666748 10.156826972961426 0
vertex -22 20 0
 endloop
endfacet
facet normal 0 0 0
 outer loop
vertex -1.649999976158142 10 0
vertex -11.430743217468262 10.31214427947998 0
vertex -11.46889591217041 10.464455604553223 0
 endloop
endfacet
facet normal 0 0 0
 outer loop
vertex 11.308185577392578 10.16662883758545 0
vertex 1.618295669555664 10.3218994140625 0
vertex 1.5789515972137451 10.47896957397461 0
 endloop
endfacet
facet normal 0 0 0
 outer loop
vertex 1.649999976158142 10 0
vertex 11.373201370239258 9.506516456604004 0
vertex 11.429405212402344 9.349437713623047 0
 endloop
endfacet
facet normal 0 0 0
 outer loop
vertex -11.399999618530273 10 0
vertex -1.5789515972137451 9.52103042602539 0
vertex -1.5244011878967285 9.368572235107422 0
 endloop
endfacet
facet normal 0 0 0
 outer loop
vertex -22 0 0
vertex -14.53110408782959 9.535544395446777 0
vertex -14.4782075881958 9.387706756591797 0
 endloop
endfacet
facet normal 0 0 0
 outer loop
vertex -14.53110408782959 10.464455604553223 0
vertex -14.569256782531738 10.31214427947998 0
vertex -22 20 0
 endloop
endfacet
facet normal 0 0 0
 outer loop
vertex -1.649999976158142 10 0
vertex -11.46889591217041 10.464455604553223 0
vertex -11.5217924118042 10.612293243408203 0
 endloop
endfacet
facet normal 0 0 0
 outer loop
vertex 11.308185577392578 10.16662883758545 0
vertex 1.5789515972137451 10.47896957397461 0
vertex 1.5244011878967285 10.631427764892578 0
 endloop
endfacet
facet normal 0 0 0
 outer loop
vertex 1.649999976158142 10 0
vertex 11.429405212402344 9.349437713623047 0
vertex 11.500733375549316 9.198625564575195 0
 endloop
endfacet
facet normal 0 0 0
 outer loop
vertex -11.399999618530273 10 0
vertex -1.5244011878967285 9.368572235107422 0
vertex -1.4551700353622437 9.222195625305176 0
 endloop
endfacet
facet normal 0 0 0
 outer loop
vertex -22 0 0
vertex -14.4782075881958 9.387706756591797 0
vertex -14.411073684692383 9.245765686035156 0
 endloop
endfacet
facet normal 0 0 0
 outer loop
vertex -14.4782075881958 10.612293243408203 0
vertex -14.53110408782959 10.464455604553223 0
vertex -22 20 0
 endloop
endfacet
facet normal 0 0 0
 outer loop
vertex -1.649999976158142 10 0
vertex -11.5217924118042 10.612293243408203 0
vertex -11.588926315307617 10.754234313964844 0
 endloop
endfacet
facet normal 0 0 0
 outer loop
vertex 11.308185577392578 10.16662883758545 0
vertex 1.5244011878967285 10.631427764892578 0
vertex 1.4551700353622437 10.777804374694824 0
 endloop
endfacet
facet normal 0 0 0
 outer loop
vertex 1.649999976158142 10 0
vertex 11.500733375549316 9.198625564575195 0
vertex 11.586502075195312 9.055530548095703 0
 endloop
endfacet
facet normal 0 0 0
 outer loop
vertex -11.399999618530273 10 0
vertex -1.4551700353622437 9.222195625305176 0
vertex -1.371924877166748 9.083309173583984 0
 endloop
endfacet
facet normal 0 0 0
 outer loop
vertex -22 0 0
vertex -14.411073684692383 9.245765686035156 0
vertex -14.330351829528809 9.111087799072266 0
 endloop
endfacet
facet normal 0 0 0
 outer loop
vertex -14.411073684692383 10.754234313964844 0
vertex -14.4782075881958 10.612293243408203 0
vertex -22 20 0
 endloop
endfacet
facet normal 0 0 0
 outer loop
vertex -1.649999976158142 10 0
vertex -11.588926315307617 10.754234313964844 0
vertex -11.669648170471191 10.888912200927734 0
 endloop
endfacet
facet normal 0 0 0
 outer loop
vertex 11.308185577392578 10.16662883758545 0
vertex 1.4551700353622437 10.777804374694824 0
vertex 1.371924877166748 10.916690826416016 0
 endloop
endfacet
facet normal 0 0 0
 outer loop
vertex 1.649999976158142 10 0
vertex 11.586502075195312 9.055530548095703 0
vertex 11.685882568359375 8.921531677246094 0
 endloop
endfacet
facet normal 0 0 0
 outer loop
vertex -11.399999618530273 10 0
vertex -1.371924877166748 9.083309173583984 0
vertex -1.2754672765731812 8.953250885009766 0
 endloop
endfacet
facet normal 0 0 0
 outer loop
vertex -22 0 0
vertex -14.330351829528809 9.111087799072266 0
vertex -14.23681640625 8.984971046447754 0
 endloop
endfacet
facet normal 0 0 0
 outer loop
vertex -14.330351829528809 10.888912200927734 0
vertex -14.411073684692383 10.754234313964844 0
vertex -22 20 0
 endloop
endfacet
facet normal 0 0 0
 outer loop
vertex -1.649999976158142 10 0
vertex -11.669648170471191 10.888912200927734 0
vertex -11.76318359375 11.015028953552246 0
 endloop
endfacet
facet normal 0 0 0
 outer loop
vertex 11.308185577392578 10.16662883758545 0
vertex 1.371924877166748 10.916690826416016 0
vertex 1.2754672765731812 11.046749114990234 0
 endloop
endfacet
facet normal 0 0 0
 outer loop
vertex 1.649999976158142 10 0
vertex 11.685882568359375 8.921531677246094 0
vertex 11.797918319702148 8.797918319702148 0
 endloop
endfacet
facet normal 0 0 0
 outer loop
vertex -11.399999618530273 10 0
vertex -1.2754672765731812 8.953250885009766 0
vertex -1.1667262315750122 8.833273887634277 0
 endloop
endfacet
facet normal 0 0 0
 outer loop
vertex -22 0 0
vertex -14.23681640625 8.984971046447754 0
vertex -14.131370544433594 8.868629455566406 0
 endloop
endfacet
facet normal 0 0 0
 outer loop
vertex -14.23681640625 11.015028953552246 0
vertex -14.330351829528809 10.888912200927734 0
vertex -22 20 0
 endloop
endfacet
facet normal 0 0 0
 outer loop
vertex -1.649999976158142 10 0
vertex -11.76318359375 11.015028953552246 0
vertex -11.868629455566406 11.131370544433594 0
 endloop
endfacet
facet normal 0 0 0
 outer loop
vertex 11.308185577392578 10.16662883758545 0
vertex 1.2754672765731812 11.046749114990234 0
vertex 1.1667262315750122 11.166726112365723 0
 endloop
endfacet
facet normal 0 0 0
 outer loop
vertex 1.649999976158142 10 0
vertex 11.797918319702148 8.797918319702148 0
vertex 11.921531677246094 8.685882568359375 0
 endloop
endfacet
facet normal 0 0 0
 outer loop
vertex -11.399999618530273 10 0
vertex -1.1667262315750122 8.833273887634277 0
vertex -1.0467488765716553 8.724533081054688 0
 endloop
endfacet
facet normal 0 0 0
 outer loop
vertex -22 0 0
vertex -14.131370544433594 8.868629455566406 0
vertex -14.015028953552246 8.76318359375 0
 endloop
endfacet
facet normal 0 0 0
 outer loop
vertex -14.131370544433594 11.131370544433594 0
vertex -14.23681640625 11.015028953552246 0
vertex -22 20 0
 endloop
endfacet
facet normal 0 0 0
 outer loop
vertex -1.649999976158142 10 0
vertex -11.868629455566406 11.131370544433594 0
vertex -11.984971046447754 11.23681640625 0
 endloop
endfacet
facet normal 0 0 0
 outer loop
vertex 11.308185577392578 10.16662883758545 0
vertex 1.1667262315750122 11.166726112365723 0
vertex 1.0467488765716553 11.275466918945312 0
 endloop
endfacet
facet normal 0 0 0
 outer loop
vertex 1.649999976158142 10 0
vertex 11.921531677246094 8.685882568359375 0
vertex 12.055530548095703 8.586502075195312 0
 endloop
endfacet
facet normal 0 0 0
 outer loop
vertex -11.399999618530273 10 0
vertex -1.0467488765716553 8.724533081054688 0
vertex -0.9166908860206604 8.62807559967041 0
 endloop
endfacet
facet normal 0 0 0
 outer loop
vertex -22 0 0
vertex -14.015028953552246 8.76318359375 0
vertex -13.888912200927734 8.669648170471191 0
 endloop
endfacet
facet normal 0 0 0
 outer loop
vertex -14.015028953552246 11.23681640625 0
vertex -14.131370544433594 11.131370544433594 0
vertex -22 20 0
 endloop
endfacet
facet normal 0 0 0
 outer loop
vertex -1.649999976158142 10 0
vertex -11.984971046447754 11.23681640625 0
vertex -12.111087799072266 11.330351829528809 0
 endloop
endfacet
facet normal 0 0 0
 outer loop
vertex 11.308185577392578 10.16662883758545 0
vertex 1.0467488765716553 11.275466918945312 0
vertex 0.9166908860206604 11.37192440032959 0
 endloop
endfacet
facet normal 0 0 0
 outer loop
vertex 1.649999976158142 10 0
vertex 12.055530548095703 8.586502075195312 0
vertex 12.198625564575195 8.500733375549316 0
 endloop
endfacet
facet normal 0 0 0
 outer loop
vertex -11.399999618530273 10 0
vertex -0.9166908860206604 8.62807559967041 0
vertex -0.7778046131134033 8.544830322265625 0
 endloop
endfacet
facet normal 0 0 0
 outer loop
vertex -22 0 0
vertex -13.888912200927734 8.669648170471191 0
vertex -13.754234313964844 8.588926315307617 0
 endloop
endfacet
facet normal 0 0 0
 outer loop
vertex -13.888912200927734 11.330351829528809 0
vertex -14.015028953552246 11.23681640625 0
vertex -22 20 0
 endloop
endfacet
facet normal 0 0 0
 outer loop
vertex -1.649999976158142 10 0
vertex -12.111087799072266 11.330351829528809 0
vertex -12.245765686035156 11.411073684692383 0
 endloop
endfacet
facet normal 0 0 0
 outer loop
vertex 11.308185577392578 10.16662883758545 0
vertex 0.9166908860206604 11.37192440032959 0
vertex 0.7778046131134033 11.455169677734375 0
 endloop
endfacet
facet normal 0 0 0
 outer loop
vertex 1.649999976158142 10 0
vertex 12.198625564575195 8.500733375549316 0
vertex 12.349437713623047 8.429405212402344 0
 endloop
endfacet
facet normal 0 0 0
 outer loop
vertex -11.399999618530273 10 0
vertex -0.7778046131134033 8.544830322265625 0
vertex -0.6314276456832886 8.475598335266113 0
 endloop
endfacet
facet normal 0 0 0
 outer loop
vertex -22 0 0
vertex -13.754234313964844 8.588926315307617 0
vertex -13.612293243408203 8.5217924118042 0
 endloop
endfacet
facet normal 0 0 0
 outer loop
vertex -13.754234313964844 11.411073684692383 0
vertex -13.888912200927734 11.330351829528809 0
vertex -22 20 0
 endloop
endfacet
facet normal 0 0 0
 outer loop
vertex -1.649999976158142 10 0
vertex -12.245765686035156 11.411073684692383 0
vertex -12.387706756591797 11.4782075881958 0
 endloop
endfacet
facet normal 0 0 0
 outer loop
vertex 11.308185577392578 10.16662883758545 0
vertex 0.7778046131134033 11.455169677734375 0
vertex 0.6314276456832886 11.524401664733887 0
 endloop
endfacet
facet normal 0 0 0
 outer loop
vertex 1.649999976158142 10 0
vertex 12.349437713623047 8.429405212402344 0
vertex 12.506516456604004 8.373201370239258 0
 endloop
endfacet
facet normal 0 0 0
 outer loop
vertex -11.399999618530273 10 0
vertex -0.6314276456832886 8.475598335266113 0
vertex -0.4789697229862213 8.421048164367676 0
 endloop
endfacet
facet normal 0 0 0
 outer loop
vertex -22 0 0
vertex -13.612293243408203 8.5217924118042 0
vertex -13.464455604553223 8.46889591217041 0
 endloop
endfacet
facet normal 0 0 0
 outer loop
vertex -13.612293243408203 11.4782075881958 0
vertex -13.754234313964844 11.411073684692383 0
vertex -22 20 0
 endloop
endfacet
facet normal 0 0 0
 outer loop
vertex -1.649999976158142 10 0
vertex -12.387706756591797 11.4782075881958 0
vertex -12.535544395446777 11.53110408782959 0
 endloop
endfacet
facet normal 0 0 0
 outer loop
vertex 11.308185577392578 10.16662883758545 0
vertex 0.6314276456832886 11.524401664733887 0
vertex 0.4789697229862213 11.578951835632324 0
 endloop
endfacet
facet normal 0 0 0
 outer loop
vertex 1.649999976158142 10 0
vertex 12.506516456604004 8.373201370239258 0
vertex 12.668346405029297 8.33266544342041 0
 endloop
endfacet
facet normal 0 0 0
 outer loop
vertex -11.399999618530273 10 0
vertex -0.4789697229862213 8.421048164367676 0
vertex -0.32189902663230896 8.381704330444336 0
 endloop
endfacet
facet normal 0 0 0
 outer loop
vertex -22 0 0
vertex -13.464455604553223 8.46889591217041 0
vertex -13.31214427947998 8.430743217468262 0
 endloop
endfacet
facet normal 0 0 0
 outer loop
vertex -13.464455604553223 11.53110408782959 0
vertex -13.612293243408203 11.4782075881958 0
vertex -22 20 0
 endloop
endfacet
facet normal 0 0 0
 outer loop
vertex -1.649999976158142 10 0
vertex -12.535544395446777 11.53110408782959 0
vertex -12.68785572052002 11.569256782531738 0
 endloop
endfacet
facet normal 0 0 0
 outer loop
vertex 11.308185577392578 10.16662883758545 0
vertex 0.4789697229862213 11.578951835632324 0
vertex 0.32189902663230896 11.618295669555664 0
 endloop
endfacet
facet normal 0 0 0
 outer loop
vertex 1.642054796218872 9.838272094726562 0
vertex 1.649999976158142 10 0
vertex 12.668346405029297 8.33266544342041 0
 endloop
endfacet
facet normal 0 0 0
 outer loop
vertex -11.399999618530273 10 0
vertex -0.32189902663230896 8.381704330444336 0
vertex -0.16172827780246735 8.357945442199707 0
 endloop
endfacet
facet normal 0 0 0
 outer loop
vertex -22 0 0
vertex -13.31214427947998 8.430743217468262 0
vertex -13.156826972961426 8.40770435333252 0
 endloop
endfacet
facet normal 0 0 0
 outer loop
vertex -13.31214427947998 11.569256782531738 0
vertex -13.464455604553223 11.53110408782959 0
vertex -22 20 0
 endloop
endfacet
facet normal 0 0 0
 outer loop
vertex -1.649999976158142 10 0
vertex -12.68785572052002 11.569256782531738 0
vertex -12.843173027038574 11.59229564666748 0
 endloop
endfacet
facet normal 0 0 0
 outer loop
vertex 11.308185577392578 10.16662883758545 0
vertex 0.32189902663230896 11.618295669555664 0
vertex 0.16172827780246735 11.642054557800293 0
 endloop
endfacet
facet normal 0 0 0
 outer loop
vertex 1.642054796218872 9.838272094726562 0
vertex 12.668346405029297 8.33266544342041 0
vertex 12.83337116241455 8.308185577392578 0
 endloop
endfacet
facet normal 0 0 0
 outer loop
vertex -11.40770435333252 9.843173027038574 0
vertex -11.399999618530273 10 0
vertex -0.16172827780246735 8.357945442199707 0
 endloop
endfacet
facet normal 0 0 0
 outer loop
vertex -22 0 0
vertex -13.156826972961426 8.40770435333252 0
vertex -13 8.399999618530273 0
 endloop
endfacet
facet normal 0 0 0
 outer loop
vertex -13.31214427947998 11.569256782531738 0
vertex -22 20 0
vertex 22 20 0
 endloop
endfacet
facet normal 0 0 0
 outer loop
vertex -1.642054796218872 10.161727905273438 0
vertex -1.649999976158142 10 0
vertex -12.843173027038574 11.59229564666748 0
 endloop
endfacet
facet normal 0 0 0
 outer loop
vertex 11.33266544342041 10.331653594970703 0
vertex 11.308185577392578 10.16662883758545 0
vertex 0.16172827780246735 11.642054557800293 0
 endloop
endfacet
facet normal 0 0 0
 outer loop
vertex 1.618295669555664 9.6781005859375 0
vertex 1.642054796218872 9.838272094726562 0
vertex 12.83337116241455 8.308185577392578 0
 endloop
endfacet
facet normal 0 0 0
 outer loop
vertex -11.430743217468262 9.68785572052002 0
vertex -11.40770435333252 9.843173027038574 0
vertex -0.16172827780246735 8.357945442199707 0
 endloop
endfacet
facet normal 0 0 0
 outer loop
vertex -22 0 0
vertex -13 8.399999618530273 0
vertex -12.843173027038574 8.40770435333252 0
 endloop
endfacet
facet normal 0 0 0
 outer loop
vertex -13.156826972961426 11.59229564666748 0
vertex -13.31214427947998 11.569256782531738 0
vertex 22 20 0
 endloop
endfacet
facet normal 0 0 0
 outer loop
vertex -1.618295669555664 10.3218994140625 0
vertex -1.642054796218872 10.161727905273438 0
vertex -12.843173027038574 11.59229564666748 0
 endloop
endfacet
facet normal 0 0 0
 outer loop
vertex 11.373201370239258 10.493483543395996 0
vertex 11.33266544342041 10.331653594970703 0
vertex 0.16172827780246735 11.642054557800293 0
 endloop
endfacet
facet normal 0 0 0
 outer loop
vertex 1.5789515972137451 9.52103042602539 0
vertex 1.618295669555664 9.6781005859375 0
vertex 12.83337116241455 8.308185577392578 0
 endloop
endfacet
facet normal 0 0 0
 outer loop
vertex -11.46889591217041 9.535544395446777 0
vertex -11.430743217468262 9.68785572052002 0
vertex -0.16172827780246735 8.357945442199707 0
 endloop
endfacet
facet normal 0 0 0
 outer loop
vertex -22 0 0
vertex -12.843173027038574 8.40770435333252 0
vertex -12.68785572052002 8.430743217468262 0
 endloop
endfacet
facet normal 0 0 0
 outer loop
vertex -13 11.600000381469727 0
vertex -13.156826972961426 11.59229564666748 0
vertex 22 20 0
 endloop
endfacet
facet normal 0 0 0
 outer loop
vertex -1.5789515972137451 10.47896957397461 0
vertex -1.618295669555664 10.3218994140625 0
vertex -12.843173027038574 11.59229564666748 0
 endloop
endfacet
facet normal 0 0 0
 outer loop
vertex 11.429405212402344 10.650562286376953 0
vertex 11.373201370239258 10.493483543395996 0
vertex 0.16172827780246735 11.642054557800293 0
 endloop
endfacet
facet normal 0 0 0
 outer loop
vertex 1.5244011878967285 9.368572235107422 0
vertex 1.5789515972137451 9.52103042602539 0
vertex 12.83337116241455 8.308185577392578 0
 endloop
endfacet
facet normal 0 0 0
 outer loop
vertex -11.5217924118042 9.387706756591797 0
vertex -11.46889591217041 9.535544395446777 0
vertex -0.16172827780246735 8.357945442199707 0
 endloop
endfacet
facet normal 0 0 0
 outer loop
vertex -22 0 0
vertex -12.68785572052002 8.430743217468262 0
vertex -12.535544395446777 8.46889591217041 0
 endloop
endfacet
facet normal 0 0 0
 outer loop
vertex -12.843173027038574 11.59229564666748 0
vertex -13 11.600000381469727 0
vertex 22 20 0
 endloop
endfacet
facet normal 0 0 0
 outer loop
vertex -1.5244011878967285 10.631427764892578 0
vertex -1.5789515972137451 10.47896957397461 0
vertex -12.843173027038574 11.59229564666748 0
 endloop
endfacet
facet normal 0 0 0
 outer loop
vertex 11.500733375549316 10.801374435424805 0
vertex 11.429405212402344 10.650562286376953 0
vertex 0.16172827780246735 11.642054557800293 0
 endloop
endfacet
facet normal 0 0 0
 outer loop
vertex 1.4551700353622437 9.222195625305176 0
vertex 1.5244011878967285 9.368572235107422 0
vertex 12.83337116241455 8.308185577392578 0
 endloop
endfacet
facet normal 0 0 0
 outer loop
vertex -11.588926315307617 9.245765686035156 0
vertex -11.5217924118042 9.387706756591797 0
vertex -0.16172827780246735 8.357945442199707 0
 endloop
endfacet
facet normal 0 0 0
 outer loop
vertex -22 0 0
vertex -12.535544395446777 8.46889591217041 0
vertex -12.387706756591797 8.5217924118042 0
 endloop
endfacet
facet normal 0 0 0
 outer loop
vertex -1.4551700353622437 10.777804374694824 0
vertex -1.5244011878967285 10.631427764892578 0
vertex -12.843173027038574 11.59229564666748 0
 endloop
endfacet
facet normal 0 0 0
 outer loop
vertex 11.586502075195312 10.944469451904297 0
vertex 11.500733375549316 10.801374435424805 0
vertex 0.16172827780246735 11.642054557800293 0
 endloop
endfacet
facet normal 0 0 0
 outer loop
vertex 1.371924877166748 9.083309173583984 0
vertex 1.4551700353622437 9.222195625305176 0
vertex 12.83337116241455 8.308185577392578 0
 endloop
endfacet
facet normal 0 0 0
 outer loop
vertex -11.669648170471191 9.111087799072266 0
vertex -11.588926315307617 9.245765686035156 0
vertex -0.16172827780246735 8.357945442199707 0
 endloop
endfacet
facet normal 0 0 0
 outer loop
vertex -22 0 0
vertex -12.387706756591797 8.5217924118042 0
vertex -12.245765686035156 8.588926315307617 0
 endloop
endfacet
facet normal 0 0 0
 outer loop
vertex -1.371924877166748 10.916690826416016 0
vertex -1.4551700353622437 10.777804374694824 0
vertex -12.843173027038574 11.59229564666748 0
 endloop
endfacet
facet normal 0 0 0
 outer loop
vertex 11.685882568359375 11.078468322753906 0
vertex 11.586502075195312 10.944469451904297 0
vertex 0.16172827780246735 11.642054557800293 0
 endloop
endfacet
facet normal 0 0 0
 outer loop
vertex 1.2754672765731812 8.953250885009766 0
vertex 1.371924877166748 9.083309173583984 0
vertex 12.83337116241455 8.308185577392578 0
 endloop
endfacet
facet normal 0 0 0
 outer loop
vertex -11.76318359375 8.984971046447754 0
vertex -11.669648170471191 9.111087799072266 0
vertex -0.16172827780246735 8.357945442199707 0
 endloop
endfacet
facet normal 0 0 0
 outer loop
vertex -22 0 0
vertex -12.245765686035156 8.588926315307617 0
vertex -12.111087799072266 8.669648170471191 0
 endloop
endfacet
facet normal 0 0 0
 outer loop
vertex -1.2754672765731812 11.046749114990234 0
vertex -1.371924877166748 10.916690826416016 0
vertex -12.843173027038574 11.59229564666748 0
 endloop
endfacet
facet normal 0 0 0
 outer loop
vertex 11.685882568359375 11.078468322753906 0
vertex 0.16172827780246735 11.642054557800293 0
vertex -3.031000728537719e-16 11.649999618530273 0
 endloop
endfacet
facet normal 0 0 0
 outer loop
vertex 1.1667262315750122 8.833273887634277 0
vertex 1.2754672765731812 8.953250885009766 0
vertex 12.83337116241455 8.308185577392578 0
 endloop
endfacet
facet normal 0 0 0
 outer loop
vertex -11.868629455566406 8.868629455566406 0
vertex -11.76318359375 8.984971046447754 0
vertex -0.16172827780246735 8.357945442199707 0
 endloop
endfacet
facet normal 0 0 0
 outer loop
vertex -22 0 0
vertex -12.111087799072266 8.669648170471191 0
vertex -11.984971046447754 8.76318359375 0
 endloop
endfacet
facet normal 0 0 0
 outer loop
vertex -1.1667262315750122 11.166726112365723 0
vertex -1.2754672765731812 11.046749114990234 0
vertex -12.843173027038574 11.59229564666748 0
 endloop
endfacet
facet normal 0 0 0
 outer loop
vertex 11.797918319702148 11.202081680297852 0
vertex 11.685882568359375 11.078468322753906 0
vertex -3.031000728537719e-16 11.649999618530273 0
 endloop
endfacet
facet normal 0 0 0
 outer loop
vertex 1.1667262315750122 8.833273887634277 0
vertex 12.83337116241455 8.308185577392578 0
vertex 13 8.300000190734863 0
 endloop
endfacet
facet normal 0 0 0
 outer loop
vertex -11.868629455566406 8.868629455566406 0
vertex -0.16172827780246735 8.357945442199707 0
vertex 1.010333620295539e-16 8.350000381469727 0
 endloop
endfacet
facet normal 0 0 0
 outer loop
vertex 22 0 0
vertex -22 0 0
vertex -11.984971046447754 8.76318359375 0
 endloop
endfacet
facet normal 0 0 0
 outer loop
vertex -1.0467488765716553 11.275466918945312 0
vertex -1.1667262315750122 11.166726112365723 0
vertex -12.843173027038574 11.59229564666748 0
 endloop
endfacet
facet normal 0 0 0
 outer loop
vertex 11.921531677246094 11.314117431640625 0
vertex 11.797918319702148 11.202081680297852 0
vertex -3.031000728537719e-16 11.649999618530273 0
 endloop
endfacet
facet normal 0 0 0
 outer loop
vertex 1.0467488765716553 8.724533081054688 0
vertex 1.1667262315750122 8.833273887634277 0
vertex 13 8.300000190734863 0
 endloop
endfacet
facet normal 0 0 0
 outer loop
vertex -11.984971046447754 8.76318359375 0
vertex -11.868629455566406 8.868629455566406 0
vertex 1.010333620295539e-16 8.350000381469727 0
 endloop
endfacet
facet normal 0 0 0
 outer loop
vertex -0.9166908860206604 11.37192440032959 0
vertex -1.0467488765716553 11.275466918945312 0
vertex -12.843173027038574 11.59229564666748 0
 endloop
endfacet
facet normal 0 0 0
 outer loop
vertex 12.055530548095703 11.413497924804688 0
vertex 11.921531677246094 11.314117431640625 0
vertex -3.031000728537719e-16 11.649999618530273 0
 endloop
endfacet
facet normal 0 0 0
 outer loop
vertex 0.9166908860206604 8.62807559967041 0
vertex 1.0467488765716553 8.724533081054688 0
vertex 13 8.300000190734863 0
 endloop
endfacet
facet normal 0 0 0
 outer loop
vertex 22 0 0
vertex -11.984971046447754 8.76318359375 0
vertex 1.010333620295539e-16 8.350000381469727 0
 endloop
endfacet
facet normal 0 0 0
 outer loop
vertex -0.7778046131134033 11.455169677734375 0
vertex -0.9166908860206604 11.37192440032959 0
vertex -12.843173027038574 11.59229564666748 0
 endloop
endfacet
facet normal 0 0 0
 outer loop
vertex 12.198625564575195 11.499266624450684 0
vertex 12.055530548095703 11.413497924804688 0
vertex -3.031000728537719e-16 11.649999618530273 0
 endloop
endfacet
facet normal 0 0 0
 outer loop
vertex 0.7778046131134033 8.544830322265625 0
vertex 0.9166908860206604 8.62807559967041 0
vertex 13 8.300000190734863 0
 endloop
endfacet
facet normal 0 0 0
 outer loop
vertex 22 0 0
vertex 1.010333620295539e-16 8.350000381469727 0
vertex 0.16172827780246735 8.357945442199707 0
 endloop
endfacet
facet normal 0 0 0
 outer loop
vertex -0.6314276456832886 11.524401664733887 0
vertex -0.7778046131134033 11.455169677734375 0
vertex -12.843173027038574 11.59229564666748 0
 endloop
endfacet
facet normal 0 0 0
 outer loop
vertex 12.349437713623047 11.570594787597656 0
vertex 12.198625564575195 11.499266624450684 0
vertex -3.031000728537719e-16 11.649999618530273 0
 endloop
endfacet
facet normal 0 0 0
 outer loop
vertex 0.6314276456832886 8.475598335266113 0
vertex 0.7778046131134033 8.544830322265625 0
vertex 13 8.300000190734863 0
 endloop
endfacet
facet normal 0 0 0
 outer loop
vertex 22 0 0
vertex 0.16172827780246735 8.357945442199707 0
vertex 0.32189902663230896 8.381704330444336 0
 endloop
endfacet
facet normal 0 0 0
 outer loop
vertex -0.6314276456832886 11.524401664733887 0
vertex -12.843173027038574 11.59229564666748 0
vertex 22 20 0
 endloop
endfacet
facet normal 0 0 0
 outer loop
vertex 12.506516456604004 11.626798629760742 0
vertex 12.349437713623047 11.570594787597656 0
vertex -3.031000728537719e-16 11.649999618530273 0
 endloop
endfacet
facet normal 0 0 0
 outer loop
vertex 0.4789697229862213 8.421048164367676 0
vertex 0.6314276456832886 8.475598335266113 0
vertex 13 8.300000190734863 0
 endloop
endfacet
facet normal 0 0 0
 outer loop
vertex 22 0 0
vertex 0.32189902663230896 8.381704330444336 0
vertex 0.4789697229862213 8.421048164367676 0
 endloop
endfacet
facet normal 0 0 0
 outer loop
vertex -0.4789697229862213 11.578951835632324 0
vertex -0.6314276456832886 11.524401664733887 0
vertex 22 20 0
 endloop
endfacet
facet normal 0 0 0
 outer loop
vertex 12.668346405029297 11.66733455657959 0
vertex 12.506516456604004 11.626798629760742 0
vertex -3.031000728537719e-16 11.649999618530273 0
 endloop
endfacet
facet normal 0 0 0
 outer loop
vertex 22 0 0
vertex 0.4789697229862213 8.421048164367676 0
vertex 13 8.300000190734863 0
 endloop
endfacet
facet normal 0 0 0
 outer loop
vertex -0.32189902663230896 11.618295669555664 0
vertex -0.4789697229862213 11.578951835632324 0
vertex 22 20 0
 endloop
endfacet
facet normal 0 0 0
 outer loop
vertex 12.83337116241455 11.691814422607422 0
vertex 12.668346405029297 11.66733455657959 0
vertex -3.031000728537719e-16 11.649999618530273 0
 endloop
endfacet
facet normal 0 0 0
 outer loop
vertex 22 0 0
vertex 13 8.300000190734863 0
vertex 13.16662883758545 8.308185577392578 0
 endloop
endfacet
facet normal 0 0 0
 outer loop
vertex -0.16172827780246735 11.642054557800293 0
vertex -0.32189902663230896 11.618295669555664 0
vertex 22 20 0
 endloop
endfacet
facet normal 0 0 0
 outer loop
vertex 13 11.699999809265137 0
vertex 12.83337116241455 11.691814422607422 0
vertex -3.031000728537719e-16 11.649999618530273 0
 endloop
endfacet
facet normal 0 0 0
 outer loop
vertex 22 0 0
vertex 13.16662883758545 8.308185577392578 0
vertex 13.331653594970703 8.33266544342041 0
 endloop
endfacet
facet normal 0 0 0
 outer loop
vertex -3.031000728537719e-16 11.649999618530273 0
vertex -0.16172827780246735 11.642054557800293 0
vertex 22 20 0
 endloop
endfacet
facet normal 0 0 0
 outer loop
vertex 22 0 0
vertex 13.331653594970703 8.33266544342041 0
vertex 13.493483543395996 8.373201370239258 0
 endloop
endfacet
facet normal 0 0 0
 outer loop
vertex 13 11.699999809265137 0
vertex -3.031000728537719e-16 11.649999618530273 0
vertex 22 20 0
 endloop
endfacet
facet normal 0 0 0
 outer loop
vertex 22 0 0
vertex 13.493483543395996 8.373201370239258 0
vertex 13.650562286376953 8.429405212402344 0
 endloop
endfacet
facet normal 0 0 0
 outer loop
vertex 13.16662883758545 11.691814422607422 0
vertex 13 11.699999809265137 0
vertex 22 20 0
 endloop
endfacet
facet normal 0 0 0
 outer loop
vertex 22 0 0
vertex 13.650562286376953 8.429405212402344 0
vertex 13.801374435424805 8.500733375549316 0
 endloop
endfacet
facet normal 0 0 0
 outer loop
vertex 13.331653594970703 11.66733455657959 0
vertex 13.16662883758545 11.691814422607422 0
vertex 22 20 0
 endloop
endfacet
facet normal 0 0 0
 outer loop
vertex 22 0 0
vertex 13.801374435424805 8.500733375549316 0
vertex 13.944469451904297 8.586502075195312 0
 endloop
endfacet
facet normal 0 0 0
 outer loop
vertex 13.493483543395996 11.626798629760742 0
vertex 13.331653594970703 11.66733455657959 0
vertex 22 20 0
 endloop
endfacet
facet normal 0 0 0
 outer loop
vertex 22 0 0
vertex 13.944469451904297 8.586502075195312 0
vertex 14.078468322753906 8.685882568359375 0
 endloop
endfacet
facet normal 0 0 0
 outer loop
vertex 13.650562286376953 11.570594787597656 0
vertex 13.493483543395996 11.626798629760742 0
vertex 22 20 0
 endloop
endfacet
facet normal 0 0 0
 outer loop
vertex 22 0 0
vertex 14.078468322753906 8.685882568359375 0
vertex 14.202081680297852 8.797918319702148 0
 endloop
endfacet
facet normal 0 0 0
 outer loop
vertex 13.801374435424805 11.499266624450684 0
vertex 13.650562286376953 11.570594787597656 0
vertex 22 20 0
 endloop
endfacet
facet normal 0 0 0
 outer loop
vertex 22 0 0
vertex 14.202081680297852 8.797918319702148 0
vertex 14.314117431640625 8.921531677246094 0
 endloop
endfacet
facet normal 0 0 0
 outer loop
vertex 13.944469451904297 11.413497924804688 0
vertex 13.801374435424805 11.499266624450684 0
vertex 22 20 0
 endloop
endfacet
facet normal 0 0 0
 outer loop
vertex 22 0 0
vertex 14.314117431640625 8.921531677246094 0
vertex 14.413497924804688 9.055530548095703 0
 endloop
endfacet
facet normal 0 0 0
 outer loop
vertex 14.078468322753906 11.314117431640625 0
vertex 13.944469451904297 11.413497924804688 0
vertex 22 20 0
 endloop
endfacet
facet normal 0 0 0
 outer loop
vertex 22 0 0
vertex 14.413497924804688 9.055530548095703 0
vertex 14.499266624450684 9.198625564575195 0
 endloop
endfacet
facet normal 0 0 0
 outer loop
vertex 14.202081680297852 11.202081680297852 0
vertex 14.078468322753906 11.314117431640625 0
vertex 22 20 0
 endloop
endfacet
facet normal 0 0 0
 outer loop
vertex 22 0 0
vertex 14.499266624450684 9.198625564575195 0
vertex 14.570594787597656 9.349437713623047 0
 endloop
endfacet
facet normal 0 0 0
 outer loop
vertex 14.314117431640625 11.078468322753906 0
vertex 14.202081680297852 11.202081680297852 0
vertex 22 20 0
 endloop
endfacet
facet normal 0 0 0
 outer loop
vertex 22 0 0
vertex 14.570594787597656 9.349437713623047 0
vertex 14.626798629760742 9.506516456604004 0
 endloop
endfacet
facet normal 0 0 0
 outer loop
vertex 14.413497924804688 10.944469451904297 0
vertex 14.314117431640625 11.078468322753906 0
vertex 22 20 0
 endloop
endfacet
facet normal 0 0 0
 outer loop
vertex 22 0 0
vertex 14.626798629760742 9.506516456604004 0
vertex 14.66733455657959 9.668346405029297 0
 endloop
endfacet
facet normal 0 0 0
 outer loop
vertex 14.413497924804688 10.944469451904297 0
vertex 22 20 0
vertex 22 0 0
 endloop
endfacet
facet normal 0 0 0
 outer loop
vertex 22 0 0
vertex 14.66733455657959 9.668346405029297 0
vertex 14.691814422607422 9.83337116241455 0
 endloop
endfacet
facet normal 0 0 0
 outer loop
vertex 14.499266624450684 10.801374435424805 0
vertex 14.413497924804688 10.944469451904297 0
vertex 22 0 0
 endloop
endfacet
facet normal 0 0 0
 outer loop
vertex 22 0 0
vertex 14.691814422607422 9.83337116241455 0
vertex 14.699999809265137 10 0
 endloop
endfacet
facet normal 0 0 0
 outer loop
vertex 14.570594787597656 10.650562286376953 0
vertex 14.499266624450684 10.801374435424805 0
vertex 22 0 0
 endloop
endfacet
facet normal 0 0 0
 outer loop
vertex 22 0 0
vertex 14.699999809265137 10 0
vertex 14.691814422607422 10.16662883758545 0
 endloop
endfacet
facet normal 0 0 0
 outer loop
vertex 14.626798629760742 10.493483543395996 0
vertex 14.570594787597656 10.650562286376953 0
vertex 22 0 0
 endloop
endfacet
facet normal 0 0 0
 outer loop
vertex 22 0 0
vertex 14.691814422607422 10.16662883758545 0
vertex 14.66733455657959 10.331653594970703 0
 endloop
endfacet
facet normal 0 0 0
 outer loop
vertex 14.66733455657959 10.331653594970703 0
vertex 14.626798629760742 10.493483543395996 0
vertex 22 0 0
 endloop
endfacet
facet normal 0 0 0
 outer loop
vertex 1.649999976158142 10 4
vertex 11.300000190734863 10 4
vertex 11.308185577392578 10.16662883758545 4
 endloop
endfacet
facet normal 0 0 0
 outer loop
vertex 11.308185577392578 9.83337116241455 4
vertex 11.300000190734863 10 4
vertex 1.649999976158142 10 4
 endloop
endfacet
facet normal 0 0 0
 outer loop
vertex -1.642054796218872 9.838272094726562 4
vertex -1.649999976158142 10 4
vertex -11.399999618530273 10 4
 endloop
endfacet
facet normal 0 0 0
 outer loop
vertex -14.59229564666748 9.843173027038574 4
vertex -14.600000381469727 10 4
vertex -22 0 4
 endloop
endfacet
facet normal 0 0 0
 outer loop
vertex -22 20 4
vertex -22 0 4
vertex -14.600000381469727 10 4
 endloop
endfacet
facet normal 0 0 0
 outer loop
vertex -11.40770435333252 10.156826972961426 4
vertex -11.399999618530273 10 4
vertex -1.649999976158142 10 4
 endloop
endfacet
facet normal 0 0 0
 outer loop
vertex 1.642054796218872 10.161727905273438 4
vertex 1.649999976158142 10 4
vertex 11.308185577392578 10.16662883758545 4
 endloop
endfacet
facet normal 0 0 0
 outer loop
vertex 11.33266544342041 9.668346405029297 4
vertex 11.308185577392578 9.83337116241455 4
vertex 1.649999976158142 10 4
 endloop
endfacet
facet normal 0 0 0
 outer loop
vertex -1.618295669555664 9.6781005859375 4
vertex -1.642054796218872 9.838272094726562 4
vertex -11.399999618530273 10 4
 endloop
endfacet
facet normal 0 0 0
 outer loop
vertex -14.569256782531738 9.68785572052002 4
vertex -14.59229564666748 9.843173027038574 4
vertex -22 0 4
 endloop
endfacet
facet normal 0 0 0
 outer loop
vertex -22 20 4
vertex -14.600000381469727 10 4
vertex -14.59229564666748 10.156826972961426 4
 endloop
endfacet
facet normal 0 0 0
 outer loop
vertex -11.430743217468262 10.31214427947998 4
vertex -11.40770435333252 10.156826972961426 4
vertex -1.649999976158142 10 4
 endloop
endfacet
facet normal 0 0 0
 outer loop
vertex 1.618295669555664 10.3218994140625 4
vertex 1.642054796218872 10.161727905273438 4
vertex 11.308185577392578 10.16662883758545 4
 endloop
endfacet
facet normal 0 0 0
 outer loop
vertex 11.373201370239258 9.506516456604004 4
vertex 11.33266544342041 9.668346405029297 4
vertex 1.649999976158142 10 4
 endloop
endfacet
facet normal 0 0 0
 outer loop
vertex -1.5789515972137451 9.52103042602539 4
vertex -1.618295669555664 9.6781005859375 4
vertex -11.399999618530273 10 4
 endloop
endfacet
facet normal 0 0 0
 outer loop
vertex -14.53110408782959 9.535544395446777 4
vertex -14.569256782531738 9.68785572052002 4
vertex -22 0 4
 endloop
endfacet
facet normal 0 0 0
 outer loop
vertex -22 20 4
vertex -14.59229564666748 10.156826972961426 4
vertex -14.569256782531738 10.31214427947998 4
 endloop
endfacet
facet normal 0 0 0
 outer loop
vertex -11.46889591217041 10.464455604553223 4
vertex -11.430743217468262 10.31214427947998 4
vertex -1.649999976158142 10 4
 endloop
endfacet
facet normal 0 0 0
 outer loop
vertex 1.5789515972137451 10.47896957397461 4
vertex 1.618295669555664 10.3218994140625 4
vertex 11.308185577392578 10.16662883758545 4
 endloop
endfacet
facet normal 0 0 0
 outer loop
vertex 11.429405212402344 9.349437713623047 4
vertex 11.373201370239258 9.506516456604004 4
vertex 1.649999976158142 10 4
 endloop
endfacet
facet normal 0 0 0
 outer loop
vertex -1.5244011878967285 9.368572235107422 4
vertex -1.5789515972137451 9.52103042602539 4
vertex -11.399999618530273 10 4
 endloop
endfacet
facet normal 0 0 0
 outer loop
vertex -14.4782075881958 9.387706756591797 4
vertex -14.53110408782959 9.535544395446777 4
vertex -22 0 4
 endloop
endfacet
facet normal 0 0 0
 outer loop
vertex -22 20 4
vertex -14.569256782531738 10.31214427947998 4
vertex -14.53110408782959 10.464455604553223 4
 endloop
endfacet
facet normal 0 0 0
 outer loop
vertex -11.5217924118042 10.612293243408203 4
vertex -11.46889591217041 10.464455604553223 4
vertex -1.649999976158142 10 4
 endloop
endfacet
facet normal 0 0 0
 outer loop
vertex 1.5244011878967285 10.631427764892578 4
vertex 1.5789515972137451 10.47896957397461 4
vertex 11.308185577392578 10.16662883758545 4
 endloop
endfacet
facet normal 0 0 0
 outer loop
vertex 11.500733375549316 9.198625564575195 4
vertex 11.429405212402344 9.349437713623047 4
vertex 1.649999976158142 10 4
 endloop
endfacet
facet normal 0 0 0
 outer loop
vertex -1.4551700353622437 9.222195625305176 4
vertex -1.5244011878967285 9.368572235107422 4
vertex -11.399999618530273 10 4
 endloop
endfacet
facet normal 0 0 0
 outer loop
vertex -14.411073684692383 9.245765686035156 4
vertex -14.4782075881958 9.387706756591797 4
vertex -22 0 4
 endloop
endfacet
facet normal 0 0 0
 outer loop
vertex -22 20 4
vertex -14.53110408782959 10.464455604553223 4
vertex -14.4782075881958 10.612293243408203 4
 endloop
endfacet
facet normal 0 0 0
 outer loop
vertex -11.588926315307617 10.754234313964844 4
vertex -11.5217924118042 10.612293243408203 4
vertex -1.649999976158142 10 4
 endloop
endfacet
facet normal 0 0 0
 outer loop
vertex 1.4551700353622437 10.777804374694824 4
vertex 1.5244011878967285 10.631427764892578 4
vertex 11.308185577392578 10.16662883758545 4
 endloop
endfacet
facet normal 0 0 0
 outer loop
vertex 11.586502075195312 9.055530548095703 4
vertex 11.500733375549316 9.198625564575195 4
vertex 1.649999976158142 10 4
 endloop
endfacet
facet normal 0 0 0
 outer loop
vertex -1.371924877166748 9.083309173583984 4
vertex -1.4551700353622437 9.222195625305176 4
vertex -11.399999618530273 10 4
 endloop
endfacet
facet normal 0 0 0
 outer loop
vertex -14.330351829528809 9.111087799072266 4
vertex -14.411073684692383 9.245765686035156 4
vertex -22 0 4
 endloop
endfacet
facet normal 0 0 0
 outer loop
vertex -22 20 4
vertex -14.4782075881958 10.612293243408203 4
vertex -14.411073684692383 10.754234313964844 4
 endloop
endfacet
facet normal 0 0 0
 outer loop
vertex -11.669648170471191 10.888912200927734 4
vertex -11.588926315307617 10.754234313964844 4
vertex -1.649999976158142 10 4
 endloop
endfacet
facet normal 0 0 0
 outer loop
vertex 1.371924877166748 10.916690826416016 4
vertex 1.4551700353622437 10.777804374694824 4
vertex 11.308185577392578 10.16662883758545 4
 endloop
endfacet
facet normal 0 0 0
 outer loop
vertex 11.685882568359375 8.921531677246094 4
vertex 11.586502075195312 9.055530548095703 4
vertex 1.649999976158142 10 4
 endloop
endfacet
facet normal 0 0 0
 outer loop
vertex -1.2754672765731812 8.953250885009766 4
vertex -1.371924877166748 9.083309173583984 4
vertex -11.399999618530273 10 4
 endloop
endfacet
facet normal 0 0 0
 outer loop
vertex -14.23681640625 8.984971046447754 4
vertex -14.330351829528809 9.111087799072266 4
vertex -22 0 4
 endloop
endfacet
facet normal 0 0 0
 outer loop
vertex -22 20 4
vertex -14.411073684692383 10.754234313964844 4
vertex -14.330351829528809 10.888912200927734 4
 endloop
endfacet
facet normal 0 0 0
 outer loop
vertex -11.76318359375 11.015028953552246 4
vertex -11.669648170471191 10.888912200927734 4
vertex -1.649999976158142 10 4
 endloop
endfacet
facet normal 0 0 0
 outer loop
vertex 1.2754672765731812 11.046749114990234 4
vertex 1.371924877166748 10.916690826416016 4
vertex 11.308185577392578 10.16662883758545 4
 endloop
endfacet
facet normal 0 0 0
 outer loop
vertex 11.797918319702148 8.797918319702148 4
vertex 11.685882568359375 8.921531677246094 4
vertex 1.649999976158142 10 4
 endloop
endfacet
facet normal 0 0 0
 outer loop
vertex -1.1667262315750122 8.833273887634277 4
vertex -1.2754672765731812 8.953250885009766 4
vertex -11.399999618530273 10 4
 endloop
endfacet
facet normal 0 0 0
 outer loop
vertex -14.131370544433594 8.868629455566406 4
vertex -14.23681640625 8.984971046447754 4
vertex -22 0 4
 endloop
endfacet
facet normal 0 0 0
 outer loop
vertex -22 20 4
vertex -14.330351829528809 10.888912200927734 4
vertex -14.23681640625 11.015028953552246 4
 endloop
endfacet
facet normal 0 0 0
 outer loop
vertex -11.868629455566406 11.131370544433594 4
vertex -11.76318359375 11.015028953552246 4
vertex -1.649999976158142 10 4
 endloop
endfacet
facet normal 0 0 0
 outer loop
vertex 1.1667262315750122 11.166726112365723 4
vertex 1.2754672765731812 11.046749114990234 4
vertex 11.308185577392578 10.16662883758545 4
 endloop
endfacet
facet normal 0 0 0
 outer loop
vertex 11.921531677246094 8.685882568359375 4
vertex 11.797918319702148 8.797918319702148 4
vertex 1.649999976158142 10 4
 endloop
endfacet
facet normal 0 0 0
 outer loop
vertex -1.0467488765716553 8.724533081054688 4
vertex -1.1667262315750122 8.833273887634277 4
vertex -11.399999618530273 10 4
 endloop
endfacet
facet normal 0 0 0
 outer loop
vertex -14.015028953552246 8.76318359375 4
vertex -14.131370544433594 8.868629455566406 4
vertex -22 0 4
 endloop
endfacet
facet normal 0 0 0
 outer loop
vertex -22 20 4
vertex -14.23681640625 11.015028953552246 4
vertex -14.131370544433594 11.131370544433594 4
 endloop
endfacet
facet normal 0 0 0
 outer loop
vertex -11.984971046447754 11.23681640625 4
vertex -11.868629455566406 11.131370544433594 4
vertex -1.649999976158142 10 4
 endloop
endfacet
facet normal 0 0 0
 outer loop
vertex 1.0467488765716553 11.275466918945312 4
vertex 1.1667262315750122 11.166726112365723 4
vertex 11.308185577392578 10.16662883758545 4
 endloop
endfacet
facet normal 0 0 0
 outer loop
vertex 12.055530548095703 8.586502075195312 4
vertex 11.921531677246094 8.685882568359375 4
vertex 1.649999976158142 10 4
 endloop
endfacet
facet normal 0 0 0
 outer loop
vertex -0.9166908860206604 8.62807559967041 4
vertex -1.0467488765716553 8.724533081054688 4
vertex -11.399999618530273 10 4
 endloop
endfacet
facet normal 0 0 0
 outer loop
vertex -13.888912200927734 8.669648170471191 4
vertex -14.015028953552246 8.76318359375 4
vertex -22 0 4
 endloop
endfacet
facet normal 0 0 0
 outer loop
vertex -22 20 4
vertex -14.131370544433594 11.131370544433594 4
vertex -14.015028953552246 11.23681640625 4
 endloop
endfacet
facet normal 0 0 0
 outer loop
vertex -12.111087799072266 11.330351829528809 4
vertex -11.984971046447754 11.23681640625 4
vertex -1.649999976158142 10 4
 endloop
endfacet
facet normal 0 0 0
 outer loop
vertex 0.9166908860206604 11.37192440032959 4
vertex 1.0467488765716553 11.275466918945312 4
vertex 11.308185577392578 10.16662883758545 4
 endloop
endfacet
facet normal 0 0 0
 outer loop
vertex 12.198625564575195 8.500733375549316 4
vertex 12.055530548095703 8.586502075195312 4
vertex 1.649999976158142 10 4
 endloop
endfacet
facet normal 0 0 0
 outer loop
vertex -0.7778046131134033 8.544830322265625 4
vertex -0.9166908860206604 8.62807559967041 4
vertex -11.399999618530273 10 4
 endloop
endfacet
facet normal 0 0 0
 outer loop
vertex -13.754234313964844 8.588926315307617 4
vertex -13.888912200927734 8.669648170471191 4
vertex -22 0 4
 endloop
endfacet
facet normal 0 0 0
 outer loop
vertex -22 20 4
vertex -14.015028953552246 11.23681640625 4
vertex -13.888912200927734 11.330351829528809 4
 endloop
endfacet
facet normal 0 0 0
 outer loop
vertex -12.245765686035156 11.411073684692383 4
vertex -12.111087799072266 11.330351829528809 4
vertex -1.649999976158142 10 4
 endloop
endfacet
facet normal 0 0 0
 outer loop
vertex 0.7778046131134033 11.455169677734375 4
vertex 0.9166908860206604 11.37192440032959 4
vertex 11.308185577392578 10.16662883758545 4
 endloop
endfacet
facet normal 0 0 0
 outer loop
vertex 12.349437713623047 8.429405212402344 4
vertex 12.198625564575195 8.500733375549316 4
vertex 1.649999976158142 10 4
 endloop
endfacet
facet normal 0 0 0
 outer loop
vertex -0.6314276456832886 8.475598335266113 4
vertex -0.7778046131134033 8.544830322265625 4
vertex -11.399999618530273 10 4
 endloop
endfacet
facet normal 0 0 0
 outer loop
vertex -13.612293243408203 8.5217924118042 4
vertex -13.754234313964844 8.588926315307617 4
vertex -22 0 4
 endloop
endfacet
facet normal 0 0 0
 outer loop
vertex -22 20 4
vertex -13.888912200927734 11.330351829528809 4
vertex -13.754234313964844 11.411073684692383 4
 endloop
endfacet
facet normal 0 0 0
 outer loop
vertex -12.387706756591797 11.4782075881958 4
vertex -12.245765686035156 11.411073684692383 4
vertex -1.649999976158142 10 4
 endloop
endfacet
facet normal 0 0 0
 outer loop
vertex 0.6314276456832886 11.524401664733887 4
vertex 0.7778046131134033 11.455169677734375 4
vertex 11.308185577392578 10.16662883758545 4
 endloop
endfacet
facet normal 0 0 0
 outer loop
vertex 12.506516456604004 8.373201370239258 4
vertex 12.349437713623047 8.429405212402344 4
vertex 1.649999976158142 10 4
 endloop
endfacet
facet normal 0 0 0
 outer loop
vertex -0.4789697229862213 8.421048164367676 4
vertex -0.6314276456832886 8.475598335266113 4
vertex -11.399999618530273 10 4
 endloop
endfacet
facet normal 0 0 0
 outer loop
vertex -13.464455604553223 8.46889591217041 4
vertex -13.612293243408203 8.5217924118042 4
vertex -22 0 4
 endloop
endfacet
facet normal 0 0 0
 outer loop
vertex -22 20 4
vertex -13.754234313964844 11.411073684692383 4
vertex -13.612293243408203 11.4782075881958 4
 endloop
endfacet
facet normal 0 0 0
 outer loop
vertex -12.535544395446777 11.53110408782959 4
vertex -12.387706756591797 11.4782075881958 4
vertex -1.649999976158142 10 4
 endloop
endfacet
facet normal 0 0 0
 outer loop
vertex 0.4789697229862213 11.578951835632324 4
vertex 0.6314276456832886 11.524401664733887 4
vertex 11.308185577392578 10.16662883758545 4
 endloop
endfacet
facet normal 0 0 0
 outer loop
vertex 12.668346405029297 8.33266544342041 4
vertex 12.506516456604004 8.373201370239258 4
vertex 1.649999976158142 10 4
 endloop
endfacet
facet normal 0 0 0
 outer loop
vertex -0.32189902663230896 8.381704330444336 4
vertex -0.4789697229862213 8.421048164367676 4
vertex -11.399999618530273 10 4
 endloop
endfacet
facet normal 0 0 0
 outer loop
vertex -13.31214427947998 8.430743217468262 4
vertex -13.464455604553223 8.46889591217041 4
vertex -22 0 4
 endloop
endfacet
facet normal 0 0 0
 outer loop
vertex -22 20 4
vertex -13.612293243408203 11.4782075881958 4
vertex -13.464455604553223 11.53110408782959 4
 endloop
endfacet
facet normal 0 0 0
 outer loop
vertex -12.68785572052002 11.569256782531738 4
vertex -12.535544395446777 11.53110408782959 4
vertex -1.649999976158142 10 4
 endloop
endfacet
facet normal 0 0 0
 outer loop
vertex 0.32189902663230896 11.618295669555664 4
vertex 0.4789697229862213 11.578951835632324 4
vertex 11.308185577392578 10.16662883758545 4
 endloop
endfacet
facet normal 0 0 0
 outer loop
vertex 12.668346405029297 8.33266544342041 4
vertex 1.649999976158142 10 4
vertex 1.642054796218872 9.838272094726562 4
 endloop
endfacet
facet normal 0 0 0
 outer loop
vertex -0.16172827780246735 8.357945442199707 4
vertex -0.32189902663230896 8.381704330444336 4
vertex -11.399999618530273 10 4
 endloop
endfacet
facet normal 0 0 0
 outer loop
vertex -13.156826972961426 8.40770435333252 4
vertex -13.31214427947998 8.430743217468262 4
vertex -22 0 4
 endloop
endfacet
facet normal 0 0 0
 outer loop
vertex -22 20 4
vertex -13.464455604553223 11.53110408782959 4
vertex -13.31214427947998 11.569256782531738 4
 endloop
endfacet
facet normal 0 0 0
 outer loop
vertex -12.843173027038574 11.59229564666748 4
vertex -12.68785572052002 11.569256782531738 4
vertex -1.649999976158142 10 4
 endloop
endfacet
facet normal 0 0 0
 outer loop
vertex 0.16172827780246735 11.642054557800293 4
vertex 0.32189902663230896 11.618295669555664 4
vertex 11.308185577392578 10.16662883758545 4
 endloop
endfacet
facet normal 0 0 0
 outer loop
vertex 12.83337116241455 8.308185577392578 4
vertex 12.668346405029297 8.33266544342041 4
vertex 1.642054796218872 9.838272094726562 4
 endloop
endfacet
facet normal 0 0 0
 outer loop
vertex -0.16172827780246735 8.357945442199707 4
vertex -11.399999618530273 10 4
vertex -11.40770435333252 9.843173027038574 4
 endloop
endfacet
facet normal 0 0 0
 outer loop
vertex -13 8.399999618530273 4
vertex -13.156826972961426 8.40770435333252 4
vertex -22 0 4
 endloop
endfacet
facet normal 0 0 0
 outer loop
vertex 22 20 4
vertex -22 20 4
vertex -13.31214427947998 11.569256782531738 4
 endloop
endfacet
facet normal 0 0 0
 outer loop
vertex -12.843173027038574 11.59229564666748 4
vertex -1.649999976158142 10 4
vertex -1.642054796218872 10.161727905273438 4
 endloop
endfacet
facet normal 0 0 0
 outer loop
vertex 0.16172827780246735 11.642054557800293 4
vertex 11.308185577392578 10.16662883758545 4
vertex 11.33266544342041 10.331653594970703 4
 endloop
endfacet
facet normal 0 0 0
 outer loop
vertex 12.83337116241455 8.308185577392578 4
vertex 1.642054796218872 9.838272094726562 4
vertex 1.618295669555664 9.6781005859375 4
 endloop
endfacet
facet normal 0 0 0
 outer loop
vertex -0.16172827780246735 8.357945442199707 4
vertex -11.40770435333252 9.843173027038574 4
vertex -11.430743217468262 9.68785572052002 4
 endloop
endfacet
facet normal 0 0 0
 outer loop
vertex -12.843173027038574 8.40770435333252 4
vertex -13 8.399999618530273 4
vertex -22 0 4
 endloop
endfacet
facet normal 0 0 0
 outer loop
vertex 22 20 4
vertex -13.31214427947998 11.569256782531738 4
vertex -13.156826972961426 11.59229564666748 4
 endloop
endfacet
facet normal 0 0 0
 outer loop
vertex -12.843173027038574 11.59229564666748 4
vertex -1.642054796218872 10.161727905273438 4
vertex -1.618295669555664 10.3218994140625 4
 endloop
endfacet
facet normal 0 0 0
 outer loop
vertex 0.16172827780246735 11.642054557800293 4
vertex 11.33266544342041 10.331653594970703 4
vertex 11.373201370239258 10.493483543395996 4
 endloop
endfacet
facet normal 0 0 0
 outer loop
vertex 12.83337116241455 8.308185577392578 4
vertex 1.618295669555664 9.6781005859375 4
vertex 1.5789515972137451 9.52103042602539 4
 endloop
endfacet
facet normal 0 0 0
 outer loop
vertex -0.16172827780246735 8.357945442199707 4
vertex -11.430743217468262 9.68785572052002 4
vertex -11.46889591217041 9.535544395446777 4
 endloop
endfacet
facet normal 0 0 0
 outer loop
vertex -12.68785572052002 8.430743217468262 4
vertex -12.843173027038574 8.40770435333252 4
vertex -22 0 4
 endloop
endfacet
facet normal 0 0 0
 outer loop
vertex 22 20 4
vertex -13.156826972961426 11.59229564666748 4
vertex -13 11.600000381469727 4
 endloop
endfacet
facet normal 0 0 0
 outer loop
vertex -12.843173027038574 11.59229564666748 4
vertex -1.618295669555664 10.3218994140625 4
vertex -1.5789515972137451 10.47896957397461 4
 endloop
endfacet
facet normal 0 0 0
 outer loop
vertex 0.16172827780246735 11.642054557800293 4
vertex 11.373201370239258 10.493483543395996 4
vertex 11.429405212402344 10.650562286376953 4
 endloop
endfacet
facet normal 0 0 0
 outer loop
vertex 12.83337116241455 8.308185577392578 4
vertex 1.5789515972137451 9.52103042602539 4
vertex 1.5244011878967285 9.368572235107422 4
 endloop
endfacet
facet normal 0 0 0
 outer loop
vertex -0.16172827780246735 8.357945442199707 4
vertex -11.46889591217041 9.535544395446777 4
vertex -11.5217924118042 9.387706756591797 4
 endloop
endfacet
facet normal 0 0 0
 outer loop
vertex -12.535544395446777 8.46889591217041 4
vertex -12.68785572052002 8.430743217468262 4
vertex -22 0 4
 endloop
endfacet
facet normal 0 0 0
 outer loop
vertex 22 20 4
vertex -13 11.600000381469727 4
vertex -12.843173027038574 11.59229564666748 4
 endloop
endfacet
facet normal 0 0 0
 outer loop
vertex -12.843173027038574 11.59229564666748 4
vertex -1.5789515972137451 10.47896957397461 4
vertex -1.5244011878967285 10.631427764892578 4
 endloop
endfacet
facet normal 0 0 0
 outer loop
vertex 0.16172827780246735 11.642054557800293 4
vertex 11.429405212402344 10.650562286376953 4
vertex 11.500733375549316 10.801374435424805 4
 endloop
endfacet
facet normal 0 0 0
 outer loop
vertex 12.83337116241455 8.308185577392578 4
vertex 1.5244011878967285 9.368572235107422 4
vertex 1.4551700353622437 9.222195625305176 4
 endloop
endfacet
facet normal 0 0 0
 outer loop
vertex -0.16172827780246735 8.357945442199707 4
vertex -11.5217924118042 9.387706756591797 4
vertex -11.588926315307617 9.245765686035156 4
 endloop
endfacet
facet normal 0 0 0
 outer loop
vertex -12.387706756591797 8.5217924118042 4
vertex -12.535544395446777 8.46889591217041 4
vertex -22 0 4
 endloop
endfacet
facet normal 0 0 0
 outer loop
vertex -12.843173027038574 11.59229564666748 4
vertex -1.5244011878967285 10.631427764892578 4
vertex -1.4551700353622437 10.777804374694824 4
 endloop
endfacet
facet normal 0 0 0
 outer loop
vertex 0.16172827780246735 11.642054557800293 4
vertex 11.500733375549316 10.801374435424805 4
vertex 11.586502075195312 10.944469451904297 4
 endloop
endfacet
facet normal 0 0 0
 outer loop
vertex 12.83337116241455 8.308185577392578 4
vertex 1.4551700353622437 9.222195625305176 4
vertex 1.371924877166748 9.083309173583984 4
 endloop
endfacet
facet normal 0 0 0
 outer loop
vertex -0.16172827780246735 8.357945442199707 4
vertex -11.588926315307617 9.245765686035156 4
vertex -11.669648170471191 9.111087799072266 4
 endloop
endfacet
facet normal 0 0 0
 outer loop
vertex -12.245765686035156 8.588926315307617 4
vertex -12.387706756591797 8.5217924118042 4
vertex -22 0 4
 endloop
endfacet
facet normal 0 0 0
 outer loop
vertex -12.843173027038574 11.59229564666748 4
vertex -1.4551700353622437 10.777804374694824 4
vertex -1.371924877166748 10.916690826416016 4
 endloop
endfacet
facet normal 0 0 0
 outer loop
vertex 0.16172827780246735 11.642054557800293 4
vertex 11.586502075195312 10.944469451904297 4
vertex 11.685882568359375 11.078468322753906 4
 endloop
endfacet
facet normal 0 0 0
 outer loop
vertex 12.83337116241455 8.308185577392578 4
vertex 1.371924877166748 9.083309173583984 4
vertex 1.2754672765731812 8.953250885009766 4
 endloop
endfacet
facet normal 0 0 0
 outer loop
vertex -0.16172827780246735 8.357945442199707 4
vertex -11.669648170471191 9.111087799072266 4
vertex -11.76318359375 8.984971046447754 4
 endloop
endfacet
facet normal 0 0 0
 outer loop
vertex -12.111087799072266 8.669648170471191 4
vertex -12.245765686035156 8.588926315307617 4
vertex -22 0 4
 endloop
endfacet
facet normal 0 0 0
 outer loop
vertex -12.843173027038574 11.59229564666748 4
vertex -1.371924877166748 10.916690826416016 4
vertex -1.2754672765731812 11.046749114990234 4
 endloop
endfacet
facet normal 0 0 0
 outer loop
vertex -3.031000728537719e-16 11.649999618530273 4
vertex 0.16172827780246735 11.642054557800293 4
vertex 11.685882568359375 11.078468322753906 4
 endloop
endfacet
facet normal 0 0 0
 outer loop
vertex 12.83337116241455 8.308185577392578 4
vertex 1.2754672765731812 8.953250885009766 4
vertex 1.1667262315750122 8.833273887634277 4
 endloop
endfacet
facet normal 0 0 0
 outer loop
vertex -0.16172827780246735 8.357945442199707 4
vertex -11.76318359375 8.984971046447754 4
vertex -11.868629455566406 8.868629455566406 4
 endloop
endfacet
facet normal 0 0 0
 outer loop
vertex -11.984971046447754 8.76318359375 4
vertex -12.111087799072266 8.669648170471191 4
vertex -22 0 4
 endloop
endfacet
facet normal 0 0 0
 outer loop
vertex -12.843173027038574 11.59229564666748 4
vertex -1.2754672765731812 11.046749114990234 4
vertex -1.1667262315750122 11.166726112365723 4
 endloop
endfacet
facet normal 0 0 0
 outer loop
vertex -3.031000728537719e-16 11.649999618530273 4
vertex 11.685882568359375 11.078468322753906 4
vertex 11.797918319702148 11.202081680297852 4
 endloop
endfacet
facet normal 0 0 0
 outer loop
vertex 13 8.300000190734863 4
vertex 12.83337116241455 8.308185577392578 4
vertex 1.1667262315750122 8.833273887634277 4
 endloop
endfacet
facet normal 0 0 0
 outer loop
vertex 1.010333620295539e-16 8.350000381469727 4
vertex -0.16172827780246735 8.357945442199707 4
vertex -11.868629455566406 8.868629455566406 4
 endloop
endfacet
facet normal 0 0 0
 outer loop
vertex -11.984971046447754 8.76318359375 4
vertex -22 0 4
vertex 22 0 4
 endloop
endfacet
facet normal 0 0 0
 outer loop
vertex -12.843173027038574 11.59229564666748 4
vertex -1.1667262315750122 11.166726112365723 4
vertex -1.0467488765716553 11.275466918945312 4
 endloop
endfacet
facet normal 0 0 0
 outer loop
vertex -3.031000728537719e-16 11.649999618530273 4
vertex 11.797918319702148 11.202081680297852 4
vertex 11.921531677246094 11.314117431640625 4
 endloop
endfacet
facet normal 0 0 0
 outer loop
vertex 13 8.300000190734863 4
vertex 1.1667262315750122 8.833273887634277 4
vertex 1.0467488765716553 8.724533081054688 4
 endloop
endfacet
facet normal 0 0 0
 outer loop
vertex 1.010333620295539e-16 8.350000381469727 4
vertex -11.868629455566406 8.868629455566406 4
vertex -11.984971046447754 8.76318359375 4
 endloop
endfacet
facet normal 0 0 0
 outer loop
vertex -12.843173027038574 11.59229564666748 4
vertex -1.0467488765716553 11.275466918945312 4
vertex -0.9166908860206604 11.37192440032959 4
 endloop
endfacet
facet normal 0 0 0
 outer loop
vertex -3.031000728537719e-16 11.649999618530273 4
vertex 11.921531677246094 11.314117431640625 4
vertex 12.055530548095703 11.413497924804688 4
 endloop
endfacet
facet normal 0 0 0
 outer loop
vertex 13 8.300000190734863 4
vertex 1.0467488765716553 8.724533081054688 4
vertex 0.9166908860206604 8.62807559967041 4
 endloop
endfacet
facet normal 0 0 0
 outer loop
vertex 1.010333620295539e-16 8.350000381469727 4
vertex -11.984971046447754 8.76318359375 4
vertex 22 0 4
 endloop
endfacet
facet normal 0 0 0
 outer loop
vertex -12.843173027038574 11.59229564666748 4
vertex -0.9166908860206604 11.37192440032959 4
vertex -0.7778046131134033 11.455169677734375 4
 endloop
endfacet
facet normal 0 0 0
 outer loop
vertex -3.031000728537719e-16 11.649999618530273 4
vertex 12.055530548095703 11.413497924804688 4
vertex 12.198625564575195 11.499266624450684 4
 endloop
endfacet
facet normal 0 0 0
 outer loop
vertex 13 8.300000190734863 4
vertex 0.9166908860206604 8.62807559967041 4
vertex 0.7778046131134033 8.544830322265625 4
 endloop
endfacet
facet normal 0 0 0
 outer loop
vertex 0.16172827780246735 8.357945442199707 4
vertex 1.010333620295539e-16 8.350000381469727 4
vertex 22 0 4
 endloop
endfacet
facet normal 0 0 0
 outer loop
vertex -12.843173027038574 11.59229564666748 4
vertex -0.7778046131134033 11.455169677734375 4
vertex -0.6314276456832886 11.524401664733887 4
 endloop
endfacet
facet normal 0 0 0
 outer loop
vertex -3.031000728537719e-16 11.649999618530273 4
vertex 12.198625564575195 11.499266624450684 4
vertex 12.349437713623047 11.570594787597656 4
 endloop
endfacet
facet normal 0 0 0
 outer loop
vertex 13 8.300000190734863 4
vertex 0.7778046131134033 8.544830322265625 4
vertex 0.6314276456832886 8.475598335266113 4
 endloop
endfacet
facet normal 0 0 0
 outer loop
vertex 0.32189902663230896 8.381704330444336 4
vertex 0.16172827780246735 8.357945442199707 4
vertex 22 0 4
 endloop
endfacet
facet normal 0 0 0
 outer loop
vertex 22 20 4
vertex -12.843173027038574 11.59229564666748 4
vertex -0.6314276456832886 11.524401664733887 4
 endloop
endfacet
facet normal 0 0 0
 outer loop
vertex -3.031000728537719e-16 11.649999618530273 4
vertex 12.349437713623047 11.570594787597656 4
vertex 12.506516456604004 11.626798629760742 4
 endloop
endfacet
facet normal 0 0 0
 outer loop
vertex 13 8.300000190734863 4
vertex 0.6314276456832886 8.475598335266113 4
vertex 0.4789697229862213 8.421048164367676 4
 endloop
endfacet
facet normal 0 0 0
 outer loop
vertex 0.4789697229862213 8.421048164367676 4
vertex 0.32189902663230896 8.381704330444336 4
vertex 22 0 4
 endloop
endfacet
facet normal 0 0 0
 outer loop
vertex 22 20 4
vertex -0.6314276456832886 11.524401664733887 4
vertex -0.4789697229862213 11.578951835632324 4
 endloop
endfacet
facet normal 0 0 0
 outer loop
vertex -3.031000728537719e-16 11.649999618530273 4
vertex 12.506516456604004 11.626798629760742 4
vertex 12.668346405029297 11.66733455657959 4
 endloop
endfacet
facet normal 0 0 0
 outer loop
vertex 13 8.300000190734863 4
vertex 0.4789697229862213 8.421048164367676 4
vertex 22 0 4
 endloop
endfacet
facet normal 0 0 0
 outer loop
vertex 22 20 4
vertex -0.4789697229862213 11.578951835632324 4
vertex -0.32189902663230896 11.618295669555664 4
 endloop
endfacet
facet normal 0 0 0
 outer loop
vertex -3.031000728537719e-16 11.649999618530273 4
vertex 12.668346405029297 11.66733455657959 4
vertex 12.83337116241455 11.691814422607422 4
 endloop
endfacet
facet normal 0 0 0
 outer loop
vertex 13.16662883758545 8.308185577392578 4
vertex 13 8.300000190734863 4
vertex 22 0 4
 endloop
endfacet
facet normal 0 0 0
 outer loop
vertex 22 20 4
vertex -0.32189902663230896 11.618295669555664 4
vertex -0.16172827780246735 11.642054557800293 4
 endloop
endfacet
facet normal 0 0 0
 outer loop
vertex -3.031000728537719e-16 11.649999618530273 4
vertex 12.83337116241455 11.691814422607422 4
vertex 13 11.699999809265137 4
 endloop
endfacet
facet normal 0 0 0
 outer loop
vertex 13.331653594970703 8.33266544342041 4
vertex 13.16662883758545 8.308185577392578 4
vertex 22 0 4
 endloop
endfacet
facet normal 0 0 0
 outer loop
vertex 22 20 4
vertex -0.16172827780246735 11.642054557800293 4
vertex -3.031000728537719e-16 11.649999618530273 4
 endloop
endfacet
facet normal 0 0 0
 outer loop
vertex 13.493483543395996 8.373201370239258 4
vertex 13.331653594970703 8.33266544342041 4
vertex 22 0 4
 endloop
endfacet
facet normal 0 0 0
 outer loop
vertex 22 20 4
vertex -3.031000728537719e-16 11.649999618530273 4
vertex 13 11.699999809265137 4
 endloop
endfacet
facet normal 0 0 0
 outer loop
vertex 13.650562286376953 8.429405212402344 4
vertex 13.493483543395996 8.373201370239258 4
vertex 22 0 4
 endloop
endfacet
facet normal 0 0 0
 outer loop
vertex 22 20 4
vertex 13 11.699999809265137 4
vertex 13.16662883758545 11.691814422607422 4
 endloop
endfacet
facet normal 0 0 0
 outer loop
vertex 13.801374435424805 8.500733375549316 4
vertex 13.650562286376953 8.429405212402344 4
vertex 22 0 4
 endloop
endfacet
facet normal 0 0 0
 outer loop
vertex 22 20 4
vertex 13.16662883758545 11.691814422607422 4
vertex 13.331653594970703 11.66733455657959 4
 endloop
endfacet
facet normal 0 0 0
 outer loop
vertex 13.944469451904297 8.586502075195312 4
vertex 13.801374435424805 8.500733375549316 4
vertex 22 0 4
 endloop
endfacet
facet normal 0 0 0
 outer loop
vertex 22 20 4
vertex 13.331653594970703 11.66733455657959 4
vertex 13.493483543395996 11.626798629760742 4
 endloop
endfacet
facet normal 0 0 0
 outer loop
vertex 14.078468322753906 8.685882568359375 4
vertex 13.944469451904297 8.586502075195312 4
vertex 22 0 4
 endloop
endfacet
facet normal 0 0 0
 outer loop
vertex 22 20 4
vertex 13.493483543395996 11.626798629760742 4
vertex 13.650562286376953 11.570594787597656 4
 endloop
endfacet
facet normal 0 0 0
 outer loop
vertex 14.202081680297852 8.797918319702148 4
vertex 14.078468322753906 8.685882568359375 4
vertex 22 0 4
 endloop
endfacet
facet normal 0 0 0
 outer loop
vertex 22 20 4
vertex 13.650562286376953 11.570594787597656 4
vertex 13.801374435424805 11.499266624450684 4
 endloop
endfacet
facet normal 0 0 0
 outer loop
vertex 14.314117431640625 8.921531677246094 4
vertex 14.202081680297852 8.797918319702148 4
vertex 22 0 4
 endloop
endfacet
facet normal 0 0 0
 outer loop
vertex 22 20 4
vertex 13.801374435424805 11.499266624450684 4
vertex 13.944469451904297 11.413497924804688 4
 endloop
endfacet
facet normal 0 0 0
 outer loop
vertex 14.413497924804688 9.055530548095703 4
vertex 14.314117431640625 8.921531677246094 4
vertex 22 0 4
 endloop
endfacet
facet normal 0 0 0
 outer loop
vertex 22 20 4
vertex 13.944469451904297 11.413497924804688 4
vertex 14.078468322753906 11.314117431640625 4
 endloop
endfacet
facet normal 0 0 0
 outer loop
vertex 14.499266624450684 9.198625564575195 4
vertex 14.413497924804688 9.055530548095703 4
vertex 22 0 4
 endloop
endfacet
facet normal 0 0 0
 outer loop
vertex 22 20 4
vertex 14.078468322753906 11.314117431640625 4
vertex 14.202081680297852 11.202081680297852 4
 endloop
endfacet
facet normal 0 0 0
 outer loop
vertex 14.570594787597656 9.349437713623047 4
vertex 14.499266624450684 9.198625564575195 4
vertex 22 0 4
 endloop
endfacet
facet normal 0 0 0
 outer loop
vertex 22 20 4
vertex 14.202081680297852 11.202081680297852 4
vertex 14.314117431640625 11.078468322753906 4
 endloop
endfacet
facet normal 0 0 0
 outer loop
vertex 14.626798629760742 9.506516456604004 4
vertex 14.570594787597656 9.349437713623047 4
vertex 22 0 4
 endloop
endfacet
facet normal 0 0 0
 outer loop
vertex 22 20 4
vertex 14.314117431640625 11.078468322753906 4
vertex 14.413497924804688 10.944469451904297 4
 endloop
endfacet
facet normal 0 0 0
 outer loop
vertex 14.66733455657959 9.668346405029297 4
vertex 14.626798629760742 9.506516456604004 4
vertex 22 0 4
 endloop
endfacet
facet normal 0 0 0
 outer loop
vertex 22 0 4
vertex 22 20 4
vertex 14.413497924804688 10.944469451904297 4
 endloop
endfacet
facet normal 0 0 0
 outer loop
vertex 14.691814422607422 9.83337116241455 4
vertex 14.66733455657959 9.668346405029297 4
vertex 22 0 4
 endloop
endfacet
facet normal 0 0 0
 outer loop
vertex 22 0 4
vertex 14.413497924804688 10.944469451904297 4
vertex 14.499266624450684 10.801374435424805 4
 endloop
endfacet
facet normal 0 0 0
 outer loop
vertex 14.699999809265137 10 4
vertex 14.691814422607422 9.83337116241455 4
vertex 22 0 4
 endloop
endfacet
facet normal 0 0 0
 outer loop
vertex 22 0 4
vertex 14.499266624450684 10.801374435424805 4
vertex 14.570594787597656 10.650562286376953 4
 endloop
endfacet
facet normal 0 0 0
 outer loop
vertex 14.691814422607422 10.16662883758545 4
vertex 14.699999809265137 10 4
vertex 22 0 4
 endloop
endfacet
facet normal 0 0 0
 outer loop
vertex 22 0 4
vertex 14.570594787597656 10.650562286376953 4
vertex 14.626798629760742 10.493483543395996 4
 endloop
endfacet
facet normal 0 0 0
 outer loop
vertex 14.66733455657959 10.331653594970703 4
vertex 14.691814422607422 10.16662883758545 4
vertex 22 0 4
 endloop
endfacet
facet normal 0 0 0
 outer loop
vertex 22 0 4
vertex 14.626798629760742 10.493483543395996 4
vertex 14.66733455657959 10.331653594970703 4
 endloop
endfacet
facet normal 0 0 0
 outer loop
vertex -22 0 0
vertex 22 0 0
vertex -22 0 4
 endloop
endfacet
facet normal 0 0 0
 outer loop
vertex 22 0 0
vertex 22 0 4
vertex -22 0 4
 endloop
endfacet
facet normal 0 0 0
 outer loop
vertex 22 0 0
vertex 22 20 0
vertex 22 0 4
 endloop
endfacet
facet normal 0 0 0
 outer loop
vertex 22 20 0
vertex 22 20 4
vertex 22 0 4
 endloop
endfacet
facet normal 0 0 0
 outer loop
vertex 22 20 0
vertex -22 20 0
vertex 22 20 4
 endloop
endfacet
facet normal 0 0 0
 outer loop
vertex -22 20 0
vertex -22 20 4
vertex 22 20 4
 endloop
endfacet
facet normal 0 0 0
 outer loop
vertex -22 20 0
vertex -22 0 0
vertex -22 20 4
 endloop
endfacet
facet normal 0 0 0
 outer loop
vertex -22 0 0
vertex -22 0 4
vertex -22 20 4
 endloop
endfacet
facet normal 0 0 0
 outer loop
vertex -11.399999618530273 10 0
vertex -11.40770435333252 9.843173027038574 0
vertex -11.399999618530273 10 4
 endloop
endfacet
facet normal 0 0 0
 outer loop
vertex -11.40770435333252 9.843173027038574 0
vertex -11.40770435333252 9.843173027038574 4
vertex -11.399999618530273 10 4
 endloop
endfacet
facet normal 0 0 0
 outer loop
vertex -11.40770435333252 9.843173027038574 0
vertex -11.430743217468262 9.68785572052002 0
vertex -11.40770435333252 9.843173027038574 4
 endloop
endfacet
facet normal 0 0 0
 outer loop
vertex -11.430743217468262 9.68785572052002 0
vertex -11.430743217468262 9.68785572052002 4
vertex -11.40770435333252 9.843173027038574 4
 endloop
endfacet
facet normal 0 0 0
 outer loop
vertex -11.430743217468262 9.68785572052002 0
vertex -11.46889591217041 9.535544395446777 0
vertex -11.430743217468262 9.68785572052002 4
 endloop
endfacet
facet normal 0 0 0
 outer loop
vertex -11.46889591217041 9.535544395446777 0
vertex -11.46889591217041 9.535544395446777 4
vertex -11.430743217468262 9.68785572052002 4
 endloop
endfacet
facet normal 0 0 0
 outer loop
vertex -11.46889591217041 9.535544395446777 0
vertex -11.5217924118042 9.387706756591797 0
vertex -11.46889591217041 9.535544395446777 4
 endloop
endfacet
facet normal 0 0 0
 outer loop
vertex -11.5217924118042 9.387706756591797 0
vertex -11.5217924118042 9.387706756591797 4
vertex -11.46889591217041 9.535544395446777 4
 endloop
endfacet
facet normal 0 0 0
 outer loop
vertex -11.5217924118042 9.387706756591797 0
vertex -11.588926315307617 9.245765686035156 0
vertex -11.5217924118042 9.387706756591797 4
 endloop
endfacet
facet normal 0 0 0
 outer loop
vertex -11.588926315307617 9.245765686035156 0
vertex -11.588926315307617 9.245765686035156 4
vertex -11.5217924118042 9.387706756591797 4
 endloop
endfacet
facet normal 0 0 0
 outer loop
vertex -11.588926315307617 9.245765686035156 0
vertex -11.669648170471191 9.111087799072266 0
vertex -11.588926315307617 9.245765686035156 4
 endloop
endfacet
facet normal 0 0 0
 outer loop
vertex -11.669648170471191 9.111087799072266 0
vertex -11.669648170471191 9.111087799072266 4
vertex -11.588926315307617 9.245765686035156 4
 endloop
endfacet
facet normal 0 0 0
 outer loop
vertex -11.669648170471191 9.111087799072266 0
vertex -11.76318359375 8.984971046447754 0
vertex -11.669648170471191 9.111087799072266 4
 endloop
endfacet
facet normal 0 0 0
 outer loop
vertex -11.76318359375 8.984971046447754 0
vertex -11.76318359375 8.984971046447754 4
vertex -11.669648170471191 9.111087799072266 4
 endloop
endfacet
facet normal 0 0 0
 outer loop
vertex -11.76318359375 8.984971046447754 0
vertex -11.868629455566406 8.868629455566406 0
vertex -11.76318359375 8.984971046447754 4
 endloop
endfacet
facet normal 0 0 0
 outer loop
vertex -11.868629455566406 8.868629455566406 0
vertex -11.868629455566406 8.868629455566406 4
vertex -11.76318359375 8.984971046447754 4
 endloop
endfacet
facet normal 0 0 0
 outer loop
vertex -11.868629455566406 8.868629455566406 0
vertex -11.984971046447754 8.76318359375 0
vertex -11.868629455566406 8.868629455566406 4
 endloop
endfacet
facet normal 0 0 0
 outer loop
vertex -11.984971046447754 8.76318359375 0
vertex -11.984971046447754 8.76318359375 4
vertex -11.868629455566406 8.868629455566406 4
 endloop
endfacet
facet normal 0 0 0
 outer loop
vertex -11.984971046447754 8.76318359375 0
vertex -12.111087799072266 8.669648170471191 0
vertex -11.984971046447754 8.76318359375 4
 endloop
endfacet
facet normal 0 0 0
 outer loop
vertex -12.111087799072266 8.669648170471191 0
vertex -12.111087799072266 8.669648170471191 4
vertex -11.984971046447754 8.76318359375 4
 endloop
endfacet
facet normal 0 0 0
 outer loop
vertex -12.111087799072266 8.669648170471191 0
vertex -12.245765686035156 8.588926315307617 0
vertex -12.111087799072266 8.669648170471191 4
 endloop
endfacet
facet normal 0 0 0
 outer loop
vertex -12.245765686035156 8.588926315307617 0
vertex -12.245765686035156 8.588926315307617 4
vertex -12.111087799072266 8.669648170471191 4
 endloop
endfacet
facet normal 0 0 0
 outer loop
vertex -12.245765686035156 8.588926315307617 0
vertex -12.387706756591797 8.5217924118042 0
vertex -12.245765686035156 8.588926315307617 4
 endloop
endfacet
facet normal 0 0 0
 outer loop
vertex -12.387706756591797 8.5217924118042 0
vertex -12.387706756591797 8.5217924118042 4
vertex -12.245765686035156 8.588926315307617 4
 endloop
endfacet
facet normal 0 0 0
 outer loop
vertex -12.387706756591797 8.5217924118042 0
vertex -12.535544395446777 8.46889591217041 0
vertex -12.387706756591797 8.5217924118042 4
 endloop
endfacet
facet normal 0 0 0
 outer loop
vertex -12.535544395446777 8.46889591217041 0
vertex -12.535544395446777 8.46889591217041 4
vertex -12.387706756591797 8.5217924118042 4
 endloop
endfacet
facet normal 0 0 0
 outer loop
vertex -12.535544395446777 8.46889591217041 0
vertex -12.68785572052002 8.430743217468262 0
vertex -12.535544395446777 8.46889591217041 4
 endloop
endfacet
facet normal 0 0 0
 outer loop
vertex -12.68785572052002 8.430743217468262 0
vertex -12.68785572052002 8.430743217468262 4
vertex -12.535544395446777 8.46889591217041 4
 endloop
endfacet
facet normal 0 0 0
 outer loop
vertex -12.68785572052002 8.430743217468262 0
vertex -12.843173027038574 8.40770435333252 0
vertex -12.68785572052002 8.430743217468262 4
 endloop
endfacet
facet normal 0 0 0
 outer loop
vertex -12.843173027038574 8.40770435333252 0
vertex -12.843173027038574 8.40770435333252 4
vertex -12.68785572052002 8.430743217468262 4
 endloop
endfacet
facet normal 0 0 0
 outer loop
vertex -12.843173027038574 8.40770435333252 0
vertex -13 8.399999618530273 0
vertex -12.843173027038574 8.40770435333252 4
 endloop
endfacet
facet normal 0 0 0
 outer loop
vertex -13 8.399999618530273 0
vertex -13 8.399999618530273 4
vertex -12.843173027038574 8.40770435333252 4
 endloop
endfacet
facet normal 0 0 0
 outer loop
vertex -13 8.399999618530273 0
vertex -13.156826972961426 8.40770435333252 0
vertex -13 8.399999618530273 4
 endloop
endfacet
facet normal 0 0 0
 outer loop
vertex -13.156826972961426 8.40770435333252 0
vertex -13.156826972961426 8.40770435333252 4
vertex -13 8.399999618530273 4
 endloop
endfacet
facet normal 0 0 0
 outer loop
vertex -13.156826972961426 8.40770435333252 0
vertex -13.31214427947998 8.430743217468262 0
vertex -13.156826972961426 8.40770435333252 4
 endloop
endfacet
facet normal 0 0 0
 outer loop
vertex -13.31214427947998 8.430743217468262 0
vertex -13.31214427947998 8.430743217468262 4
vertex -13.156826972961426 8.40770435333252 4
 endloop
endfacet
facet normal 0 0 0
 outer loop
vertex -13.31214427947998 8.430743217468262 0
vertex -13.464455604553223 8.46889591217041 0
vertex -13.31214427947998 8.430743217468262 4
 endloop
endfacet
facet normal 0 0 0
 outer loop
vertex -13.464455604553223 8.46889591217041 0
vertex -13.464455604553223 8.46889591217041 4
vertex -13.31214427947998 8.430743217468262 4
 endloop
endfacet
facet normal 0 0 0
 outer loop
vertex -13.464455604553223 8.46889591217041 0
vertex -13.612293243408203 8.5217924118042 0
vertex -13.464455604553223 8.46889591217041 4
 endloop
endfacet
facet normal 0 0 0
 outer loop
vertex -13.612293243408203 8.5217924118042 0
vertex -13.612293243408203 8.5217924118042 4
vertex -13.464455604553223 8.46889591217041 4
 endloop
endfacet
facet normal 0 0 0
 outer loop
vertex -13.612293243408203 8.5217924118042 0
vertex -13.754234313964844 8.588926315307617 0
vertex -13.612293243408203 8.5217924118042 4
 endloop
endfacet
facet normal 0 0 0
 outer loop
vertex -13.754234313964844 8.588926315307617 0
vertex -13.754234313964844 8.588926315307617 4
vertex -13.612293243408203 8.5217924118042 4
 endloop
endfacet
facet normal 0 0 0
 outer loop
vertex -13.754234313964844 8.588926315307617 0
vertex -13.888912200927734 8.669648170471191 0
vertex -13.754234313964844 8.588926315307617 4
 endloop
endfacet
facet normal 0 0 0
 outer loop
vertex -13.888912200927734 8.669648170471191 0
vertex -13.888912200927734 8.669648170471191 4
vertex -13.754234313964844 8.588926315307617 4
 endloop
endfacet
facet normal 0 0 0
 outer loop
vertex -13.888912200927734 8.669648170471191 0
vertex -14.015028953552246 8.76318359375 0
vertex -13.888912200927734 8.669648170471191 4
 endloop
endfacet
facet normal 0 0 0
 outer loop
vertex -14.015028953552246 8.76318359375 0
vertex -14.015028953552246 8.76318359375 4
vertex -13.888912200927734 8.669648170471191 4
 endloop
endfacet
facet normal 0 0 0
 outer loop
vertex -14.015028953552246 8.76318359375 0
vertex -14.131370544433594 8.868629455566406 0
vertex -14.015028953552246 8.76318359375 4
 endloop
endfacet
facet normal 0 0 0
 outer loop
vertex -14.131370544433594 8.868629455566406 0
vertex -14.131370544433594 8.868629455566406 4
vertex -14.015028953552246 8.76318359375 4
 endloop
endfacet
facet normal 0 0 0
 outer loop
vertex -14.131370544433594 8.868629455566406 0
vertex -14.23681640625 8.984971046447754 0
vertex -14.131370544433594 8.868629455566406 4
 endloop
endfacet
facet normal 0 0 0
 outer loop
vertex -14.23681640625 8.984971046447754 0
vertex -14.23681640625 8.984971046447754 4
vertex -14.131370544433594 8.868629455566406 4
 endloop
endfacet
facet normal 0 0 0
 outer loop
vertex -14.23681640625 8.984971046447754 0
vertex -14.330351829528809 9.111087799072266 0
vertex -14.23681640625 8.984971046447754 4
 endloop
endfacet
facet normal 0 0 0
 outer loop
vertex -14.330351829528809 9.111087799072266 0
vertex -14.330351829528809 9.111087799072266 4
vertex -14.23681640625 8.984971046447754 4
 endloop
endfacet
facet normal 0 0 0
 outer loop
vertex -14.330351829528809 9.111087799072266 0
vertex -14.411073684692383 9.245765686035156 0
vertex -14.330351829528809 9.111087799072266 4
 endloop
endfacet
facet normal 0 0 0
 outer loop
vertex -14.411073684692383 9.245765686035156 0
vertex -14.411073684692383 9.245765686035156 4
vertex -14.330351829528809 9.111087799072266 4
 endloop
endfacet
facet normal 0 0 0
 outer loop
vertex -14.411073684692383 9.245765686035156 0
vertex -14.4782075881958 9.387706756591797 0
vertex -14.411073684692383 9.245765686035156 4
 endloop
endfacet
facet normal 0 0 0
 outer loop
vertex -14.4782075881958 9.387706756591797 0
vertex -14.4782075881958 9.387706756591797 4
vertex -14.411073684692383 9.245765686035156 4
 endloop
endfacet
facet normal 0 0 0
 outer loop
vertex -14.4782075881958 9.387706756591797 0
vertex -14.53110408782959 9.535544395446777 0
vertex -14.4782075881958 9.387706756591797 4
 endloop
endfacet
facet normal 0 0 0
 outer loop
vertex -14.53110408782959 9.535544395446777 0
vertex -14.53110408782959 9.535544395446777 4
vertex -14.4782075881958 9.387706756591797 4
 endloop
endfacet
facet normal 0 0 0
 outer loop
vertex -14.53110408782959 9.535544395446777 0
vertex -14.569256782531738 9.68785572052002 0
vertex -14.53110408782959 9.535544395446777 4
 endloop
endfacet
facet normal 0 0 0
 outer loop
vertex -14.569256782531738 9.68785572052002 0
vertex -14.569256782531738 9.68785572052002 4
vertex -14.53110408782959 9.535544395446777 4
 endloop
endfacet
facet normal 0 0 0
 outer loop
vertex -14.569256782531738 9.68785572052002 0
vertex -14.59229564666748 9.843173027038574 0
vertex -14.569256782531738 9.68785572052002 4
 endloop
endfacet
facet normal 0 0 0
 outer loop
vertex -14.59229564666748 9.843173027038574 0
vertex -14.59229564666748 9.843173027038574 4
vertex -14.569256782531738 9.68785572052002 4
 endloop
endfacet
facet normal 0 0 0
 outer loop
vertex -14.59229564666748 9.843173027038574 0
vertex -14.600000381469727 10 0
vertex -14.59229564666748 9.843173027038574 4
 endloop
endfacet
facet normal 0 0 0
 outer loop
vertex -14.600000381469727 10 0
vertex -14.600000381469727 10 4
vertex -14.59229564666748 9.843173027038574 4
 endloop
endfacet
facet normal 0 0 0
 outer loop
vertex -14.600000381469727 10 0
vertex -14.59229564666748 10.156826972961426 0
vertex -14.600000381469727 10 4
 endloop
endfacet
facet normal 0 0 0
 outer loop
vertex -14.59229564666748 10.156826972961426 0
vertex -14.59229564666748 10.156826972961426 4
vertex -14.600000381469727 10 4
 endloop
endfacet
facet normal 0 0 0
 outer loop
vertex -14.59229564666748 10.156826972961426 0
vertex -14.569256782531738 10.31214427947998 0
vertex -14.59229564666748 10.156826972961426 4
 endloop
endfacet
facet normal 0 0 0
 outer loop
vertex -14.569256782531738 10.31214427947998 0
vertex -14.569256782531738 10.31214427947998 4
vertex -14.59229564666748 10.156826972961426 4
 endloop
endfacet
facet normal 0 0 0
 outer loop
vertex -14.569256782531738 10.31214427947998 0
vertex -14.53110408782959 10.464455604553223 0
vertex -14.569256782531738 10.31214427947998 4
 endloop
endfacet
facet normal 0 0 0
 outer loop
vertex -14.53110408782959 10.464455604553223 0
vertex -14.53110408782959 10.464455604553223 4
vertex -14.569256782531738 10.31214427947998 4
 endloop
endfacet
facet normal 0 0 0
 outer loop
vertex -14.53110408782959 10.464455604553223 0
vertex -14.4782075881958 10.612293243408203 0
vertex -14.53110408782959 10.464455604553223 4
 endloop
endfacet
facet normal 0 0 0
 outer loop
vertex -14.4782075881958 10.612293243408203 0
vertex -14.4782075881958 10.612293243408203 4
vertex -14.53110408782959 10.464455604553223 4
 endloop
endfacet
facet normal 0 0 0
 outer loop
vertex -14.4782075881958 10.612293243408203 0
vertex -14.411073684692383 10.754234313964844 0
vertex -14.4782075881958 10.612293243408203 4
 endloop
endfacet
facet normal 0 0 0
 outer loop
vertex -14.411073684692383 10.754234313964844 0
vertex -14.411073684692383 10.754234313964844 4
vertex -14.4782075881958 10.612293243408203 4
 endloop
endfacet
facet normal 0 0 0
 outer loop
vertex -14.411073684692383 10.754234313964844 0
vertex -14.330351829528809 10.888912200927734 0
vertex -14.411073684692383 10.754234313964844 4
 endloop
endfacet
facet normal 0 0 0
 outer loop
vertex -14.330351829528809 10.888912200927734 0
vertex -14.330351829528809 10.888912200927734 4
vertex -14.411073684692383 10.754234313964844 4
 endloop
endfacet
facet normal 0 0 0
 outer loop
vertex -14.330351829528809 10.888912200927734 0
vertex -14.23681640625 11.015028953552246 0
vertex -14.330351829528809 10.888912200927734 4
 endloop
endfacet
facet normal 0 0 0
 outer loop
vertex -14.23681640625 11.015028953552246 0
vertex -14.23681640625 11.015028953552246 4
vertex -14.330351829528809 10.888912200927734 4
 endloop
endfacet
facet normal 0 0 0
 outer loop
vertex -14.23681640625 11.015028953552246 0
vertex -14.131370544433594 11.131370544433594 0
vertex -14.23681640625 11.015028953552246 4
 endloop
endfacet
facet normal 0 0 0
 outer loop
vertex -14.131370544433594 11.131370544433594 0
vertex -14.131370544433594 11.131370544433594 4
vertex -14.23681640625 11.015028953552246 4
 endloop
endfacet
facet normal 0 0 0
 outer loop
vertex -14.131370544433594 11.131370544433594 0
vertex -14.015028953552246 11.23681640625 0
vertex -14.131370544433594 11.131370544433594 4
 endloop
endfacet
facet normal 0 0 0
 outer loop
vertex -14.015028953552246 11.23681640625 0
vertex -14.015028953552246 11.23681640625 4
vertex -14.131370544433594 11.131370544433594 4
 endloop
endfacet
facet normal 0 0 0
 outer loop
vertex -14.015028953552246 11.23681640625 0
vertex -13.888912200927734 11.330351829528809 0
vertex -14.015028953552246 11.23681640625 4
 endloop
endfacet
facet normal 0 0 0
 outer loop
vertex -13.888912200927734 11.330351829528809 0
vertex -13.888912200927734 11.330351829528809 4
vertex -14.015028953552246 11.23681640625 4
 endloop
endfacet
facet normal 0 0 0
 outer loop
vertex -13.888912200927734 11.330351829528809 0
vertex -13.754234313964844 11.411073684692383 0
vertex -13.888912200927734 11.330351829528809 4
 endloop
endfacet
facet normal 0 0 0
 outer loop
vertex -13.754234313964844 11.411073684692383 0
vertex -13.754234313964844 11.411073684692383 4
vertex -13.888912200927734 11.330351829528809 4
 endloop
endfacet
facet normal 0 0 0
 outer loop
vertex -13.754234313964844 11.411073684692383 0
vertex -13.612293243408203 11.4782075881958 0
vertex -13.754234313964844 11.411073684692383 4
 endloop
endfacet
facet normal 0 0 0
 outer loop
vertex -13.612293243408203 11.4782075881958 0
vertex -13.612293243408203 11.4782075881958 4
vertex -13.754234313964844 11.411073684692383 4
 endloop
endfacet
facet normal 0 0 0
 outer loop
vertex -13.612293243408203 11.4782075881958 0
vertex -13.464455604553223 11.53110408782959 0
vertex -13.612293243408203 11.4782075881958 4
 endloop
endfacet
facet normal 0 0 0
 outer loop
vertex -13.464455604553223 11.53110408782959 0
vertex -13.464455604553223 11.53110408782959 4
vertex -13.612293243408203 11.4782075881958 4
 endloop
endfacet
facet normal 0 0 0
 outer loop
vertex -13.464455604553223 11.53110408782959 0
vertex -13.31214427947998 11.569256782531738 0
vertex -13.464455604553223 11.53110408782959 4
 endloop
endfacet
facet normal 0 0 0
 outer loop
vertex -13.31214427947998 11.569256782531738 0
vertex -13.31214427947998 11.569256782531738 4
vertex -13.464455604553223 11.53110408782959 4
 endloop
endfacet
facet normal 0 0 0
 outer loop
vertex -13.31214427947998 11.569256782531738 0
vertex -13.156826972961426 11.59229564666748 0
vertex -13.31214427947998 11.569256782531738 4
 endloop
endfacet
facet normal 0 0 0
 outer loop
vertex -13.156826972961426 11.59229564666748 0
vertex -13.156826972961426 11.59229564666748 4
vertex -13.31214427947998 11.569256782531738 4
 endloop
endfacet
facet normal 0 0 0
 outer loop
vertex -13.156826972961426 11.59229564666748 0
vertex -13 11.600000381469727 0
vertex -13.156826972961426 11.59229564666748 4
 endloop
endfacet
facet normal 0 0 0
 outer loop
vertex -13 11.600000381469727 0
vertex -13 11.600000381469727 4
vertex -13.156826972961426 11.59229564666748 4
 endloop
endfacet
facet normal 0 0 0
 outer loop
vertex -13 11.600000381469727 0
vertex -12.843173027038574 11.59229564666748 0
vertex -13 11.600000381469727 4
 endloop
endfacet
facet normal 0 0 0
 outer loop
vertex -12.843173027038574 11.59229564666748 0
vertex -12.843173027038574 11.59229564666748 4
vertex -13 11.600000381469727 4
 endloop
endfacet
facet normal 0 0 0
 outer loop
vertex -12.843173027038574 11.59229564666748 0
vertex -12.68785572052002 11.569256782531738 0
vertex -12.843173027038574 11.59229564666748 4
 endloop
endfacet
facet normal 0 0 0
 outer loop
vertex -12.68785572052002 11.569256782531738 0
vertex -12.68785572052002 11.569256782531738 4
vertex -12.843173027038574 11.59229564666748 4
 endloop
endfacet
facet normal 0 0 0
 outer loop
vertex -12.68785572052002 11.569256782531738 0
vertex -12.535544395446777 11.53110408782959 0
vertex -12.68785572052002 11.569256782531738 4
 endloop
endfacet
facet normal 0 0 0
 outer loop
vertex -12.535544395446777 11.53110408782959 0
vertex -12.535544395446777 11.53110408782959 4
vertex -12.68785572052002 11.569256782531738 4
 endloop
endfacet
facet normal 0 0 0
 outer loop
vertex -12.535544395446777 11.53110408782959 0
vertex -12.387706756591797 11.4782075881958 0
vertex -12.535544395446777 11.53110408782959 4
 endloop
endfacet
facet normal 0 0 0
 outer loop
vertex -12.387706756591797 11.4782075881958 0
vertex -12.387706756591797 11.4782075881958 4
vertex -12.535544395446777 11.53110408782959 4
 endloop
endfacet
facet normal 0 0 0
 outer loop
vertex -12.387706756591797 11.4782075881958 0
vertex -12.245765686035156 11.411073684692383 0
vertex -12.387706756591797 11.4782075881958 4
 endloop
endfacet
facet normal 0 0 0
 outer loop
vertex -12.245765686035156 11.411073684692383 0
vertex -12.245765686035156 11.411073684692383 4
vertex -12.387706756591797 11.4782075881958 4
 endloop
endfacet
facet normal 0 0 0
 outer loop
vertex -12.245765686035156 11.411073684692383 0
vertex -12.111087799072266 11.330351829528809 0
vertex -12.245765686035156 11.411073684692383 4
 endloop
endfacet
facet normal 0 0 0
 outer loop
vertex -12.111087799072266 11.330351829528809 0
vertex -12.111087799072266 11.330351829528809 4
vertex -12.245765686035156 11.411073684692383 4
 endloop
endfacet
facet normal 0 0 0
 outer loop
vertex -12.111087799072266 11.330351829528809 0
vertex -11.984971046447754 11.23681640625 0
vertex -12.111087799072266 11.330351829528809 4
 endloop
endfacet
facet normal 0 0 0
 outer loop
vertex -11.984971046447754 11.23681640625 0
vertex -11.984971046447754 11.23681640625 4
vertex -12.111087799072266 11.330351829528809 4
 endloop
endfacet
facet normal 0 0 0
 outer loop
vertex -11.984971046447754 11.23681640625 0
vertex -11.868629455566406 11.131370544433594 0
vertex -11.984971046447754 11.23681640625 4
 endloop
endfacet
facet normal 0 0 0
 outer loop
vertex -11.868629455566406 11.131370544433594 0
vertex -11.868629455566406 11.131370544433594 4
vertex -11.984971046447754 11.23681640625 4
 endloop
endfacet
facet normal 0 0 0
 outer loop
vertex -11.868629455566406 11.131370544433594 0
vertex -11.76318359375 11.015028953552246 0
vertex -11.868629455566406 11.131370544433594 4
 endloop
endfacet
facet normal 0 0 0
 outer loop
vertex -11.76318359375 11.015028953552246 0
vertex -11.76318359375 11.015028953552246 4
vertex -11.868629455566406 11.131370544433594 4
 endloop
endfacet
facet normal 0 0 0
 outer loop
vertex -11.76318359375 11.015028953552246 0
vertex -11.669648170471191 10.888912200927734 0
vertex -11.76318359375 11.015028953552246 4
 endloop
endfacet
facet normal 0 0 0
 outer loop
vertex -11.669648170471191 10.888912200927734 0
vertex -11.669648170471191 10.888912200927734 4
vertex -11.76318359375 11.015028953552246 4
 endloop
endfacet
facet normal 0 0 0
 outer loop
vertex -11.669648170471191 10.888912200927734 0
vertex -11.588926315307617 10.754234313964844 0
vertex -11.669648170471191 10.888912200927734 4
 endloop
endfacet
facet normal 0 0 0
 outer loop
vertex -11.588926315307617 10.754234313964844 0
vertex -11.588926315307617 10.754234313964844 4
vertex -11.669648170471191 10.888912200927734 4
 endloop
endfacet
facet normal 0 0 0
 outer loop
vertex -11.588926315307617 10.754234313964844 0
vertex -11.5217924118042 10.612293243408203 0
vertex -11.588926315307617 10.754234313964844 4
 endloop
endfacet
facet normal 0 0 0
 outer loop
vertex -11.5217924118042 10.612293243408203 0
vertex -11.5217924118042 10.612293243408203 4
vertex -11.588926315307617 10.754234313964844 4
 endloop
endfacet
facet normal 0 0 0
 outer loop
vertex -11.5217924118042 10.612293243408203 0
vertex -11.46889591217041 10.464455604553223 0
vertex -11.5217924118042 10.612293243408203 4
 endloop
endfacet
facet normal 0 0 0
 outer loop
vertex -11.46889591217041 10.464455604553223 0
vertex -11.46889591217041 10.464455604553223 4
vertex -11.5217924118042 10.612293243408203 4
 endloop
endfacet
facet normal 0 0 0
 outer loop
vertex -11.46889591217041 10.464455604553223 0
vertex -11.430743217468262 10.31214427947998 0
vertex -11.46889591217041 10.464455604553223 4
 endloop
endfacet
facet normal 0 0 0
 outer loop
vertex -11.430743217468262 10.31214427947998 0
vertex -11.430743217468262 10.31214427947998 4
vertex -11.46889591217041 10.464455604553223 4
 endloop
endfacet
facet normal 0 0 0
 outer loop
vertex -11.430743217468262 10.31214427947998 0
vertex -11.40770435333252 10.156826972961426 0
vertex -11.430743217468262 10.31214427947998 4
 endloop
endfacet
facet normal 0 0 0
 outer loop
vertex -11.40770435333252 10.156826972961426 0
vertex -11.40770435333252 10.156826972961426 4
vertex -11.430743217468262 10.31214427947998 4
 endloop
endfacet
facet normal 0 0 0
 outer loop
vertex -11.40770435333252 10.156826972961426 0
vertex -11.399999618530273 10 0
vertex -11.40770435333252 10.156826972961426 4
 endloop
endfacet
facet normal 0 0 0
 outer loop
vertex -11.399999618530273 10 0
vertex -11.399999618530273 10 4
vertex -11.40770435333252 10.156826972961426 4
 endloop
endfacet
facet normal 0 0 0
 outer loop
vertex 1.649999976158142 10 0
vertex 1.642054796218872 9.838272094726562 0
vertex 1.649999976158142 10 4
 endloop
endfacet
facet normal 0 0 0
 outer loop
vertex 1.642054796218872 9.838272094726562 0
vertex 1.642054796218872 9.838272094726562 4
vertex 1.649999976158142 10 4
 endloop
endfacet
facet normal 0 0 0
 outer loop
vertex 1.642054796218872 9.838272094726562 0
vertex 1.618295669555664 9.6781005859375 0
vertex 1.642054796218872 9.838272094726562 4
 endloop
endfacet
facet normal 0 0 0
 outer loop
vertex 1.618295669555664 9.6781005859375 0
vertex 1.618295669555664 9.6781005859375 4
vertex 1.642054796218872 9.838272094726562 4
 endloop
endfacet
facet normal 0 0 0
 outer loop
vertex 1.618295669555664 9.6781005859375 0
vertex 1.5789515972137451 9.52103042602539 0
vertex 1.618295669555664 9.6781005859375 4
 endloop
endfacet
facet normal 0 0 0
 outer loop
vertex 1.5789515972137451 9.52103042602539 0
vertex 1.5789515972137451 9.52103042602539 4
vertex 1.618295669555664 9.6781005859375 4
 endloop
endfacet
facet normal 0 0 0
 outer loop
vertex 1.5789515972137451 9.52103042602539 0
vertex 1.5244011878967285 9.368572235107422 0
vertex 1.5789515972137451 9.52103042602539 4
 endloop
endfacet
facet normal 0 0 0
 outer loop
vertex 1.5244011878967285 9.368572235107422 0
vertex 1.5244011878967285 9.368572235107422 4
vertex 1.5789515972137451 9.52103042602539 4
 endloop
endfacet
facet normal 0 0 0
 outer loop
vertex 1.5244011878967285 9.368572235107422 0
vertex 1.4551700353622437 9.222195625305176 0
vertex 1.5244011878967285 9.368572235107422 4
 endloop
endfacet
facet normal 0 0 0
 outer loop
vertex 1.4551700353622437 9.222195625305176 0
vertex 1.4551700353622437 9.222195625305176 4
vertex 1.5244011878967285 9.368572235107422 4
 endloop
endfacet
facet normal 0 0 0
 outer loop
vertex 1.4551700353622437 9.222195625305176 0
vertex 1.371924877166748 9.083309173583984 0
vertex 1.4551700353622437 9.222195625305176 4
 endloop
endfacet
facet normal 0 0 0
 outer loop
vertex 1.371924877166748 9.083309173583984 0
vertex 1.371924877166748 9.083309173583984 4
vertex 1.4551700353622437 9.222195625305176 4
 endloop
endfacet
facet normal 0 0 0
 outer loop
vertex 1.371924877166748 9.083309173583984 0
vertex 1.2754672765731812 8.953250885009766 0
vertex 1.371924877166748 9.083309173583984 4
 endloop
endfacet
facet normal 0 0 0
 outer loop
vertex 1.2754672765731812 8.953250885009766 0
vertex 1.2754672765731812 8.953250885009766 4
vertex 1.371924877166748 9.083309173583984 4
 endloop
endfacet
facet normal 0 0 0
 outer loop
vertex 1.2754672765731812 8.953250885009766 0
vertex 1.1667262315750122 8.833273887634277 0
vertex 1.2754672765731812 8.953250885009766 4
 endloop
endfacet
facet normal 0 0 0
 outer loop
vertex 1.1667262315750122 8.833273887634277 0
vertex 1.1667262315750122 8.833273887634277 4
vertex 1.2754672765731812 8.953250885009766 4
 endloop
endfacet
facet normal 0 0 0
 outer loop
vertex 1.1667262315750122 8.833273887634277 0
vertex 1.0467488765716553 8.724533081054688 0
vertex 1.1667262315750122 8.833273887634277 4
 endloop
endfacet
facet normal 0 0 0
 outer loop
vertex 1.0467488765716553 8.724533081054688 0
vertex 1.0467488765716553 8.724533081054688 4
vertex 1.1667262315750122 8.833273887634277 4
 endloop
endfacet
facet normal 0 0 0
 outer loop
vertex 1.0467488765716553 8.724533081054688 0
vertex 0.9166908860206604 8.62807559967041 0
vertex 1.0467488765716553 8.724533081054688 4
 endloop
endfacet
facet normal 0 0 0
 outer loop
vertex 0.9166908860206604 8.62807559967041 0
vertex 0.9166908860206604 8.62807559967041 4
vertex 1.0467488765716553 8.724533081054688 4
 endloop
endfacet
facet normal 0 0 0
 outer loop
vertex 0.9166908860206604 8.62807559967041 0
vertex 0.7778046131134033 8.544830322265625 0
vertex 0.9166908860206604 8.62807559967041 4
 endloop
endfacet
facet normal 0 0 0
 outer loop
vertex 0.7778046131134033 8.544830322265625 0
vertex 0.7778046131134033 8.544830322265625 4
vertex 0.9166908860206604 8.62807559967041 4
 endloop
endfacet
facet normal 0 0 0
 outer loop
vertex 0.7778046131134033 8.544830322265625 0
vertex 0.6314276456832886 8.475598335266113 0
vertex 0.7778046131134033 8.544830322265625 4
 endloop
endfacet
facet normal 0 0 0
 outer loop
vertex 0.6314276456832886 8.475598335266113 0
vertex 0.6314276456832886 8.475598335266113 4
vertex 0.7778046131134033 8.544830322265625 4
 endloop
endfacet
facet normal 0 0 0
 outer loop
vertex 0.6314276456832886 8.475598335266113 0
vertex 0.4789697229862213 8.421048164367676 0
vertex 0.6314276456832886 8.475598335266113 4
 endloop
endfacet
facet normal 0 0 0
 outer loop
vertex 0.4789697229862213 8.421048164367676 0
vertex 0.4789697229862213 8.421048164367676 4
vertex 0.6314276456832886 8.475598335266113 4
 endloop
endfacet
facet normal 0 0 0
 outer loop
vertex 0.4789697229862213 8.421048164367676 0
vertex 0.32189902663230896 8.381704330444336 0
vertex 0.4789697229862213 8.421048164367676 4
 endloop
endfacet
facet normal 0 0 0
 outer loop
vertex 0.32189902663230896 8.381704330444336 0
vertex 0.32189902663230896 8.381704330444336 4
vertex 0.4789697229862213 8.421048164367676 4
 endloop
endfacet
facet normal 0 0 0
 outer loop
vertex 0.32189902663230896 8.381704330444336 0
vertex 0.16172827780246735 8.357945442199707 0
vertex 0.32189902663230896 8.381704330444336 4
 endloop
endfacet
facet normal 0 0 0
 outer loop
vertex 0.16172827780246735 8.357945442199707 0
vertex 0.16172827780246735 8.357945442199707 4
vertex 0.32189902663230896 8.381704330444336 4
 endloop
endfacet
facet normal 0 0 0
 outer loop
vertex 0.16172827780246735 8.357945442199707 0
vertex 1.010333620295539e-16 8.350000381469727 0
vertex 0.16172827780246735 8.357945442199707 4
 endloop
endfacet
facet normal 0 0 0
 outer loop
vertex 1.010333620295539e-16 8.350000381469727 0
vertex 1.010333620295539e-16 8.350000381469727 4
vertex 0.16172827780246735 8.357945442199707 4
 endloop
endfacet
facet normal 0 0 0
 outer loop
vertex 1.010333620295539e-16 8.350000381469727 0
vertex -0.16172827780246735 8.357945442199707 0
vertex 1.010333620295539e-16 8.350000381469727 4
 endloop
endfacet
facet normal 0 0 0
 outer loop
vertex -0.16172827780246735 8.357945442199707 0
vertex -0.16172827780246735 8.357945442199707 4
vertex 1.010333620295539e-16 8.350000381469727 4
 endloop
endfacet
facet normal 0 0 0
 outer loop
vertex -0.16172827780246735 8.357945442199707 0
vertex -0.32189902663230896 8.381704330444336 0
vertex -0.16172827780246735 8.357945442199707 4
 endloop
endfacet
facet normal 0 0 0
 outer loop
vertex -0.32189902663230896 8.381704330444336 0
vertex -0.32189902663230896 8.381704330444336 4
vertex -0.16172827780246735 8.357945442199707 4
 endloop
endfacet
facet normal 0 0 0
 outer loop
vertex -0.32189902663230896 8.381704330444336 0
vertex -0.4789697229862213 8.421048164367676 0
vertex -0.32189902663230896 8.381704330444336 4
 endloop
endfacet
facet normal 0 0 0
 outer loop
vertex -0.4789697229862213 8.421048164367676 0
vertex -0.4789697229862213 8.421048164367676 4
vertex -0.32189902663230896 8.381704330444336 4
 endloop
endfacet
facet normal 0 0 0
 outer loop
vertex -0.4789697229862213 8.421048164367676 0
vertex -0.6314276456832886 8.475598335266113 0
vertex -0.4789697229862213 8.421048164367676 4
 endloop
endfacet
facet normal 0 0 0
 outer loop
vertex -0.6314276456832886 8.475598335266113 0
vertex -0.6314276456832886 8.475598335266113 4
vertex -0.4789697229862213 8.421048164367676 4
 endloop
endfacet
facet normal 0 0 0
 outer loop
vertex -0.6314276456832886 8.475598335266113 0
vertex -0.7778046131134033 8.544830322265625 0
vertex -0.6314276456832886 8.475598335266113 4
 endloop
endfacet
facet normal 0 0 0
 outer loop
vertex -0.7778046131134033 8.544830322265625 0
vertex -0.7778046131134033 8.544830322265625 4
vertex -0.6314276456832886 8.475598335266113 4
 endloop
endfacet
facet normal 0 0 0
 outer loop
vertex -0.7778046131134033 8.544830322265625 0
vertex -0.9166908860206604 8.62807559967041 0
vertex -0.7778046131134033 8.544830322265625 4
 endloop
endfacet
facet normal 0 0 0
 outer loop
vertex -0.9166908860206604 8.62807559967041 0
vertex -0.9166908860206604 8.62807559967041 4
vertex -0.7778046131134033 8.544830322265625 4
 endloop
endfacet
facet normal 0 0 0
 outer loop
vertex -0.9166908860206604 8.62807559967041 0
vertex -1.0467488765716553 8.724533081054688 0
vertex -0.9166908860206604 8.62807559967041 4
 endloop
endfacet
facet normal 0 0 0
 outer loop
vertex -1.0467488765716553 8.724533081054688 0
vertex -1.0467488765716553 8.724533081054688 4
vertex -0.9166908860206604 8.62807559967041 4
 endloop
endfacet
facet normal 0 0 0
 outer loop
vertex -1.0467488765716553 8.724533081054688 0
vertex -1.1667262315750122 8.833273887634277 0
vertex -1.0467488765716553 8.724533081054688 4
 endloop
endfacet
facet normal 0 0 0
 outer loop
vertex -1.1667262315750122 8.833273887634277 0
vertex -1.1667262315750122 8.833273887634277 4
vertex -1.0467488765716553 8.724533081054688 4
 endloop
endfacet
facet normal 0 0 0
 outer loop
vertex -1.1667262315750122 8.833273887634277 0
vertex -1.2754672765731812 8.953250885009766 0
vertex -1.1667262315750122 8.833273887634277 4
 endloop
endfacet
facet normal 0 0 0
 outer loop
vertex -1.2754672765731812 8.953250885009766 0
vertex -1.2754672765731812 8.953250885009766 4
vertex -1.1667262315750122 8.833273887634277 4
 endloop
endfacet
facet normal 0 0 0
 outer loop
vertex -1.2754672765731812 8.953250885009766 0
vertex -1.371924877166748 9.083309173583984 0
vertex -1.2754672765731812 8.953250885009766 4
 endloop
endfacet
facet normal 0 0 0
 outer loop
vertex -1.371924877166748 9.083309173583984 0
vertex -1.371924877166748 9.083309173583984 4
vertex -1.2754672765731812 8.953250885009766 4
 endloop
endfacet
facet normal 0 0 0
 outer loop
vertex -1.371924877166748 9.083309173583984 0
vertex -1.4551700353622437 9.222195625305176 0
vertex -1.371924877166748 9.083309173583984 4
 endloop
endfacet
facet normal 0 0 0
 outer loop
vertex -1.4551700353622437 9.222195625305176 0
vertex -1.4551700353622437 9.222195625305176 4
vertex -1.371924877166748 9.083309173583984 4
 endloop
endfacet
facet normal 0 0 0
 outer loop
vertex -1.4551700353622437 9.222195625305176 0
vertex -1.5244011878967285 9.368572235107422 0
vertex -1.4551700353622437 9.222195625305176 4
 endloop
endfacet
facet normal 0 0 0
 outer loop
vertex -1.5244011878967285 9.368572235107422 0
vertex -1.5244011878967285 9.368572235107422 4
vertex -1.4551700353622437 9.222195625305176 4
 endloop
endfacet
facet normal 0 0 0
 outer loop
vertex -1.5244011878967285 9.368572235107422 0
vertex -1.5789515972137451 9.52103042602539 0
vertex -1.5244011878967285 9.368572235107422 4
 endloop
endfacet
facet normal 0 0 0
 outer loop
vertex -1.5789515972137451 9.52103042602539 0
vertex -1.5789515972137451 9.52103042602539 4
vertex -1.5244011878967285 9.368572235107422 4
 endloop
endfacet
facet normal 0 0 0
 outer loop
vertex -1.5789515972137451 9.52103042602539 0
vertex -1.618295669555664 9.6781005859375 0
vertex -1.5789515972137451 9.52103042602539 4
 endloop
endfacet
facet normal 0 0 0
 outer loop
vertex -1.618295669555664 9.6781005859375 0
vertex -1.618295669555664 9.6781005859375 4
vertex -1.5789515972137451 9.52103042602539 4
 endloop
endfacet
facet normal 0 0 0
 outer loop
vertex -1.618295669555664 9.6781005859375 0
vertex -1.642054796218872 9.838272094726562 0
vertex -1.618295669555664 9.6781005859375 4
 endloop
endfacet
facet normal 0 0 0
 outer loop
vertex -1.642054796218872 9.838272094726562 0
vertex -1.642054796218872 9.838272094726562 4
vertex -1.618295669555664 9.6781005859375 4
 endloop
endfacet
facet normal 0 0 0
 outer loop
vertex -1.642054796218872 9.838272094726562 0
vertex -1.649999976158142 10 0
vertex -1.642054796218872 9.838272094726562 4
 endloop
endfacet
facet normal 0 0 0
 outer loop
vertex -1.649999976158142 10 0
vertex -1.649999976158142 10 4
vertex -1.642054796218872 9.838272094726562 4
 endloop
endfacet
facet normal 0 0 0
 outer loop
vertex -1.649999976158142 10 0
vertex -1.642054796218872 10.161727905273438 0
vertex -1.649999976158142 10 4
 endloop
endfacet
facet normal 0 0 0
 outer loop
vertex -1.642054796218872 10.161727905273438 0
vertex -1.642054796218872 10.161727905273438 4
vertex -1.649999976158142 10 4
 endloop
endfacet
facet normal 0 0 0
 outer loop
vertex -1.642054796218872 10.161727905273438 0
vertex -1.618295669555664 10.3218994140625 0
vertex -1.642054796218872 10.161727905273438 4
 endloop
endfacet
facet normal 0 0 0
 outer loop
vertex -1.618295669555664 10.3218994140625 0
vertex -1.618295669555664 10.3218994140625 4
vertex -1.642054796218872 10.161727905273438 4
 endloop
endfacet
facet normal 0 0 0
 outer loop
vertex -1.618295669555664 10.3218994140625 0
vertex -1.5789515972137451 10.47896957397461 0
vertex -1.618295669555664 10.3218994140625 4
 endloop
endfacet
facet normal 0 0 0
 outer loop
vertex -1.5789515972137451 10.47896957397461 0
vertex -1.5789515972137451 10.47896957397461 4
vertex -1.618295669555664 10.3218994140625 4
 endloop
endfacet
facet normal 0 0 0
 outer loop
vertex -1.5789515972137451 10.47896957397461 0
vertex -1.5244011878967285 10.631427764892578 0
vertex -1.5789515972137451 10.47896957397461 4
 endloop
endfacet
facet normal 0 0 0
 outer loop
vertex -1.5244011878967285 10.631427764892578 0
vertex -1.5244011878967285 10.631427764892578 4
vertex -1.5789515972137451 10.47896957397461 4
 endloop
endfacet
facet normal 0 0 0
 outer loop
vertex -1.5244011878967285 10.631427764892578 0
vertex -1.4551700353622437 10.777804374694824 0
vertex -1.5244011878967285 10.631427764892578 4
 endloop
endfacet
facet normal 0 0 0
 outer loop
vertex -1.4551700353622437 10.777804374694824 0
vertex -1.4551700353622437 10.777804374694824 4
vertex -1.5244011878967285 10.631427764892578 4
 endloop
endfacet
facet normal 0 0 0
 outer loop
vertex -1.4551700353622437 10.777804374694824 0
vertex -1.371924877166748 10.916690826416016 0
vertex -1.4551700353622437 10.777804374694824 4
 endloop
endfacet
facet normal 0 0 0
 outer loop
vertex -1.371924877166748 10.916690826416016 0
vertex -1.371924877166748 10.916690826416016 4
vertex -1.4551700353622437 10.777804374694824 4
 endloop
endfacet
facet normal 0 0 0
 outer loop
vertex -1.371924877166748 10.916690826416016 0
vertex -1.2754672765731812 11.046749114990234 0
vertex -1.371924877166748 10.916690826416016 4
 endloop
endfacet
facet normal 0 0 0
 outer loop
vertex -1.2754672765731812 11.046749114990234 0
vertex -1.2754672765731812 11.046749114990234 4
vertex -1.371924877166748 10.916690826416016 4
 endloop
endfacet
facet normal 0 0 0
 outer loop
vertex -1.2754672765731812 11.046749114990234 0
vertex -1.1667262315750122 11.166726112365723 0
vertex -1.2754672765731812 11.046749114990234 4
 endloop
endfacet
facet normal 0 0 0
 outer loop
vertex -1.1667262315750122 11.166726112365723 0
vertex -1.1667262315750122 11.166726112365723 4
vertex -1.2754672765731812 11.046749114990234 4
 endloop
endfacet
facet normal 0 0 0
 outer loop
vertex -1.1667262315750122 11.166726112365723 0
vertex -1.0467488765716553 11.275466918945312 0
vertex -1.1667262315750122 11.166726112365723 4
 endloop
endfacet
facet normal 0 0 0
 outer loop
vertex -1.0467488765716553 11.275466918945312 0
vertex -1.0467488765716553 11.275466918945312 4
vertex -1.1667262315750122 11.166726112365723 4
 endloop
endfacet
facet normal 0 0 0
 outer loop
vertex -1.0467488765716553 11.275466918945312 0
vertex -0.9166908860206604 11.37192440032959 0
vertex -1.0467488765716553 11.275466918945312 4
 endloop
endfacet
facet normal 0 0 0
 outer loop
vertex -0.9166908860206604 11.37192440032959 0
vertex -0.9166908860206604 11.37192440032959 4
vertex -1.0467488765716553 11.275466918945312 4
 endloop
endfacet
facet normal 0 0 0
 outer loop
vertex -0.9166908860206604 11.37192440032959 0
vertex -0.7778046131134033 11.455169677734375 0
vertex -0.9166908860206604 11.37192440032959 4
 endloop
endfacet
facet normal 0 0 0
 outer loop
vertex -0.7778046131134033 11.455169677734375 0
vertex -0.7778046131134033 11.455169677734375 4
vertex -0.9166908860206604 11.37192440032959 4
 endloop
endfacet
facet normal 0 0 0
 outer loop
vertex -0.7778046131134033 11.455169677734375 0
vertex -0.6314276456832886 11.524401664733887 0
vertex -0.7778046131134033 11.455169677734375 4
 endloop
endfacet
facet normal 0 0 0
 outer loop
vertex -0.6314276456832886 11.524401664733887 0
vertex -0.6314276456832886 11.524401664733887 4
vertex -0.7778046131134033 11.455169677734375 4
 endloop
endfacet
facet normal 0 0 0
 outer loop
vertex -0.6314276456832886 11.524401664733887 0
vertex -0.4789697229862213 11.578951835632324 0
vertex -0.6314276456832886 11.524401664733887 4
 endloop
endfacet
facet normal 0 0 0
 outer loop
vertex -0.4789697229862213 11.578951835632324 0
vertex -0.4789697229862213 11.578951835632324 4
vertex -0.6314276456832886 11.524401664733887 4
 endloop
endfacet
facet normal 0 0 0
 outer loop
vertex -0.4789697229862213 11.578951835632324 0
vertex -0.32189902663230896 11.618295669555664 0
vertex -0.4789697229862213 11.578951835632324 4
 endloop
endfacet
facet normal 0 0 0
 outer loop
vertex -0.32189902663230896 11.618295669555664 0
vertex -0.32189902663230896 11.618295669555664 4
vertex -0.4789697229862213 11.578951835632324 4
 endloop
endfacet
facet normal 0 0 0
 outer loop
vertex -0.32189902663230896 11.618295669555664 0
vertex -0.16172827780246735 11.642054557800293 0
vertex -0.32189902663230896 11.618295669555664 4
 endloop
endfacet
facet normal 0 0 0
 outer loop
vertex -0.16172827780246735 11.642054557800293 0
vertex -0.16172827780246735 11.642054557800293 4
vertex -0.32189902663230896 11.618295669555664 4
 endloop
endfacet
facet normal 0 0 0
 outer loop
vertex -0.16172827780246735 11.642054557800293 0
vertex -3.031000728537719e-16 11.649999618530273 0
vertex -0.16172827780246735 11.642054557800293 4
 endloop
endfacet
facet normal 0 0 0
 outer loop
vertex -3.031000728537719e-16 11.649999618530273 0
vertex -3.031000728537719e-16 11.649999618530273 4
vertex -0.16172827780246735 11.642054557800293 4
 endloop
endfacet
facet normal 0 0 0
 outer loop
vertex -3.031000728537719e-16 11.649999618530273 0
vertex 0.16172827780246735 11.642054557800293 0
vertex -3.031000728537719e-16 11.649999618530273 4
 endloop
endfacet
facet normal 0 0 0
 outer loop
vertex 0.16172827780246735 11.642054557800293 0
vertex 0.16172827780246735 11.642054557800293 4
vertex -3.031000728537719e-16 11.649999618530273 4
 endloop
endfacet
facet normal 0 0 0
 outer loop
vertex 0.16172827780246735 11.642054557800293 0
vertex 0.32189902663230896 11.618295669555664 0
vertex 0.16172827780246735 11.642054557800293 4
 endloop
endfacet
facet normal 0 0 0
 outer loop
vertex 0.32189902663230896 11.618295669555664 0
vertex 0.32189902663230896 11.618295669555664 4
vertex 0.16172827780246735 11.642054557800293 4
 endloop
endfacet
facet normal 0 0 0
 outer loop
vertex 0.32189902663230896 11.618295669555664 0
vertex 0.4789697229862213 11.578951835632324 0
vertex 0.32189902663230896 11.618295669555664 4
 endloop
endfacet
facet normal 0 0 0
 outer loop
vertex 0.4789697229862213 11.578951835632324 0
vertex 0.4789697229862213 11.578951835632324 4
vertex 0.32189902663230896 11.618295669555664 4
 endloop
endfacet
facet normal 0 0 0
 outer loop
vertex 0.4789697229862213 11.578951835632324 0
vertex 0.6314276456832886 11.524401664733887 0
vertex 0.4789697229862213 11.578951835632324 4
 endloop
endfacet
facet normal 0 0 0
 outer loop
vertex 0.6314276456832886 11.524401664733887 0
vertex 0.6314276456832886 11.524401664733887 4
vertex 0.4789697229862213 11.578951835632324 4
 endloop
endfacet
facet normal 0 0 0
 outer loop
vertex 0.6314276456832886 11.524401664733887 0
vertex 0.7778046131134033 11.455169677734375 0
vertex 0.6314276456832886 11.524401664733887 4
 endloop
endfacet
facet normal 0 0 0
 outer loop
vertex 0.7778046131134033 11.455169677734375 0
vertex 0.7778046131134033 11.455169677734375 4
vertex 0.6314276456832886 11.524401664733887 4
 endloop
endfacet
facet normal 0 0 0
 outer loop
vertex 0.7778046131134033 11.455169677734375 0
vertex 0.9166908860206604 11.37192440032959 0
vertex 0.7778046131134033 11.455169677734375 4
 endloop
endfacet
facet normal 0 0 0
 outer loop
vertex 0.9166908860206604 11.37192440032959 0
vertex 0.9166908860206604 11.37192440032959 4
vertex 0.7778046131134033 11.455169677734375 4
 endloop
endfacet
facet normal 0 0 0
 outer loop
vertex 0.9166908860206604 11.37192440032959 0
vertex 1.0467488765716553 11.275466918945312 0
vertex 0.9166908860206604 11.37192440032959 4
 endloop
endfacet
facet normal 0 0 0
 outer loop
vertex 1.0467488765716553 11.275466918945312 0
vertex 1.0467488765716553 11.275466918945312 4
vertex 0.9166908860206604 11.37192440032959 4
 endloop
endfacet
facet normal 0 0 0
 outer loop
vertex 1.0467488765716553 11.275466918945312 0
vertex 1.1667262315750122 11.166726112365723 0
vertex 1.0467488765716553 11.275466918945312 4
 endloop
endfacet
facet normal 0 0 0
 outer loop
vertex 1.1667262315750122 11.166726112365723 0
vertex 1.1667262315750122 11.166726112365723 4
vertex 1.0467488765716553 11.275466918945312 4
 endloop
endfacet
facet normal 0 0 0
 outer loop
vertex 1.1667262315750122 11.166726112365723 0
vertex 1.2754672765731812 11.046749114990234 0
vertex 1.1667262315750122 11.166726112365723 4
 endloop
endfacet
facet normal 0 0 0
 outer loop
vertex 1.2754672765731812 11.046749114990234 0
vertex 1.2754672765731812 11.046749114990234 4
vertex 1.1667262315750122 11.166726112365723 4
 endloop
endfacet
facet normal 0 0 0
 outer loop
vertex 1.2754672765731812 11.046749114990234 0
vertex 1.371924877166748 10.916690826416016 0
vertex 1.2754672765731812 11.046749114990234 4
 endloop
endfacet
facet normal 0 0 0
 outer loop
vertex 1.371924877166748 10.916690826416016 0
vertex 1.371924877166748 10.916690826416016 4
vertex 1.2754672765731812 11.046749114990234 4
 endloop
endfacet
facet normal 0 0 0
 outer loop
vertex 1.371924877166748 10.916690826416016 0
vertex 1.4551700353622437 10.777804374694824 0
vertex 1.371924877166748 10.916690826416016 4
 endloop
endfacet
facet normal 0 0 0
 outer loop
vertex 1.4551700353622437 10.777804374694824 0
vertex 1.4551700353622437 10.777804374694824 4
vertex 1.371924877166748 10.916690826416016 4
 endloop
endfacet
facet normal 0 0 0
 outer loop
vertex 1.4551700353622437 10.777804374694824 0
vertex 1.5244011878967285 10.631427764892578 0
vertex 1.4551700353622437 10.777804374694824 4
 endloop
endfacet
facet normal 0 0 0
 outer loop
vertex 1.5244011878967285 10.631427764892578 0
vertex 1.5244011878967285 10.631427764892578 4
vertex 1.4551700353622437 10.777804374694824 4
 endloop
endfacet
facet normal 0 0 0
 outer loop
vertex 1.5244011878967285 10.631427764892578 0
vertex 1.5789515972137451 10.47896957397461 0
vertex 1.5244011878967285 10.631427764892578 4
 endloop
endfacet
facet normal 0 0 0
 outer loop
vertex 1.5789515972137451 10.47896957397461 0
vertex 1.5789515972137451 10.47896957397461 4
vertex 1.5244011878967285 10.631427764892578 4
 endloop
endfacet
facet normal 0 0 0
 outer loop
vertex 1.5789515972137451 10.47896957397461 0
vertex 1.618295669555664 10.3218994140625 0
vertex 1.5789515972137451 10.47896957397461 4
 endloop
endfacet
facet normal 0 0 0
 outer loop
vertex 1.618295669555664 10.3218994140625 0
vertex 1.618295669555664 10.3218994140625 4
vertex 1.5789515972137451 10.47896957397461 4
 endloop
endfacet
facet normal 0 0 0
 outer loop
vertex 1.618295669555664 10.3218994140625 0
vertex 1.642054796218872 10.161727905273438 0
vertex 1.618295669555664 10.3218994140625 4
 endloop
endfacet
facet normal 0 0 0
 outer loop
vertex 1.642054796218872 10.161727905273438 0
vertex 1.642054796218872 10.161727905273438 4
vertex 1.618295669555664 10.3218994140625 4
 endloop
endfacet
facet normal 0 0 0
 outer loop
vertex 1.642054796218872 10.161727905273438 0
vertex 1.649999976158142 10 0
vertex 1.642054796218872 10.161727905273438 4
 endloop
endfacet
facet normal 0 0 0
 outer loop
vertex 1.649999976158142 10 0
vertex 1.649999976158142 10 4
vertex 1.642054796218872 10.161727905273438 4
 endloop
endfacet
facet normal 0 0 0
 outer loop
vertex 14.699999809265137 10 0
vertex 14.691814422607422 9.83337116241455 0
vertex 14.699999809265137 10 4
 endloop
endfacet
facet normal 0 0 0
 outer loop
vertex 14.691814422607422 9.83337116241455 0
vertex 14.691814422607422 9.83337116241455 4
vertex 14.699999809265137 10 4
 endloop
endfacet
facet normal 0 0 0
 outer loop
vertex 14.691814422607422 9.83337116241455 0
vertex 14.66733455657959 9.668346405029297 0
vertex 14.691814422607422 9.83337116241455 4
 endloop
endfacet
facet normal 0 0 0
 outer loop
vertex 14.66733455657959 9.668346405029297 0
vertex 14.66733455657959 9.668346405029297 4
vertex 14.691814422607422 9.83337116241455 4
 endloop
endfacet
facet normal 0 0 0
 outer loop
vertex 14.66733455657959 9.668346405029297 0
vertex 14.626798629760742 9.506516456604004 0
vertex 14.66733455657959 9.668346405029297 4
 endloop
endfacet
facet normal 0 0 0
 outer loop
vertex 14.626798629760742 9.506516456604004 0
vertex 14.626798629760742 9.506516456604004 4
vertex 14.66733455657959 9.668346405029297 4
 endloop
endfacet
facet normal 0 0 0
 outer loop
vertex 14.626798629760742 9.506516456604004 0
vertex 14.570594787597656 9.349437713623047 0
vertex 14.626798629760742 9.506516456604004 4
 endloop
endfacet
facet normal 0 0 0
 outer loop
vertex 14.570594787597656 9.349437713623047 0
vertex 14.570594787597656 9.349437713623047 4
vertex 14.626798629760742 9.506516456604004 4
 endloop
endfacet
facet normal 0 0 0
 outer loop
vertex 14.570594787597656 9.349437713623047 0
vertex 14.499266624450684 9.198625564575195 0
vertex 14.570594787597656 9.349437713623047 4
 endloop
endfacet
facet normal 0 0 0
 outer loop
vertex 14.499266624450684 9.198625564575195 0
vertex 14.499266624450684 9.198625564575195 4
vertex 14.570594787597656 9.349437713623047 4
 endloop
endfacet
facet normal 0 0 0
 outer loop
vertex 14.499266624450684 9.198625564575195 0
vertex 14.413497924804688 9.055530548095703 0
vertex 14.499266624450684 9.198625564575195 4
 endloop
endfacet
facet normal 0 0 0
 outer loop
vertex 14.413497924804688 9.055530548095703 0
vertex 14.413497924804688 9.055530548095703 4
vertex 14.499266624450684 9.198625564575195 4
 endloop
endfacet
facet normal 0 0 0
 outer loop
vertex 14.413497924804688 9.055530548095703 0
vertex 14.314117431640625 8.921531677246094 0
vertex 14.413497924804688 9.055530548095703 4
 endloop
endfacet
facet normal 0 0 0
 outer loop
vertex 14.314117431640625 8.921531677246094 0
vertex 14.314117431640625 8.921531677246094 4
vertex 14.413497924804688 9.055530548095703 4
 endloop
endfacet
facet normal 0 0 0
 outer loop
vertex 14.314117431640625 8.921531677246094 0
vertex 14.202081680297852 8.797918319702148 0
vertex 14.314117431640625 8.921531677246094 4
 endloop
endfacet
facet normal 0 0 0
 outer loop
vertex 14.202081680297852 8.797918319702148 0
vertex 14.202081680297852 8.797918319702148 4
vertex 14.314117431640625 8.921531677246094 4
 endloop
endfacet
facet normal 0 0 0
 outer loop
vertex 14.202081680297852 8.797918319702148 0
vertex 14.078468322753906 8.685882568359375 0
vertex 14.202081680297852 8.797918319702148 4
 endloop
endfacet
facet normal 0 0 0
 outer loop
vertex 14.078468322753906 8.685882568359375 0
vertex 14.078468322753906 8.685882568359375 4
vertex 14.202081680297852 8.797918319702148 4
 endloop
endfacet
facet normal 0 0 0
 outer loop
vertex 14.078468322753906 8.685882568359375 0
vertex 13.944469451904297 8.586502075195312 0
vertex 14.078468322753906 8.685882568359375 4
 endloop
endfacet
facet normal 0 0 0
 outer loop
vertex 13.944469451904297 8.586502075195312 0
vertex 13.944469451904297 8.586502075195312 4
vertex 14.078468322753906 8.685882568359375 4
 endloop
endfacet
facet normal 0 0 0
 outer loop
vertex 13.944469451904297 8.586502075195312 0
vertex 13.801374435424805 8.500733375549316 0
vertex 13.944469451904297 8.586502075195312 4
 endloop
endfacet
facet normal 0 0 0
 outer loop
vertex 13.801374435424805 8.500733375549316 0
vertex 13.801374435424805 8.500733375549316 4
vertex 13.944469451904297 8.586502075195312 4
 endloop
endfacet
facet normal 0 0 0
 outer loop
vertex 13.801374435424805 8.500733375549316 0
vertex 13.650562286376953 8.429405212402344 0
vertex 13.801374435424805 8.500733375549316 4
 endloop
endfacet
facet normal 0 0 0
 outer loop
vertex 13.650562286376953 8.429405212402344 0
vertex 13.650562286376953 8.429405212402344 4
vertex 13.801374435424805 8.500733375549316 4
 endloop
endfacet
facet normal 0 0 0
 outer loop
vertex 13.650562286376953 8.429405212402344 0
vertex 13.493483543395996 8.373201370239258 0
vertex 13.650562286376953 8.429405212402344 4
 endloop
endfacet
facet normal 0 0 0
 outer loop
vertex 13.493483543395996 8.373201370239258 0
vertex 13.493483543395996 8.373201370239258 4
vertex 13.650562286376953 8.429405212402344 4
 endloop
endfacet
facet normal 0 0 0
 outer loop
vertex 13.493483543395996 8.373201370239258 0
vertex 13.331653594970703 8.33266544342041 0
vertex 13.493483543395996 8.373201370239258 4
 endloop
endfacet
facet normal 0 0 0
 outer loop
vertex 13.331653594970703 8.33266544342041 0
vertex 13.331653594970703 8.33266544342041 4
vertex 13.493483543395996 8.373201370239258 4
 endloop
endfacet
facet normal 0 0 0
 outer loop
vertex 13.331653594970703 8.33266544342041 0
vertex 13.16662883758545 8.308185577392578 0
vertex 13.331653594970703 8.33266544342041 4
 endloop
endfacet
facet normal 0 0 0
 outer loop
vertex 13.16662883758545 8.308185577392578 0
vertex 13.16662883758545 8.308185577392578 4
vertex 13.331653594970703 8.33266544342041 4
 endloop
endfacet
facet normal 0 0 0
 outer loop
vertex 13.16662883758545 8.308185577392578 0
vertex 13 8.300000190734863 0
vertex 13.16662883758545 8.308185577392578 4
 endloop
endfacet
facet normal 0 0 0
 outer loop
vertex 13 8.300000190734863 0
vertex 13 8.300000190734863 4
vertex 13.16662883758545 8.308185577392578 4
 endloop
endfacet
facet normal 0 0 0
 outer loop
vertex 13 8.300000190734863 0
vertex 12.83337116241455 8.308185577392578 0
vertex 13 8.300000190734863 4
 endloop
endfacet
facet normal 0 0 0
 outer loop
vertex 12.83337116241455 8.308185577392578 0
vertex 12.83337116241455 8.308185577392578 4
vertex 13 8.300000190734863 4
 endloop
endfacet
facet normal 0 0 0
 outer loop
vertex 12.83337116241455 8.308185577392578 0
vertex 12.668346405029297 8.33266544342041 0
vertex 12.83337116241455 8.308185577392578 4
 endloop
endfacet
facet normal 0 0 0
 outer loop
vertex 12.668346405029297 8.33266544342041 0
vertex 12.668346405029297 8.33266544342041 4
vertex 12.83337116241455 8.308185577392578 4
 endloop
endfacet
facet normal 0 0 0
 outer loop
vertex 12.668346405029297 8.33266544342041 0
vertex 12.506516456604004 8.373201370239258 0
vertex 12.668346405029297 8.33266544342041 4
 endloop
endfacet
facet normal 0 0 0
 outer loop
vertex 12.506516456604004 8.373201370239258 0
vertex 12.506516456604004 8.373201370239258 4
vertex 12.668346405029297 8.33266544342041 4
 endloop
endfacet
facet normal 0 0 0
 outer loop
vertex 12.506516456604004 8.373201370239258 0
vertex 12.349437713623047 8.429405212402344 0
vertex 12.506516456604004 8.373201370239258 4
 endloop
endfacet
facet normal 0 0 0
 outer loop
vertex 12.349437713623047 8.429405212402344 0
vertex 12.349437713623047 8.429405212402344 4
vertex 12.506516456604004 8.373201370239258 4
 endloop
endfacet
facet normal 0 0 0
 outer loop
vertex 12.349437713623047 8.429405212402344 0
vertex 12.198625564575195 8.500733375549316 0
vertex 12.349437713623047 8.429405212402344 4
 endloop
endfacet
facet normal 0 0 0
 outer loop
vertex 12.198625564575195 8.500733375549316 0
vertex 12.198625564575195 8.500733375549316 4
vertex 12.349437713623047 8.429405212402344 4
 endloop
endfacet
facet normal 0 0 0
 outer loop
vertex 12.198625564575195 8.500733375549316 0
vertex 12.055530548095703 8.586502075195312 0
vertex 12.198625564575195 8.500733375549316 4
 endloop
endfacet
facet normal 0 0 0
 outer loop
vertex 12.055530548095703 8.586502075195312 0
vertex 12.055530548095703 8.586502075195312 4
vertex 12.198625564575195 8.500733375549316 4
 endloop
endfacet
facet normal 0 0 0
 outer loop
vertex 12.055530548095703 8.586502075195312 0
vertex 11.921531677246094 8.685882568359375 0
vertex 12.055530548095703 8.586502075195312 4
 endloop
endfacet
facet normal 0 0 0
 outer loop
vertex 11.921531677246094 8.685882568359375 0
vertex 11.921531677246094 8.685882568359375 4
vertex 12.055530548095703 8.586502075195312 4
 endloop
endfacet
facet normal 0 0 0
 outer loop
vertex 11.921531677246094 8.685882568359375 0
vertex 11.797918319702148 8.797918319702148 0
vertex 11.921531677246094 8.685882568359375 4
 endloop
endfacet
facet normal 0 0 0
 outer loop
vertex 11.797918319702148 8.797918319702148 0
vertex 11.797918319702148 8.797918319702148 4
vertex 11.921531677246094 8.685882568359375 4
 endloop
endfacet
facet normal 0 0 0
 outer loop
vertex 11.797918319702148 8.797918319702148 0
vertex 11.685882568359375 8.921531677246094 0
vertex 11.797918319702148 8.797918319702148 4
 endloop
endfacet
facet normal 0 0 0
 outer loop
vertex 11.685882568359375 8.921531677246094 0
vertex 11.685882568359375 8.921531677246094 4
vertex 11.797918319702148 8.797918319702148 4
 endloop
endfacet
facet normal 0 0 0
 outer loop
vertex 11.685882568359375 8.921531677246094 0
vertex 11.586502075195312 9.055530548095703 0
vertex 11.685882568359375 8.921531677246094 4
 endloop
endfacet
facet normal 0 0 0
 outer loop
vertex 11.586502075195312 9.055530548095703 0
vertex 11.586502075195312 9.055530548095703 4
vertex 11.685882568359375 8.921531677246094 4
 endloop
endfacet
facet normal 0 0 0
 outer loop
vertex 11.586502075195312 9.055530548095703 0
vertex 11.500733375549316 9.198625564575195 0
vertex 11.586502075195312 9.055530548095703 4
 endloop
endfacet
facet normal 0 0 0
 outer loop
vertex 11.500733375549316 9.198625564575195 0
vertex 11.500733375549316 9.198625564575195 4
vertex 11.586502075195312 9.055530548095703 4
 endloop
endfacet
facet normal 0 0 0
 outer loop
vertex 11.500733375549316 9.198625564575195 0
vertex 11.429405212402344 9.349437713623047 0
vertex 11.500733375549316 9.198625564575195 4
 endloop
endfacet
facet normal 0 0 0
 outer loop
vertex 11.429405212402344 9.349437713623047 0
vertex 11.429405212402344 9.349437713623047 4
vertex 11.500733375549316 9.198625564575195 4
 endloop
endfacet
facet normal 0 0 0
 outer loop
vertex 11.429405212402344 9.349437713623047 0
vertex 11.373201370239258 9.506516456604004 0
vertex 11.429405212402344 9.349437713623047 4
 endloop
endfacet
facet normal 0 0 0
 outer loop
vertex 11.373201370239258 9.506516456604004 0
vertex 11.373201370239258 9.506516456604004 4
vertex 11.429405212402344 9.349437713623047 4
 endloop
endfacet
facet normal 0 0 0
 outer loop
vertex 11.373201370239258 9.506516456604004 0
vertex 11.33266544342041 9.668346405029297 0
vertex 11.373201370239258 9.506516456604004 4
 endloop
endfacet
facet normal 0 0 0
 outer loop
vertex 11.33266544342041 9.668346405029297 0
vertex 11.33266544342041 9.668346405029297 4
vertex 11.373201370239258 9.506516456604004 4
 endloop
endfacet
facet normal 0 0 0
 outer loop
vertex 11.33266544342041 9.668346405029297 0
vertex 11.308185577392578 9.83337116241455 0
vertex 11.33266544342041 9.668346405029297 4
 endloop
endfacet
facet normal 0 0 0
 outer loop
vertex 11.308185577392578 9.83337116241455 0
vertex 11.308185577392578 9.83337116241455 4
vertex 11.33266544342041 9.668346405029297 4
 endloop
endfacet
facet normal 0 0 0
 outer loop
vertex 11.308185577392578 9.83337116241455 0
vertex 11.300000190734863 10 0
vertex 11.308185577392578 9.83337116241455 4
 endloop
endfacet
facet normal 0 0 0
 outer loop
vertex 11.300000190734863 10 0
vertex 11.300000190734863 10 4
vertex 11.308185577392578 9.83337116241455 4
 endloop
endfacet
facet normal 0 0 0
 outer loop
vertex 11.300000190734863 10 0
vertex 11.308185577392578 10.16662883758545 0
vertex 11.300000190734863 10 4
 endloop
endfacet
facet normal 0 0 0
 outer loop
vertex 11.308185577392578 10.16662883758545 0
vertex 11.308185577392578 10.16662883758545 4
vertex 11.300000190734863 10 4
 endloop
endfacet
facet normal 0 0 0
 outer loop
vertex 11.308185577392578 10.16662883758545 0
vertex 11.33266544342041 10.331653594970703 0
vertex 11.308185577392578 10.16662883758545 4
 endloop
endfacet
facet normal 0 0 0
 outer loop
vertex 11.33266544342041 10.331653594970703 0
vertex 11.33266544342041 10.331653594970703 4
vertex 11.308185577392578 10.16662883758545 4
 endloop
endfacet
facet normal 0 0 0
 outer loop
vertex 11.33266544342041 10.331653594970703 0
vertex 11.373201370239258 10.493483543395996 0
vertex 11.33266544342041 10.331653594970703 4
 endloop
endfacet
facet normal 0 0 0
 outer loop
vertex 11.373201370239258 10.493483543395996 0
vertex 11.373201370239258 10.493483543395996 4
vertex 11.33266544342041 10.331653594970703 4
 endloop
endfacet
facet normal 0 0 0
 outer loop
vertex 11.373201370239258 10.493483543395996 0
vertex 11.429405212402344 10.650562286376953 0
vertex 11.373201370239258 10.493483543395996 4
 endloop
endfacet
facet normal 0 0 0
 outer loop
vertex 11.429405212402344 10.650562286376953 0
vertex 11.429405212402344 10.650562286376953 4
vertex 11.373201370239258 10.493483543395996 4
 endloop
endfacet
facet normal 0 0 0
 outer loop
vertex 11.429405212402344 10.650562286376953 0
vertex 11.500733375549316 10.801374435424805 0
vertex 11.429405212402344 10.650562286376953 4
 endloop
endfacet
facet normal 0 0 0
 outer loop
vertex 11.500733375549316 10.801374435424805 0
vertex 11.500733375549316 10.801374435424805 4
vertex 11.429405212402344 10.650562286376953 4
 endloop
endfacet
facet normal 0 0 0
 outer loop
vertex 11.500733375549316 10.801374435424805 0
vertex 11.586502075195312 10.944469451904297 0
vertex 11.500733375549316 10.801374435424805 4
 endloop
endfacet
facet normal 0 0 0
 outer loop
vertex 11.586502075195312 10.944469451904297 0
vertex 11.586502075195312 10.944469451904297 4
vertex 11.500733375549316 10.801374435424805 4
 endloop
endfacet
facet normal 0 0 0
 outer loop
vertex 11.586502075195312 10.944469451904297 0
vertex 11.685882568359375 11.078468322753906 0
vertex 11.586502075195312 10.944469451904297 4
 endloop
endfacet
facet normal 0 0 0
 outer loop
vertex 11.685882568359375 11.078468322753906 0
vertex 11.685882568359375 11.078468322753906 4
vertex 11.586502075195312 10.944469451904297 4
 endloop
endfacet
facet normal 0 0 0
 outer loop
vertex 11.685882568359375 11.078468322753906 0
vertex 11.797918319702148 11.202081680297852 0
vertex 11.685882568359375 11.078468322753906 4
 endloop
endfacet
facet normal 0 0 0
 outer loop
vertex 11.797918319702148 11.202081680297852 0
vertex 11.797918319702148 11.202081680297852 4
vertex 11.685882568359375 11.078468322753906 4
 endloop
endfacet
facet normal 0 0 0
 outer loop
vertex 11.797918319702148 11.202081680297852 0
vertex 11.921531677246094 11.314117431640625 0
vertex 11.797918319702148 11.202081680297852 4
 endloop
endfacet
facet normal 0 0 0
 outer loop
vertex 11.921531677246094 11.314117431640625 0
vertex 11.921531677246094 11.314117431640625 4
vertex 11.797918319702148 11.202081680297852 4
 endloop
endfacet
facet normal 0 0 0
 outer loop
vertex 11.921531677246094 11.314117431640625 0
vertex 12.055530548095703 11.413497924804688 0
vertex 11.921531677246094 11.314117431640625 4
 endloop
endfacet
facet normal 0 0 0
 outer loop
vertex 12.055530548095703 11.413497924804688 0
vertex 12.055530548095703 11.413497924804688 4
vertex 11.921531677246094 11.314117431640625 4
 endloop
endfacet
facet normal 0 0 0
 outer loop
vertex 12.055530548095703 11.413497924804688 0
vertex 12.198625564575195 11.499266624450684 0
vertex 12.055530548095703 11.413497924804688 4
 endloop
endfacet
facet normal 0 0 0
 outer loop
vertex 12.198625564575195 11.499266624450684 0
vertex 12.198625564575195 11.499266624450684 4
vertex 12.055530548095703 11.413497924804688 4
 endloop
endfacet
facet normal 0 0 0
 outer loop
vertex 12.198625564575195 11.499266624450684 0
vertex 12.349437713623047 11.570594787597656 0
vertex 12.198625564575195 11.499266624450684 4
 endloop
endfacet
facet normal 0 0 0
 outer loop
vertex 12.349437713623047 11.570594787597656 0
vertex 12.349437713623047 11.570594787597656 4
vertex 12.198625564575195 11.499266624450684 4
 endloop
endfacet
facet normal 0 0 0
 outer loop
vertex 12.349437713623047 11.570594787597656 0
vertex 12.506516456604004 11.626798629760742 0
vertex 12.349437713623047 11.570594787597656 4
 endloop
endfacet
facet normal 0 0 0
 outer loop
vertex 12.506516456604004 11.626798629760742 0
vertex 12.506516456604004 11.626798629760742 4
vertex 12.349437713623047 11.570594787597656 4
 endloop
endfacet
facet normal 0 0 0
 outer loop
vertex 12.506516456604004 11.626798629760742 0
vertex 12.668346405029297 11.66733455657959 0
vertex 12.506516456604004 11.626798629760742 4
 endloop
endfacet
facet normal 0 0 0
 outer loop
vertex 12.668346405029297 11.66733455657959 0
vertex 12.668346405029297 11.66733455657959 4
vertex 12.506516456604004 11.626798629760742 4
 endloop
endfacet
facet normal 0 0 0
 outer loop
vertex 12.668346405029297 11.66733455657959 0
vertex 12.83337116241455 11.691814422607422 0
vertex 12.668346405029297 11.66733455657959 4
 endloop
endfacet
facet normal 0 0 0
 outer loop
vertex 12.83337116241455 11.691814422607422 0
vertex 12.83337116241455 11.691814422607422 4
vertex 12.668346405029297 11.66733455657959 4
 endloop
endfacet
facet normal 0 0 0
 outer loop
vertex 12.83337116241455 11.691814422607422 0
vertex 13 11.699999809265137 0
vertex 12.83337116241455 11.691814422607422 4
 endloop
endfacet
facet normal 0 0 0
 outer loop
vertex 13 11.699999809265137 0
vertex 13 11.699999809265137 4
vertex 12.83337116241455 11.691814422607422 4
 endloop
endfacet
facet normal 0 0 0
 outer loop
vertex 13 11.699999809265137 0
vertex 13.16662883758545 11.691814422607422 0
vertex 13 11.699999809265137 4
 endloop
endfacet
facet normal 0 0 0
 outer loop
vertex 13.16662883758545 11.691814422607422 0
vertex 13.16662883758545 11.691814422607422 4
vertex 13 11.699999809265137 4
 endloop
endfacet
facet normal 0 0 0
 outer loop
vertex 13.16662883758545 11.691814422607422 0
vertex 13.331653594970703 11.66733455657959 0
vertex 13.16662883758545 11.691814422607422 4
 endloop
endfacet
facet normal 0 0 0
 outer loop
vertex 13.331653594970703 11.66733455657959 0
vertex 13.331653594970703 11.66733455657959 4
vertex 13.16662883758545 11.691814422607422 4
 endloop
endfacet
facet normal 0 0 0
 outer loop
vertex 13.331653594970703 11.66733455657959 0
vertex 13.493483543395996 11.626798629760742 0
vertex 13.331653594970703 11.66733455657959 4
 endloop
endfacet
facet normal 0 0 0
 outer loop
vertex 13.493483543395996 11.626798629760742 0
vertex 13.493483543395996 11.626798629760742 4
vertex 13.331653594970703 11.66733455657959 4
 endloop
endfacet
facet normal 0 0 0
 outer loop
vertex 13.493483543395996 11.626798629760742 0
vertex 13.650562286376953 11.570594787597656 0
vertex 13.493483543395996 11.626798629760742 4
 endloop
endfacet
facet normal 0 0 0
 outer loop
vertex 13.650562286376953 11.570594787597656 0
vertex 13.650562286376953 11.570594787597656 4
vertex 13.493483543395996 11.626798629760742 4
 endloop
endfacet
facet normal 0 0 0
 outer loop
vertex 13.650562286376953 11.570594787597656 0
vertex 13.801374435424805 11.499266624450684 0
vertex 13.650562286376953 11.570594787597656 4
 endloop
endfacet
facet normal 0 0 0
 outer loop
vertex 13.801374435424805 11.499266624450684 0
vertex 13.801374435424805 11.499266624450684 4
vertex 13.650562286376953 11.570594787597656 4
 endloop
endfacet
facet normal 0 0 0
 outer loop
vertex 13.801374435424805 11.499266624450684 0
vertex 13.944469451904297 11.413497924804688 0
vertex 13.801374435424805 11.499266624450684 4
 endloop
endfacet
facet normal 0 0 0
 outer loop
vertex 13.944469451904297 11.413497924804688 0
vertex 13.944469451904297 11.413497924804688 4
vertex 13.801374435424805 11.499266624450684 4
 endloop
endfacet
facet normal 0 0 0
 outer loop
vertex 13.944469451904297 11.413497924804688 0
vertex 14.078468322753906 11.314117431640625 0
vertex 13.944469451904297 11.413497924804688 4
 endloop
endfacet
facet normal 0 0 0
 outer loop
vertex 14.078468322753906 11.314117431640625 0
vertex 14.078468322753906 11.314117431640625 4
vertex 13.944469451904297 11.413497924804688 4
 endloop
endfacet
facet normal 0 0 0
 outer loop
vertex 14.078468322753906 11.314117431640625 0
vertex 14.202081680297852 11.202081680297852 0
vertex 14.078468322753906 11.314117431640625 4
 endloop
endfacet
facet normal 0 0 0
 outer loop
vertex 14.202081680297852 11.202081680297852 0
vertex 14.202081680297852 11.202081680297852 4
vertex 14.078468322753906 11.314117431640625 4
 endloop
endfacet
facet normal 0 0 0
 outer loop
vertex 14.202081680297852 11.202081680297852 0
vertex 14.314117431640625 11.078468322753906 0
vertex 14.202081680297852 11.202081680297852 4
 endloop
endfacet
facet normal 0 0 0
 outer loop
vertex 14.314117431640625 11.078468322753906 0
vertex 14.314117431640625 11.078468322753906 4
vertex 14.202081680297852 11.202081680297852 4
 endloop
endfacet
facet normal 0 0 0
 outer loop
vertex 14.314117431640625 11.078468322753906 0
vertex 14.413497924804688 10.944469451904297 0
vertex 14.314117431640625 11.078468322753906 4
 endloop
endfacet
facet normal 0 0 0
 outer loop
vertex 14.413497924804688 10.944469451904297 0
vertex 14.413497924804688 10.944469451904297 4
vertex 14.314117431640625 11.078468322753906 4
 endloop
endfacet
facet normal 0 0 0
 outer loop
vertex 14.413497924804688 10.944469451904297 0
vertex 14.499266624450684 10.801374435424805 0
vertex 14.413497924804688 10.944469451904297 4
 endloop
endfacet
facet normal 0 0 0
 outer loop
vertex 14.499266624450684 10.801374435424805 0
vertex 14.499266624450684 10.801374435424805 4
vertex 14.413497924804688 10.944469451904297 4
 endloop
endfacet
facet normal 0 0 0
 outer loop
vertex 14.499266624450684 10.801374435424805 0
vertex 14.570594787597656 10.650562286376953 0
vertex 14.499266624450684 10.801374435424805 4
 endloop
endfacet
facet normal 0 0 0
 outer loop
vertex 14.570594787597656 10.650562286376953 0
vertex 14.570594787597656 10.650562286376953 4
vertex 14.499266624450684 10.801374435424805 4
 endloop
endfacet
facet normal 0 0 0
 outer loop
vertex 14.570594787597656 10.650562286376953 0
vertex 14.626798629760742 10.493483543395996 0
vertex 14.570594787597656 10.650562286376953 4
 endloop
endfacet
facet normal 0 0 0
 outer loop
vertex 14.626798629760742 10.493483543395996 0
vertex 14.626798629760742 10.493483543395996 4
vertex 14.570594787597656 10.650562286376953 4
 endloop
endfacet
facet normal 0 0 0
 outer loop
vertex 14.626798629760742 10.493483543395996 0
vertex 14.66733455657959 10.331653594970703 0
vertex 14.626798629760742 10.493483543395996 4
 endloop
endfacet
facet normal 0 0 0
 outer loop
vertex 14.66733455657959 10.331653594970703 0
vertex 14.66733455657959 10.331653594970703 4
vertex 14.626798629760742 10.493483543395996 4
 endloop
endfacet
facet normal 0 0 0
 outer loop
vertex 14.66733455657959 10.331653594970703 0
vertex 14.691814422607422 10.16662883758545 0
vertex 14.66733455657959 10.331653594970703 4
 endloop
endfacet
facet normal 0 0 0
 outer loop
vertex 14.691814422607422 10.16662883758545 0
vertex 14.691814422607422 10.16662883758545 4
vertex 14.66733455657959 10.331653594970703 4
 endloop
endfacet
facet normal 0 0 0
 outer loop
vertex 14.691814422607422 10.16662883758545 0
vertex 14.699999809265137 10 0
vertex 14.691814422607422 10.16662883758545 4
 endloop
endfacet
facet normal 0 0 0
 outer loop
vertex 14.699999809265137 10 0
vertex 14.699999809265137 10 4
vertex 14.691814422607422 10.16662883758545 4
 endloop
endfacet
endsolid systemedu
