solid systemedu
facet normal 0 0 0
 outer loop
vertex -1.1942216157913208 18.11762046813965 0
vertex -1.2000000476837158 18 0
vertex -8 -9 0
 endloop
endfacet
facet normal 0 0 0
 outer loop
vertex -8 -9 0
vertex -1.2000000476837158 18 0
vertex -1.1942216157913208 17.88237953186035 0
 endloop
endfacet
facet normal 0 0 0
 outer loop
vertex -1.1942216157913208 9.117620468139648 0
vertex -1.2000000476837158 9 0
vertex -8 -9 0
 endloop
endfacet
facet normal 0 0 0
 outer loop
vertex -8 -9 0
vertex -1.2000000476837158 9 0
vertex -1.1942216157913208 8.882379531860352 0
 endloop
endfacet
facet normal 0 0 0
 outer loop
vertex -1.642054796218872 0.16172827780246735 0
vertex -1.649999976158142 -2.020667240591078e-16 0
vertex -8 -9 0
 endloop
endfacet
facet normal 0 0 0
 outer loop
vertex -8 -9 0
vertex -1.649999976158142 -2.020667240591078e-16 0
vertex -1.642054796218872 -0.16172827780246735 0
 endloop
endfacet
facet normal 0 0 0
 outer loop
vertex 6 60 0
vertex 8 43 0
vertex 8 -9 0
 endloop
endfacet
facet normal 0 0 0
 outer loop
vertex -8 43 0
vertex -6 60 0
vertex 6 60 0
 endloop
endfacet
facet normal 0 0 0
 outer loop
vertex -1.6918140649795532 50.166629791259766 0
vertex -1.7000000476837158 50 0
vertex -8 43 0
 endloop
endfacet
facet normal 0 0 0
 outer loop
vertex -8 43 0
vertex -1.7000000476837158 50 0
vertex -1.6918140649795532 49.833370208740234 0
 endloop
endfacet
facet normal 0 0 0
 outer loop
vertex -1.1942216157913208 18.11762046813965 0
vertex -8 -9 0
vertex -8 43 0
 endloop
endfacet
facet normal 0 0 0
 outer loop
vertex -8 -9 0
vertex -1.1942216157913208 17.88237953186035 0
vertex -1.1769423484802246 17.765892028808594 0
 endloop
endfacet
facet normal 0 0 0
 outer loop
vertex -1.1769423484802246 9.234107971191406 0
vertex -1.1942216157913208 9.117620468139648 0
vertex -8 -9 0
 endloop
endfacet
facet normal 0 0 0
 outer loop
vertex -8 -9 0
vertex -1.1942216157913208 8.882379531860352 0
vertex -1.1769423484802246 8.765892028808594 0
 endloop
endfacet
facet normal 0 0 0
 outer loop
vertex -1.618295669555664 0.32189902663230896 0
vertex -1.642054796218872 0.16172827780246735 0
vertex -8 -9 0
 endloop
endfacet
facet normal 0 0 0
 outer loop
vertex -8 -9 0
vertex -1.642054796218872 -0.16172827780246735 0
vertex -1.618295669555664 -0.32189902663230896 0
 endloop
endfacet
facet normal 0 0 0
 outer loop
vertex -1.667335033416748 50.3316535949707 0
vertex -1.6918140649795532 50.166629791259766 0
vertex -8 43 0
 endloop
endfacet
facet normal 0 0 0
 outer loop
vertex -8 43 0
vertex -1.6918140649795532 49.833370208740234 0
vertex -1.667335033416748 49.6683464050293 0
 endloop
endfacet
facet normal 0 0 0
 outer loop
vertex -1.1769423484802246 18.234107971191406 0
vertex -1.1942216157913208 18.11762046813965 0
vertex -8 43 0
 endloop
endfacet
facet normal 0 0 0
 outer loop
vertex -8 -9 0
vertex -1.1769423484802246 17.765892028808594 0
vertex -1.148328423500061 17.65165901184082 0
 endloop
endfacet
facet normal 0 0 0
 outer loop
vertex -1.148328423500061 9.348341941833496 0
vertex -1.1769423484802246 9.234107971191406 0
vertex -8 -9 0
 endloop
endfacet
facet normal 0 0 0
 outer loop
vertex -8 -9 0
vertex -1.1769423484802246 8.765892028808594 0
vertex -1.148328423500061 8.651658058166504 0
 endloop
endfacet
facet normal 0 0 0
 outer loop
vertex -1.5789515972137451 0.4789697229862213 0
vertex -1.618295669555664 0.32189902663230896 0
vertex -8 -9 0
 endloop
endfacet
facet normal 0 0 0
 outer loop
vertex -8 -9 0
vertex -1.618295669555664 -0.32189902663230896 0
vertex -1.5789515972137451 -0.4789697229862213 0
 endloop
endfacet
facet normal 0 0 0
 outer loop
vertex -1.6267986297607422 50.49348449707031 0
vertex -1.667335033416748 50.3316535949707 0
vertex -8 43 0
 endloop
endfacet
facet normal 0 0 0
 outer loop
vertex -8 43 0
vertex -1.667335033416748 49.6683464050293 0
vertex -1.6267986297607422 49.50651550292969 0
 endloop
endfacet
facet normal 0 0 0
 outer loop
vertex -1.148328423500061 18.34834098815918 0
vertex -1.1769423484802246 18.234107971191406 0
vertex -8 43 0
 endloop
endfacet
facet normal 0 0 0
 outer loop
vertex -8 -9 0
vertex -1.148328423500061 17.65165901184082 0
vertex -1.1086554527282715 17.54077911376953 0
 endloop
endfacet
facet normal 0 0 0
 outer loop
vertex -1.1086554527282715 9.459219932556152 0
vertex -1.148328423500061 9.348341941833496 0
vertex -8 -9 0
 endloop
endfacet
facet normal 0 0 0
 outer loop
vertex -8 -9 0
vertex -1.148328423500061 8.651658058166504 0
vertex -1.1086554527282715 8.540780067443848 0
 endloop
endfacet
facet normal 0 0 0
 outer loop
vertex -1.5244011878967285 0.6314276456832886 0
vertex -1.5789515972137451 0.4789697229862213 0
vertex -8 -9 0
 endloop
endfacet
facet normal 0 0 0
 outer loop
vertex -8 -9 0
vertex -1.5789515972137451 -0.4789697229862213 0
vertex -1.5244011878967285 -0.6314276456832886 0
 endloop
endfacet
facet normal 0 0 0
 outer loop
vertex -1.5705952644348145 50.65056228637695 0
vertex -1.6267986297607422 50.49348449707031 0
vertex -8 43 0
 endloop
endfacet
facet normal 0 0 0
 outer loop
vertex -8 43 0
vertex -1.6267986297607422 49.50651550292969 0
vertex -1.5705952644348145 49.34943771362305 0
 endloop
endfacet
facet normal 0 0 0
 outer loop
vertex -1.1086554527282715 18.45922088623047 0
vertex -1.148328423500061 18.34834098815918 0
vertex -8 43 0
 endloop
endfacet
facet normal 0 0 0
 outer loop
vertex -8 -9 0
vertex -1.1086554527282715 17.54077911376953 0
vertex -1.0583055019378662 17.434324264526367 0
 endloop
endfacet
facet normal 0 0 0
 outer loop
vertex -8 -9 0
vertex -1.1086554527282715 8.540780067443848 0
vertex -1.0583055019378662 8.434324264526367 0
 endloop
endfacet
facet normal 0 0 0
 outer loop
vertex -1.4551700353622437 0.7778046131134033 0
vertex -1.5244011878967285 0.6314276456832886 0
vertex -8 -9 0
 endloop
endfacet
facet normal 0 0 0
 outer loop
vertex -8 -9 0
vertex -1.5244011878967285 -0.6314276456832886 0
vertex -1.4551700353622437 -0.7778046131134033 0
 endloop
endfacet
facet normal 0 0 0
 outer loop
vertex -1.4992661476135254 50.80137634277344 0
vertex -1.5705952644348145 50.65056228637695 0
vertex -8 43 0
 endloop
endfacet
facet normal 0 0 0
 outer loop
vertex -8 43 0
vertex -1.5705952644348145 49.34943771362305 0
vertex -1.4992661476135254 49.19862365722656 0
 endloop
endfacet
facet normal 0 0 0
 outer loop
vertex -1.0583055019378662 18.565675735473633 0
vertex -1.1086554527282715 18.45922088623047 0
vertex -8 43 0
 endloop
endfacet
facet normal 0 0 0
 outer loop
vertex -8 -9 0
vertex -1.0583055019378662 17.434324264526367 0
vertex -0.9977635145187378 17.333314895629883 0
 endloop
endfacet
facet normal 0 0 0
 outer loop
vertex -8 -9 0
vertex -1.0583055019378662 8.434324264526367 0
vertex -0.9977635145187378 8.3333158493042 0
 endloop
endfacet
facet normal 0 0 0
 outer loop
vertex -1.371924877166748 0.9166908860206604 0
vertex -1.4551700353622437 0.7778046131134033 0
vertex -8 -9 0
 endloop
endfacet
facet normal 0 0 0
 outer loop
vertex -8 -9 0
vertex -1.4551700353622437 -0.7778046131134033 0
vertex -1.371924877166748 -0.9166908860206604 0
 endloop
endfacet
facet normal 0 0 0
 outer loop
vertex -1.4134982824325562 50.9444694519043 0
vertex -1.4992661476135254 50.80137634277344 0
vertex -8 43 0
 endloop
endfacet
facet normal 0 0 0
 outer loop
vertex -8 43 0
vertex -1.4992661476135254 49.19862365722656 0
vertex -1.4134982824325562 49.0555305480957 0
 endloop
endfacet
facet normal 0 0 0
 outer loop
vertex -0.9977635145187378 18.666685104370117 0
vertex -1.0583055019378662 18.565675735473633 0
vertex -8 43 0
 endloop
endfacet
facet normal 0 0 0
 outer loop
vertex -8 -9 0
vertex -0.9977635145187378 17.333314895629883 0
vertex -0.9276125431060791 17.238727569580078 0
 endloop
endfacet
facet normal 0 0 0
 outer loop
vertex -8 -9 0
vertex -0.9977635145187378 8.3333158493042 0
vertex -0.9276125431060791 8.238728523254395 0
 endloop
endfacet
facet normal 0 0 0
 outer loop
vertex -8 -9 0
vertex -1.371924877166748 -0.9166908860206604 0
vertex -1.2754672765731812 -1.0467488765716553 0
 endloop
endfacet
facet normal 0 0 0
 outer loop
vertex -1.3141177892684937 51.078468322753906 0
vertex -1.4134982824325562 50.9444694519043 0
vertex -8 43 0
 endloop
endfacet
facet normal 0 0 0
 outer loop
vertex -8 43 0
vertex -1.4134982824325562 49.0555305480957 0
vertex -1.3141177892684937 48.921531677246094 0
 endloop
endfacet
facet normal 0 0 0
 outer loop
vertex -0.9276125431060791 18.761272430419922 0
vertex -0.9977635145187378 18.666685104370117 0
vertex -8 43 0
 endloop
endfacet
facet normal 0 0 0
 outer loop
vertex -8 -9 0
vertex -0.9276125431060791 17.238727569580078 0
vertex -0.8485281467437744 17.151472091674805 0
 endloop
endfacet
facet normal 0 0 0
 outer loop
vertex -8 -9 0
vertex -0.9276125431060791 8.238728523254395 0
vertex -0.8485281467437744 8.151472091674805 0
 endloop
endfacet
facet normal 0 0 0
 outer loop
vertex -8 -9 0
vertex -1.2754672765731812 -1.0467488765716553 0
vertex -1.1667262315750122 -1.1667262315750122 0
 endloop
endfacet
facet normal 0 0 0
 outer loop
vertex -1.3141177892684937 51.078468322753906 0
vertex -8 43 0
vertex 6 60 0
 endloop
endfacet
facet normal 0 0 0
 outer loop
vertex -8 43 0
vertex -1.3141177892684937 48.921531677246094 0
vertex -1.202081561088562 48.79792022705078 0
 endloop
endfacet
facet normal 0 0 0
 outer loop
vertex -0.8485281467437744 18.848527908325195 0
vertex -0.9276125431060791 18.761272430419922 0
vertex -8 43 0
 endloop
endfacet
facet normal 0 0 0
 outer loop
vertex -8 -9 0
vertex -0.8485281467437744 17.151472091674805 0
vertex -0.7612719535827637 17.0723876953125 0
 endloop
endfacet
facet normal 0 0 0
 outer loop
vertex -8 -9 0
vertex -0.8485281467437744 8.151472091674805 0
vertex -0.7612719535827637 8.0723876953125 0
 endloop
endfacet
facet normal 0 0 0
 outer loop
vertex -8 -9 0
vertex -1.1667262315750122 -1.1667262315750122 0
vertex -1.0467488765716553 -1.2754672765731812 0
 endloop
endfacet
facet normal 0 0 0
 outer loop
vertex -1.202081561088562 51.20207977294922 0
vertex -1.3141177892684937 51.078468322753906 0
vertex 6 60 0
 endloop
endfacet
facet normal 0 0 0
 outer loop
vertex -8 43 0
vertex -1.202081561088562 48.79792022705078 0
vertex -1.0784685611724854 48.685882568359375 0
 endloop
endfacet
facet normal 0 0 0
 outer loop
vertex -0.7612719535827637 18.9276123046875 0
vertex -0.8485281467437744 18.848527908325195 0
vertex -8 43 0
 endloop
endfacet
facet normal 0 0 0
 outer loop
vertex -8 -9 0
vertex -0.7612719535827637 17.0723876953125 0
vertex -0.6666842699050903 17.00223731994629 0
 endloop
endfacet
facet normal 0 0 0
 outer loop
vertex -8 -9 0
vertex -0.7612719535827637 8.0723876953125 0
vertex -0.6666842699050903 8.002236366271973 0
 endloop
endfacet
facet normal 0 0 0
 outer loop
vertex -8 -9 0
vertex -1.0467488765716553 -1.2754672765731812 0
vertex -0.9166908860206604 -1.371924877166748 0
 endloop
endfacet
facet normal 0 0 0
 outer loop
vertex -1.0784685611724854 51.314117431640625 0
vertex -1.202081561088562 51.20207977294922 0
vertex 6 60 0
 endloop
endfacet
facet normal 0 0 0
 outer loop
vertex -8 43 0
vertex -1.0784685611724854 48.685882568359375 0
vertex -0.9444693922996521 48.58650207519531 0
 endloop
endfacet
facet normal 0 0 0
 outer loop
vertex -0.6666842699050903 18.99776268005371 0
vertex -0.7612719535827637 18.9276123046875 0
vertex -8 43 0
 endloop
endfacet
facet normal 0 0 0
 outer loop
vertex -8 -9 0
vertex -0.6666842699050903 17.00223731994629 0
vertex -0.5656760931015015 16.941694259643555 0
 endloop
endfacet
facet normal 0 0 0
 outer loop
vertex -8 -9 0
vertex -0.6666842699050903 8.002236366271973 0
vertex -0.5656760931015015 7.941694259643555 0
 endloop
endfacet
facet normal 0 0 0
 outer loop
vertex -8 -9 0
vertex -0.9166908860206604 -1.371924877166748 0
vertex -0.7778046131134033 -1.4551700353622437 0
 endloop
endfacet
facet normal 0 0 0
 outer loop
vertex -0.9444693922996521 51.41349792480469 0
vertex -1.0784685611724854 51.314117431640625 0
vertex 6 60 0
 endloop
endfacet
facet normal 0 0 0
 outer loop
vertex -8 43 0
vertex -0.9444693922996521 48.58650207519531 0
vertex -0.8013744354248047 48.500732421875 0
 endloop
endfacet
facet normal 0 0 0
 outer loop
vertex -0.5656760931015015 19.058305740356445 0
vertex -0.6666842699050903 18.99776268005371 0
vertex -8 43 0
 endloop
endfacet
facet normal 0 0 0
 outer loop
vertex -8 -9 0
vertex -0.5656760931015015 16.941694259643555 0
vertex -0.45922011137008667 16.89134407043457 0
 endloop
endfacet
facet normal 0 0 0
 outer loop
vertex -8 -9 0
vertex -0.5656760931015015 7.941694259643555 0
vertex -0.45922011137008667 7.8913445472717285 0
 endloop
endfacet
facet normal 0 0 0
 outer loop
vertex -8 -9 0
vertex -0.7778046131134033 -1.4551700353622437 0
vertex -0.6314276456832886 -1.5244011878967285 0
 endloop
endfacet
facet normal 0 0 0
 outer loop
vertex -0.8013744354248047 51.499267578125 0
vertex -0.9444693922996521 51.41349792480469 0
vertex 6 60 0
 endloop
endfacet
facet normal 0 0 0
 outer loop
vertex -8 43 0
vertex -0.8013744354248047 48.500732421875 0
vertex -0.6505618095397949 48.429405212402344 0
 endloop
endfacet
facet normal 0 0 0
 outer loop
vertex -0.45922011137008667 19.10865592956543 0
vertex -0.5656760931015015 19.058305740356445 0
vertex -8 43 0
 endloop
endfacet
facet normal 0 0 0
 outer loop
vertex -8 -9 0
vertex -0.45922011137008667 16.89134407043457 0
vertex -0.34834161400794983 16.85167121887207 0
 endloop
endfacet
facet normal 0 0 0
 outer loop
vertex -8 -9 0
vertex -0.45922011137008667 7.8913445472717285 0
vertex -0.34834161400794983 7.8516716957092285 0
 endloop
endfacet
facet normal 0 0 0
 outer loop
vertex -8 -9 0
vertex -0.6314276456832886 -1.5244011878967285 0
vertex -0.4789697229862213 -1.5789515972137451 0
 endloop
endfacet
facet normal 0 0 0
 outer loop
vertex -0.6505618095397949 51.570594787597656 0
vertex -0.8013744354248047 51.499267578125 0
vertex 6 60 0
 endloop
endfacet
facet normal 0 0 0
 outer loop
vertex -8 43 0
vertex -0.6505618095397949 48.429405212402344 0
vertex -0.4934839606285095 48.37320327758789 0
 endloop
endfacet
facet normal 0 0 0
 outer loop
vertex -0.34834161400794983 19.14832878112793 0
vertex -0.45922011137008667 19.10865592956543 0
vertex -8 43 0
 endloop
endfacet
facet normal 0 0 0
 outer loop
vertex -8 -9 0
vertex -0.34834161400794983 16.85167121887207 0
vertex -0.23410838842391968 16.823057174682617 0
 endloop
endfacet
facet normal 0 0 0
 outer loop
vertex -8 -9 0
vertex -0.34834161400794983 7.8516716957092285 0
vertex -0.23410838842391968 7.823057651519775 0
 endloop
endfacet
facet normal 0 0 0
 outer loop
vertex -8 -9 0
vertex -0.4789697229862213 -1.5789515972137451 0
vertex -0.32189902663230896 -1.618295669555664 0
 endloop
endfacet
facet normal 0 0 0
 outer loop
vertex -0.4934839606285095 51.62679672241211 0
vertex -0.6505618095397949 51.570594787597656 0
vertex 6 60 0
 endloop
endfacet
facet normal 0 0 0
 outer loop
vertex -8 43 0
vertex -0.4934839606285095 48.37320327758789 0
vertex -0.33165353536605835 48.332664489746094 0
 endloop
endfacet
facet normal 0 0 0
 outer loop
vertex -0.23410838842391968 19.176942825317383 0
vertex -0.34834161400794983 19.14832878112793 0
vertex -8 43 0
 endloop
endfacet
facet normal 0 0 0
 outer loop
vertex -8 -9 0
vertex -0.23410838842391968 16.823057174682617 0
vertex -0.1176205649971962 16.80577850341797 0
 endloop
endfacet
facet normal 0 0 0
 outer loop
vertex -8 -9 0
vertex -0.23410838842391968 7.823057651519775 0
vertex -0.1176205649971962 7.805778503417969 0
 endloop
endfacet
facet normal 0 0 0
 outer loop
vertex -8 -9 0
vertex -0.32189902663230896 -1.618295669555664 0
vertex -0.16172827780246735 -1.642054796218872 0
 endloop
endfacet
facet normal 0 0 0
 outer loop
vertex -0.33165353536605835 51.667335510253906 0
vertex -0.4934839606285095 51.62679672241211 0
vertex 6 60 0
 endloop
endfacet
facet normal 0 0 0
 outer loop
vertex -8 43 0
vertex -0.33165353536605835 48.332664489746094 0
vertex -0.1666291356086731 48.30818557739258 0
 endloop
endfacet
facet normal 0 0 0
 outer loop
vertex -0.1176205649971962 19.19422149658203 0
vertex -0.23410838842391968 19.176942825317383 0
vertex -8 43 0
 endloop
endfacet
facet normal 0 0 0
 outer loop
vertex -8 -9 0
vertex -0.1176205649971962 16.80577850341797 0
vertex 7.347881115511007e-17 16.799999237060547 0
 endloop
endfacet
facet normal 0 0 0
 outer loop
vertex -8 -9 0
vertex -0.1176205649971962 7.805778503417969 0
vertex 7.347881115511007e-17 7.800000190734863 0
 endloop
endfacet
facet normal 0 0 0
 outer loop
vertex -8 -9 0
vertex -0.16172827780246735 -1.642054796218872 0
vertex 1.010333620295539e-16 -1.649999976158142 0
 endloop
endfacet
facet normal 0 0 0
 outer loop
vertex -0.1666291356086731 51.69181442260742 0
vertex -0.33165353536605835 51.667335510253906 0
vertex 6 60 0
 endloop
endfacet
facet normal 0 0 0
 outer loop
vertex -8 43 0
vertex -0.1666291356086731 48.30818557739258 0
vertex 1.0409497585229437e-16 48.29999923706055 0
 endloop
endfacet
facet normal 0 0 0
 outer loop
vertex -2.2043642023044041e-16 19.200000762939453 0
vertex -0.1176205649971962 19.19422149658203 0
vertex -8 43 0
 endloop
endfacet
facet normal 0 0 0
 outer loop
vertex -8 -9 0
vertex 7.347881115511007e-17 16.799999237060547 0
vertex 0.1176205649971962 16.80577850341797 0
 endloop
endfacet
facet normal 0 0 0
 outer loop
vertex -8 -9 0
vertex 7.347881115511007e-17 7.800000190734863 0
vertex 0.1176205649971962 7.805778503417969 0
 endloop
endfacet
facet normal 0 0 0
 outer loop
vertex -8 -9 0
vertex 1.010333620295539e-16 -1.649999976158142 0
vertex 0.16172827780246735 -1.642054796218872 0
 endloop
endfacet
facet normal 0 0 0
 outer loop
vertex -3.122849275568831e-16 51.70000076293945 0
vertex -0.1666291356086731 51.69181442260742 0
vertex 6 60 0
 endloop
endfacet
facet normal 0 0 0
 outer loop
vertex -8 43 0
vertex 1.0409497585229437e-16 48.29999923706055 0
vertex 0.1666291356086731 48.30818557739258 0
 endloop
endfacet
facet normal 0 0 0
 outer loop
vertex 0.1176205649971962 19.19422149658203 0
vertex -2.2043642023044041e-16 19.200000762939453 0
vertex -8 43 0
 endloop
endfacet
facet normal 0 0 0
 outer loop
vertex -8 -9 0
vertex 0.1176205649971962 16.80577850341797 0
vertex 0.23410838842391968 16.823057174682617 0
 endloop
endfacet
facet normal 0 0 0
 outer loop
vertex -8 -9 0
vertex 0.1176205649971962 7.805778503417969 0
vertex 0.23410838842391968 7.823057651519775 0
 endloop
endfacet
facet normal 0 0 0
 outer loop
vertex -8 -9 0
vertex 0.16172827780246735 -1.642054796218872 0
vertex 0.32189902663230896 -1.618295669555664 0
 endloop
endfacet
facet normal 0 0 0
 outer loop
vertex 0.1666291356086731 51.69181442260742 0
vertex -3.122849275568831e-16 51.70000076293945 0
vertex 6 60 0
 endloop
endfacet
facet normal 0 0 0
 outer loop
vertex -8 43 0
vertex 0.1666291356086731 48.30818557739258 0
vertex 0.33165353536605835 48.332664489746094 0
 endloop
endfacet
facet normal 0 0 0
 outer loop
vertex 0.23410838842391968 19.176942825317383 0
vertex 0.1176205649971962 19.19422149658203 0
vertex -8 43 0
 endloop
endfacet
facet normal 0 0 0
 outer loop
vertex -8 -9 0
vertex 0.23410838842391968 16.823057174682617 0
vertex 0.34834161400794983 16.85167121887207 0
 endloop
endfacet
facet normal 0 0 0
 outer loop
vertex -8 -9 0
vertex 0.23410838842391968 7.823057651519775 0
vertex 0.34834161400794983 7.8516716957092285 0
 endloop
endfacet
facet normal 0 0 0
 outer loop
vertex -8 -9 0
vertex 0.32189902663230896 -1.618295669555664 0
vertex 0.4789697229862213 -1.5789515972137451 0
 endloop
endfacet
facet normal 0 0 0
 outer loop
vertex 0.33165353536605835 51.667335510253906 0
vertex 0.1666291356086731 51.69181442260742 0
vertex 6 60 0
 endloop
endfacet
facet normal 0 0 0
 outer loop
vertex -8 43 0
vertex 0.33165353536605835 48.332664489746094 0
vertex 0.4934839606285095 48.37320327758789 0
 endloop
endfacet
facet normal 0 0 0
 outer loop
vertex 0.34834161400794983 19.14832878112793 0
vertex 0.23410838842391968 19.176942825317383 0
vertex -8 43 0
 endloop
endfacet
facet normal 0 0 0
 outer loop
vertex -8 -9 0
vertex 0.34834161400794983 16.85167121887207 0
vertex 0.45922011137008667 16.89134407043457 0
 endloop
endfacet
facet normal 0 0 0
 outer loop
vertex -8 -9 0
vertex 0.34834161400794983 7.8516716957092285 0
vertex 0.45922011137008667 7.8913445472717285 0
 endloop
endfacet
facet normal 0 0 0
 outer loop
vertex -8 -9 0
vertex 0.4789697229862213 -1.5789515972137451 0
vertex 0.6314276456832886 -1.5244011878967285 0
 endloop
endfacet
facet normal 0 0 0
 outer loop
vertex 0.4934839606285095 51.62679672241211 0
vertex 0.33165353536605835 51.667335510253906 0
vertex 6 60 0
 endloop
endfacet
facet normal 0 0 0
 outer loop
vertex -8 43 0
vertex 0.4934839606285095 48.37320327758789 0
vertex 0.6505618095397949 48.429405212402344 0
 endloop
endfacet
facet normal 0 0 0
 outer loop
vertex 0.45922011137008667 19.10865592956543 0
vertex 0.34834161400794983 19.14832878112793 0
vertex -8 43 0
 endloop
endfacet
facet normal 0 0 0
 outer loop
vertex -8 -9 0
vertex 0.45922011137008667 16.89134407043457 0
vertex 0.5656760931015015 16.941694259643555 0
 endloop
endfacet
facet normal 0 0 0
 outer loop
vertex -8 -9 0
vertex 0.45922011137008667 7.8913445472717285 0
vertex 0.5656760931015015 7.941694259643555 0
 endloop
endfacet
facet normal 0 0 0
 outer loop
vertex -8 -9 0
vertex 0.6314276456832886 -1.5244011878967285 0
vertex 0.7778046131134033 -1.4551700353622437 0
 endloop
endfacet
facet normal 0 0 0
 outer loop
vertex 0.6505618095397949 51.570594787597656 0
vertex 0.4934839606285095 51.62679672241211 0
vertex 6 60 0
 endloop
endfacet
facet normal 0 0 0
 outer loop
vertex -8 43 0
vertex 0.6505618095397949 48.429405212402344 0
vertex 0.8013744354248047 48.500732421875 0
 endloop
endfacet
facet normal 0 0 0
 outer loop
vertex 0.5656760931015015 19.058305740356445 0
vertex 0.45922011137008667 19.10865592956543 0
vertex -8 43 0
 endloop
endfacet
facet normal 0 0 0
 outer loop
vertex -8 -9 0
vertex 0.5656760931015015 16.941694259643555 0
vertex 0.6666842699050903 17.00223731994629 0
 endloop
endfacet
facet normal 0 0 0
 outer loop
vertex -8 -9 0
vertex 0.5656760931015015 7.941694259643555 0
vertex 0.6666842699050903 8.002236366271973 0
 endloop
endfacet
facet normal 0 0 0
 outer loop
vertex -8 -9 0
vertex 0.7778046131134033 -1.4551700353622437 0
vertex 0.9166908860206604 -1.371924877166748 0
 endloop
endfacet
facet normal 0 0 0
 outer loop
vertex 0.8013744354248047 51.499267578125 0
vertex 0.6505618095397949 51.570594787597656 0
vertex 6 60 0
 endloop
endfacet
facet normal 0 0 0
 outer loop
vertex -8 43 0
vertex 0.8013744354248047 48.500732421875 0
vertex 0.9444693922996521 48.58650207519531 0
 endloop
endfacet
facet normal 0 0 0
 outer loop
vertex 0.6666842699050903 18.99776268005371 0
vertex 0.5656760931015015 19.058305740356445 0
vertex -8 43 0
 endloop
endfacet
facet normal 0 0 0
 outer loop
vertex -8 -9 0
vertex 0.6666842699050903 17.00223731994629 0
vertex 0.7612719535827637 17.0723876953125 0
 endloop
endfacet
facet normal 0 0 0
 outer loop
vertex -8 -9 0
vertex 0.6666842699050903 8.002236366271973 0
vertex 0.7612719535827637 8.0723876953125 0
 endloop
endfacet
facet normal 0 0 0
 outer loop
vertex -8 -9 0
vertex 0.9166908860206604 -1.371924877166748 0
vertex 1.0467488765716553 -1.2754672765731812 0
 endloop
endfacet
facet normal 0 0 0
 outer loop
vertex 0.9444693922996521 51.41349792480469 0
vertex 0.8013744354248047 51.499267578125 0
vertex 6 60 0
 endloop
endfacet
facet normal 0 0 0
 outer loop
vertex 0.6666842699050903 18.99776268005371 0
vertex -8 43 0
vertex 0.9444693922996521 48.58650207519531 0
 endloop
endfacet
facet normal 0 0 0
 outer loop
vertex -8 -9 0
vertex 0.7612719535827637 17.0723876953125 0
vertex 0.8485281467437744 17.151472091674805 0
 endloop
endfacet
facet normal 0 0 0
 outer loop
vertex -8 -9 0
vertex 0.7612719535827637 8.0723876953125 0
vertex 0.8485281467437744 8.151472091674805 0
 endloop
endfacet
facet normal 0 0 0
 outer loop
vertex 8 -9 0
vertex -8 -9 0
vertex 1.0467488765716553 -1.2754672765731812 0
 endloop
endfacet
facet normal 0 0 0
 outer loop
vertex 1.0784685611724854 51.314117431640625 0
vertex 0.9444693922996521 51.41349792480469 0
vertex 6 60 0
 endloop
endfacet
facet normal 0 0 0
 outer loop
vertex 0.6666842699050903 18.99776268005371 0
vertex 0.9444693922996521 48.58650207519531 0
vertex 1.0784685611724854 48.685882568359375 0
 endloop
endfacet
facet normal 0 0 0
 outer loop
vertex -8 -9 0
vertex 0.8485281467437744 17.151472091674805 0
vertex 0.9276125431060791 17.238727569580078 0
 endloop
endfacet
facet normal 0 0 0
 outer loop
vertex -8 -9 0
vertex 0.8485281467437744 8.151472091674805 0
vertex 0.9276125431060791 8.238728523254395 0
 endloop
endfacet
facet normal 0 0 0
 outer loop
vertex 8 -9 0
vertex 1.0467488765716553 -1.2754672765731812 0
vertex 1.1667262315750122 -1.1667262315750122 0
 endloop
endfacet
facet normal 0 0 0
 outer loop
vertex 1.202081561088562 51.20207977294922 0
vertex 1.0784685611724854 51.314117431640625 0
vertex 6 60 0
 endloop
endfacet
facet normal 0 0 0
 outer loop
vertex 0.6666842699050903 18.99776268005371 0
vertex 1.0784685611724854 48.685882568359375 0
vertex 1.202081561088562 48.79792022705078 0
 endloop
endfacet
facet normal 0 0 0
 outer loop
vertex -8 -9 0
vertex 0.9276125431060791 17.238727569580078 0
vertex 0.9977635145187378 17.333314895629883 0
 endloop
endfacet
facet normal 0 0 0
 outer loop
vertex -8 -9 0
vertex 0.9276125431060791 8.238728523254395 0
vertex 0.9977635145187378 8.3333158493042 0
 endloop
endfacet
facet normal 0 0 0
 outer loop
vertex 8 -9 0
vertex 1.1667262315750122 -1.1667262315750122 0
vertex 1.2754672765731812 -1.0467488765716553 0
 endloop
endfacet
facet normal 0 0 0
 outer loop
vertex 1.3141177892684937 51.078468322753906 0
vertex 1.202081561088562 51.20207977294922 0
vertex 6 60 0
 endloop
endfacet
facet normal 0 0 0
 outer loop
vertex 0.6666842699050903 18.99776268005371 0
vertex 1.202081561088562 48.79792022705078 0
vertex 1.3141177892684937 48.921531677246094 0
 endloop
endfacet
facet normal 0 0 0
 outer loop
vertex -8 -9 0
vertex 0.9977635145187378 17.333314895629883 0
vertex 1.0583055019378662 17.434324264526367 0
 endloop
endfacet
facet normal 0 0 0
 outer loop
vertex -8 -9 0
vertex 0.9977635145187378 8.3333158493042 0
vertex 1.0583055019378662 8.434324264526367 0
 endloop
endfacet
facet normal 0 0 0
 outer loop
vertex 8 -9 0
vertex 1.2754672765731812 -1.0467488765716553 0
vertex 1.371924877166748 -0.9166908860206604 0
 endloop
endfacet
facet normal 0 0 0
 outer loop
vertex 1.4134982824325562 50.9444694519043 0
vertex 1.3141177892684937 51.078468322753906 0
vertex 6 60 0
 endloop
endfacet
facet normal 0 0 0
 outer loop
vertex 0.6666842699050903 18.99776268005371 0
vertex 1.3141177892684937 48.921531677246094 0
vertex 1.4134982824325562 49.0555305480957 0
 endloop
endfacet
facet normal 0 0 0
 outer loop
vertex -8 -9 0
vertex 1.0583055019378662 17.434324264526367 0
vertex 1.1086554527282715 17.54077911376953 0
 endloop
endfacet
facet normal 0 0 0
 outer loop
vertex -1.371924877166748 0.9166908860206604 0
vertex -8 -9 0
vertex 1.0583055019378662 8.434324264526367 0
 endloop
endfacet
facet normal 0 0 0
 outer loop
vertex 8 -9 0
vertex 1.371924877166748 -0.9166908860206604 0
vertex 1.4551700353622437 -0.7778046131134033 0
 endloop
endfacet
facet normal 0 0 0
 outer loop
vertex 1.4992661476135254 50.80137634277344 0
vertex 1.4134982824325562 50.9444694519043 0
vertex 6 60 0
 endloop
endfacet
facet normal 0 0 0
 outer loop
vertex 0.6666842699050903 18.99776268005371 0
vertex 1.4134982824325562 49.0555305480957 0
vertex 1.4992661476135254 49.19862365722656 0
 endloop
endfacet
facet normal 0 0 0
 outer loop
vertex -8 -9 0
vertex 1.1086554527282715 17.54077911376953 0
vertex 1.148328423500061 17.65165901184082 0
 endloop
endfacet
facet normal 0 0 0
 outer loop
vertex -1.371924877166748 0.9166908860206604 0
vertex 1.0583055019378662 8.434324264526367 0
vertex 1.1086554527282715 8.540780067443848 0
 endloop
endfacet
facet normal 0 0 0
 outer loop
vertex 8 -9 0
vertex 1.4551700353622437 -0.7778046131134033 0
vertex 1.5244011878967285 -0.6314276456832886 0
 endloop
endfacet
facet normal 0 0 0
 outer loop
vertex 1.5705952644348145 50.65056228637695 0
vertex 1.4992661476135254 50.80137634277344 0
vertex 6 60 0
 endloop
endfacet
facet normal 0 0 0
 outer loop
vertex 0.6666842699050903 18.99776268005371 0
vertex 1.4992661476135254 49.19862365722656 0
vertex 1.5705952644348145 49.34943771362305 0
 endloop
endfacet
facet normal 0 0 0
 outer loop
vertex -1.1086554527282715 9.459219932556152 0
vertex -8 -9 0
vertex 1.148328423500061 17.65165901184082 0
 endloop
endfacet
facet normal 0 0 0
 outer loop
vertex -1.371924877166748 0.9166908860206604 0
vertex 1.1086554527282715 8.540780067443848 0
vertex 1.148328423500061 8.651658058166504 0
 endloop
endfacet
facet normal 0 0 0
 outer loop
vertex 8 -9 0
vertex 1.5244011878967285 -0.6314276456832886 0
vertex 1.5789515972137451 -0.4789697229862213 0
 endloop
endfacet
facet normal 0 0 0
 outer loop
vertex 1.6267986297607422 50.49348449707031 0
vertex 1.5705952644348145 50.65056228637695 0
vertex 6 60 0
 endloop
endfacet
facet normal 0 0 0
 outer loop
vertex 0.6666842699050903 18.99776268005371 0
vertex 1.5705952644348145 49.34943771362305 0
vertex 1.6267986297607422 49.50651550292969 0
 endloop
endfacet
facet normal 0 0 0
 outer loop
vertex -1.0583055019378662 9.565675735473633 0
vertex -1.1086554527282715 9.459219932556152 0
vertex 1.148328423500061 17.65165901184082 0
 endloop
endfacet
facet normal 0 0 0
 outer loop
vertex -1.2754672765731812 1.0467488765716553 0
vertex -1.371924877166748 0.9166908860206604 0
vertex 1.148328423500061 8.651658058166504 0
 endloop
endfacet
facet normal 0 0 0
 outer loop
vertex 8 -9 0
vertex 1.5789515972137451 -0.4789697229862213 0
vertex 1.618295669555664 -0.32189902663230896 0
 endloop
endfacet
facet normal 0 0 0
 outer loop
vertex 1.667335033416748 50.3316535949707 0
vertex 1.6267986297607422 50.49348449707031 0
vertex 6 60 0
 endloop
endfacet
facet normal 0 0 0
 outer loop
vertex 0.6666842699050903 18.99776268005371 0
vertex 1.6267986297607422 49.50651550292969 0
vertex 1.667335033416748 49.6683464050293 0
 endloop
endfacet
facet normal 0 0 0
 outer loop
vertex -0.9977635145187378 9.6666841506958 0
vertex -1.0583055019378662 9.565675735473633 0
vertex 1.148328423500061 17.65165901184082 0
 endloop
endfacet
facet normal 0 0 0
 outer loop
vertex -1.1667262315750122 1.1667262315750122 0
vertex -1.2754672765731812 1.0467488765716553 0
vertex 1.148328423500061 8.651658058166504 0
 endloop
endfacet
facet normal 0 0 0
 outer loop
vertex 8 -9 0
vertex 1.618295669555664 -0.32189902663230896 0
vertex 1.642054796218872 -0.16172827780246735 0
 endloop
endfacet
facet normal 0 0 0
 outer loop
vertex 1.6918140649795532 50.166629791259766 0
vertex 1.667335033416748 50.3316535949707 0
vertex 6 60 0
 endloop
endfacet
facet normal 0 0 0
 outer loop
vertex 0.6666842699050903 18.99776268005371 0
vertex 1.667335033416748 49.6683464050293 0
vertex 1.6918140649795532 49.833370208740234 0
 endloop
endfacet
facet normal 0 0 0
 outer loop
vertex -0.9276125431060791 9.761271476745605 0
vertex -0.9977635145187378 9.6666841506958 0
vertex 1.148328423500061 17.65165901184082 0
 endloop
endfacet
facet normal 0 0 0
 outer loop
vertex -1.0467488765716553 1.2754672765731812 0
vertex -1.1667262315750122 1.1667262315750122 0
vertex 1.148328423500061 8.651658058166504 0
 endloop
endfacet
facet normal 0 0 0
 outer loop
vertex 8 -9 0
vertex 1.642054796218872 -0.16172827780246735 0
vertex 1.649999976158142 0 0
 endloop
endfacet
facet normal 0 0 0
 outer loop
vertex 1.6918140649795532 50.166629791259766 0
vertex 6 60 0
vertex 8 -9 0
 endloop
endfacet
facet normal 0 0 0
 outer loop
vertex 0.6666842699050903 18.99776268005371 0
vertex 1.6918140649795532 49.833370208740234 0
vertex 1.7000000476837158 50 0
 endloop
endfacet
facet normal 0 0 0
 outer loop
vertex -0.8485281467437744 9.848527908325195 0
vertex -0.9276125431060791 9.761271476745605 0
vertex 1.148328423500061 17.65165901184082 0
 endloop
endfacet
facet normal 0 0 0
 outer loop
vertex -0.9166908860206604 1.371924877166748 0
vertex -1.0467488765716553 1.2754672765731812 0
vertex 1.148328423500061 8.651658058166504 0
 endloop
endfacet
facet normal 0 0 0
 outer loop
vertex 8 -9 0
vertex 1.649999976158142 0 0
vertex 1.642054796218872 0.16172827780246735 0
 endloop
endfacet
facet normal 0 0 0
 outer loop
vertex 1.7000000476837158 50 0
vertex 1.6918140649795532 50.166629791259766 0
vertex 8 -9 0
 endloop
endfacet
facet normal 0 0 0
 outer loop
vertex 0.7612719535827637 18.9276123046875 0
vertex 0.6666842699050903 18.99776268005371 0
vertex 1.7000000476837158 50 0
 endloop
endfacet
facet normal 0 0 0
 outer loop
vertex -0.7612719535827637 9.9276123046875 0
vertex -0.8485281467437744 9.848527908325195 0
vertex 1.148328423500061 17.65165901184082 0
 endloop
endfacet
facet normal 0 0 0
 outer loop
vertex -0.7778046131134033 1.4551700353622437 0
vertex -0.9166908860206604 1.371924877166748 0
vertex 1.148328423500061 8.651658058166504 0
 endloop
endfacet
facet normal 0 0 0
 outer loop
vertex 8 -9 0
vertex 1.642054796218872 0.16172827780246735 0
vertex 1.618295669555664 0.32189902663230896 0
 endloop
endfacet
facet normal 0 0 0
 outer loop
vertex 0.8485281467437744 18.848527908325195 0
vertex 0.7612719535827637 18.9276123046875 0
vertex 1.7000000476837158 50 0
 endloop
endfacet
facet normal 0 0 0
 outer loop
vertex -0.7612719535827637 9.9276123046875 0
vertex 1.148328423500061 17.65165901184082 0
vertex 1.1769423484802246 17.765892028808594 0
 endloop
endfacet
facet normal 0 0 0
 outer loop
vertex -0.6314276456832886 1.5244011878967285 0
vertex -0.7778046131134033 1.4551700353622437 0
vertex 1.148328423500061 8.651658058166504 0
 endloop
endfacet
facet normal 0 0 0
 outer loop
vertex 8 -9 0
vertex 1.618295669555664 0.32189902663230896 0
vertex 1.5789515972137451 0.4789697229862213 0
 endloop
endfacet
facet normal 0 0 0
 outer loop
vertex 0.9276125431060791 18.761272430419922 0
vertex 0.8485281467437744 18.848527908325195 0
vertex 1.7000000476837158 50 0
 endloop
endfacet
facet normal 0 0 0
 outer loop
vertex -0.6666842699050903 9.997763633728027 0
vertex -0.7612719535827637 9.9276123046875 0
vertex 1.1769423484802246 17.765892028808594 0
 endloop
endfacet
facet normal 0 0 0
 outer loop
vertex -0.6314276456832886 1.5244011878967285 0
vertex 1.148328423500061 8.651658058166504 0
vertex 1.1769423484802246 8.765892028808594 0
 endloop
endfacet
facet normal 0 0 0
 outer loop
vertex 8 -9 0
vertex 1.5789515972137451 0.4789697229862213 0
vertex 1.5244011878967285 0.6314276456832886 0
 endloop
endfacet
facet normal 0 0 0
 outer loop
vertex 0.9977635145187378 18.666685104370117 0
vertex 0.9276125431060791 18.761272430419922 0
vertex 1.7000000476837158 50 0
 endloop
endfacet
facet normal 0 0 0
 outer loop
vertex -0.5656760931015015 10.058305740356445 0
vertex -0.6666842699050903 9.997763633728027 0
vertex 1.1769423484802246 17.765892028808594 0
 endloop
endfacet
facet normal 0 0 0
 outer loop
vertex -0.4789697229862213 1.5789515972137451 0
vertex -0.6314276456832886 1.5244011878967285 0
vertex 1.1769423484802246 8.765892028808594 0
 endloop
endfacet
facet normal 0 0 0
 outer loop
vertex 8 -9 0
vertex 1.5244011878967285 0.6314276456832886 0
vertex 1.4551700353622437 0.7778046131134033 0
 endloop
endfacet
facet normal 0 0 0
 outer loop
vertex 1.0583055019378662 18.565675735473633 0
vertex 0.9977635145187378 18.666685104370117 0
vertex 1.7000000476837158 50 0
 endloop
endfacet
facet normal 0 0 0
 outer loop
vertex -0.45922011137008667 10.108654975891113 0
vertex -0.5656760931015015 10.058305740356445 0
vertex 1.1769423484802246 17.765892028808594 0
 endloop
endfacet
facet normal 0 0 0
 outer loop
vertex -0.32189902663230896 1.618295669555664 0
vertex -0.4789697229862213 1.5789515972137451 0
vertex 1.1769423484802246 8.765892028808594 0
 endloop
endfacet
facet normal 0 0 0
 outer loop
vertex 8 -9 0
vertex 1.4551700353622437 0.7778046131134033 0
vertex 1.371924877166748 0.9166908860206604 0
 endloop
endfacet
facet normal 0 0 0
 outer loop
vertex 1.1086554527282715 18.45922088623047 0
vertex 1.0583055019378662 18.565675735473633 0
vertex 1.7000000476837158 50 0
 endloop
endfacet
facet normal 0 0 0
 outer loop
vertex -0.34834161400794983 10.14832878112793 0
vertex -0.45922011137008667 10.108654975891113 0
vertex 1.1769423484802246 17.765892028808594 0
 endloop
endfacet
facet normal 0 0 0
 outer loop
vertex -0.16172827780246735 1.642054796218872 0
vertex -0.32189902663230896 1.618295669555664 0
vertex 1.1769423484802246 8.765892028808594 0
 endloop
endfacet
facet normal 0 0 0
 outer loop
vertex 1.7000000476837158 50 0
vertex 8 -9 0
vertex 1.371924877166748 0.9166908860206604 0
 endloop
endfacet
facet normal 0 0 0
 outer loop
vertex 1.148328423500061 18.34834098815918 0
vertex 1.1086554527282715 18.45922088623047 0
vertex 1.7000000476837158 50 0
 endloop
endfacet
facet normal 0 0 0
 outer loop
vertex -0.23410838842391968 10.176941871643066 0
vertex -0.34834161400794983 10.14832878112793 0
vertex 1.1769423484802246 17.765892028808594 0
 endloop
endfacet
facet normal 0 0 0
 outer loop
vertex -3.031000728537719e-16 1.649999976158142 0
vertex -0.16172827780246735 1.642054796218872 0
vertex 1.1769423484802246 8.765892028808594 0
 endloop
endfacet
facet normal 0 0 0
 outer loop
vertex 1.7000000476837158 50 0
vertex 1.371924877166748 0.9166908860206604 0
vertex 1.2754672765731812 1.0467488765716553 0
 endloop
endfacet
facet normal 0 0 0
 outer loop
vertex 1.1769423484802246 18.234107971191406 0
vertex 1.148328423500061 18.34834098815918 0
vertex 1.7000000476837158 50 0
 endloop
endfacet
facet normal 0 0 0
 outer loop
vertex -0.1176205649971962 10.194221496582031 0
vertex -0.23410838842391968 10.176941871643066 0
vertex 1.1769423484802246 17.765892028808594 0
 endloop
endfacet
facet normal 0 0 0
 outer loop
vertex 0.16172827780246735 1.642054796218872 0
vertex -3.031000728537719e-16 1.649999976158142 0
vertex 1.1769423484802246 8.765892028808594 0
 endloop
endfacet
facet normal 0 0 0
 outer loop
vertex 1.7000000476837158 50 0
vertex 1.2754672765731812 1.0467488765716553 0
vertex 1.1667262315750122 1.1667262315750122 0
 endloop
endfacet
facet normal 0 0 0
 outer loop
vertex 1.1942216157913208 18.11762046813965 0
vertex 1.1769423484802246 18.234107971191406 0
vertex 1.7000000476837158 50 0
 endloop
endfacet
facet normal 0 0 0
 outer loop
vertex -2.2043642023044041e-16 10.199999809265137 0
vertex -0.1176205649971962 10.194221496582031 0
vertex 1.1769423484802246 17.765892028808594 0
 endloop
endfacet
facet normal 0 0 0
 outer loop
vertex 0.16172827780246735 1.642054796218872 0
vertex 1.1769423484802246 8.765892028808594 0
vertex 1.1942216157913208 8.882379531860352 0
 endloop
endfacet
facet normal 0 0 0
 outer loop
vertex 1.2000000476837158 18 0
vertex 1.1942216157913208 18.11762046813965 0
vertex 1.7000000476837158 50 0
 endloop
endfacet
facet normal 0 0 0
 outer loop
vertex 0.1176205649971962 10.194221496582031 0
vertex -2.2043642023044041e-16 10.199999809265137 0
vertex 1.1769423484802246 17.765892028808594 0
 endloop
endfacet
facet normal 0 0 0
 outer loop
vertex 0.32189902663230896 1.618295669555664 0
vertex 0.16172827780246735 1.642054796218872 0
vertex 1.1942216157913208 8.882379531860352 0
 endloop
endfacet
facet normal 0 0 0
 outer loop
vertex 0.1176205649971962 10.194221496582031 0
vertex 1.1769423484802246 17.765892028808594 0
vertex 1.1942216157913208 17.88237953186035 0
 endloop
endfacet
facet normal 0 0 0
 outer loop
vertex 0.4789697229862213 1.5789515972137451 0
vertex 0.32189902663230896 1.618295669555664 0
vertex 1.1942216157913208 8.882379531860352 0
 endloop
endfacet
facet normal 0 0 0
 outer loop
vertex 0.23410838842391968 10.176941871643066 0
vertex 0.1176205649971962 10.194221496582031 0
vertex 1.1942216157913208 17.88237953186035 0
 endloop
endfacet
facet normal 0 0 0
 outer loop
vertex 0.6314276456832886 1.5244011878967285 0
vertex 0.4789697229862213 1.5789515972137451 0
vertex 1.1942216157913208 8.882379531860352 0
 endloop
endfacet
facet normal 0 0 0
 outer loop
vertex 0.34834161400794983 10.14832878112793 0
vertex 0.23410838842391968 10.176941871643066 0
vertex 1.1942216157913208 17.88237953186035 0
 endloop
endfacet
facet normal 0 0 0
 outer loop
vertex 0.7778046131134033 1.4551700353622437 0
vertex 0.6314276456832886 1.5244011878967285 0
vertex 1.1942216157913208 8.882379531860352 0
 endloop
endfacet
facet normal 0 0 0
 outer loop
vertex 0.45922011137008667 10.108654975891113 0
vertex 0.34834161400794983 10.14832878112793 0
vertex 1.1942216157913208 17.88237953186035 0
 endloop
endfacet
facet normal 0 0 0
 outer loop
vertex 0.9166908860206604 1.371924877166748 0
vertex 0.7778046131134033 1.4551700353622437 0
vertex 1.1942216157913208 8.882379531860352 0
 endloop
endfacet
facet normal 0 0 0
 outer loop
vertex 0.5656760931015015 10.058305740356445 0
vertex 0.45922011137008667 10.108654975891113 0
vertex 1.1942216157913208 17.88237953186035 0
 endloop
endfacet
facet normal 0 0 0
 outer loop
vertex 0.9166908860206604 1.371924877166748 0
vertex 1.1942216157913208 8.882379531860352 0
vertex 1.2000000476837158 9 0
 endloop
endfacet
facet normal 0 0 0
 outer loop
vertex 0.6666842699050903 9.997763633728027 0
vertex 0.5656760931015015 10.058305740356445 0
vertex 1.1942216157913208 17.88237953186035 0
 endloop
endfacet
facet normal 0 0 0
 outer loop
vertex 1.0467488765716553 1.2754672765731812 0
vertex 0.9166908860206604 1.371924877166748 0
vertex 1.2000000476837158 9 0
 endloop
endfacet
facet normal 0 0 0
 outer loop
vertex 0.7612719535827637 9.9276123046875 0
vertex 0.6666842699050903 9.997763633728027 0
vertex 1.1942216157913208 17.88237953186035 0
 endloop
endfacet
facet normal 0 0 0
 outer loop
vertex 1.1667262315750122 1.1667262315750122 0
vertex 1.0467488765716553 1.2754672765731812 0
vertex 1.2000000476837158 9 0
 endloop
endfacet
facet normal 0 0 0
 outer loop
vertex 0.8485281467437744 9.848527908325195 0
vertex 0.7612719535827637 9.9276123046875 0
vertex 1.1942216157913208 17.88237953186035 0
 endloop
endfacet
facet normal 0 0 0
 outer loop
vertex 1.7000000476837158 50 0
vertex 1.1667262315750122 1.1667262315750122 0
vertex 1.2000000476837158 9 0
 endloop
endfacet
facet normal 0 0 0
 outer loop
vertex 0.8485281467437744 9.848527908325195 0
vertex 1.1942216157913208 17.88237953186035 0
vertex 1.2000000476837158 18 0
 endloop
endfacet
facet normal 0 0 0
 outer loop
vertex 1.7000000476837158 50 0
vertex 1.2000000476837158 9 0
vertex 1.1942216157913208 9.117620468139648 0
 endloop
endfacet
facet normal 0 0 0
 outer loop
vertex 0.9276125431060791 9.761271476745605 0
vertex 0.8485281467437744 9.848527908325195 0
vertex 1.2000000476837158 18 0
 endloop
endfacet
facet normal 0 0 0
 outer loop
vertex 1.7000000476837158 50 0
vertex 1.1942216157913208 9.117620468139648 0
vertex 1.1769423484802246 9.234107971191406 0
 endloop
endfacet
facet normal 0 0 0
 outer loop
vertex 0.9977635145187378 9.6666841506958 0
vertex 0.9276125431060791 9.761271476745605 0
vertex 1.2000000476837158 18 0
 endloop
endfacet
facet normal 0 0 0
 outer loop
vertex 1.7000000476837158 50 0
vertex 1.1769423484802246 9.234107971191406 0
vertex 1.148328423500061 9.348341941833496 0
 endloop
endfacet
facet normal 0 0 0
 outer loop
vertex 1.0583055019378662 9.565675735473633 0
vertex 0.9977635145187378 9.6666841506958 0
vertex 1.2000000476837158 18 0
 endloop
endfacet
facet normal 0 0 0
 outer loop
vertex 1.7000000476837158 50 0
vertex 1.148328423500061 9.348341941833496 0
vertex 1.1086554527282715 9.459219932556152 0
 endloop
endfacet
facet normal 0 0 0
 outer loop
vertex 1.1086554527282715 9.459219932556152 0
vertex 1.0583055019378662 9.565675735473633 0
vertex 1.2000000476837158 18 0
 endloop
endfacet
facet normal 0 0 0
 outer loop
vertex 1.2000000476837158 18 0
vertex 1.7000000476837158 50 0
vertex 1.1086554527282715 9.459219932556152 0
 endloop
endfacet
facet normal 0 0 0
 outer loop
vertex -8 -9 5
vertex -1.2000000476837158 18 5
vertex -1.1942216157913208 18.11762046813965 5
 endloop
endfacet
facet normal 0 0 0
 outer loop
vertex -1.1942216157913208 17.88237953186035 5
vertex -1.2000000476837158 18 5
vertex -8 -9 5
 endloop
endfacet
facet normal 0 0 0
 outer loop
vertex -8 -9 5
vertex -1.2000000476837158 9 5
vertex -1.1942216157913208 9.117620468139648 5
 endloop
endfacet
facet normal 0 0 0
 outer loop
vertex -1.1942216157913208 8.882379531860352 5
vertex -1.2000000476837158 9 5
vertex -8 -9 5
 endloop
endfacet
facet normal 0 0 0
 outer loop
vertex -8 -9 5
vertex -1.649999976158142 -2.020667240591078e-16 5
vertex -1.642054796218872 0.16172827780246735 5
 endloop
endfacet
facet normal 0 0 0
 outer loop
vertex -1.642054796218872 -0.16172827780246735 5
vertex -1.649999976158142 -2.020667240591078e-16 5
vertex -8 -9 5
 endloop
endfacet
facet normal 0 0 0
 outer loop
vertex 8 -9 5
vertex 8 43 5
vertex 6 60 5
 endloop
endfacet
facet normal 0 0 0
 outer loop
vertex 6 60 5
vertex -6 60 5
vertex -8 43 5
 endloop
endfacet
facet normal 0 0 0
 outer loop
vertex -8 43 5
vertex -1.7000000476837158 50 5
vertex -1.6918140649795532 50.166629791259766 5
 endloop
endfacet
facet normal 0 0 0
 outer loop
vertex -1.6918140649795532 49.833370208740234 5
vertex -1.7000000476837158 50 5
vertex -8 43 5
 endloop
endfacet
facet normal 0 0 0
 outer loop
vertex -8 43 5
vertex -8 -9 5
vertex -1.1942216157913208 18.11762046813965 5
 endloop
endfacet
facet normal 0 0 0
 outer loop
vertex -1.1769423484802246 17.765892028808594 5
vertex -1.1942216157913208 17.88237953186035 5
vertex -8 -9 5
 endloop
endfacet
facet normal 0 0 0
 outer loop
vertex -8 -9 5
vertex -1.1942216157913208 9.117620468139648 5
vertex -1.1769423484802246 9.234107971191406 5
 endloop
endfacet
facet normal 0 0 0
 outer loop
vertex -1.1769423484802246 8.765892028808594 5
vertex -1.1942216157913208 8.882379531860352 5
vertex -8 -9 5
 endloop
endfacet
facet normal 0 0 0
 outer loop
vertex -8 -9 5
vertex -1.642054796218872 0.16172827780246735 5
vertex -1.618295669555664 0.32189902663230896 5
 endloop
endfacet
facet normal 0 0 0
 outer loop
vertex -1.618295669555664 -0.32189902663230896 5
vertex -1.642054796218872 -0.16172827780246735 5
vertex -8 -9 5
 endloop
endfacet
facet normal 0 0 0
 outer loop
vertex -8 43 5
vertex -1.6918140649795532 50.166629791259766 5
vertex -1.667335033416748 50.3316535949707 5
 endloop
endfacet
facet normal 0 0 0
 outer loop
vertex -1.667335033416748 49.6683464050293 5
vertex -1.6918140649795532 49.833370208740234 5
vertex -8 43 5
 endloop
endfacet
facet normal 0 0 0
 outer loop
vertex -8 43 5
vertex -1.1942216157913208 18.11762046813965 5
vertex -1.1769423484802246 18.234107971191406 5
 endloop
endfacet
facet normal 0 0 0
 outer loop
vertex -1.148328423500061 17.65165901184082 5
vertex -1.1769423484802246 17.765892028808594 5
vertex -8 -9 5
 endloop
endfacet
facet normal 0 0 0
 outer loop
vertex -8 -9 5
vertex -1.1769423484802246 9.234107971191406 5
vertex -1.148328423500061 9.348341941833496 5
 endloop
endfacet
facet normal 0 0 0
 outer loop
vertex -1.148328423500061 8.651658058166504 5
vertex -1.1769423484802246 8.765892028808594 5
vertex -8 -9 5
 endloop
endfacet
facet normal 0 0 0
 outer loop
vertex -8 -9 5
vertex -1.618295669555664 0.32189902663230896 5
vertex -1.5789515972137451 0.4789697229862213 5
 endloop
endfacet
facet normal 0 0 0
 outer loop
vertex -1.5789515972137451 -0.4789697229862213 5
vertex -1.618295669555664 -0.32189902663230896 5
vertex -8 -9 5
 endloop
endfacet
facet normal 0 0 0
 outer loop
vertex -8 43 5
vertex -1.667335033416748 50.3316535949707 5
vertex -1.6267986297607422 50.49348449707031 5
 endloop
endfacet
facet normal 0 0 0
 outer loop
vertex -1.6267986297607422 49.50651550292969 5
vertex -1.667335033416748 49.6683464050293 5
vertex -8 43 5
 endloop
endfacet
facet normal 0 0 0
 outer loop
vertex -8 43 5
vertex -1.1769423484802246 18.234107971191406 5
vertex -1.148328423500061 18.34834098815918 5
 endloop
endfacet
facet normal 0 0 0
 outer loop
vertex -1.1086554527282715 17.54077911376953 5
vertex -1.148328423500061 17.65165901184082 5
vertex -8 -9 5
 endloop
endfacet
facet normal 0 0 0
 outer loop
vertex -8 -9 5
vertex -1.148328423500061 9.348341941833496 5
vertex -1.1086554527282715 9.459219932556152 5
 endloop
endfacet
facet normal 0 0 0
 outer loop
vertex -1.1086554527282715 8.540780067443848 5
vertex -1.148328423500061 8.651658058166504 5
vertex -8 -9 5
 endloop
endfacet
facet normal 0 0 0
 outer loop
vertex -8 -9 5
vertex -1.5789515972137451 0.4789697229862213 5
vertex -1.5244011878967285 0.6314276456832886 5
 endloop
endfacet
facet normal 0 0 0
 outer loop
vertex -1.5244011878967285 -0.6314276456832886 5
vertex -1.5789515972137451 -0.4789697229862213 5
vertex -8 -9 5
 endloop
endfacet
facet normal 0 0 0
 outer loop
vertex -8 43 5
vertex -1.6267986297607422 50.49348449707031 5
vertex -1.5705952644348145 50.65056228637695 5
 endloop
endfacet
facet normal 0 0 0
 outer loop
vertex -1.5705952644348145 49.34943771362305 5
vertex -1.6267986297607422 49.50651550292969 5
vertex -8 43 5
 endloop
endfacet
facet normal 0 0 0
 outer loop
vertex -8 43 5
vertex -1.148328423500061 18.34834098815918 5
vertex -1.1086554527282715 18.45922088623047 5
 endloop
endfacet
facet normal 0 0 0
 outer loop
vertex -1.0583055019378662 17.434324264526367 5
vertex -1.1086554527282715 17.54077911376953 5
vertex -8 -9 5
 endloop
endfacet
facet normal 0 0 0
 outer loop
vertex -1.0583055019378662 8.434324264526367 5
vertex -1.1086554527282715 8.540780067443848 5
vertex -8 -9 5
 endloop
endfacet
facet normal 0 0 0
 outer loop
vertex -8 -9 5
vertex -1.5244011878967285 0.6314276456832886 5
vertex -1.4551700353622437 0.7778046131134033 5
 endloop
endfacet
facet normal 0 0 0
 outer loop
vertex -1.4551700353622437 -0.7778046131134033 5
vertex -1.5244011878967285 -0.6314276456832886 5
vertex -8 -9 5
 endloop
endfacet
facet normal 0 0 0
 outer loop
vertex -8 43 5
vertex -1.5705952644348145 50.65056228637695 5
vertex -1.4992661476135254 50.80137634277344 5
 endloop
endfacet
facet normal 0 0 0
 outer loop
vertex -1.4992661476135254 49.19862365722656 5
vertex -1.5705952644348145 49.34943771362305 5
vertex -8 43 5
 endloop
endfacet
facet normal 0 0 0
 outer loop
vertex -8 43 5
vertex -1.1086554527282715 18.45922088623047 5
vertex -1.0583055019378662 18.565675735473633 5
 endloop
endfacet
facet normal 0 0 0
 outer loop
vertex -0.9977635145187378 17.333314895629883 5
vertex -1.0583055019378662 17.434324264526367 5
vertex -8 -9 5
 endloop
endfacet
facet normal 0 0 0
 outer loop
vertex -0.9977635145187378 8.3333158493042 5
vertex -1.0583055019378662 8.434324264526367 5
vertex -8 -9 5
 endloop
endfacet
facet normal 0 0 0
 outer loop
vertex -8 -9 5
vertex -1.4551700353622437 0.7778046131134033 5
vertex -1.371924877166748 0.9166908860206604 5
 endloop
endfacet
facet normal 0 0 0
 outer loop
vertex -1.371924877166748 -0.9166908860206604 5
vertex -1.4551700353622437 -0.7778046131134033 5
vertex -8 -9 5
 endloop
endfacet
facet normal 0 0 0
 outer loop
vertex -8 43 5
vertex -1.4992661476135254 50.80137634277344 5
vertex -1.4134982824325562 50.9444694519043 5
 endloop
endfacet
facet normal 0 0 0
 outer loop
vertex -1.4134982824325562 49.0555305480957 5
vertex -1.4992661476135254 49.19862365722656 5
vertex -8 43 5
 endloop
endfacet
facet normal 0 0 0
 outer loop
vertex -8 43 5
vertex -1.0583055019378662 18.565675735473633 5
vertex -0.9977635145187378 18.666685104370117 5
 endloop
endfacet
facet normal 0 0 0
 outer loop
vertex -0.9276125431060791 17.238727569580078 5
vertex -0.9977635145187378 17.333314895629883 5
vertex -8 -9 5
 endloop
endfacet
facet normal 0 0 0
 outer loop
vertex -0.9276125431060791 8.238728523254395 5
vertex -0.9977635145187378 8.3333158493042 5
vertex -8 -9 5
 endloop
endfacet
facet normal 0 0 0
 outer loop
vertex -1.2754672765731812 -1.0467488765716553 5
vertex -1.371924877166748 -0.9166908860206604 5
vertex -8 -9 5
 endloop
endfacet
facet normal 0 0 0
 outer loop
vertex -8 43 5
vertex -1.4134982824325562 50.9444694519043 5
vertex -1.3141177892684937 51.078468322753906 5
 endloop
endfacet
facet normal 0 0 0
 outer loop
vertex -1.3141177892684937 48.921531677246094 5
vertex -1.4134982824325562 49.0555305480957 5
vertex -8 43 5
 endloop
endfacet
facet normal 0 0 0
 outer loop
vertex -8 43 5
vertex -0.9977635145187378 18.666685104370117 5
vertex -0.9276125431060791 18.761272430419922 5
 endloop
endfacet
facet normal 0 0 0
 outer loop
vertex -0.8485281467437744 17.151472091674805 5
vertex -0.9276125431060791 17.238727569580078 5
vertex -8 -9 5
 endloop
endfacet
facet normal 0 0 0
 outer loop
vertex -0.8485281467437744 8.151472091674805 5
vertex -0.9276125431060791 8.238728523254395 5
vertex -8 -9 5
 endloop
endfacet
facet normal 0 0 0
 outer loop
vertex -1.1667262315750122 -1.1667262315750122 5
vertex -1.2754672765731812 -1.0467488765716553 5
vertex -8 -9 5
 endloop
endfacet
facet normal 0 0 0
 outer loop
vertex 6 60 5
vertex -8 43 5
vertex -1.3141177892684937 51.078468322753906 5
 endloop
endfacet
facet normal 0 0 0
 outer loop
vertex -1.202081561088562 48.79792022705078 5
vertex -1.3141177892684937 48.921531677246094 5
vertex -8 43 5
 endloop
endfacet
facet normal 0 0 0
 outer loop
vertex -8 43 5
vertex -0.9276125431060791 18.761272430419922 5
vertex -0.8485281467437744 18.848527908325195 5
 endloop
endfacet
facet normal 0 0 0
 outer loop
vertex -0.7612719535827637 17.0723876953125 5
vertex -0.8485281467437744 17.151472091674805 5
vertex -8 -9 5
 endloop
endfacet
facet normal 0 0 0
 outer loop
vertex -0.7612719535827637 8.0723876953125 5
vertex -0.8485281467437744 8.151472091674805 5
vertex -8 -9 5
 endloop
endfacet
facet normal 0 0 0
 outer loop
vertex -1.0467488765716553 -1.2754672765731812 5
vertex -1.1667262315750122 -1.1667262315750122 5
vertex -8 -9 5
 endloop
endfacet
facet normal 0 0 0
 outer loop
vertex 6 60 5
vertex -1.3141177892684937 51.078468322753906 5
vertex -1.202081561088562 51.20207977294922 5
 endloop
endfacet
facet normal 0 0 0
 outer loop
vertex -1.0784685611724854 48.685882568359375 5
vertex -1.202081561088562 48.79792022705078 5
vertex -8 43 5
 endloop
endfacet
facet normal 0 0 0
 outer loop
vertex -8 43 5
vertex -0.8485281467437744 18.848527908325195 5
vertex -0.7612719535827637 18.9276123046875 5
 endloop
endfacet
facet normal 0 0 0
 outer loop
vertex -0.6666842699050903 17.00223731994629 5
vertex -0.7612719535827637 17.0723876953125 5
vertex -8 -9 5
 endloop
endfacet
facet normal 0 0 0
 outer loop
vertex -0.6666842699050903 8.002236366271973 5
vertex -0.7612719535827637 8.0723876953125 5
vertex -8 -9 5
 endloop
endfacet
facet normal 0 0 0
 outer loop
vertex -0.9166908860206604 -1.371924877166748 5
vertex -1.0467488765716553 -1.2754672765731812 5
vertex -8 -9 5
 endloop
endfacet
facet normal 0 0 0
 outer loop
vertex 6 60 5
vertex -1.202081561088562 51.20207977294922 5
vertex -1.0784685611724854 51.314117431640625 5
 endloop
endfacet
facet normal 0 0 0
 outer loop
vertex -0.9444693922996521 48.58650207519531 5
vertex -1.0784685611724854 48.685882568359375 5
vertex -8 43 5
 endloop
endfacet
facet normal 0 0 0
 outer loop
vertex -8 43 5
vertex -0.7612719535827637 18.9276123046875 5
vertex -0.6666842699050903 18.99776268005371 5
 endloop
endfacet
facet normal 0 0 0
 outer loop
vertex -0.5656760931015015 16.941694259643555 5
vertex -0.6666842699050903 17.00223731994629 5
vertex -8 -9 5
 endloop
endfacet
facet normal 0 0 0
 outer loop
vertex -0.5656760931015015 7.941694259643555 5
vertex -0.6666842699050903 8.002236366271973 5
vertex -8 -9 5
 endloop
endfacet
facet normal 0 0 0
 outer loop
vertex -0.7778046131134033 -1.4551700353622437 5
vertex -0.9166908860206604 -1.371924877166748 5
vertex -8 -9 5
 endloop
endfacet
facet normal 0 0 0
 outer loop
vertex 6 60 5
vertex -1.0784685611724854 51.314117431640625 5
vertex -0.9444693922996521 51.41349792480469 5
 endloop
endfacet
facet normal 0 0 0
 outer loop
vertex -0.8013744354248047 48.500732421875 5
vertex -0.9444693922996521 48.58650207519531 5
vertex -8 43 5
 endloop
endfacet
facet normal 0 0 0
 outer loop
vertex -8 43 5
vertex -0.6666842699050903 18.99776268005371 5
vertex -0.5656760931015015 19.058305740356445 5
 endloop
endfacet
facet normal 0 0 0
 outer loop
vertex -0.45922011137008667 16.89134407043457 5
vertex -0.5656760931015015 16.941694259643555 5
vertex -8 -9 5
 endloop
endfacet
facet normal 0 0 0
 outer loop
vertex -0.45922011137008667 7.8913445472717285 5
vertex -0.5656760931015015 7.941694259643555 5
vertex -8 -9 5
 endloop
endfacet
facet normal 0 0 0
 outer loop
vertex -0.6314276456832886 -1.5244011878967285 5
vertex -0.7778046131134033 -1.4551700353622437 5
vertex -8 -9 5
 endloop
endfacet
facet normal 0 0 0
 outer loop
vertex 6 60 5
vertex -0.9444693922996521 51.41349792480469 5
vertex -0.8013744354248047 51.499267578125 5
 endloop
endfacet
facet normal 0 0 0
 outer loop
vertex -0.6505618095397949 48.429405212402344 5
vertex -0.8013744354248047 48.500732421875 5
vertex -8 43 5
 endloop
endfacet
facet normal 0 0 0
 outer loop
vertex -8 43 5
vertex -0.5656760931015015 19.058305740356445 5
vertex -0.45922011137008667 19.10865592956543 5
 endloop
endfacet
facet normal 0 0 0
 outer loop
vertex -0.34834161400794983 16.85167121887207 5
vertex -0.45922011137008667 16.89134407043457 5
vertex -8 -9 5
 endloop
endfacet
facet normal 0 0 0
 outer loop
vertex -0.34834161400794983 7.8516716957092285 5
vertex -0.45922011137008667 7.8913445472717285 5
vertex -8 -9 5
 endloop
endfacet
facet normal 0 0 0
 outer loop
vertex -0.4789697229862213 -1.5789515972137451 5
vertex -0.6314276456832886 -1.5244011878967285 5
vertex -8 -9 5
 endloop
endfacet
facet normal 0 0 0
 outer loop
vertex 6 60 5
vertex -0.8013744354248047 51.499267578125 5
vertex -0.6505618095397949 51.570594787597656 5
 endloop
endfacet
facet normal 0 0 0
 outer loop
vertex -0.4934839606285095 48.37320327758789 5
vertex -0.6505618095397949 48.429405212402344 5
vertex -8 43 5
 endloop
endfacet
facet normal 0 0 0
 outer loop
vertex -8 43 5
vertex -0.45922011137008667 19.10865592956543 5
vertex -0.34834161400794983 19.14832878112793 5
 endloop
endfacet
facet normal 0 0 0
 outer loop
vertex -0.23410838842391968 16.823057174682617 5
vertex -0.34834161400794983 16.85167121887207 5
vertex -8 -9 5
 endloop
endfacet
facet normal 0 0 0
 outer loop
vertex -0.23410838842391968 7.823057651519775 5
vertex -0.34834161400794983 7.8516716957092285 5
vertex -8 -9 5
 endloop
endfacet
facet normal 0 0 0
 outer loop
vertex -0.32189902663230896 -1.618295669555664 5
vertex -0.4789697229862213 -1.5789515972137451 5
vertex -8 -9 5
 endloop
endfacet
facet normal 0 0 0
 outer loop
vertex 6 60 5
vertex -0.6505618095397949 51.570594787597656 5
vertex -0.4934839606285095 51.62679672241211 5
 endloop
endfacet
facet normal 0 0 0
 outer loop
vertex -0.33165353536605835 48.332664489746094 5
vertex -0.4934839606285095 48.37320327758789 5
vertex -8 43 5
 endloop
endfacet
facet normal 0 0 0
 outer loop
vertex -8 43 5
vertex -0.34834161400794983 19.14832878112793 5
vertex -0.23410838842391968 19.176942825317383 5
 endloop
endfacet
facet normal 0 0 0
 outer loop
vertex -0.1176205649971962 16.80577850341797 5
vertex -0.23410838842391968 16.823057174682617 5
vertex -8 -9 5
 endloop
endfacet
facet normal 0 0 0
 outer loop
vertex -0.1176205649971962 7.805778503417969 5
vertex -0.23410838842391968 7.823057651519775 5
vertex -8 -9 5
 endloop
endfacet
facet normal 0 0 0
 outer loop
vertex -0.16172827780246735 -1.642054796218872 5
vertex -0.32189902663230896 -1.618295669555664 5
vertex -8 -9 5
 endloop
endfacet
facet normal 0 0 0
 outer loop
vertex 6 60 5
vertex -0.4934839606285095 51.62679672241211 5
vertex -0.33165353536605835 51.667335510253906 5
 endloop
endfacet
facet normal 0 0 0
 outer loop
vertex -0.1666291356086731 48.30818557739258 5
vertex -0.33165353536605835 48.332664489746094 5
vertex -8 43 5
 endloop
endfacet
facet normal 0 0 0
 outer loop
vertex -8 43 5
vertex -0.23410838842391968 19.176942825317383 5
vertex -0.1176205649971962 19.19422149658203 5
 endloop
endfacet
facet normal 0 0 0
 outer loop
vertex 7.347881115511007e-17 16.799999237060547 5
vertex -0.1176205649971962 16.80577850341797 5
vertex -8 -9 5
 endloop
endfacet
facet normal 0 0 0
 outer loop
vertex 7.347881115511007e-17 7.800000190734863 5
vertex -0.1176205649971962 7.805778503417969 5
vertex -8 -9 5
 endloop
endfacet
facet normal 0 0 0
 outer loop
vertex 1.010333620295539e-16 -1.649999976158142 5
vertex -0.16172827780246735 -1.642054796218872 5
vertex -8 -9 5
 endloop
endfacet
facet normal 0 0 0
 outer loop
vertex 6 60 5
vertex -0.33165353536605835 51.667335510253906 5
vertex -0.1666291356086731 51.69181442260742 5
 endloop
endfacet
facet normal 0 0 0
 outer loop
vertex 1.0409497585229437e-16 48.29999923706055 5
vertex -0.1666291356086731 48.30818557739258 5
vertex -8 43 5
 endloop
endfacet
facet normal 0 0 0
 outer loop
vertex -8 43 5
vertex -0.1176205649971962 19.19422149658203 5
vertex -2.2043642023044041e-16 19.200000762939453 5
 endloop
endfacet
facet normal 0 0 0
 outer loop
vertex 0.1176205649971962 16.80577850341797 5
vertex 7.347881115511007e-17 16.799999237060547 5
vertex -8 -9 5
 endloop
endfacet
facet normal 0 0 0
 outer loop
vertex 0.1176205649971962 7.805778503417969 5
vertex 7.347881115511007e-17 7.800000190734863 5
vertex -8 -9 5
 endloop
endfacet
facet normal 0 0 0
 outer loop
vertex 0.16172827780246735 -1.642054796218872 5
vertex 1.010333620295539e-16 -1.649999976158142 5
vertex -8 -9 5
 endloop
endfacet
facet normal 0 0 0
 outer loop
vertex 6 60 5
vertex -0.1666291356086731 51.69181442260742 5
vertex -3.122849275568831e-16 51.70000076293945 5
 endloop
endfacet
facet normal 0 0 0
 outer loop
vertex 0.1666291356086731 48.30818557739258 5
vertex 1.0409497585229437e-16 48.29999923706055 5
vertex -8 43 5
 endloop
endfacet
facet normal 0 0 0
 outer loop
vertex -8 43 5
vertex -2.2043642023044041e-16 19.200000762939453 5
vertex 0.1176205649971962 19.19422149658203 5
 endloop
endfacet
facet normal 0 0 0
 outer loop
vertex 0.23410838842391968 16.823057174682617 5
vertex 0.1176205649971962 16.80577850341797 5
vertex -8 -9 5
 endloop
endfacet
facet normal 0 0 0
 outer loop
vertex 0.23410838842391968 7.823057651519775 5
vertex 0.1176205649971962 7.805778503417969 5
vertex -8 -9 5
 endloop
endfacet
facet normal 0 0 0
 outer loop
vertex 0.32189902663230896 -1.618295669555664 5
vertex 0.16172827780246735 -1.642054796218872 5
vertex -8 -9 5
 endloop
endfacet
facet normal 0 0 0
 outer loop
vertex 6 60 5
vertex -3.122849275568831e-16 51.70000076293945 5
vertex 0.1666291356086731 51.69181442260742 5
 endloop
endfacet
facet normal 0 0 0
 outer loop
vertex 0.33165353536605835 48.332664489746094 5
vertex 0.1666291356086731 48.30818557739258 5
vertex -8 43 5
 endloop
endfacet
facet normal 0 0 0
 outer loop
vertex -8 43 5
vertex 0.1176205649971962 19.19422149658203 5
vertex 0.23410838842391968 19.176942825317383 5
 endloop
endfacet
facet normal 0 0 0
 outer loop
vertex 0.34834161400794983 16.85167121887207 5
vertex 0.23410838842391968 16.823057174682617 5
vertex -8 -9 5
 endloop
endfacet
facet normal 0 0 0
 outer loop
vertex 0.34834161400794983 7.8516716957092285 5
vertex 0.23410838842391968 7.823057651519775 5
vertex -8 -9 5
 endloop
endfacet
facet normal 0 0 0
 outer loop
vertex 0.4789697229862213 -1.5789515972137451 5
vertex 0.32189902663230896 -1.618295669555664 5
vertex -8 -9 5
 endloop
endfacet
facet normal 0 0 0
 outer loop
vertex 6 60 5
vertex 0.1666291356086731 51.69181442260742 5
vertex 0.33165353536605835 51.667335510253906 5
 endloop
endfacet
facet normal 0 0 0
 outer loop
vertex 0.4934839606285095 48.37320327758789 5
vertex 0.33165353536605835 48.332664489746094 5
vertex -8 43 5
 endloop
endfacet
facet normal 0 0 0
 outer loop
vertex -8 43 5
vertex 0.23410838842391968 19.176942825317383 5
vertex 0.34834161400794983 19.14832878112793 5
 endloop
endfacet
facet normal 0 0 0
 outer loop
vertex 0.45922011137008667 16.89134407043457 5
vertex 0.34834161400794983 16.85167121887207 5
vertex -8 -9 5
 endloop
endfacet
facet normal 0 0 0
 outer loop
vertex 0.45922011137008667 7.8913445472717285 5
vertex 0.34834161400794983 7.8516716957092285 5
vertex -8 -9 5
 endloop
endfacet
facet normal 0 0 0
 outer loop
vertex 0.6314276456832886 -1.5244011878967285 5
vertex 0.4789697229862213 -1.5789515972137451 5
vertex -8 -9 5
 endloop
endfacet
facet normal 0 0 0
 outer loop
vertex 6 60 5
vertex 0.33165353536605835 51.667335510253906 5
vertex 0.4934839606285095 51.62679672241211 5
 endloop
endfacet
facet normal 0 0 0
 outer loop
vertex 0.6505618095397949 48.429405212402344 5
vertex 0.4934839606285095 48.37320327758789 5
vertex -8 43 5
 endloop
endfacet
facet normal 0 0 0
 outer loop
vertex -8 43 5
vertex 0.34834161400794983 19.14832878112793 5
vertex 0.45922011137008667 19.10865592956543 5
 endloop
endfacet
facet normal 0 0 0
 outer loop
vertex 0.5656760931015015 16.941694259643555 5
vertex 0.45922011137008667 16.89134407043457 5
vertex -8 -9 5
 endloop
endfacet
facet normal 0 0 0
 outer loop
vertex 0.5656760931015015 7.941694259643555 5
vertex 0.45922011137008667 7.8913445472717285 5
vertex -8 -9 5
 endloop
endfacet
facet normal 0 0 0
 outer loop
vertex 0.7778046131134033 -1.4551700353622437 5
vertex 0.6314276456832886 -1.5244011878967285 5
vertex -8 -9 5
 endloop
endfacet
facet normal 0 0 0
 outer loop
vertex 6 60 5
vertex 0.4934839606285095 51.62679672241211 5
vertex 0.6505618095397949 51.570594787597656 5
 endloop
endfacet
facet normal 0 0 0
 outer loop
vertex 0.8013744354248047 48.500732421875 5
vertex 0.6505618095397949 48.429405212402344 5
vertex -8 43 5
 endloop
endfacet
facet normal 0 0 0
 outer loop
vertex -8 43 5
vertex 0.45922011137008667 19.10865592956543 5
vertex 0.5656760931015015 19.058305740356445 5
 endloop
endfacet
facet normal 0 0 0
 outer loop
vertex 0.6666842699050903 17.00223731994629 5
vertex 0.5656760931015015 16.941694259643555 5
vertex -8 -9 5
 endloop
endfacet
facet normal 0 0 0
 outer loop
vertex 0.6666842699050903 8.002236366271973 5
vertex 0.5656760931015015 7.941694259643555 5
vertex -8 -9 5
 endloop
endfacet
facet normal 0 0 0
 outer loop
vertex 0.9166908860206604 -1.371924877166748 5
vertex 0.7778046131134033 -1.4551700353622437 5
vertex -8 -9 5
 endloop
endfacet
facet normal 0 0 0
 outer loop
vertex 6 60 5
vertex 0.6505618095397949 51.570594787597656 5
vertex 0.8013744354248047 51.499267578125 5
 endloop
endfacet
facet normal 0 0 0
 outer loop
vertex 0.9444693922996521 48.58650207519531 5
vertex 0.8013744354248047 48.500732421875 5
vertex -8 43 5
 endloop
endfacet
facet normal 0 0 0
 outer loop
vertex -8 43 5
vertex 0.5656760931015015 19.058305740356445 5
vertex 0.6666842699050903 18.99776268005371 5
 endloop
endfacet
facet normal 0 0 0
 outer loop
vertex 0.7612719535827637 17.0723876953125 5
vertex 0.6666842699050903 17.00223731994629 5
vertex -8 -9 5
 endloop
endfacet
facet normal 0 0 0
 outer loop
vertex 0.7612719535827637 8.0723876953125 5
vertex 0.6666842699050903 8.002236366271973 5
vertex -8 -9 5
 endloop
endfacet
facet normal 0 0 0
 outer loop
vertex 1.0467488765716553 -1.2754672765731812 5
vertex 0.9166908860206604 -1.371924877166748 5
vertex -8 -9 5
 endloop
endfacet
facet normal 0 0 0
 outer loop
vertex 6 60 5
vertex 0.8013744354248047 51.499267578125 5
vertex 0.9444693922996521 51.41349792480469 5
 endloop
endfacet
facet normal 0 0 0
 outer loop
vertex 0.9444693922996521 48.58650207519531 5
vertex -8 43 5
vertex 0.6666842699050903 18.99776268005371 5
 endloop
endfacet
facet normal 0 0 0
 outer loop
vertex 0.8485281467437744 17.151472091674805 5
vertex 0.7612719535827637 17.0723876953125 5
vertex -8 -9 5
 endloop
endfacet
facet normal 0 0 0
 outer loop
vertex 0.8485281467437744 8.151472091674805 5
vertex 0.7612719535827637 8.0723876953125 5
vertex -8 -9 5
 endloop
endfacet
facet normal 0 0 0
 outer loop
vertex 1.0467488765716553 -1.2754672765731812 5
vertex -8 -9 5
vertex 8 -9 5
 endloop
endfacet
facet normal 0 0 0
 outer loop
vertex 6 60 5
vertex 0.9444693922996521 51.41349792480469 5
vertex 1.0784685611724854 51.314117431640625 5
 endloop
endfacet
facet normal 0 0 0
 outer loop
vertex 1.0784685611724854 48.685882568359375 5
vertex 0.9444693922996521 48.58650207519531 5
vertex 0.6666842699050903 18.99776268005371 5
 endloop
endfacet
facet normal 0 0 0
 outer loop
vertex 0.9276125431060791 17.238727569580078 5
vertex 0.8485281467437744 17.151472091674805 5
vertex -8 -9 5
 endloop
endfacet
facet normal 0 0 0
 outer loop
vertex 0.9276125431060791 8.238728523254395 5
vertex 0.8485281467437744 8.151472091674805 5
vertex -8 -9 5
 endloop
endfacet
facet normal 0 0 0
 outer loop
vertex 1.1667262315750122 -1.1667262315750122 5
vertex 1.0467488765716553 -1.2754672765731812 5
vertex 8 -9 5
 endloop
endfacet
facet normal 0 0 0
 outer loop
vertex 6 60 5
vertex 1.0784685611724854 51.314117431640625 5
vertex 1.202081561088562 51.20207977294922 5
 endloop
endfacet
facet normal 0 0 0
 outer loop
vertex 1.202081561088562 48.79792022705078 5
vertex 1.0784685611724854 48.685882568359375 5
vertex 0.6666842699050903 18.99776268005371 5
 endloop
endfacet
facet normal 0 0 0
 outer loop
vertex 0.9977635145187378 17.333314895629883 5
vertex 0.9276125431060791 17.238727569580078 5
vertex -8 -9 5
 endloop
endfacet
facet normal 0 0 0
 outer loop
vertex 0.9977635145187378 8.3333158493042 5
vertex 0.9276125431060791 8.238728523254395 5
vertex -8 -9 5
 endloop
endfacet
facet normal 0 0 0
 outer loop
vertex 1.2754672765731812 -1.0467488765716553 5
vertex 1.1667262315750122 -1.1667262315750122 5
vertex 8 -9 5
 endloop
endfacet
facet normal 0 0 0
 outer loop
vertex 6 60 5
vertex 1.202081561088562 51.20207977294922 5
vertex 1.3141177892684937 51.078468322753906 5
 endloop
endfacet
facet normal 0 0 0
 outer loop
vertex 1.3141177892684937 48.921531677246094 5
vertex 1.202081561088562 48.79792022705078 5
vertex 0.6666842699050903 18.99776268005371 5
 endloop
endfacet
facet normal 0 0 0
 outer loop
vertex 1.0583055019378662 17.434324264526367 5
vertex 0.9977635145187378 17.333314895629883 5
vertex -8 -9 5
 endloop
endfacet
facet normal 0 0 0
 outer loop
vertex 1.0583055019378662 8.434324264526367 5
vertex 0.9977635145187378 8.3333158493042 5
vertex -8 -9 5
 endloop
endfacet
facet normal 0 0 0
 outer loop
vertex 1.371924877166748 -0.9166908860206604 5
vertex 1.2754672765731812 -1.0467488765716553 5
vertex 8 -9 5
 endloop
endfacet
facet normal 0 0 0
 outer loop
vertex 6 60 5
vertex 1.3141177892684937 51.078468322753906 5
vertex 1.4134982824325562 50.9444694519043 5
 endloop
endfacet
facet normal 0 0 0
 outer loop
vertex 1.4134982824325562 49.0555305480957 5
vertex 1.3141177892684937 48.921531677246094 5
vertex 0.6666842699050903 18.99776268005371 5
 endloop
endfacet
facet normal 0 0 0
 outer loop
vertex 1.1086554527282715 17.54077911376953 5
vertex 1.0583055019378662 17.434324264526367 5
vertex -8 -9 5
 endloop
endfacet
facet normal 0 0 0
 outer loop
vertex 1.0583055019378662 8.434324264526367 5
vertex -8 -9 5
vertex -1.371924877166748 0.9166908860206604 5
 endloop
endfacet
facet normal 0 0 0
 outer loop
vertex 1.4551700353622437 -0.7778046131134033 5
vertex 1.371924877166748 -0.9166908860206604 5
vertex 8 -9 5
 endloop
endfacet
facet normal 0 0 0
 outer loop
vertex 6 60 5
vertex 1.4134982824325562 50.9444694519043 5
vertex 1.4992661476135254 50.80137634277344 5
 endloop
endfacet
facet normal 0 0 0
 outer loop
vertex 1.4992661476135254 49.19862365722656 5
vertex 1.4134982824325562 49.0555305480957 5
vertex 0.6666842699050903 18.99776268005371 5
 endloop
endfacet
facet normal 0 0 0
 outer loop
vertex 1.148328423500061 17.65165901184082 5
vertex 1.1086554527282715 17.54077911376953 5
vertex -8 -9 5
 endloop
endfacet
facet normal 0 0 0
 outer loop
vertex 1.1086554527282715 8.540780067443848 5
vertex 1.0583055019378662 8.434324264526367 5
vertex -1.371924877166748 0.9166908860206604 5
 endloop
endfacet
facet normal 0 0 0
 outer loop
vertex 1.5244011878967285 -0.6314276456832886 5
vertex 1.4551700353622437 -0.7778046131134033 5
vertex 8 -9 5
 endloop
endfacet
facet normal 0 0 0
 outer loop
vertex 6 60 5
vertex 1.4992661476135254 50.80137634277344 5
vertex 1.5705952644348145 50.65056228637695 5
 endloop
endfacet
facet normal 0 0 0
 outer loop
vertex 1.5705952644348145 49.34943771362305 5
vertex 1.4992661476135254 49.19862365722656 5
vertex 0.6666842699050903 18.99776268005371 5
 endloop
endfacet
facet normal 0 0 0
 outer loop
vertex 1.148328423500061 17.65165901184082 5
vertex -8 -9 5
vertex -1.1086554527282715 9.459219932556152 5
 endloop
endfacet
facet normal 0 0 0
 outer loop
vertex 1.148328423500061 8.651658058166504 5
vertex 1.1086554527282715 8.540780067443848 5
vertex -1.371924877166748 0.9166908860206604 5
 endloop
endfacet
facet normal 0 0 0
 outer loop
vertex 1.5789515972137451 -0.4789697229862213 5
vertex 1.5244011878967285 -0.6314276456832886 5
vertex 8 -9 5
 endloop
endfacet
facet normal 0 0 0
 outer loop
vertex 6 60 5
vertex 1.5705952644348145 50.65056228637695 5
vertex 1.6267986297607422 50.49348449707031 5
 endloop
endfacet
facet normal 0 0 0
 outer loop
vertex 1.6267986297607422 49.50651550292969 5
vertex 1.5705952644348145 49.34943771362305 5
vertex 0.6666842699050903 18.99776268005371 5
 endloop
endfacet
facet normal 0 0 0
 outer loop
vertex 1.148328423500061 17.65165901184082 5
vertex -1.1086554527282715 9.459219932556152 5
vertex -1.0583055019378662 9.565675735473633 5
 endloop
endfacet
facet normal 0 0 0
 outer loop
vertex 1.148328423500061 8.651658058166504 5
vertex -1.371924877166748 0.9166908860206604 5
vertex -1.2754672765731812 1.0467488765716553 5
 endloop
endfacet
facet normal 0 0 0
 outer loop
vertex 1.618295669555664 -0.32189902663230896 5
vertex 1.5789515972137451 -0.4789697229862213 5
vertex 8 -9 5
 endloop
endfacet
facet normal 0 0 0
 outer loop
vertex 6 60 5
vertex 1.6267986297607422 50.49348449707031 5
vertex 1.667335033416748 50.3316535949707 5
 endloop
endfacet
facet normal 0 0 0
 outer loop
vertex 1.667335033416748 49.6683464050293 5
vertex 1.6267986297607422 49.50651550292969 5
vertex 0.6666842699050903 18.99776268005371 5
 endloop
endfacet
facet normal 0 0 0
 outer loop
vertex 1.148328423500061 17.65165901184082 5
vertex -1.0583055019378662 9.565675735473633 5
vertex -0.9977635145187378 9.6666841506958 5
 endloop
endfacet
facet normal 0 0 0
 outer loop
vertex 1.148328423500061 8.651658058166504 5
vertex -1.2754672765731812 1.0467488765716553 5
vertex -1.1667262315750122 1.1667262315750122 5
 endloop
endfacet
facet normal 0 0 0
 outer loop
vertex 1.642054796218872 -0.16172827780246735 5
vertex 1.618295669555664 -0.32189902663230896 5
vertex 8 -9 5
 endloop
endfacet
facet normal 0 0 0
 outer loop
vertex 6 60 5
vertex 1.667335033416748 50.3316535949707 5
vertex 1.6918140649795532 50.166629791259766 5
 endloop
endfacet
facet normal 0 0 0
 outer loop
vertex 1.6918140649795532 49.833370208740234 5
vertex 1.667335033416748 49.6683464050293 5
vertex 0.6666842699050903 18.99776268005371 5
 endloop
endfacet
facet normal 0 0 0
 outer loop
vertex 1.148328423500061 17.65165901184082 5
vertex -0.9977635145187378 9.6666841506958 5
vertex -0.9276125431060791 9.761271476745605 5
 endloop
endfacet
facet normal 0 0 0
 outer loop
vertex 1.148328423500061 8.651658058166504 5
vertex -1.1667262315750122 1.1667262315750122 5
vertex -1.0467488765716553 1.2754672765731812 5
 endloop
endfacet
facet normal 0 0 0
 outer loop
vertex 1.649999976158142 0 5
vertex 1.642054796218872 -0.16172827780246735 5
vertex 8 -9 5
 endloop
endfacet
facet normal 0 0 0
 outer loop
vertex 8 -9 5
vertex 6 60 5
vertex 1.6918140649795532 50.166629791259766 5
 endloop
endfacet
facet normal 0 0 0
 outer loop
vertex 1.7000000476837158 50 5
vertex 1.6918140649795532 49.833370208740234 5
vertex 0.6666842699050903 18.99776268005371 5
 endloop
endfacet
facet normal 0 0 0
 outer loop
vertex 1.148328423500061 17.65165901184082 5
vertex -0.9276125431060791 9.761271476745605 5
vertex -0.8485281467437744 9.848527908325195 5
 endloop
endfacet
facet normal 0 0 0
 outer loop
vertex 1.148328423500061 8.651658058166504 5
vertex -1.0467488765716553 1.2754672765731812 5
vertex -0.9166908860206604 1.371924877166748 5
 endloop
endfacet
facet normal 0 0 0
 outer loop
vertex 1.642054796218872 0.16172827780246735 5
vertex 1.649999976158142 0 5
vertex 8 -9 5
 endloop
endfacet
facet normal 0 0 0
 outer loop
vertex 8 -9 5
vertex 1.6918140649795532 50.166629791259766 5
vertex 1.7000000476837158 50 5
 endloop
endfacet
facet normal 0 0 0
 outer loop
vertex 1.7000000476837158 50 5
vertex 0.6666842699050903 18.99776268005371 5
vertex 0.7612719535827637 18.9276123046875 5
 endloop
endfacet
facet normal 0 0 0
 outer loop
vertex 1.148328423500061 17.65165901184082 5
vertex -0.8485281467437744 9.848527908325195 5
vertex -0.7612719535827637 9.9276123046875 5
 endloop
endfacet
facet normal 0 0 0
 outer loop
vertex 1.148328423500061 8.651658058166504 5
vertex -0.9166908860206604 1.371924877166748 5
vertex -0.7778046131134033 1.4551700353622437 5
 endloop
endfacet
facet normal 0 0 0
 outer loop
vertex 1.618295669555664 0.32189902663230896 5
vertex 1.642054796218872 0.16172827780246735 5
vertex 8 -9 5
 endloop
endfacet
facet normal 0 0 0
 outer loop
vertex 1.7000000476837158 50 5
vertex 0.7612719535827637 18.9276123046875 5
vertex 0.8485281467437744 18.848527908325195 5
 endloop
endfacet
facet normal 0 0 0
 outer loop
vertex 1.1769423484802246 17.765892028808594 5
vertex 1.148328423500061 17.65165901184082 5
vertex -0.7612719535827637 9.9276123046875 5
 endloop
endfacet
facet normal 0 0 0
 outer loop
vertex 1.148328423500061 8.651658058166504 5
vertex -0.7778046131134033 1.4551700353622437 5
vertex -0.6314276456832886 1.5244011878967285 5
 endloop
endfacet
facet normal 0 0 0
 outer loop
vertex 1.5789515972137451 0.4789697229862213 5
vertex 1.618295669555664 0.32189902663230896 5
vertex 8 -9 5
 endloop
endfacet
facet normal 0 0 0
 outer loop
vertex 1.7000000476837158 50 5
vertex 0.8485281467437744 18.848527908325195 5
vertex 0.9276125431060791 18.761272430419922 5
 endloop
endfacet
facet normal 0 0 0
 outer loop
vertex 1.1769423484802246 17.765892028808594 5
vertex -0.7612719535827637 9.9276123046875 5
vertex -0.6666842699050903 9.997763633728027 5
 endloop
endfacet
facet normal 0 0 0
 outer loop
vertex 1.1769423484802246 8.765892028808594 5
vertex 1.148328423500061 8.651658058166504 5
vertex -0.6314276456832886 1.5244011878967285 5
 endloop
endfacet
facet normal 0 0 0
 outer loop
vertex 1.5244011878967285 0.6314276456832886 5
vertex 1.5789515972137451 0.4789697229862213 5
vertex 8 -9 5
 endloop
endfacet
facet normal 0 0 0
 outer loop
vertex 1.7000000476837158 50 5
vertex 0.9276125431060791 18.761272430419922 5
vertex 0.9977635145187378 18.666685104370117 5
 endloop
endfacet
facet normal 0 0 0
 outer loop
vertex 1.1769423484802246 17.765892028808594 5
vertex -0.6666842699050903 9.997763633728027 5
vertex -0.5656760931015015 10.058305740356445 5
 endloop
endfacet
facet normal 0 0 0
 outer loop
vertex 1.1769423484802246 8.765892028808594 5
vertex -0.6314276456832886 1.5244011878967285 5
vertex -0.4789697229862213 1.5789515972137451 5
 endloop
endfacet
facet normal 0 0 0
 outer loop
vertex 1.4551700353622437 0.7778046131134033 5
vertex 1.5244011878967285 0.6314276456832886 5
vertex 8 -9 5
 endloop
endfacet
facet normal 0 0 0
 outer loop
vertex 1.7000000476837158 50 5
vertex 0.9977635145187378 18.666685104370117 5
vertex 1.0583055019378662 18.565675735473633 5
 endloop
endfacet
facet normal 0 0 0
 outer loop
vertex 1.1769423484802246 17.765892028808594 5
vertex -0.5656760931015015 10.058305740356445 5
vertex -0.45922011137008667 10.108654975891113 5
 endloop
endfacet
facet normal 0 0 0
 outer loop
vertex 1.1769423484802246 8.765892028808594 5
vertex -0.4789697229862213 1.5789515972137451 5
vertex -0.32189902663230896 1.618295669555664 5
 endloop
endfacet
facet normal 0 0 0
 outer loop
vertex 1.371924877166748 0.9166908860206604 5
vertex 1.4551700353622437 0.7778046131134033 5
vertex 8 -9 5
 endloop
endfacet
facet normal 0 0 0
 outer loop
vertex 1.7000000476837158 50 5
vertex 1.0583055019378662 18.565675735473633 5
vertex 1.1086554527282715 18.45922088623047 5
 endloop
endfacet
facet normal 0 0 0
 outer loop
vertex 1.1769423484802246 17.765892028808594 5
vertex -0.45922011137008667 10.108654975891113 5
vertex -0.34834161400794983 10.14832878112793 5
 endloop
endfacet
facet normal 0 0 0
 outer loop
vertex 1.1769423484802246 8.765892028808594 5
vertex -0.32189902663230896 1.618295669555664 5
vertex -0.16172827780246735 1.642054796218872 5
 endloop
endfacet
facet normal 0 0 0
 outer loop
vertex 1.371924877166748 0.9166908860206604 5
vertex 8 -9 5
vertex 1.7000000476837158 50 5
 endloop
endfacet
facet normal 0 0 0
 outer loop
vertex 1.7000000476837158 50 5
vertex 1.1086554527282715 18.45922088623047 5
vertex 1.148328423500061 18.34834098815918 5
 endloop
endfacet
facet normal 0 0 0
 outer loop
vertex 1.1769423484802246 17.765892028808594 5
vertex -0.34834161400794983 10.14832878112793 5
vertex -0.23410838842391968 10.176941871643066 5
 endloop
endfacet
facet normal 0 0 0
 outer loop
vertex 1.1769423484802246 8.765892028808594 5
vertex -0.16172827780246735 1.642054796218872 5
vertex -3.031000728537719e-16 1.649999976158142 5
 endloop
endfacet
facet normal 0 0 0
 outer loop
vertex 1.2754672765731812 1.0467488765716553 5
vertex 1.371924877166748 0.9166908860206604 5
vertex 1.7000000476837158 50 5
 endloop
endfacet
facet normal 0 0 0
 outer loop
vertex 1.7000000476837158 50 5
vertex 1.148328423500061 18.34834098815918 5
vertex 1.1769423484802246 18.234107971191406 5
 endloop
endfacet
facet normal 0 0 0
 outer loop
vertex 1.1769423484802246 17.765892028808594 5
vertex -0.23410838842391968 10.176941871643066 5
vertex -0.1176205649971962 10.194221496582031 5
 endloop
endfacet
facet normal 0 0 0
 outer loop
vertex 1.1769423484802246 8.765892028808594 5
vertex -3.031000728537719e-16 1.649999976158142 5
vertex 0.16172827780246735 1.642054796218872 5
 endloop
endfacet
facet normal 0 0 0
 outer loop
vertex 1.1667262315750122 1.1667262315750122 5
vertex 1.2754672765731812 1.0467488765716553 5
vertex 1.7000000476837158 50 5
 endloop
endfacet
facet normal 0 0 0
 outer loop
vertex 1.7000000476837158 50 5
vertex 1.1769423484802246 18.234107971191406 5
vertex 1.1942216157913208 18.11762046813965 5
 endloop
endfacet
facet normal 0 0 0
 outer loop
vertex 1.1769423484802246 17.765892028808594 5
vertex -0.1176205649971962 10.194221496582031 5
vertex -2.2043642023044041e-16 10.199999809265137 5
 endloop
endfacet
facet normal 0 0 0
 outer loop
vertex 1.1942216157913208 8.882379531860352 5
vertex 1.1769423484802246 8.765892028808594 5
vertex 0.16172827780246735 1.642054796218872 5
 endloop
endfacet
facet normal 0 0 0
 outer loop
vertex 1.7000000476837158 50 5
vertex 1.1942216157913208 18.11762046813965 5
vertex 1.2000000476837158 18 5
 endloop
endfacet
facet normal 0 0 0
 outer loop
vertex 1.1769423484802246 17.765892028808594 5
vertex -2.2043642023044041e-16 10.199999809265137 5
vertex 0.1176205649971962 10.194221496582031 5
 endloop
endfacet
facet normal 0 0 0
 outer loop
vertex 1.1942216157913208 8.882379531860352 5
vertex 0.16172827780246735 1.642054796218872 5
vertex 0.32189902663230896 1.618295669555664 5
 endloop
endfacet
facet normal 0 0 0
 outer loop
vertex 1.1942216157913208 17.88237953186035 5
vertex 1.1769423484802246 17.765892028808594 5
vertex 0.1176205649971962 10.194221496582031 5
 endloop
endfacet
facet normal 0 0 0
 outer loop
vertex 1.1942216157913208 8.882379531860352 5
vertex 0.32189902663230896 1.618295669555664 5
vertex 0.4789697229862213 1.5789515972137451 5
 endloop
endfacet
facet normal 0 0 0
 outer loop
vertex 1.1942216157913208 17.88237953186035 5
vertex 0.1176205649971962 10.194221496582031 5
vertex 0.23410838842391968 10.176941871643066 5
 endloop
endfacet
facet normal 0 0 0
 outer loop
vertex 1.1942216157913208 8.882379531860352 5
vertex 0.4789697229862213 1.5789515972137451 5
vertex 0.6314276456832886 1.5244011878967285 5
 endloop
endfacet
facet normal 0 0 0
 outer loop
vertex 1.1942216157913208 17.88237953186035 5
vertex 0.23410838842391968 10.176941871643066 5
vertex 0.34834161400794983 10.14832878112793 5
 endloop
endfacet
facet normal 0 0 0
 outer loop
vertex 1.1942216157913208 8.882379531860352 5
vertex 0.6314276456832886 1.5244011878967285 5
vertex 0.7778046131134033 1.4551700353622437 5
 endloop
endfacet
facet normal 0 0 0
 outer loop
vertex 1.1942216157913208 17.88237953186035 5
vertex 0.34834161400794983 10.14832878112793 5
vertex 0.45922011137008667 10.108654975891113 5
 endloop
endfacet
facet normal 0 0 0
 outer loop
vertex 1.1942216157913208 8.882379531860352 5
vertex 0.7778046131134033 1.4551700353622437 5
vertex 0.9166908860206604 1.371924877166748 5
 endloop
endfacet
facet normal 0 0 0
 outer loop
vertex 1.1942216157913208 17.88237953186035 5
vertex 0.45922011137008667 10.108654975891113 5
vertex 0.5656760931015015 10.058305740356445 5
 endloop
endfacet
facet normal 0 0 0
 outer loop
vertex 1.2000000476837158 9 5
vertex 1.1942216157913208 8.882379531860352 5
vertex 0.9166908860206604 1.371924877166748 5
 endloop
endfacet
facet normal 0 0 0
 outer loop
vertex 1.1942216157913208 17.88237953186035 5
vertex 0.5656760931015015 10.058305740356445 5
vertex 0.6666842699050903 9.997763633728027 5
 endloop
endfacet
facet normal 0 0 0
 outer loop
vertex 1.2000000476837158 9 5
vertex 0.9166908860206604 1.371924877166748 5
vertex 1.0467488765716553 1.2754672765731812 5
 endloop
endfacet
facet normal 0 0 0
 outer loop
vertex 1.1942216157913208 17.88237953186035 5
vertex 0.6666842699050903 9.997763633728027 5
vertex 0.7612719535827637 9.9276123046875 5
 endloop
endfacet
facet normal 0 0 0
 outer loop
vertex 1.2000000476837158 9 5
vertex 1.0467488765716553 1.2754672765731812 5
vertex 1.1667262315750122 1.1667262315750122 5
 endloop
endfacet
facet normal 0 0 0
 outer loop
vertex 1.1942216157913208 17.88237953186035 5
vertex 0.7612719535827637 9.9276123046875 5
vertex 0.8485281467437744 9.848527908325195 5
 endloop
endfacet
facet normal 0 0 0
 outer loop
vertex 1.2000000476837158 9 5
vertex 1.1667262315750122 1.1667262315750122 5
vertex 1.7000000476837158 50 5
 endloop
endfacet
facet normal 0 0 0
 outer loop
vertex 1.2000000476837158 18 5
vertex 1.1942216157913208 17.88237953186035 5
vertex 0.8485281467437744 9.848527908325195 5
 endloop
endfacet
facet normal 0 0 0
 outer loop
vertex 1.1942216157913208 9.117620468139648 5
vertex 1.2000000476837158 9 5
vertex 1.7000000476837158 50 5
 endloop
endfacet
facet normal 0 0 0
 outer loop
vertex 1.2000000476837158 18 5
vertex 0.8485281467437744 9.848527908325195 5
vertex 0.9276125431060791 9.761271476745605 5
 endloop
endfacet
facet normal 0 0 0
 outer loop
vertex 1.1769423484802246 9.234107971191406 5
vertex 1.1942216157913208 9.117620468139648 5
vertex 1.7000000476837158 50 5
 endloop
endfacet
facet normal 0 0 0
 outer loop
vertex 1.2000000476837158 18 5
vertex 0.9276125431060791 9.761271476745605 5
vertex 0.9977635145187378 9.6666841506958 5
 endloop
endfacet
facet normal 0 0 0
 outer loop
vertex 1.148328423500061 9.348341941833496 5
vertex 1.1769423484802246 9.234107971191406 5
vertex 1.7000000476837158 50 5
 endloop
endfacet
facet normal 0 0 0
 outer loop
vertex 1.2000000476837158 18 5
vertex 0.9977635145187378 9.6666841506958 5
vertex 1.0583055019378662 9.565675735473633 5
 endloop
endfacet
facet normal 0 0 0
 outer loop
vertex 1.1086554527282715 9.459219932556152 5
vertex 1.148328423500061 9.348341941833496 5
vertex 1.7000000476837158 50 5
 endloop
endfacet
facet normal 0 0 0
 outer loop
vertex 1.2000000476837158 18 5
vertex 1.0583055019378662 9.565675735473633 5
vertex 1.1086554527282715 9.459219932556152 5
 endloop
endfacet
facet normal 0 0 0
 outer loop
vertex 1.1086554527282715 9.459219932556152 5
vertex 1.7000000476837158 50 5
vertex 1.2000000476837158 18 5
 endloop
endfacet
facet normal 0 0 0
 outer loop
vertex -8 -9 0
vertex 8 -9 0
vertex -8 -9 5
 endloop
endfacet
facet normal 0 0 0
 outer loop
vertex 8 -9 0
vertex 8 -9 5
vertex -8 -9 5
 endloop
endfacet
facet normal 0 0 0
 outer loop
vertex 8 -9 0
vertex 8 43 0
vertex 8 -9 5
 endloop
endfacet
facet normal 0 0 0
 outer loop
vertex 8 43 0
vertex 8 43 5
vertex 8 -9 5
 endloop
endfacet
facet normal 0 0 0
 outer loop
vertex 8 43 0
vertex 6 60 0
vertex 8 43 5
 endloop
endfacet
facet normal 0 0 0
 outer loop
vertex 6 60 0
vertex 6 60 5
vertex 8 43 5
 endloop
endfacet
facet normal 0 0 0
 outer loop
vertex 6 60 0
vertex -6 60 0
vertex 6 60 5
 endloop
endfacet
facet normal 0 0 0
 outer loop
vertex -6 60 0
vertex -6 60 5
vertex 6 60 5
 endloop
endfacet
facet normal 0 0 0
 outer loop
vertex -6 60 0
vertex -8 43 0
vertex -6 60 5
 endloop
endfacet
facet normal 0 0 0
 outer loop
vertex -8 43 0
vertex -8 43 5
vertex -6 60 5
 endloop
endfacet
facet normal 0 0 0
 outer loop
vertex -8 43 0
vertex -8 -9 0
vertex -8 43 5
 endloop
endfacet
facet normal 0 0 0
 outer loop
vertex -8 -9 0
vertex -8 -9 5
vertex -8 43 5
 endloop
endfacet
facet normal 0 0 0
 outer loop
vertex 1.649999976158142 0 0
vertex 1.642054796218872 -0.16172827780246735 0
vertex 1.649999976158142 0 5
 endloop
endfacet
facet normal 0 0 0
 outer loop
vertex 1.642054796218872 -0.16172827780246735 0
vertex 1.642054796218872 -0.16172827780246735 5
vertex 1.649999976158142 0 5
 endloop
endfacet
facet normal 0 0 0
 outer loop
vertex 1.642054796218872 -0.16172827780246735 0
vertex 1.618295669555664 -0.32189902663230896 0
vertex 1.642054796218872 -0.16172827780246735 5
 endloop
endfacet
facet normal 0 0 0
 outer loop
vertex 1.618295669555664 -0.32189902663230896 0
vertex 1.618295669555664 -0.32189902663230896 5
vertex 1.642054796218872 -0.16172827780246735 5
 endloop
endfacet
facet normal 0 0 0
 outer loop
vertex 1.618295669555664 -0.32189902663230896 0
vertex 1.5789515972137451 -0.4789697229862213 0
vertex 1.618295669555664 -0.32189902663230896 5
 endloop
endfacet
facet normal 0 0 0
 outer loop
vertex 1.5789515972137451 -0.4789697229862213 0
vertex 1.5789515972137451 -0.4789697229862213 5
vertex 1.618295669555664 -0.32189902663230896 5
 endloop
endfacet
facet normal 0 0 0
 outer loop
vertex 1.5789515972137451 -0.4789697229862213 0
vertex 1.5244011878967285 -0.6314276456832886 0
vertex 1.5789515972137451 -0.4789697229862213 5
 endloop
endfacet
facet normal 0 0 0
 outer loop
vertex 1.5244011878967285 -0.6314276456832886 0
vertex 1.5244011878967285 -0.6314276456832886 5
vertex 1.5789515972137451 -0.4789697229862213 5
 endloop
endfacet
facet normal 0 0 0
 outer loop
vertex 1.5244011878967285 -0.6314276456832886 0
vertex 1.4551700353622437 -0.7778046131134033 0
vertex 1.5244011878967285 -0.6314276456832886 5
 endloop
endfacet
facet normal 0 0 0
 outer loop
vertex 1.4551700353622437 -0.7778046131134033 0
vertex 1.4551700353622437 -0.7778046131134033 5
vertex 1.5244011878967285 -0.6314276456832886 5
 endloop
endfacet
facet normal 0 0 0
 outer loop
vertex 1.4551700353622437 -0.7778046131134033 0
vertex 1.371924877166748 -0.9166908860206604 0
vertex 1.4551700353622437 -0.7778046131134033 5
 endloop
endfacet
facet normal 0 0 0
 outer loop
vertex 1.371924877166748 -0.9166908860206604 0
vertex 1.371924877166748 -0.9166908860206604 5
vertex 1.4551700353622437 -0.7778046131134033 5
 endloop
endfacet
facet normal 0 0 0
 outer loop
vertex 1.371924877166748 -0.9166908860206604 0
vertex 1.2754672765731812 -1.0467488765716553 0
vertex 1.371924877166748 -0.9166908860206604 5
 endloop
endfacet
facet normal 0 0 0
 outer loop
vertex 1.2754672765731812 -1.0467488765716553 0
vertex 1.2754672765731812 -1.0467488765716553 5
vertex 1.371924877166748 -0.9166908860206604 5
 endloop
endfacet
facet normal 0 0 0
 outer loop
vertex 1.2754672765731812 -1.0467488765716553 0
vertex 1.1667262315750122 -1.1667262315750122 0
vertex 1.2754672765731812 -1.0467488765716553 5
 endloop
endfacet
facet normal 0 0 0
 outer loop
vertex 1.1667262315750122 -1.1667262315750122 0
vertex 1.1667262315750122 -1.1667262315750122 5
vertex 1.2754672765731812 -1.0467488765716553 5
 endloop
endfacet
facet normal 0 0 0
 outer loop
vertex 1.1667262315750122 -1.1667262315750122 0
vertex 1.0467488765716553 -1.2754672765731812 0
vertex 1.1667262315750122 -1.1667262315750122 5
 endloop
endfacet
facet normal 0 0 0
 outer loop
vertex 1.0467488765716553 -1.2754672765731812 0
vertex 1.0467488765716553 -1.2754672765731812 5
vertex 1.1667262315750122 -1.1667262315750122 5
 endloop
endfacet
facet normal 0 0 0
 outer loop
vertex 1.0467488765716553 -1.2754672765731812 0
vertex 0.9166908860206604 -1.371924877166748 0
vertex 1.0467488765716553 -1.2754672765731812 5
 endloop
endfacet
facet normal 0 0 0
 outer loop
vertex 0.9166908860206604 -1.371924877166748 0
vertex 0.9166908860206604 -1.371924877166748 5
vertex 1.0467488765716553 -1.2754672765731812 5
 endloop
endfacet
facet normal 0 0 0
 outer loop
vertex 0.9166908860206604 -1.371924877166748 0
vertex 0.7778046131134033 -1.4551700353622437 0
vertex 0.9166908860206604 -1.371924877166748 5
 endloop
endfacet
facet normal 0 0 0
 outer loop
vertex 0.7778046131134033 -1.4551700353622437 0
vertex 0.7778046131134033 -1.4551700353622437 5
vertex 0.9166908860206604 -1.371924877166748 5
 endloop
endfacet
facet normal 0 0 0
 outer loop
vertex 0.7778046131134033 -1.4551700353622437 0
vertex 0.6314276456832886 -1.5244011878967285 0
vertex 0.7778046131134033 -1.4551700353622437 5
 endloop
endfacet
facet normal 0 0 0
 outer loop
vertex 0.6314276456832886 -1.5244011878967285 0
vertex 0.6314276456832886 -1.5244011878967285 5
vertex 0.7778046131134033 -1.4551700353622437 5
 endloop
endfacet
facet normal 0 0 0
 outer loop
vertex 0.6314276456832886 -1.5244011878967285 0
vertex 0.4789697229862213 -1.5789515972137451 0
vertex 0.6314276456832886 -1.5244011878967285 5
 endloop
endfacet
facet normal 0 0 0
 outer loop
vertex 0.4789697229862213 -1.5789515972137451 0
vertex 0.4789697229862213 -1.5789515972137451 5
vertex 0.6314276456832886 -1.5244011878967285 5
 endloop
endfacet
facet normal 0 0 0
 outer loop
vertex 0.4789697229862213 -1.5789515972137451 0
vertex 0.32189902663230896 -1.618295669555664 0
vertex 0.4789697229862213 -1.5789515972137451 5
 endloop
endfacet
facet normal 0 0 0
 outer loop
vertex 0.32189902663230896 -1.618295669555664 0
vertex 0.32189902663230896 -1.618295669555664 5
vertex 0.4789697229862213 -1.5789515972137451 5
 endloop
endfacet
facet normal 0 0 0
 outer loop
vertex 0.32189902663230896 -1.618295669555664 0
vertex 0.16172827780246735 -1.642054796218872 0
vertex 0.32189902663230896 -1.618295669555664 5
 endloop
endfacet
facet normal 0 0 0
 outer loop
vertex 0.16172827780246735 -1.642054796218872 0
vertex 0.16172827780246735 -1.642054796218872 5
vertex 0.32189902663230896 -1.618295669555664 5
 endloop
endfacet
facet normal 0 0 0
 outer loop
vertex 0.16172827780246735 -1.642054796218872 0
vertex 1.010333620295539e-16 -1.649999976158142 0
vertex 0.16172827780246735 -1.642054796218872 5
 endloop
endfacet
facet normal 0 0 0
 outer loop
vertex 1.010333620295539e-16 -1.649999976158142 0
vertex 1.010333620295539e-16 -1.649999976158142 5
vertex 0.16172827780246735 -1.642054796218872 5
 endloop
endfacet
facet normal 0 0 0
 outer loop
vertex 1.010333620295539e-16 -1.649999976158142 0
vertex -0.16172827780246735 -1.642054796218872 0
vertex 1.010333620295539e-16 -1.649999976158142 5
 endloop
endfacet
facet normal 0 0 0
 outer loop
vertex -0.16172827780246735 -1.642054796218872 0
vertex -0.16172827780246735 -1.642054796218872 5
vertex 1.010333620295539e-16 -1.649999976158142 5
 endloop
endfacet
facet normal 0 0 0
 outer loop
vertex -0.16172827780246735 -1.642054796218872 0
vertex -0.32189902663230896 -1.618295669555664 0
vertex -0.16172827780246735 -1.642054796218872 5
 endloop
endfacet
facet normal 0 0 0
 outer loop
vertex -0.32189902663230896 -1.618295669555664 0
vertex -0.32189902663230896 -1.618295669555664 5
vertex -0.16172827780246735 -1.642054796218872 5
 endloop
endfacet
facet normal 0 0 0
 outer loop
vertex -0.32189902663230896 -1.618295669555664 0
vertex -0.4789697229862213 -1.5789515972137451 0
vertex -0.32189902663230896 -1.618295669555664 5
 endloop
endfacet
facet normal 0 0 0
 outer loop
vertex -0.4789697229862213 -1.5789515972137451 0
vertex -0.4789697229862213 -1.5789515972137451 5
vertex -0.32189902663230896 -1.618295669555664 5
 endloop
endfacet
facet normal 0 0 0
 outer loop
vertex -0.4789697229862213 -1.5789515972137451 0
vertex -0.6314276456832886 -1.5244011878967285 0
vertex -0.4789697229862213 -1.5789515972137451 5
 endloop
endfacet
facet normal 0 0 0
 outer loop
vertex -0.6314276456832886 -1.5244011878967285 0
vertex -0.6314276456832886 -1.5244011878967285 5
vertex -0.4789697229862213 -1.5789515972137451 5
 endloop
endfacet
facet normal 0 0 0
 outer loop
vertex -0.6314276456832886 -1.5244011878967285 0
vertex -0.7778046131134033 -1.4551700353622437 0
vertex -0.6314276456832886 -1.5244011878967285 5
 endloop
endfacet
facet normal 0 0 0
 outer loop
vertex -0.7778046131134033 -1.4551700353622437 0
vertex -0.7778046131134033 -1.4551700353622437 5
vertex -0.6314276456832886 -1.5244011878967285 5
 endloop
endfacet
facet normal 0 0 0
 outer loop
vertex -0.7778046131134033 -1.4551700353622437 0
vertex -0.9166908860206604 -1.371924877166748 0
vertex -0.7778046131134033 -1.4551700353622437 5
 endloop
endfacet
facet normal 0 0 0
 outer loop
vertex -0.9166908860206604 -1.371924877166748 0
vertex -0.9166908860206604 -1.371924877166748 5
vertex -0.7778046131134033 -1.4551700353622437 5
 endloop
endfacet
facet normal 0 0 0
 outer loop
vertex -0.9166908860206604 -1.371924877166748 0
vertex -1.0467488765716553 -1.2754672765731812 0
vertex -0.9166908860206604 -1.371924877166748 5
 endloop
endfacet
facet normal 0 0 0
 outer loop
vertex -1.0467488765716553 -1.2754672765731812 0
vertex -1.0467488765716553 -1.2754672765731812 5
vertex -0.9166908860206604 -1.371924877166748 5
 endloop
endfacet
facet normal 0 0 0
 outer loop
vertex -1.0467488765716553 -1.2754672765731812 0
vertex -1.1667262315750122 -1.1667262315750122 0
vertex -1.0467488765716553 -1.2754672765731812 5
 endloop
endfacet
facet normal 0 0 0
 outer loop
vertex -1.1667262315750122 -1.1667262315750122 0
vertex -1.1667262315750122 -1.1667262315750122 5
vertex -1.0467488765716553 -1.2754672765731812 5
 endloop
endfacet
facet normal 0 0 0
 outer loop
vertex -1.1667262315750122 -1.1667262315750122 0
vertex -1.2754672765731812 -1.0467488765716553 0
vertex -1.1667262315750122 -1.1667262315750122 5
 endloop
endfacet
facet normal 0 0 0
 outer loop
vertex -1.2754672765731812 -1.0467488765716553 0
vertex -1.2754672765731812 -1.0467488765716553 5
vertex -1.1667262315750122 -1.1667262315750122 5
 endloop
endfacet
facet normal 0 0 0
 outer loop
vertex -1.2754672765731812 -1.0467488765716553 0
vertex -1.371924877166748 -0.9166908860206604 0
vertex -1.2754672765731812 -1.0467488765716553 5
 endloop
endfacet
facet normal 0 0 0
 outer loop
vertex -1.371924877166748 -0.9166908860206604 0
vertex -1.371924877166748 -0.9166908860206604 5
vertex -1.2754672765731812 -1.0467488765716553 5
 endloop
endfacet
facet normal 0 0 0
 outer loop
vertex -1.371924877166748 -0.9166908860206604 0
vertex -1.4551700353622437 -0.7778046131134033 0
vertex -1.371924877166748 -0.9166908860206604 5
 endloop
endfacet
facet normal 0 0 0
 outer loop
vertex -1.4551700353622437 -0.7778046131134033 0
vertex -1.4551700353622437 -0.7778046131134033 5
vertex -1.371924877166748 -0.9166908860206604 5
 endloop
endfacet
facet normal 0 0 0
 outer loop
vertex -1.4551700353622437 -0.7778046131134033 0
vertex -1.5244011878967285 -0.6314276456832886 0
vertex -1.4551700353622437 -0.7778046131134033 5
 endloop
endfacet
facet normal 0 0 0
 outer loop
vertex -1.5244011878967285 -0.6314276456832886 0
vertex -1.5244011878967285 -0.6314276456832886 5
vertex -1.4551700353622437 -0.7778046131134033 5
 endloop
endfacet
facet normal 0 0 0
 outer loop
vertex -1.5244011878967285 -0.6314276456832886 0
vertex -1.5789515972137451 -0.4789697229862213 0
vertex -1.5244011878967285 -0.6314276456832886 5
 endloop
endfacet
facet normal 0 0 0
 outer loop
vertex -1.5789515972137451 -0.4789697229862213 0
vertex -1.5789515972137451 -0.4789697229862213 5
vertex -1.5244011878967285 -0.6314276456832886 5
 endloop
endfacet
facet normal 0 0 0
 outer loop
vertex -1.5789515972137451 -0.4789697229862213 0
vertex -1.618295669555664 -0.32189902663230896 0
vertex -1.5789515972137451 -0.4789697229862213 5
 endloop
endfacet
facet normal 0 0 0
 outer loop
vertex -1.618295669555664 -0.32189902663230896 0
vertex -1.618295669555664 -0.32189902663230896 5
vertex -1.5789515972137451 -0.4789697229862213 5
 endloop
endfacet
facet normal 0 0 0
 outer loop
vertex -1.618295669555664 -0.32189902663230896 0
vertex -1.642054796218872 -0.16172827780246735 0
vertex -1.618295669555664 -0.32189902663230896 5
 endloop
endfacet
facet normal 0 0 0
 outer loop
vertex -1.642054796218872 -0.16172827780246735 0
vertex -1.642054796218872 -0.16172827780246735 5
vertex -1.618295669555664 -0.32189902663230896 5
 endloop
endfacet
facet normal 0 0 0
 outer loop
vertex -1.642054796218872 -0.16172827780246735 0
vertex -1.649999976158142 -2.020667240591078e-16 0
vertex -1.642054796218872 -0.16172827780246735 5
 endloop
endfacet
facet normal 0 0 0
 outer loop
vertex -1.649999976158142 -2.020667240591078e-16 0
vertex -1.649999976158142 -2.020667240591078e-16 5
vertex -1.642054796218872 -0.16172827780246735 5
 endloop
endfacet
facet normal 0 0 0
 outer loop
vertex -1.649999976158142 -2.020667240591078e-16 0
vertex -1.642054796218872 0.16172827780246735 0
vertex -1.649999976158142 -2.020667240591078e-16 5
 endloop
endfacet
facet normal 0 0 0
 outer loop
vertex -1.642054796218872 0.16172827780246735 0
vertex -1.642054796218872 0.16172827780246735 5
vertex -1.649999976158142 -2.020667240591078e-16 5
 endloop
endfacet
facet normal 0 0 0
 outer loop
vertex -1.642054796218872 0.16172827780246735 0
vertex -1.618295669555664 0.32189902663230896 0
vertex -1.642054796218872 0.16172827780246735 5
 endloop
endfacet
facet normal 0 0 0
 outer loop
vertex -1.618295669555664 0.32189902663230896 0
vertex -1.618295669555664 0.32189902663230896 5
vertex -1.642054796218872 0.16172827780246735 5
 endloop
endfacet
facet normal 0 0 0
 outer loop
vertex -1.618295669555664 0.32189902663230896 0
vertex -1.5789515972137451 0.4789697229862213 0
vertex -1.618295669555664 0.32189902663230896 5
 endloop
endfacet
facet normal 0 0 0
 outer loop
vertex -1.5789515972137451 0.4789697229862213 0
vertex -1.5789515972137451 0.4789697229862213 5
vertex -1.618295669555664 0.32189902663230896 5
 endloop
endfacet
facet normal 0 0 0
 outer loop
vertex -1.5789515972137451 0.4789697229862213 0
vertex -1.5244011878967285 0.6314276456832886 0
vertex -1.5789515972137451 0.4789697229862213 5
 endloop
endfacet
facet normal 0 0 0
 outer loop
vertex -1.5244011878967285 0.6314276456832886 0
vertex -1.5244011878967285 0.6314276456832886 5
vertex -1.5789515972137451 0.4789697229862213 5
 endloop
endfacet
facet normal 0 0 0
 outer loop
vertex -1.5244011878967285 0.6314276456832886 0
vertex -1.4551700353622437 0.7778046131134033 0
vertex -1.5244011878967285 0.6314276456832886 5
 endloop
endfacet
facet normal 0 0 0
 outer loop
vertex -1.4551700353622437 0.7778046131134033 0
vertex -1.4551700353622437 0.7778046131134033 5
vertex -1.5244011878967285 0.6314276456832886 5
 endloop
endfacet
facet normal 0 0 0
 outer loop
vertex -1.4551700353622437 0.7778046131134033 0
vertex -1.371924877166748 0.9166908860206604 0
vertex -1.4551700353622437 0.7778046131134033 5
 endloop
endfacet
facet normal 0 0 0
 outer loop
vertex -1.371924877166748 0.9166908860206604 0
vertex -1.371924877166748 0.9166908860206604 5
vertex -1.4551700353622437 0.7778046131134033 5
 endloop
endfacet
facet normal 0 0 0
 outer loop
vertex -1.371924877166748 0.9166908860206604 0
vertex -1.2754672765731812 1.0467488765716553 0
vertex -1.371924877166748 0.9166908860206604 5
 endloop
endfacet
facet normal 0 0 0
 outer loop
vertex -1.2754672765731812 1.0467488765716553 0
vertex -1.2754672765731812 1.0467488765716553 5
vertex -1.371924877166748 0.9166908860206604 5
 endloop
endfacet
facet normal 0 0 0
 outer loop
vertex -1.2754672765731812 1.0467488765716553 0
vertex -1.1667262315750122 1.1667262315750122 0
vertex -1.2754672765731812 1.0467488765716553 5
 endloop
endfacet
facet normal 0 0 0
 outer loop
vertex -1.1667262315750122 1.1667262315750122 0
vertex -1.1667262315750122 1.1667262315750122 5
vertex -1.2754672765731812 1.0467488765716553 5
 endloop
endfacet
facet normal 0 0 0
 outer loop
vertex -1.1667262315750122 1.1667262315750122 0
vertex -1.0467488765716553 1.2754672765731812 0
vertex -1.1667262315750122 1.1667262315750122 5
 endloop
endfacet
facet normal 0 0 0
 outer loop
vertex -1.0467488765716553 1.2754672765731812 0
vertex -1.0467488765716553 1.2754672765731812 5
vertex -1.1667262315750122 1.1667262315750122 5
 endloop
endfacet
facet normal 0 0 0
 outer loop
vertex -1.0467488765716553 1.2754672765731812 0
vertex -0.9166908860206604 1.371924877166748 0
vertex -1.0467488765716553 1.2754672765731812 5
 endloop
endfacet
facet normal 0 0 0
 outer loop
vertex -0.9166908860206604 1.371924877166748 0
vertex -0.9166908860206604 1.371924877166748 5
vertex -1.0467488765716553 1.2754672765731812 5
 endloop
endfacet
facet normal 0 0 0
 outer loop
vertex -0.9166908860206604 1.371924877166748 0
vertex -0.7778046131134033 1.4551700353622437 0
vertex -0.9166908860206604 1.371924877166748 5
 endloop
endfacet
facet normal 0 0 0
 outer loop
vertex -0.7778046131134033 1.4551700353622437 0
vertex -0.7778046131134033 1.4551700353622437 5
vertex -0.9166908860206604 1.371924877166748 5
 endloop
endfacet
facet normal 0 0 0
 outer loop
vertex -0.7778046131134033 1.4551700353622437 0
vertex -0.6314276456832886 1.5244011878967285 0
vertex -0.7778046131134033 1.4551700353622437 5
 endloop
endfacet
facet normal 0 0 0
 outer loop
vertex -0.6314276456832886 1.5244011878967285 0
vertex -0.6314276456832886 1.5244011878967285 5
vertex -0.7778046131134033 1.4551700353622437 5
 endloop
endfacet
facet normal 0 0 0
 outer loop
vertex -0.6314276456832886 1.5244011878967285 0
vertex -0.4789697229862213 1.5789515972137451 0
vertex -0.6314276456832886 1.5244011878967285 5
 endloop
endfacet
facet normal 0 0 0
 outer loop
vertex -0.4789697229862213 1.5789515972137451 0
vertex -0.4789697229862213 1.5789515972137451 5
vertex -0.6314276456832886 1.5244011878967285 5
 endloop
endfacet
facet normal 0 0 0
 outer loop
vertex -0.4789697229862213 1.5789515972137451 0
vertex -0.32189902663230896 1.618295669555664 0
vertex -0.4789697229862213 1.5789515972137451 5
 endloop
endfacet
facet normal 0 0 0
 outer loop
vertex -0.32189902663230896 1.618295669555664 0
vertex -0.32189902663230896 1.618295669555664 5
vertex -0.4789697229862213 1.5789515972137451 5
 endloop
endfacet
facet normal 0 0 0
 outer loop
vertex -0.32189902663230896 1.618295669555664 0
vertex -0.16172827780246735 1.642054796218872 0
vertex -0.32189902663230896 1.618295669555664 5
 endloop
endfacet
facet normal 0 0 0
 outer loop
vertex -0.16172827780246735 1.642054796218872 0
vertex -0.16172827780246735 1.642054796218872 5
vertex -0.32189902663230896 1.618295669555664 5
 endloop
endfacet
facet normal 0 0 0
 outer loop
vertex -0.16172827780246735 1.642054796218872 0
vertex -3.031000728537719e-16 1.649999976158142 0
vertex -0.16172827780246735 1.642054796218872 5
 endloop
endfacet
facet normal 0 0 0
 outer loop
vertex -3.031000728537719e-16 1.649999976158142 0
vertex -3.031000728537719e-16 1.649999976158142 5
vertex -0.16172827780246735 1.642054796218872 5
 endloop
endfacet
facet normal 0 0 0
 outer loop
vertex -3.031000728537719e-16 1.649999976158142 0
vertex 0.16172827780246735 1.642054796218872 0
vertex -3.031000728537719e-16 1.649999976158142 5
 endloop
endfacet
facet normal 0 0 0
 outer loop
vertex 0.16172827780246735 1.642054796218872 0
vertex 0.16172827780246735 1.642054796218872 5
vertex -3.031000728537719e-16 1.649999976158142 5
 endloop
endfacet
facet normal 0 0 0
 outer loop
vertex 0.16172827780246735 1.642054796218872 0
vertex 0.32189902663230896 1.618295669555664 0
vertex 0.16172827780246735 1.642054796218872 5
 endloop
endfacet
facet normal 0 0 0
 outer loop
vertex 0.32189902663230896 1.618295669555664 0
vertex 0.32189902663230896 1.618295669555664 5
vertex 0.16172827780246735 1.642054796218872 5
 endloop
endfacet
facet normal 0 0 0
 outer loop
vertex 0.32189902663230896 1.618295669555664 0
vertex 0.4789697229862213 1.5789515972137451 0
vertex 0.32189902663230896 1.618295669555664 5
 endloop
endfacet
facet normal 0 0 0
 outer loop
vertex 0.4789697229862213 1.5789515972137451 0
vertex 0.4789697229862213 1.5789515972137451 5
vertex 0.32189902663230896 1.618295669555664 5
 endloop
endfacet
facet normal 0 0 0
 outer loop
vertex 0.4789697229862213 1.5789515972137451 0
vertex 0.6314276456832886 1.5244011878967285 0
vertex 0.4789697229862213 1.5789515972137451 5
 endloop
endfacet
facet normal 0 0 0
 outer loop
vertex 0.6314276456832886 1.5244011878967285 0
vertex 0.6314276456832886 1.5244011878967285 5
vertex 0.4789697229862213 1.5789515972137451 5
 endloop
endfacet
facet normal 0 0 0
 outer loop
vertex 0.6314276456832886 1.5244011878967285 0
vertex 0.7778046131134033 1.4551700353622437 0
vertex 0.6314276456832886 1.5244011878967285 5
 endloop
endfacet
facet normal 0 0 0
 outer loop
vertex 0.7778046131134033 1.4551700353622437 0
vertex 0.7778046131134033 1.4551700353622437 5
vertex 0.6314276456832886 1.5244011878967285 5
 endloop
endfacet
facet normal 0 0 0
 outer loop
vertex 0.7778046131134033 1.4551700353622437 0
vertex 0.9166908860206604 1.371924877166748 0
vertex 0.7778046131134033 1.4551700353622437 5
 endloop
endfacet
facet normal 0 0 0
 outer loop
vertex 0.9166908860206604 1.371924877166748 0
vertex 0.9166908860206604 1.371924877166748 5
vertex 0.7778046131134033 1.4551700353622437 5
 endloop
endfacet
facet normal 0 0 0
 outer loop
vertex 0.9166908860206604 1.371924877166748 0
vertex 1.0467488765716553 1.2754672765731812 0
vertex 0.9166908860206604 1.371924877166748 5
 endloop
endfacet
facet normal 0 0 0
 outer loop
vertex 1.0467488765716553 1.2754672765731812 0
vertex 1.0467488765716553 1.2754672765731812 5
vertex 0.9166908860206604 1.371924877166748 5
 endloop
endfacet
facet normal 0 0 0
 outer loop
vertex 1.0467488765716553 1.2754672765731812 0
vertex 1.1667262315750122 1.1667262315750122 0
vertex 1.0467488765716553 1.2754672765731812 5
 endloop
endfacet
facet normal 0 0 0
 outer loop
vertex 1.1667262315750122 1.1667262315750122 0
vertex 1.1667262315750122 1.1667262315750122 5
vertex 1.0467488765716553 1.2754672765731812 5
 endloop
endfacet
facet normal 0 0 0
 outer loop
vertex 1.1667262315750122 1.1667262315750122 0
vertex 1.2754672765731812 1.0467488765716553 0
vertex 1.1667262315750122 1.1667262315750122 5
 endloop
endfacet
facet normal 0 0 0
 outer loop
vertex 1.2754672765731812 1.0467488765716553 0
vertex 1.2754672765731812 1.0467488765716553 5
vertex 1.1667262315750122 1.1667262315750122 5
 endloop
endfacet
facet normal 0 0 0
 outer loop
vertex 1.2754672765731812 1.0467488765716553 0
vertex 1.371924877166748 0.9166908860206604 0
vertex 1.2754672765731812 1.0467488765716553 5
 endloop
endfacet
facet normal 0 0 0
 outer loop
vertex 1.371924877166748 0.9166908860206604 0
vertex 1.371924877166748 0.9166908860206604 5
vertex 1.2754672765731812 1.0467488765716553 5
 endloop
endfacet
facet normal 0 0 0
 outer loop
vertex 1.371924877166748 0.9166908860206604 0
vertex 1.4551700353622437 0.7778046131134033 0
vertex 1.371924877166748 0.9166908860206604 5
 endloop
endfacet
facet normal 0 0 0
 outer loop
vertex 1.4551700353622437 0.7778046131134033 0
vertex 1.4551700353622437 0.7778046131134033 5
vertex 1.371924877166748 0.9166908860206604 5
 endloop
endfacet
facet normal 0 0 0
 outer loop
vertex 1.4551700353622437 0.7778046131134033 0
vertex 1.5244011878967285 0.6314276456832886 0
vertex 1.4551700353622437 0.7778046131134033 5
 endloop
endfacet
facet normal 0 0 0
 outer loop
vertex 1.5244011878967285 0.6314276456832886 0
vertex 1.5244011878967285 0.6314276456832886 5
vertex 1.4551700353622437 0.7778046131134033 5
 endloop
endfacet
facet normal 0 0 0
 outer loop
vertex 1.5244011878967285 0.6314276456832886 0
vertex 1.5789515972137451 0.4789697229862213 0
vertex 1.5244011878967285 0.6314276456832886 5
 endloop
endfacet
facet normal 0 0 0
 outer loop
vertex 1.5789515972137451 0.4789697229862213 0
vertex 1.5789515972137451 0.4789697229862213 5
vertex 1.5244011878967285 0.6314276456832886 5
 endloop
endfacet
facet normal 0 0 0
 outer loop
vertex 1.5789515972137451 0.4789697229862213 0
vertex 1.618295669555664 0.32189902663230896 0
vertex 1.5789515972137451 0.4789697229862213 5
 endloop
endfacet
facet normal 0 0 0
 outer loop
vertex 1.618295669555664 0.32189902663230896 0
vertex 1.618295669555664 0.32189902663230896 5
vertex 1.5789515972137451 0.4789697229862213 5
 endloop
endfacet
facet normal 0 0 0
 outer loop
vertex 1.618295669555664 0.32189902663230896 0
vertex 1.642054796218872 0.16172827780246735 0
vertex 1.618295669555664 0.32189902663230896 5
 endloop
endfacet
facet normal 0 0 0
 outer loop
vertex 1.642054796218872 0.16172827780246735 0
vertex 1.642054796218872 0.16172827780246735 5
vertex 1.618295669555664 0.32189902663230896 5
 endloop
endfacet
facet normal 0 0 0
 outer loop
vertex 1.642054796218872 0.16172827780246735 0
vertex 1.649999976158142 0 0
vertex 1.642054796218872 0.16172827780246735 5
 endloop
endfacet
facet normal 0 0 0
 outer loop
vertex 1.649999976158142 0 0
vertex 1.649999976158142 0 5
vertex 1.642054796218872 0.16172827780246735 5
 endloop
endfacet
facet normal 0 0 0
 outer loop
vertex 1.2000000476837158 9 0
vertex 1.1942216157913208 8.882379531860352 0
vertex 1.2000000476837158 9 5
 endloop
endfacet
facet normal 0 0 0
 outer loop
vertex 1.1942216157913208 8.882379531860352 0
vertex 1.1942216157913208 8.882379531860352 5
vertex 1.2000000476837158 9 5
 endloop
endfacet
facet normal 0 0 0
 outer loop
vertex 1.1942216157913208 8.882379531860352 0
vertex 1.1769423484802246 8.765892028808594 0
vertex 1.1942216157913208 8.882379531860352 5
 endloop
endfacet
facet normal 0 0 0
 outer loop
vertex 1.1769423484802246 8.765892028808594 0
vertex 1.1769423484802246 8.765892028808594 5
vertex 1.1942216157913208 8.882379531860352 5
 endloop
endfacet
facet normal 0 0 0
 outer loop
vertex 1.1769423484802246 8.765892028808594 0
vertex 1.148328423500061 8.651658058166504 0
vertex 1.1769423484802246 8.765892028808594 5
 endloop
endfacet
facet normal 0 0 0
 outer loop
vertex 1.148328423500061 8.651658058166504 0
vertex 1.148328423500061 8.651658058166504 5
vertex 1.1769423484802246 8.765892028808594 5
 endloop
endfacet
facet normal 0 0 0
 outer loop
vertex 1.148328423500061 8.651658058166504 0
vertex 1.1086554527282715 8.540780067443848 0
vertex 1.148328423500061 8.651658058166504 5
 endloop
endfacet
facet normal 0 0 0
 outer loop
vertex 1.1086554527282715 8.540780067443848 0
vertex 1.1086554527282715 8.540780067443848 5
vertex 1.148328423500061 8.651658058166504 5
 endloop
endfacet
facet normal 0 0 0
 outer loop
vertex 1.1086554527282715 8.540780067443848 0
vertex 1.0583055019378662 8.434324264526367 0
vertex 1.1086554527282715 8.540780067443848 5
 endloop
endfacet
facet normal 0 0 0
 outer loop
vertex 1.0583055019378662 8.434324264526367 0
vertex 1.0583055019378662 8.434324264526367 5
vertex 1.1086554527282715 8.540780067443848 5
 endloop
endfacet
facet normal 0 0 0
 outer loop
vertex 1.0583055019378662 8.434324264526367 0
vertex 0.9977635145187378 8.3333158493042 0
vertex 1.0583055019378662 8.434324264526367 5
 endloop
endfacet
facet normal 0 0 0
 outer loop
vertex 0.9977635145187378 8.3333158493042 0
vertex 0.9977635145187378 8.3333158493042 5
vertex 1.0583055019378662 8.434324264526367 5
 endloop
endfacet
facet normal 0 0 0
 outer loop
vertex 0.9977635145187378 8.3333158493042 0
vertex 0.9276125431060791 8.238728523254395 0
vertex 0.9977635145187378 8.3333158493042 5
 endloop
endfacet
facet normal 0 0 0
 outer loop
vertex 0.9276125431060791 8.238728523254395 0
vertex 0.9276125431060791 8.238728523254395 5
vertex 0.9977635145187378 8.3333158493042 5
 endloop
endfacet
facet normal 0 0 0
 outer loop
vertex 0.9276125431060791 8.238728523254395 0
vertex 0.8485281467437744 8.151472091674805 0
vertex 0.9276125431060791 8.238728523254395 5
 endloop
endfacet
facet normal 0 0 0
 outer loop
vertex 0.8485281467437744 8.151472091674805 0
vertex 0.8485281467437744 8.151472091674805 5
vertex 0.9276125431060791 8.238728523254395 5
 endloop
endfacet
facet normal 0 0 0
 outer loop
vertex 0.8485281467437744 8.151472091674805 0
vertex 0.7612719535827637 8.0723876953125 0
vertex 0.8485281467437744 8.151472091674805 5
 endloop
endfacet
facet normal 0 0 0
 outer loop
vertex 0.7612719535827637 8.0723876953125 0
vertex 0.7612719535827637 8.0723876953125 5
vertex 0.8485281467437744 8.151472091674805 5
 endloop
endfacet
facet normal 0 0 0
 outer loop
vertex 0.7612719535827637 8.0723876953125 0
vertex 0.6666842699050903 8.002236366271973 0
vertex 0.7612719535827637 8.0723876953125 5
 endloop
endfacet
facet normal 0 0 0
 outer loop
vertex 0.6666842699050903 8.002236366271973 0
vertex 0.6666842699050903 8.002236366271973 5
vertex 0.7612719535827637 8.0723876953125 5
 endloop
endfacet
facet normal 0 0 0
 outer loop
vertex 0.6666842699050903 8.002236366271973 0
vertex 0.5656760931015015 7.941694259643555 0
vertex 0.6666842699050903 8.002236366271973 5
 endloop
endfacet
facet normal 0 0 0
 outer loop
vertex 0.5656760931015015 7.941694259643555 0
vertex 0.5656760931015015 7.941694259643555 5
vertex 0.6666842699050903 8.002236366271973 5
 endloop
endfacet
facet normal 0 0 0
 outer loop
vertex 0.5656760931015015 7.941694259643555 0
vertex 0.45922011137008667 7.8913445472717285 0
vertex 0.5656760931015015 7.941694259643555 5
 endloop
endfacet
facet normal 0 0 0
 outer loop
vertex 0.45922011137008667 7.8913445472717285 0
vertex 0.45922011137008667 7.8913445472717285 5
vertex 0.5656760931015015 7.941694259643555 5
 endloop
endfacet
facet normal 0 0 0
 outer loop
vertex 0.45922011137008667 7.8913445472717285 0
vertex 0.34834161400794983 7.8516716957092285 0
vertex 0.45922011137008667 7.8913445472717285 5
 endloop
endfacet
facet normal 0 0 0
 outer loop
vertex 0.34834161400794983 7.8516716957092285 0
vertex 0.34834161400794983 7.8516716957092285 5
vertex 0.45922011137008667 7.8913445472717285 5
 endloop
endfacet
facet normal 0 0 0
 outer loop
vertex 0.34834161400794983 7.8516716957092285 0
vertex 0.23410838842391968 7.823057651519775 0
vertex 0.34834161400794983 7.8516716957092285 5
 endloop
endfacet
facet normal 0 0 0
 outer loop
vertex 0.23410838842391968 7.823057651519775 0
vertex 0.23410838842391968 7.823057651519775 5
vertex 0.34834161400794983 7.8516716957092285 5
 endloop
endfacet
facet normal 0 0 0
 outer loop
vertex 0.23410838842391968 7.823057651519775 0
vertex 0.1176205649971962 7.805778503417969 0
vertex 0.23410838842391968 7.823057651519775 5
 endloop
endfacet
facet normal 0 0 0
 outer loop
vertex 0.1176205649971962 7.805778503417969 0
vertex 0.1176205649971962 7.805778503417969 5
vertex 0.23410838842391968 7.823057651519775 5
 endloop
endfacet
facet normal 0 0 0
 outer loop
vertex 0.1176205649971962 7.805778503417969 0
vertex 7.347881115511007e-17 7.800000190734863 0
vertex 0.1176205649971962 7.805778503417969 5
 endloop
endfacet
facet normal 0 0 0
 outer loop
vertex 7.347881115511007e-17 7.800000190734863 0
vertex 7.347881115511007e-17 7.800000190734863 5
vertex 0.1176205649971962 7.805778503417969 5
 endloop
endfacet
facet normal 0 0 0
 outer loop
vertex 7.347881115511007e-17 7.800000190734863 0
vertex -0.1176205649971962 7.805778503417969 0
vertex 7.347881115511007e-17 7.800000190734863 5
 endloop
endfacet
facet normal 0 0 0
 outer loop
vertex -0.1176205649971962 7.805778503417969 0
vertex -0.1176205649971962 7.805778503417969 5
vertex 7.347881115511007e-17 7.800000190734863 5
 endloop
endfacet
facet normal 0 0 0
 outer loop
vertex -0.1176205649971962 7.805778503417969 0
vertex -0.23410838842391968 7.823057651519775 0
vertex -0.1176205649971962 7.805778503417969 5
 endloop
endfacet
facet normal 0 0 0
 outer loop
vertex -0.23410838842391968 7.823057651519775 0
vertex -0.23410838842391968 7.823057651519775 5
vertex -0.1176205649971962 7.805778503417969 5
 endloop
endfacet
facet normal 0 0 0
 outer loop
vertex -0.23410838842391968 7.823057651519775 0
vertex -0.34834161400794983 7.8516716957092285 0
vertex -0.23410838842391968 7.823057651519775 5
 endloop
endfacet
facet normal 0 0 0
 outer loop
vertex -0.34834161400794983 7.8516716957092285 0
vertex -0.34834161400794983 7.8516716957092285 5
vertex -0.23410838842391968 7.823057651519775 5
 endloop
endfacet
facet normal 0 0 0
 outer loop
vertex -0.34834161400794983 7.8516716957092285 0
vertex -0.45922011137008667 7.8913445472717285 0
vertex -0.34834161400794983 7.8516716957092285 5
 endloop
endfacet
facet normal 0 0 0
 outer loop
vertex -0.45922011137008667 7.8913445472717285 0
vertex -0.45922011137008667 7.8913445472717285 5
vertex -0.34834161400794983 7.8516716957092285 5
 endloop
endfacet
facet normal 0 0 0
 outer loop
vertex -0.45922011137008667 7.8913445472717285 0
vertex -0.5656760931015015 7.941694259643555 0
vertex -0.45922011137008667 7.8913445472717285 5
 endloop
endfacet
facet normal 0 0 0
 outer loop
vertex -0.5656760931015015 7.941694259643555 0
vertex -0.5656760931015015 7.941694259643555 5
vertex -0.45922011137008667 7.8913445472717285 5
 endloop
endfacet
facet normal 0 0 0
 outer loop
vertex -0.5656760931015015 7.941694259643555 0
vertex -0.6666842699050903 8.002236366271973 0
vertex -0.5656760931015015 7.941694259643555 5
 endloop
endfacet
facet normal 0 0 0
 outer loop
vertex -0.6666842699050903 8.002236366271973 0
vertex -0.6666842699050903 8.002236366271973 5
vertex -0.5656760931015015 7.941694259643555 5
 endloop
endfacet
facet normal 0 0 0
 outer loop
vertex -0.6666842699050903 8.002236366271973 0
vertex -0.7612719535827637 8.0723876953125 0
vertex -0.6666842699050903 8.002236366271973 5
 endloop
endfacet
facet normal 0 0 0
 outer loop
vertex -0.7612719535827637 8.0723876953125 0
vertex -0.7612719535827637 8.0723876953125 5
vertex -0.6666842699050903 8.002236366271973 5
 endloop
endfacet
facet normal 0 0 0
 outer loop
vertex -0.7612719535827637 8.0723876953125 0
vertex -0.8485281467437744 8.151472091674805 0
vertex -0.7612719535827637 8.0723876953125 5
 endloop
endfacet
facet normal 0 0 0
 outer loop
vertex -0.8485281467437744 8.151472091674805 0
vertex -0.8485281467437744 8.151472091674805 5
vertex -0.7612719535827637 8.0723876953125 5
 endloop
endfacet
facet normal 0 0 0
 outer loop
vertex -0.8485281467437744 8.151472091674805 0
vertex -0.9276125431060791 8.238728523254395 0
vertex -0.8485281467437744 8.151472091674805 5
 endloop
endfacet
facet normal 0 0 0
 outer loop
vertex -0.9276125431060791 8.238728523254395 0
vertex -0.9276125431060791 8.238728523254395 5
vertex -0.8485281467437744 8.151472091674805 5
 endloop
endfacet
facet normal 0 0 0
 outer loop
vertex -0.9276125431060791 8.238728523254395 0
vertex -0.9977635145187378 8.3333158493042 0
vertex -0.9276125431060791 8.238728523254395 5
 endloop
endfacet
facet normal 0 0 0
 outer loop
vertex -0.9977635145187378 8.3333158493042 0
vertex -0.9977635145187378 8.3333158493042 5
vertex -0.9276125431060791 8.238728523254395 5
 endloop
endfacet
facet normal 0 0 0
 outer loop
vertex -0.9977635145187378 8.3333158493042 0
vertex -1.0583055019378662 8.434324264526367 0
vertex -0.9977635145187378 8.3333158493042 5
 endloop
endfacet
facet normal 0 0 0
 outer loop
vertex -1.0583055019378662 8.434324264526367 0
vertex -1.0583055019378662 8.434324264526367 5
vertex -0.9977635145187378 8.3333158493042 5
 endloop
endfacet
facet normal 0 0 0
 outer loop
vertex -1.0583055019378662 8.434324264526367 0
vertex -1.1086554527282715 8.540780067443848 0
vertex -1.0583055019378662 8.434324264526367 5
 endloop
endfacet
facet normal 0 0 0
 outer loop
vertex -1.1086554527282715 8.540780067443848 0
vertex -1.1086554527282715 8.540780067443848 5
vertex -1.0583055019378662 8.434324264526367 5
 endloop
endfacet
facet normal 0 0 0
 outer loop
vertex -1.1086554527282715 8.540780067443848 0
vertex -1.148328423500061 8.651658058166504 0
vertex -1.1086554527282715 8.540780067443848 5
 endloop
endfacet
facet normal 0 0 0
 outer loop
vertex -1.148328423500061 8.651658058166504 0
vertex -1.148328423500061 8.651658058166504 5
vertex -1.1086554527282715 8.540780067443848 5
 endloop
endfacet
facet normal 0 0 0
 outer loop
vertex -1.148328423500061 8.651658058166504 0
vertex -1.1769423484802246 8.765892028808594 0
vertex -1.148328423500061 8.651658058166504 5
 endloop
endfacet
facet normal 0 0 0
 outer loop
vertex -1.1769423484802246 8.765892028808594 0
vertex -1.1769423484802246 8.765892028808594 5
vertex -1.148328423500061 8.651658058166504 5
 endloop
endfacet
facet normal 0 0 0
 outer loop
vertex -1.1769423484802246 8.765892028808594 0
vertex -1.1942216157913208 8.882379531860352 0
vertex -1.1769423484802246 8.765892028808594 5
 endloop
endfacet
facet normal 0 0 0
 outer loop
vertex -1.1942216157913208 8.882379531860352 0
vertex -1.1942216157913208 8.882379531860352 5
vertex -1.1769423484802246 8.765892028808594 5
 endloop
endfacet
facet normal 0 0 0
 outer loop
vertex -1.1942216157913208 8.882379531860352 0
vertex -1.2000000476837158 9 0
vertex -1.1942216157913208 8.882379531860352 5
 endloop
endfacet
facet normal 0 0 0
 outer loop
vertex -1.2000000476837158 9 0
vertex -1.2000000476837158 9 5
vertex -1.1942216157913208 8.882379531860352 5
 endloop
endfacet
facet normal 0 0 0
 outer loop
vertex -1.2000000476837158 9 0
vertex -1.1942216157913208 9.117620468139648 0
vertex -1.2000000476837158 9 5
 endloop
endfacet
facet normal 0 0 0
 outer loop
vertex -1.1942216157913208 9.117620468139648 0
vertex -1.1942216157913208 9.117620468139648 5
vertex -1.2000000476837158 9 5
 endloop
endfacet
facet normal 0 0 0
 outer loop
vertex -1.1942216157913208 9.117620468139648 0
vertex -1.1769423484802246 9.234107971191406 0
vertex -1.1942216157913208 9.117620468139648 5
 endloop
endfacet
facet normal 0 0 0
 outer loop
vertex -1.1769423484802246 9.234107971191406 0
vertex -1.1769423484802246 9.234107971191406 5
vertex -1.1942216157913208 9.117620468139648 5
 endloop
endfacet
facet normal 0 0 0
 outer loop
vertex -1.1769423484802246 9.234107971191406 0
vertex -1.148328423500061 9.348341941833496 0
vertex -1.1769423484802246 9.234107971191406 5
 endloop
endfacet
facet normal 0 0 0
 outer loop
vertex -1.148328423500061 9.348341941833496 0
vertex -1.148328423500061 9.348341941833496 5
vertex -1.1769423484802246 9.234107971191406 5
 endloop
endfacet
facet normal 0 0 0
 outer loop
vertex -1.148328423500061 9.348341941833496 0
vertex -1.1086554527282715 9.459219932556152 0
vertex -1.148328423500061 9.348341941833496 5
 endloop
endfacet
facet normal 0 0 0
 outer loop
vertex -1.1086554527282715 9.459219932556152 0
vertex -1.1086554527282715 9.459219932556152 5
vertex -1.148328423500061 9.348341941833496 5
 endloop
endfacet
facet normal 0 0 0
 outer loop
vertex -1.1086554527282715 9.459219932556152 0
vertex -1.0583055019378662 9.565675735473633 0
vertex -1.1086554527282715 9.459219932556152 5
 endloop
endfacet
facet normal 0 0 0
 outer loop
vertex -1.0583055019378662 9.565675735473633 0
vertex -1.0583055019378662 9.565675735473633 5
vertex -1.1086554527282715 9.459219932556152 5
 endloop
endfacet
facet normal 0 0 0
 outer loop
vertex -1.0583055019378662 9.565675735473633 0
vertex -0.9977635145187378 9.6666841506958 0
vertex -1.0583055019378662 9.565675735473633 5
 endloop
endfacet
facet normal 0 0 0
 outer loop
vertex -0.9977635145187378 9.6666841506958 0
vertex -0.9977635145187378 9.6666841506958 5
vertex -1.0583055019378662 9.565675735473633 5
 endloop
endfacet
facet normal 0 0 0
 outer loop
vertex -0.9977635145187378 9.6666841506958 0
vertex -0.9276125431060791 9.761271476745605 0
vertex -0.9977635145187378 9.6666841506958 5
 endloop
endfacet
facet normal 0 0 0
 outer loop
vertex -0.9276125431060791 9.761271476745605 0
vertex -0.9276125431060791 9.761271476745605 5
vertex -0.9977635145187378 9.6666841506958 5
 endloop
endfacet
facet normal 0 0 0
 outer loop
vertex -0.9276125431060791 9.761271476745605 0
vertex -0.8485281467437744 9.848527908325195 0
vertex -0.9276125431060791 9.761271476745605 5
 endloop
endfacet
facet normal 0 0 0
 outer loop
vertex -0.8485281467437744 9.848527908325195 0
vertex -0.8485281467437744 9.848527908325195 5
vertex -0.9276125431060791 9.761271476745605 5
 endloop
endfacet
facet normal 0 0 0
 outer loop
vertex -0.8485281467437744 9.848527908325195 0
vertex -0.7612719535827637 9.9276123046875 0
vertex -0.8485281467437744 9.848527908325195 5
 endloop
endfacet
facet normal 0 0 0
 outer loop
vertex -0.7612719535827637 9.9276123046875 0
vertex -0.7612719535827637 9.9276123046875 5
vertex -0.8485281467437744 9.848527908325195 5
 endloop
endfacet
facet normal 0 0 0
 outer loop
vertex -0.7612719535827637 9.9276123046875 0
vertex -0.6666842699050903 9.997763633728027 0
vertex -0.7612719535827637 9.9276123046875 5
 endloop
endfacet
facet normal 0 0 0
 outer loop
vertex -0.6666842699050903 9.997763633728027 0
vertex -0.6666842699050903 9.997763633728027 5
vertex -0.7612719535827637 9.9276123046875 5
 endloop
endfacet
facet normal 0 0 0
 outer loop
vertex -0.6666842699050903 9.997763633728027 0
vertex -0.5656760931015015 10.058305740356445 0
vertex -0.6666842699050903 9.997763633728027 5
 endloop
endfacet
facet normal 0 0 0
 outer loop
vertex -0.5656760931015015 10.058305740356445 0
vertex -0.5656760931015015 10.058305740356445 5
vertex -0.6666842699050903 9.997763633728027 5
 endloop
endfacet
facet normal 0 0 0
 outer loop
vertex -0.5656760931015015 10.058305740356445 0
vertex -0.45922011137008667 10.108654975891113 0
vertex -0.5656760931015015 10.058305740356445 5
 endloop
endfacet
facet normal 0 0 0
 outer loop
vertex -0.45922011137008667 10.108654975891113 0
vertex -0.45922011137008667 10.108654975891113 5
vertex -0.5656760931015015 10.058305740356445 5
 endloop
endfacet
facet normal 0 0 0
 outer loop
vertex -0.45922011137008667 10.108654975891113 0
vertex -0.34834161400794983 10.14832878112793 0
vertex -0.45922011137008667 10.108654975891113 5
 endloop
endfacet
facet normal 0 0 0
 outer loop
vertex -0.34834161400794983 10.14832878112793 0
vertex -0.34834161400794983 10.14832878112793 5
vertex -0.45922011137008667 10.108654975891113 5
 endloop
endfacet
facet normal 0 0 0
 outer loop
vertex -0.34834161400794983 10.14832878112793 0
vertex -0.23410838842391968 10.176941871643066 0
vertex -0.34834161400794983 10.14832878112793 5
 endloop
endfacet
facet normal 0 0 0
 outer loop
vertex -0.23410838842391968 10.176941871643066 0
vertex -0.23410838842391968 10.176941871643066 5
vertex -0.34834161400794983 10.14832878112793 5
 endloop
endfacet
facet normal 0 0 0
 outer loop
vertex -0.23410838842391968 10.176941871643066 0
vertex -0.1176205649971962 10.194221496582031 0
vertex -0.23410838842391968 10.176941871643066 5
 endloop
endfacet
facet normal 0 0 0
 outer loop
vertex -0.1176205649971962 10.194221496582031 0
vertex -0.1176205649971962 10.194221496582031 5
vertex -0.23410838842391968 10.176941871643066 5
 endloop
endfacet
facet normal 0 0 0
 outer loop
vertex -0.1176205649971962 10.194221496582031 0
vertex -2.2043642023044041e-16 10.199999809265137 0
vertex -0.1176205649971962 10.194221496582031 5
 endloop
endfacet
facet normal 0 0 0
 outer loop
vertex -2.2043642023044041e-16 10.199999809265137 0
vertex -2.2043642023044041e-16 10.199999809265137 5
vertex -0.1176205649971962 10.194221496582031 5
 endloop
endfacet
facet normal 0 0 0
 outer loop
vertex -2.2043642023044041e-16 10.199999809265137 0
vertex 0.1176205649971962 10.194221496582031 0
vertex -2.2043642023044041e-16 10.199999809265137 5
 endloop
endfacet
facet normal 0 0 0
 outer loop
vertex 0.1176205649971962 10.194221496582031 0
vertex 0.1176205649971962 10.194221496582031 5
vertex -2.2043642023044041e-16 10.199999809265137 5
 endloop
endfacet
facet normal 0 0 0
 outer loop
vertex 0.1176205649971962 10.194221496582031 0
vertex 0.23410838842391968 10.176941871643066 0
vertex 0.1176205649971962 10.194221496582031 5
 endloop
endfacet
facet normal 0 0 0
 outer loop
vertex 0.23410838842391968 10.176941871643066 0
vertex 0.23410838842391968 10.176941871643066 5
vertex 0.1176205649971962 10.194221496582031 5
 endloop
endfacet
facet normal 0 0 0
 outer loop
vertex 0.23410838842391968 10.176941871643066 0
vertex 0.34834161400794983 10.14832878112793 0
vertex 0.23410838842391968 10.176941871643066 5
 endloop
endfacet
facet normal 0 0 0
 outer loop
vertex 0.34834161400794983 10.14832878112793 0
vertex 0.34834161400794983 10.14832878112793 5
vertex 0.23410838842391968 10.176941871643066 5
 endloop
endfacet
facet normal 0 0 0
 outer loop
vertex 0.34834161400794983 10.14832878112793 0
vertex 0.45922011137008667 10.108654975891113 0
vertex 0.34834161400794983 10.14832878112793 5
 endloop
endfacet
facet normal 0 0 0
 outer loop
vertex 0.45922011137008667 10.108654975891113 0
vertex 0.45922011137008667 10.108654975891113 5
vertex 0.34834161400794983 10.14832878112793 5
 endloop
endfacet
facet normal 0 0 0
 outer loop
vertex 0.45922011137008667 10.108654975891113 0
vertex 0.5656760931015015 10.058305740356445 0
vertex 0.45922011137008667 10.108654975891113 5
 endloop
endfacet
facet normal 0 0 0
 outer loop
vertex 0.5656760931015015 10.058305740356445 0
vertex 0.5656760931015015 10.058305740356445 5
vertex 0.45922011137008667 10.108654975891113 5
 endloop
endfacet
facet normal 0 0 0
 outer loop
vertex 0.5656760931015015 10.058305740356445 0
vertex 0.6666842699050903 9.997763633728027 0
vertex 0.5656760931015015 10.058305740356445 5
 endloop
endfacet
facet normal 0 0 0
 outer loop
vertex 0.6666842699050903 9.997763633728027 0
vertex 0.6666842699050903 9.997763633728027 5
vertex 0.5656760931015015 10.058305740356445 5
 endloop
endfacet
facet normal 0 0 0
 outer loop
vertex 0.6666842699050903 9.997763633728027 0
vertex 0.7612719535827637 9.9276123046875 0
vertex 0.6666842699050903 9.997763633728027 5
 endloop
endfacet
facet normal 0 0 0
 outer loop
vertex 0.7612719535827637 9.9276123046875 0
vertex 0.7612719535827637 9.9276123046875 5
vertex 0.6666842699050903 9.997763633728027 5
 endloop
endfacet
facet normal 0 0 0
 outer loop
vertex 0.7612719535827637 9.9276123046875 0
vertex 0.8485281467437744 9.848527908325195 0
vertex 0.7612719535827637 9.9276123046875 5
 endloop
endfacet
facet normal 0 0 0
 outer loop
vertex 0.8485281467437744 9.848527908325195 0
vertex 0.8485281467437744 9.848527908325195 5
vertex 0.7612719535827637 9.9276123046875 5
 endloop
endfacet
facet normal 0 0 0
 outer loop
vertex 0.8485281467437744 9.848527908325195 0
vertex 0.9276125431060791 9.761271476745605 0
vertex 0.8485281467437744 9.848527908325195 5
 endloop
endfacet
facet normal 0 0 0
 outer loop
vertex 0.9276125431060791 9.761271476745605 0
vertex 0.9276125431060791 9.761271476745605 5
vertex 0.8485281467437744 9.848527908325195 5
 endloop
endfacet
facet normal 0 0 0
 outer loop
vertex 0.9276125431060791 9.761271476745605 0
vertex 0.9977635145187378 9.6666841506958 0
vertex 0.9276125431060791 9.761271476745605 5
 endloop
endfacet
facet normal 0 0 0
 outer loop
vertex 0.9977635145187378 9.6666841506958 0
vertex 0.9977635145187378 9.6666841506958 5
vertex 0.9276125431060791 9.761271476745605 5
 endloop
endfacet
facet normal 0 0 0
 outer loop
vertex 0.9977635145187378 9.6666841506958 0
vertex 1.0583055019378662 9.565675735473633 0
vertex 0.9977635145187378 9.6666841506958 5
 endloop
endfacet
facet normal 0 0 0
 outer loop
vertex 1.0583055019378662 9.565675735473633 0
vertex 1.0583055019378662 9.565675735473633 5
vertex 0.9977635145187378 9.6666841506958 5
 endloop
endfacet
facet normal 0 0 0
 outer loop
vertex 1.0583055019378662 9.565675735473633 0
vertex 1.1086554527282715 9.459219932556152 0
vertex 1.0583055019378662 9.565675735473633 5
 endloop
endfacet
facet normal 0 0 0
 outer loop
vertex 1.1086554527282715 9.459219932556152 0
vertex 1.1086554527282715 9.459219932556152 5
vertex 1.0583055019378662 9.565675735473633 5
 endloop
endfacet
facet normal 0 0 0
 outer loop
vertex 1.1086554527282715 9.459219932556152 0
vertex 1.148328423500061 9.348341941833496 0
vertex 1.1086554527282715 9.459219932556152 5
 endloop
endfacet
facet normal 0 0 0
 outer loop
vertex 1.148328423500061 9.348341941833496 0
vertex 1.148328423500061 9.348341941833496 5
vertex 1.1086554527282715 9.459219932556152 5
 endloop
endfacet
facet normal 0 0 0
 outer loop
vertex 1.148328423500061 9.348341941833496 0
vertex 1.1769423484802246 9.234107971191406 0
vertex 1.148328423500061 9.348341941833496 5
 endloop
endfacet
facet normal 0 0 0
 outer loop
vertex 1.1769423484802246 9.234107971191406 0
vertex 1.1769423484802246 9.234107971191406 5
vertex 1.148328423500061 9.348341941833496 5
 endloop
endfacet
facet normal 0 0 0
 outer loop
vertex 1.1769423484802246 9.234107971191406 0
vertex 1.1942216157913208 9.117620468139648 0
vertex 1.1769423484802246 9.234107971191406 5
 endloop
endfacet
facet normal 0 0 0
 outer loop
vertex 1.1942216157913208 9.117620468139648 0
vertex 1.1942216157913208 9.117620468139648 5
vertex 1.1769423484802246 9.234107971191406 5
 endloop
endfacet
facet normal 0 0 0
 outer loop
vertex 1.1942216157913208 9.117620468139648 0
vertex 1.2000000476837158 9 0
vertex 1.1942216157913208 9.117620468139648 5
 endloop
endfacet
facet normal 0 0 0
 outer loop
vertex 1.2000000476837158 9 0
vertex 1.2000000476837158 9 5
vertex 1.1942216157913208 9.117620468139648 5
 endloop
endfacet
facet normal 0 0 0
 outer loop
vertex 1.2000000476837158 18 0
vertex 1.1942216157913208 17.88237953186035 0
vertex 1.2000000476837158 18 5
 endloop
endfacet
facet normal 0 0 0
 outer loop
vertex 1.1942216157913208 17.88237953186035 0
vertex 1.1942216157913208 17.88237953186035 5
vertex 1.2000000476837158 18 5
 endloop
endfacet
facet normal 0 0 0
 outer loop
vertex 1.1942216157913208 17.88237953186035 0
vertex 1.1769423484802246 17.765892028808594 0
vertex 1.1942216157913208 17.88237953186035 5
 endloop
endfacet
facet normal 0 0 0
 outer loop
vertex 1.1769423484802246 17.765892028808594 0
vertex 1.1769423484802246 17.765892028808594 5
vertex 1.1942216157913208 17.88237953186035 5
 endloop
endfacet
facet normal 0 0 0
 outer loop
vertex 1.1769423484802246 17.765892028808594 0
vertex 1.148328423500061 17.65165901184082 0
vertex 1.1769423484802246 17.765892028808594 5
 endloop
endfacet
facet normal 0 0 0
 outer loop
vertex 1.148328423500061 17.65165901184082 0
vertex 1.148328423500061 17.65165901184082 5
vertex 1.1769423484802246 17.765892028808594 5
 endloop
endfacet
facet normal 0 0 0
 outer loop
vertex 1.148328423500061 17.65165901184082 0
vertex 1.1086554527282715 17.54077911376953 0
vertex 1.148328423500061 17.65165901184082 5
 endloop
endfacet
facet normal 0 0 0
 outer loop
vertex 1.1086554527282715 17.54077911376953 0
vertex 1.1086554527282715 17.54077911376953 5
vertex 1.148328423500061 17.65165901184082 5
 endloop
endfacet
facet normal 0 0 0
 outer loop
vertex 1.1086554527282715 17.54077911376953 0
vertex 1.0583055019378662 17.434324264526367 0
vertex 1.1086554527282715 17.54077911376953 5
 endloop
endfacet
facet normal 0 0 0
 outer loop
vertex 1.0583055019378662 17.434324264526367 0
vertex 1.0583055019378662 17.434324264526367 5
vertex 1.1086554527282715 17.54077911376953 5
 endloop
endfacet
facet normal 0 0 0
 outer loop
vertex 1.0583055019378662 17.434324264526367 0
vertex 0.9977635145187378 17.333314895629883 0
vertex 1.0583055019378662 17.434324264526367 5
 endloop
endfacet
facet normal 0 0 0
 outer loop
vertex 0.9977635145187378 17.333314895629883 0
vertex 0.9977635145187378 17.333314895629883 5
vertex 1.0583055019378662 17.434324264526367 5
 endloop
endfacet
facet normal 0 0 0
 outer loop
vertex 0.9977635145187378 17.333314895629883 0
vertex 0.9276125431060791 17.238727569580078 0
vertex 0.9977635145187378 17.333314895629883 5
 endloop
endfacet
facet normal 0 0 0
 outer loop
vertex 0.9276125431060791 17.238727569580078 0
vertex 0.9276125431060791 17.238727569580078 5
vertex 0.9977635145187378 17.333314895629883 5
 endloop
endfacet
facet normal 0 0 0
 outer loop
vertex 0.9276125431060791 17.238727569580078 0
vertex 0.8485281467437744 17.151472091674805 0
vertex 0.9276125431060791 17.238727569580078 5
 endloop
endfacet
facet normal 0 0 0
 outer loop
vertex 0.8485281467437744 17.151472091674805 0
vertex 0.8485281467437744 17.151472091674805 5
vertex 0.9276125431060791 17.238727569580078 5
 endloop
endfacet
facet normal 0 0 0
 outer loop
vertex 0.8485281467437744 17.151472091674805 0
vertex 0.7612719535827637 17.0723876953125 0
vertex 0.8485281467437744 17.151472091674805 5
 endloop
endfacet
facet normal 0 0 0
 outer loop
vertex 0.7612719535827637 17.0723876953125 0
vertex 0.7612719535827637 17.0723876953125 5
vertex 0.8485281467437744 17.151472091674805 5
 endloop
endfacet
facet normal 0 0 0
 outer loop
vertex 0.7612719535827637 17.0723876953125 0
vertex 0.6666842699050903 17.00223731994629 0
vertex 0.7612719535827637 17.0723876953125 5
 endloop
endfacet
facet normal 0 0 0
 outer loop
vertex 0.6666842699050903 17.00223731994629 0
vertex 0.6666842699050903 17.00223731994629 5
vertex 0.7612719535827637 17.0723876953125 5
 endloop
endfacet
facet normal 0 0 0
 outer loop
vertex 0.6666842699050903 17.00223731994629 0
vertex 0.5656760931015015 16.941694259643555 0
vertex 0.6666842699050903 17.00223731994629 5
 endloop
endfacet
facet normal 0 0 0
 outer loop
vertex 0.5656760931015015 16.941694259643555 0
vertex 0.5656760931015015 16.941694259643555 5
vertex 0.6666842699050903 17.00223731994629 5
 endloop
endfacet
facet normal 0 0 0
 outer loop
vertex 0.5656760931015015 16.941694259643555 0
vertex 0.45922011137008667 16.89134407043457 0
vertex 0.5656760931015015 16.941694259643555 5
 endloop
endfacet
facet normal 0 0 0
 outer loop
vertex 0.45922011137008667 16.89134407043457 0
vertex 0.45922011137008667 16.89134407043457 5
vertex 0.5656760931015015 16.941694259643555 5
 endloop
endfacet
facet normal 0 0 0
 outer loop
vertex 0.45922011137008667 16.89134407043457 0
vertex 0.34834161400794983 16.85167121887207 0
vertex 0.45922011137008667 16.89134407043457 5
 endloop
endfacet
facet normal 0 0 0
 outer loop
vertex 0.34834161400794983 16.85167121887207 0
vertex 0.34834161400794983 16.85167121887207 5
vertex 0.45922011137008667 16.89134407043457 5
 endloop
endfacet
facet normal 0 0 0
 outer loop
vertex 0.34834161400794983 16.85167121887207 0
vertex 0.23410838842391968 16.823057174682617 0
vertex 0.34834161400794983 16.85167121887207 5
 endloop
endfacet
facet normal 0 0 0
 outer loop
vertex 0.23410838842391968 16.823057174682617 0
vertex 0.23410838842391968 16.823057174682617 5
vertex 0.34834161400794983 16.85167121887207 5
 endloop
endfacet
facet normal 0 0 0
 outer loop
vertex 0.23410838842391968 16.823057174682617 0
vertex 0.1176205649971962 16.80577850341797 0
vertex 0.23410838842391968 16.823057174682617 5
 endloop
endfacet
facet normal 0 0 0
 outer loop
vertex 0.1176205649971962 16.80577850341797 0
vertex 0.1176205649971962 16.80577850341797 5
vertex 0.23410838842391968 16.823057174682617 5
 endloop
endfacet
facet normal 0 0 0
 outer loop
vertex 0.1176205649971962 16.80577850341797 0
vertex 7.347881115511007e-17 16.799999237060547 0
vertex 0.1176205649971962 16.80577850341797 5
 endloop
endfacet
facet normal 0 0 0
 outer loop
vertex 7.347881115511007e-17 16.799999237060547 0
vertex 7.347881115511007e-17 16.799999237060547 5
vertex 0.1176205649971962 16.80577850341797 5
 endloop
endfacet
facet normal 0 0 0
 outer loop
vertex 7.347881115511007e-17 16.799999237060547 0
vertex -0.1176205649971962 16.80577850341797 0
vertex 7.347881115511007e-17 16.799999237060547 5
 endloop
endfacet
facet normal 0 0 0
 outer loop
vertex -0.1176205649971962 16.80577850341797 0
vertex -0.1176205649971962 16.80577850341797 5
vertex 7.347881115511007e-17 16.799999237060547 5
 endloop
endfacet
facet normal 0 0 0
 outer loop
vertex -0.1176205649971962 16.80577850341797 0
vertex -0.23410838842391968 16.823057174682617 0
vertex -0.1176205649971962 16.80577850341797 5
 endloop
endfacet
facet normal 0 0 0
 outer loop
vertex -0.23410838842391968 16.823057174682617 0
vertex -0.23410838842391968 16.823057174682617 5
vertex -0.1176205649971962 16.80577850341797 5
 endloop
endfacet
facet normal 0 0 0
 outer loop
vertex -0.23410838842391968 16.823057174682617 0
vertex -0.34834161400794983 16.85167121887207 0
vertex -0.23410838842391968 16.823057174682617 5
 endloop
endfacet
facet normal 0 0 0
 outer loop
vertex -0.34834161400794983 16.85167121887207 0
vertex -0.34834161400794983 16.85167121887207 5
vertex -0.23410838842391968 16.823057174682617 5
 endloop
endfacet
facet normal 0 0 0
 outer loop
vertex -0.34834161400794983 16.85167121887207 0
vertex -0.45922011137008667 16.89134407043457 0
vertex -0.34834161400794983 16.85167121887207 5
 endloop
endfacet
facet normal 0 0 0
 outer loop
vertex -0.45922011137008667 16.89134407043457 0
vertex -0.45922011137008667 16.89134407043457 5
vertex -0.34834161400794983 16.85167121887207 5
 endloop
endfacet
facet normal 0 0 0
 outer loop
vertex -0.45922011137008667 16.89134407043457 0
vertex -0.5656760931015015 16.941694259643555 0
vertex -0.45922011137008667 16.89134407043457 5
 endloop
endfacet
facet normal 0 0 0
 outer loop
vertex -0.5656760931015015 16.941694259643555 0
vertex -0.5656760931015015 16.941694259643555 5
vertex -0.45922011137008667 16.89134407043457 5
 endloop
endfacet
facet normal 0 0 0
 outer loop
vertex -0.5656760931015015 16.941694259643555 0
vertex -0.6666842699050903 17.00223731994629 0
vertex -0.5656760931015015 16.941694259643555 5
 endloop
endfacet
facet normal 0 0 0
 outer loop
vertex -0.6666842699050903 17.00223731994629 0
vertex -0.6666842699050903 17.00223731994629 5
vertex -0.5656760931015015 16.941694259643555 5
 endloop
endfacet
facet normal 0 0 0
 outer loop
vertex -0.6666842699050903 17.00223731994629 0
vertex -0.7612719535827637 17.0723876953125 0
vertex -0.6666842699050903 17.00223731994629 5
 endloop
endfacet
facet normal 0 0 0
 outer loop
vertex -0.7612719535827637 17.0723876953125 0
vertex -0.7612719535827637 17.0723876953125 5
vertex -0.6666842699050903 17.00223731994629 5
 endloop
endfacet
facet normal 0 0 0
 outer loop
vertex -0.7612719535827637 17.0723876953125 0
vertex -0.8485281467437744 17.151472091674805 0
vertex -0.7612719535827637 17.0723876953125 5
 endloop
endfacet
facet normal 0 0 0
 outer loop
vertex -0.8485281467437744 17.151472091674805 0
vertex -0.8485281467437744 17.151472091674805 5
vertex -0.7612719535827637 17.0723876953125 5
 endloop
endfacet
facet normal 0 0 0
 outer loop
vertex -0.8485281467437744 17.151472091674805 0
vertex -0.9276125431060791 17.238727569580078 0
vertex -0.8485281467437744 17.151472091674805 5
 endloop
endfacet
facet normal 0 0 0
 outer loop
vertex -0.9276125431060791 17.238727569580078 0
vertex -0.9276125431060791 17.238727569580078 5
vertex -0.8485281467437744 17.151472091674805 5
 endloop
endfacet
facet normal 0 0 0
 outer loop
vertex -0.9276125431060791 17.238727569580078 0
vertex -0.9977635145187378 17.333314895629883 0
vertex -0.9276125431060791 17.238727569580078 5
 endloop
endfacet
facet normal 0 0 0
 outer loop
vertex -0.9977635145187378 17.333314895629883 0
vertex -0.9977635145187378 17.333314895629883 5
vertex -0.9276125431060791 17.238727569580078 5
 endloop
endfacet
facet normal 0 0 0
 outer loop
vertex -0.9977635145187378 17.333314895629883 0
vertex -1.0583055019378662 17.434324264526367 0
vertex -0.9977635145187378 17.333314895629883 5
 endloop
endfacet
facet normal 0 0 0
 outer loop
vertex -1.0583055019378662 17.434324264526367 0
vertex -1.0583055019378662 17.434324264526367 5
vertex -0.9977635145187378 17.333314895629883 5
 endloop
endfacet
facet normal 0 0 0
 outer loop
vertex -1.0583055019378662 17.434324264526367 0
vertex -1.1086554527282715 17.54077911376953 0
vertex -1.0583055019378662 17.434324264526367 5
 endloop
endfacet
facet normal 0 0 0
 outer loop
vertex -1.1086554527282715 17.54077911376953 0
vertex -1.1086554527282715 17.54077911376953 5
vertex -1.0583055019378662 17.434324264526367 5
 endloop
endfacet
facet normal 0 0 0
 outer loop
vertex -1.1086554527282715 17.54077911376953 0
vertex -1.148328423500061 17.65165901184082 0
vertex -1.1086554527282715 17.54077911376953 5
 endloop
endfacet
facet normal 0 0 0
 outer loop
vertex -1.148328423500061 17.65165901184082 0
vertex -1.148328423500061 17.65165901184082 5
vertex -1.1086554527282715 17.54077911376953 5
 endloop
endfacet
facet normal 0 0 0
 outer loop
vertex -1.148328423500061 17.65165901184082 0
vertex -1.1769423484802246 17.765892028808594 0
vertex -1.148328423500061 17.65165901184082 5
 endloop
endfacet
facet normal 0 0 0
 outer loop
vertex -1.1769423484802246 17.765892028808594 0
vertex -1.1769423484802246 17.765892028808594 5
vertex -1.148328423500061 17.65165901184082 5
 endloop
endfacet
facet normal 0 0 0
 outer loop
vertex -1.1769423484802246 17.765892028808594 0
vertex -1.1942216157913208 17.88237953186035 0
vertex -1.1769423484802246 17.765892028808594 5
 endloop
endfacet
facet normal 0 0 0
 outer loop
vertex -1.1942216157913208 17.88237953186035 0
vertex -1.1942216157913208 17.88237953186035 5
vertex -1.1769423484802246 17.765892028808594 5
 endloop
endfacet
facet normal 0 0 0
 outer loop
vertex -1.1942216157913208 17.88237953186035 0
vertex -1.2000000476837158 18 0
vertex -1.1942216157913208 17.88237953186035 5
 endloop
endfacet
facet normal 0 0 0
 outer loop
vertex -1.2000000476837158 18 0
vertex -1.2000000476837158 18 5
vertex -1.1942216157913208 17.88237953186035 5
 endloop
endfacet
facet normal 0 0 0
 outer loop
vertex -1.2000000476837158 18 0
vertex -1.1942216157913208 18.11762046813965 0
vertex -1.2000000476837158 18 5
 endloop
endfacet
facet normal 0 0 0
 outer loop
vertex -1.1942216157913208 18.11762046813965 0
vertex -1.1942216157913208 18.11762046813965 5
vertex -1.2000000476837158 18 5
 endloop
endfacet
facet normal 0 0 0
 outer loop
vertex -1.1942216157913208 18.11762046813965 0
vertex -1.1769423484802246 18.234107971191406 0
vertex -1.1942216157913208 18.11762046813965 5
 endloop
endfacet
facet normal 0 0 0
 outer loop
vertex -1.1769423484802246 18.234107971191406 0
vertex -1.1769423484802246 18.234107971191406 5
vertex -1.1942216157913208 18.11762046813965 5
 endloop
endfacet
facet normal 0 0 0
 outer loop
vertex -1.1769423484802246 18.234107971191406 0
vertex -1.148328423500061 18.34834098815918 0
vertex -1.1769423484802246 18.234107971191406 5
 endloop
endfacet
facet normal 0 0 0
 outer loop
vertex -1.148328423500061 18.34834098815918 0
vertex -1.148328423500061 18.34834098815918 5
vertex -1.1769423484802246 18.234107971191406 5
 endloop
endfacet
facet normal 0 0 0
 outer loop
vertex -1.148328423500061 18.34834098815918 0
vertex -1.1086554527282715 18.45922088623047 0
vertex -1.148328423500061 18.34834098815918 5
 endloop
endfacet
facet normal 0 0 0
 outer loop
vertex -1.1086554527282715 18.45922088623047 0
vertex -1.1086554527282715 18.45922088623047 5
vertex -1.148328423500061 18.34834098815918 5
 endloop
endfacet
facet normal 0 0 0
 outer loop
vertex -1.1086554527282715 18.45922088623047 0
vertex -1.0583055019378662 18.565675735473633 0
vertex -1.1086554527282715 18.45922088623047 5
 endloop
endfacet
facet normal 0 0 0
 outer loop
vertex -1.0583055019378662 18.565675735473633 0
vertex -1.0583055019378662 18.565675735473633 5
vertex -1.1086554527282715 18.45922088623047 5
 endloop
endfacet
facet normal 0 0 0
 outer loop
vertex -1.0583055019378662 18.565675735473633 0
vertex -0.9977635145187378 18.666685104370117 0
vertex -1.0583055019378662 18.565675735473633 5
 endloop
endfacet
facet normal 0 0 0
 outer loop
vertex -0.9977635145187378 18.666685104370117 0
vertex -0.9977635145187378 18.666685104370117 5
vertex -1.0583055019378662 18.565675735473633 5
 endloop
endfacet
facet normal 0 0 0
 outer loop
vertex -0.9977635145187378 18.666685104370117 0
vertex -0.9276125431060791 18.761272430419922 0
vertex -0.9977635145187378 18.666685104370117 5
 endloop
endfacet
facet normal 0 0 0
 outer loop
vertex -0.9276125431060791 18.761272430419922 0
vertex -0.9276125431060791 18.761272430419922 5
vertex -0.9977635145187378 18.666685104370117 5
 endloop
endfacet
facet normal 0 0 0
 outer loop
vertex -0.9276125431060791 18.761272430419922 0
vertex -0.8485281467437744 18.848527908325195 0
vertex -0.9276125431060791 18.761272430419922 5
 endloop
endfacet
facet normal 0 0 0
 outer loop
vertex -0.8485281467437744 18.848527908325195 0
vertex -0.8485281467437744 18.848527908325195 5
vertex -0.9276125431060791 18.761272430419922 5
 endloop
endfacet
facet normal 0 0 0
 outer loop
vertex -0.8485281467437744 18.848527908325195 0
vertex -0.7612719535827637 18.9276123046875 0
vertex -0.8485281467437744 18.848527908325195 5
 endloop
endfacet
facet normal 0 0 0
 outer loop
vertex -0.7612719535827637 18.9276123046875 0
vertex -0.7612719535827637 18.9276123046875 5
vertex -0.8485281467437744 18.848527908325195 5
 endloop
endfacet
facet normal 0 0 0
 outer loop
vertex -0.7612719535827637 18.9276123046875 0
vertex -0.6666842699050903 18.99776268005371 0
vertex -0.7612719535827637 18.9276123046875 5
 endloop
endfacet
facet normal 0 0 0
 outer loop
vertex -0.6666842699050903 18.99776268005371 0
vertex -0.6666842699050903 18.99776268005371 5
vertex -0.7612719535827637 18.9276123046875 5
 endloop
endfacet
facet normal 0 0 0
 outer loop
vertex -0.6666842699050903 18.99776268005371 0
vertex -0.5656760931015015 19.058305740356445 0
vertex -0.6666842699050903 18.99776268005371 5
 endloop
endfacet
facet normal 0 0 0
 outer loop
vertex -0.5656760931015015 19.058305740356445 0
vertex -0.5656760931015015 19.058305740356445 5
vertex -0.6666842699050903 18.99776268005371 5
 endloop
endfacet
facet normal 0 0 0
 outer loop
vertex -0.5656760931015015 19.058305740356445 0
vertex -0.45922011137008667 19.10865592956543 0
vertex -0.5656760931015015 19.058305740356445 5
 endloop
endfacet
facet normal 0 0 0
 outer loop
vertex -0.45922011137008667 19.10865592956543 0
vertex -0.45922011137008667 19.10865592956543 5
vertex -0.5656760931015015 19.058305740356445 5
 endloop
endfacet
facet normal 0 0 0
 outer loop
vertex -0.45922011137008667 19.10865592956543 0
vertex -0.34834161400794983 19.14832878112793 0
vertex -0.45922011137008667 19.10865592956543 5
 endloop
endfacet
facet normal 0 0 0
 outer loop
vertex -0.34834161400794983 19.14832878112793 0
vertex -0.34834161400794983 19.14832878112793 5
vertex -0.45922011137008667 19.10865592956543 5
 endloop
endfacet
facet normal 0 0 0
 outer loop
vertex -0.34834161400794983 19.14832878112793 0
vertex -0.23410838842391968 19.176942825317383 0
vertex -0.34834161400794983 19.14832878112793 5
 endloop
endfacet
facet normal 0 0 0
 outer loop
vertex -0.23410838842391968 19.176942825317383 0
vertex -0.23410838842391968 19.176942825317383 5
vertex -0.34834161400794983 19.14832878112793 5
 endloop
endfacet
facet normal 0 0 0
 outer loop
vertex -0.23410838842391968 19.176942825317383 0
vertex -0.1176205649971962 19.19422149658203 0
vertex -0.23410838842391968 19.176942825317383 5
 endloop
endfacet
facet normal 0 0 0
 outer loop
vertex -0.1176205649971962 19.19422149658203 0
vertex -0.1176205649971962 19.19422149658203 5
vertex -0.23410838842391968 19.176942825317383 5
 endloop
endfacet
facet normal 0 0 0
 outer loop
vertex -0.1176205649971962 19.19422149658203 0
vertex -2.2043642023044041e-16 19.200000762939453 0
vertex -0.1176205649971962 19.19422149658203 5
 endloop
endfacet
facet normal 0 0 0
 outer loop
vertex -2.2043642023044041e-16 19.200000762939453 0
vertex -2.2043642023044041e-16 19.200000762939453 5
vertex -0.1176205649971962 19.19422149658203 5
 endloop
endfacet
facet normal 0 0 0
 outer loop
vertex -2.2043642023044041e-16 19.200000762939453 0
vertex 0.1176205649971962 19.19422149658203 0
vertex -2.2043642023044041e-16 19.200000762939453 5
 endloop
endfacet
facet normal 0 0 0
 outer loop
vertex 0.1176205649971962 19.19422149658203 0
vertex 0.1176205649971962 19.19422149658203 5
vertex -2.2043642023044041e-16 19.200000762939453 5
 endloop
endfacet
facet normal 0 0 0
 outer loop
vertex 0.1176205649971962 19.19422149658203 0
vertex 0.23410838842391968 19.176942825317383 0
vertex 0.1176205649971962 19.19422149658203 5
 endloop
endfacet
facet normal 0 0 0
 outer loop
vertex 0.23410838842391968 19.176942825317383 0
vertex 0.23410838842391968 19.176942825317383 5
vertex 0.1176205649971962 19.19422149658203 5
 endloop
endfacet
facet normal 0 0 0
 outer loop
vertex 0.23410838842391968 19.176942825317383 0
vertex 0.34834161400794983 19.14832878112793 0
vertex 0.23410838842391968 19.176942825317383 5
 endloop
endfacet
facet normal 0 0 0
 outer loop
vertex 0.34834161400794983 19.14832878112793 0
vertex 0.34834161400794983 19.14832878112793 5
vertex 0.23410838842391968 19.176942825317383 5
 endloop
endfacet
facet normal 0 0 0
 outer loop
vertex 0.34834161400794983 19.14832878112793 0
vertex 0.45922011137008667 19.10865592956543 0
vertex 0.34834161400794983 19.14832878112793 5
 endloop
endfacet
facet normal 0 0 0
 outer loop
vertex 0.45922011137008667 19.10865592956543 0
vertex 0.45922011137008667 19.10865592956543 5
vertex 0.34834161400794983 19.14832878112793 5
 endloop
endfacet
facet normal 0 0 0
 outer loop
vertex 0.45922011137008667 19.10865592956543 0
vertex 0.5656760931015015 19.058305740356445 0
vertex 0.45922011137008667 19.10865592956543 5
 endloop
endfacet
facet normal 0 0 0
 outer loop
vertex 0.5656760931015015 19.058305740356445 0
vertex 0.5656760931015015 19.058305740356445 5
vertex 0.45922011137008667 19.10865592956543 5
 endloop
endfacet
facet normal 0 0 0
 outer loop
vertex 0.5656760931015015 19.058305740356445 0
vertex 0.6666842699050903 18.99776268005371 0
vertex 0.5656760931015015 19.058305740356445 5
 endloop
endfacet
facet normal 0 0 0
 outer loop
vertex 0.6666842699050903 18.99776268005371 0
vertex 0.6666842699050903 18.99776268005371 5
vertex 0.5656760931015015 19.058305740356445 5
 endloop
endfacet
facet normal 0 0 0
 outer loop
vertex 0.6666842699050903 18.99776268005371 0
vertex 0.7612719535827637 18.9276123046875 0
vertex 0.6666842699050903 18.99776268005371 5
 endloop
endfacet
facet normal 0 0 0
 outer loop
vertex 0.7612719535827637 18.9276123046875 0
vertex 0.7612719535827637 18.9276123046875 5
vertex 0.6666842699050903 18.99776268005371 5
 endloop
endfacet
facet normal 0 0 0
 outer loop
vertex 0.7612719535827637 18.9276123046875 0
vertex 0.8485281467437744 18.848527908325195 0
vertex 0.7612719535827637 18.9276123046875 5
 endloop
endfacet
facet normal 0 0 0
 outer loop
vertex 0.8485281467437744 18.848527908325195 0
vertex 0.8485281467437744 18.848527908325195 5
vertex 0.7612719535827637 18.9276123046875 5
 endloop
endfacet
facet normal 0 0 0
 outer loop
vertex 0.8485281467437744 18.848527908325195 0
vertex 0.9276125431060791 18.761272430419922 0
vertex 0.8485281467437744 18.848527908325195 5
 endloop
endfacet
facet normal 0 0 0
 outer loop
vertex 0.9276125431060791 18.761272430419922 0
vertex 0.9276125431060791 18.761272430419922 5
vertex 0.8485281467437744 18.848527908325195 5
 endloop
endfacet
facet normal 0 0 0
 outer loop
vertex 0.9276125431060791 18.761272430419922 0
vertex 0.9977635145187378 18.666685104370117 0
vertex 0.9276125431060791 18.761272430419922 5
 endloop
endfacet
facet normal 0 0 0
 outer loop
vertex 0.9977635145187378 18.666685104370117 0
vertex 0.9977635145187378 18.666685104370117 5
vertex 0.9276125431060791 18.761272430419922 5
 endloop
endfacet
facet normal 0 0 0
 outer loop
vertex 0.9977635145187378 18.666685104370117 0
vertex 1.0583055019378662 18.565675735473633 0
vertex 0.9977635145187378 18.666685104370117 5
 endloop
endfacet
facet normal 0 0 0
 outer loop
vertex 1.0583055019378662 18.565675735473633 0
vertex 1.0583055019378662 18.565675735473633 5
vertex 0.9977635145187378 18.666685104370117 5
 endloop
endfacet
facet normal 0 0 0
 outer loop
vertex 1.0583055019378662 18.565675735473633 0
vertex 1.1086554527282715 18.45922088623047 0
vertex 1.0583055019378662 18.565675735473633 5
 endloop
endfacet
facet normal 0 0 0
 outer loop
vertex 1.1086554527282715 18.45922088623047 0
vertex 1.1086554527282715 18.45922088623047 5
vertex 1.0583055019378662 18.565675735473633 5
 endloop
endfacet
facet normal 0 0 0
 outer loop
vertex 1.1086554527282715 18.45922088623047 0
vertex 1.148328423500061 18.34834098815918 0
vertex 1.1086554527282715 18.45922088623047 5
 endloop
endfacet
facet normal 0 0 0
 outer loop
vertex 1.148328423500061 18.34834098815918 0
vertex 1.148328423500061 18.34834098815918 5
vertex 1.1086554527282715 18.45922088623047 5
 endloop
endfacet
facet normal 0 0 0
 outer loop
vertex 1.148328423500061 18.34834098815918 0
vertex 1.1769423484802246 18.234107971191406 0
vertex 1.148328423500061 18.34834098815918 5
 endloop
endfacet
facet normal 0 0 0
 outer loop
vertex 1.1769423484802246 18.234107971191406 0
vertex 1.1769423484802246 18.234107971191406 5
vertex 1.148328423500061 18.34834098815918 5
 endloop
endfacet
facet normal 0 0 0
 outer loop
vertex 1.1769423484802246 18.234107971191406 0
vertex 1.1942216157913208 18.11762046813965 0
vertex 1.1769423484802246 18.234107971191406 5
 endloop
endfacet
facet normal 0 0 0
 outer loop
vertex 1.1942216157913208 18.11762046813965 0
vertex 1.1942216157913208 18.11762046813965 5
vertex 1.1769423484802246 18.234107971191406 5
 endloop
endfacet
facet normal 0 0 0
 outer loop
vertex 1.1942216157913208 18.11762046813965 0
vertex 1.2000000476837158 18 0
vertex 1.1942216157913208 18.11762046813965 5
 endloop
endfacet
facet normal 0 0 0
 outer loop
vertex 1.2000000476837158 18 0
vertex 1.2000000476837158 18 5
vertex 1.1942216157913208 18.11762046813965 5
 endloop
endfacet
facet normal 0 0 0
 outer loop
vertex 1.7000000476837158 50 0
vertex 1.6918140649795532 49.833370208740234 0
vertex 1.7000000476837158 50 5
 endloop
endfacet
facet normal 0 0 0
 outer loop
vertex 1.6918140649795532 49.833370208740234 0
vertex 1.6918140649795532 49.833370208740234 5
vertex 1.7000000476837158 50 5
 endloop
endfacet
facet normal 0 0 0
 outer loop
vertex 1.6918140649795532 49.833370208740234 0
vertex 1.667335033416748 49.6683464050293 0
vertex 1.6918140649795532 49.833370208740234 5
 endloop
endfacet
facet normal 0 0 0
 outer loop
vertex 1.667335033416748 49.6683464050293 0
vertex 1.667335033416748 49.6683464050293 5
vertex 1.6918140649795532 49.833370208740234 5
 endloop
endfacet
facet normal 0 0 0
 outer loop
vertex 1.667335033416748 49.6683464050293 0
vertex 1.6267986297607422 49.50651550292969 0
vertex 1.667335033416748 49.6683464050293 5
 endloop
endfacet
facet normal 0 0 0
 outer loop
vertex 1.6267986297607422 49.50651550292969 0
vertex 1.6267986297607422 49.50651550292969 5
vertex 1.667335033416748 49.6683464050293 5
 endloop
endfacet
facet normal 0 0 0
 outer loop
vertex 1.6267986297607422 49.50651550292969 0
vertex 1.5705952644348145 49.34943771362305 0
vertex 1.6267986297607422 49.50651550292969 5
 endloop
endfacet
facet normal 0 0 0
 outer loop
vertex 1.5705952644348145 49.34943771362305 0
vertex 1.5705952644348145 49.34943771362305 5
vertex 1.6267986297607422 49.50651550292969 5
 endloop
endfacet
facet normal 0 0 0
 outer loop
vertex 1.5705952644348145 49.34943771362305 0
vertex 1.4992661476135254 49.19862365722656 0
vertex 1.5705952644348145 49.34943771362305 5
 endloop
endfacet
facet normal 0 0 0
 outer loop
vertex 1.4992661476135254 49.19862365722656 0
vertex 1.4992661476135254 49.19862365722656 5
vertex 1.5705952644348145 49.34943771362305 5
 endloop
endfacet
facet normal 0 0 0
 outer loop
vertex 1.4992661476135254 49.19862365722656 0
vertex 1.4134982824325562 49.0555305480957 0
vertex 1.4992661476135254 49.19862365722656 5
 endloop
endfacet
facet normal 0 0 0
 outer loop
vertex 1.4134982824325562 49.0555305480957 0
vertex 1.4134982824325562 49.0555305480957 5
vertex 1.4992661476135254 49.19862365722656 5
 endloop
endfacet
facet normal 0 0 0
 outer loop
vertex 1.4134982824325562 49.0555305480957 0
vertex 1.3141177892684937 48.921531677246094 0
vertex 1.4134982824325562 49.0555305480957 5
 endloop
endfacet
facet normal 0 0 0
 outer loop
vertex 1.3141177892684937 48.921531677246094 0
vertex 1.3141177892684937 48.921531677246094 5
vertex 1.4134982824325562 49.0555305480957 5
 endloop
endfacet
facet normal 0 0 0
 outer loop
vertex 1.3141177892684937 48.921531677246094 0
vertex 1.202081561088562 48.79792022705078 0
vertex 1.3141177892684937 48.921531677246094 5
 endloop
endfacet
facet normal 0 0 0
 outer loop
vertex 1.202081561088562 48.79792022705078 0
vertex 1.202081561088562 48.79792022705078 5
vertex 1.3141177892684937 48.921531677246094 5
 endloop
endfacet
facet normal 0 0 0
 outer loop
vertex 1.202081561088562 48.79792022705078 0
vertex 1.0784685611724854 48.685882568359375 0
vertex 1.202081561088562 48.79792022705078 5
 endloop
endfacet
facet normal 0 0 0
 outer loop
vertex 1.0784685611724854 48.685882568359375 0
vertex 1.0784685611724854 48.685882568359375 5
vertex 1.202081561088562 48.79792022705078 5
 endloop
endfacet
facet normal 0 0 0
 outer loop
vertex 1.0784685611724854 48.685882568359375 0
vertex 0.9444693922996521 48.58650207519531 0
vertex 1.0784685611724854 48.685882568359375 5
 endloop
endfacet
facet normal 0 0 0
 outer loop
vertex 0.9444693922996521 48.58650207519531 0
vertex 0.9444693922996521 48.58650207519531 5
vertex 1.0784685611724854 48.685882568359375 5
 endloop
endfacet
facet normal 0 0 0
 outer loop
vertex 0.9444693922996521 48.58650207519531 0
vertex 0.8013744354248047 48.500732421875 0
vertex 0.9444693922996521 48.58650207519531 5
 endloop
endfacet
facet normal 0 0 0
 outer loop
vertex 0.8013744354248047 48.500732421875 0
vertex 0.8013744354248047 48.500732421875 5
vertex 0.9444693922996521 48.58650207519531 5
 endloop
endfacet
facet normal 0 0 0
 outer loop
vertex 0.8013744354248047 48.500732421875 0
vertex 0.6505618095397949 48.429405212402344 0
vertex 0.8013744354248047 48.500732421875 5
 endloop
endfacet
facet normal 0 0 0
 outer loop
vertex 0.6505618095397949 48.429405212402344 0
vertex 0.6505618095397949 48.429405212402344 5
vertex 0.8013744354248047 48.500732421875 5
 endloop
endfacet
facet normal 0 0 0
 outer loop
vertex 0.6505618095397949 48.429405212402344 0
vertex 0.4934839606285095 48.37320327758789 0
vertex 0.6505618095397949 48.429405212402344 5
 endloop
endfacet
facet normal 0 0 0
 outer loop
vertex 0.4934839606285095 48.37320327758789 0
vertex 0.4934839606285095 48.37320327758789 5
vertex 0.6505618095397949 48.429405212402344 5
 endloop
endfacet
facet normal 0 0 0
 outer loop
vertex 0.4934839606285095 48.37320327758789 0
vertex 0.33165353536605835 48.332664489746094 0
vertex 0.4934839606285095 48.37320327758789 5
 endloop
endfacet
facet normal 0 0 0
 outer loop
vertex 0.33165353536605835 48.332664489746094 0
vertex 0.33165353536605835 48.332664489746094 5
vertex 0.4934839606285095 48.37320327758789 5
 endloop
endfacet
facet normal 0 0 0
 outer loop
vertex 0.33165353536605835 48.332664489746094 0
vertex 0.1666291356086731 48.30818557739258 0
vertex 0.33165353536605835 48.332664489746094 5
 endloop
endfacet
facet normal 0 0 0
 outer loop
vertex 0.1666291356086731 48.30818557739258 0
vertex 0.1666291356086731 48.30818557739258 5
vertex 0.33165353536605835 48.332664489746094 5
 endloop
endfacet
facet normal 0 0 0
 outer loop
vertex 0.1666291356086731 48.30818557739258 0
vertex 1.0409497585229437e-16 48.29999923706055 0
vertex 0.1666291356086731 48.30818557739258 5
 endloop
endfacet
facet normal 0 0 0
 outer loop
vertex 1.0409497585229437e-16 48.29999923706055 0
vertex 1.0409497585229437e-16 48.29999923706055 5
vertex 0.1666291356086731 48.30818557739258 5
 endloop
endfacet
facet normal 0 0 0
 outer loop
vertex 1.0409497585229437e-16 48.29999923706055 0
vertex -0.1666291356086731 48.30818557739258 0
vertex 1.0409497585229437e-16 48.29999923706055 5
 endloop
endfacet
facet normal 0 0 0
 outer loop
vertex -0.1666291356086731 48.30818557739258 0
vertex -0.1666291356086731 48.30818557739258 5
vertex 1.0409497585229437e-16 48.29999923706055 5
 endloop
endfacet
facet normal 0 0 0
 outer loop
vertex -0.1666291356086731 48.30818557739258 0
vertex -0.33165353536605835 48.332664489746094 0
vertex -0.1666291356086731 48.30818557739258 5
 endloop
endfacet
facet normal 0 0 0
 outer loop
vertex -0.33165353536605835 48.332664489746094 0
vertex -0.33165353536605835 48.332664489746094 5
vertex -0.1666291356086731 48.30818557739258 5
 endloop
endfacet
facet normal 0 0 0
 outer loop
vertex -0.33165353536605835 48.332664489746094 0
vertex -0.4934839606285095 48.37320327758789 0
vertex -0.33165353536605835 48.332664489746094 5
 endloop
endfacet
facet normal 0 0 0
 outer loop
vertex -0.4934839606285095 48.37320327758789 0
vertex -0.4934839606285095 48.37320327758789 5
vertex -0.33165353536605835 48.332664489746094 5
 endloop
endfacet
facet normal 0 0 0
 outer loop
vertex -0.4934839606285095 48.37320327758789 0
vertex -0.6505618095397949 48.429405212402344 0
vertex -0.4934839606285095 48.37320327758789 5
 endloop
endfacet
facet normal 0 0 0
 outer loop
vertex -0.6505618095397949 48.429405212402344 0
vertex -0.6505618095397949 48.429405212402344 5
vertex -0.4934839606285095 48.37320327758789 5
 endloop
endfacet
facet normal 0 0 0
 outer loop
vertex -0.6505618095397949 48.429405212402344 0
vertex -0.8013744354248047 48.500732421875 0
vertex -0.6505618095397949 48.429405212402344 5
 endloop
endfacet
facet normal 0 0 0
 outer loop
vertex -0.8013744354248047 48.500732421875 0
vertex -0.8013744354248047 48.500732421875 5
vertex -0.6505618095397949 48.429405212402344 5
 endloop
endfacet
facet normal 0 0 0
 outer loop
vertex -0.8013744354248047 48.500732421875 0
vertex -0.9444693922996521 48.58650207519531 0
vertex -0.8013744354248047 48.500732421875 5
 endloop
endfacet
facet normal 0 0 0
 outer loop
vertex -0.9444693922996521 48.58650207519531 0
vertex -0.9444693922996521 48.58650207519531 5
vertex -0.8013744354248047 48.500732421875 5
 endloop
endfacet
facet normal 0 0 0
 outer loop
vertex -0.9444693922996521 48.58650207519531 0
vertex -1.0784685611724854 48.685882568359375 0
vertex -0.9444693922996521 48.58650207519531 5
 endloop
endfacet
facet normal 0 0 0
 outer loop
vertex -1.0784685611724854 48.685882568359375 0
vertex -1.0784685611724854 48.685882568359375 5
vertex -0.9444693922996521 48.58650207519531 5
 endloop
endfacet
facet normal 0 0 0
 outer loop
vertex -1.0784685611724854 48.685882568359375 0
vertex -1.202081561088562 48.79792022705078 0
vertex -1.0784685611724854 48.685882568359375 5
 endloop
endfacet
facet normal 0 0 0
 outer loop
vertex -1.202081561088562 48.79792022705078 0
vertex -1.202081561088562 48.79792022705078 5
vertex -1.0784685611724854 48.685882568359375 5
 endloop
endfacet
facet normal 0 0 0
 outer loop
vertex -1.202081561088562 48.79792022705078 0
vertex -1.3141177892684937 48.921531677246094 0
vertex -1.202081561088562 48.79792022705078 5
 endloop
endfacet
facet normal 0 0 0
 outer loop
vertex -1.3141177892684937 48.921531677246094 0
vertex -1.3141177892684937 48.921531677246094 5
vertex -1.202081561088562 48.79792022705078 5
 endloop
endfacet
facet normal 0 0 0
 outer loop
vertex -1.3141177892684937 48.921531677246094 0
vertex -1.4134982824325562 49.0555305480957 0
vertex -1.3141177892684937 48.921531677246094 5
 endloop
endfacet
facet normal 0 0 0
 outer loop
vertex -1.4134982824325562 49.0555305480957 0
vertex -1.4134982824325562 49.0555305480957 5
vertex -1.3141177892684937 48.921531677246094 5
 endloop
endfacet
facet normal 0 0 0
 outer loop
vertex -1.4134982824325562 49.0555305480957 0
vertex -1.4992661476135254 49.19862365722656 0
vertex -1.4134982824325562 49.0555305480957 5
 endloop
endfacet
facet normal 0 0 0
 outer loop
vertex -1.4992661476135254 49.19862365722656 0
vertex -1.4992661476135254 49.19862365722656 5
vertex -1.4134982824325562 49.0555305480957 5
 endloop
endfacet
facet normal 0 0 0
 outer loop
vertex -1.4992661476135254 49.19862365722656 0
vertex -1.5705952644348145 49.34943771362305 0
vertex -1.4992661476135254 49.19862365722656 5
 endloop
endfacet
facet normal 0 0 0
 outer loop
vertex -1.5705952644348145 49.34943771362305 0
vertex -1.5705952644348145 49.34943771362305 5
vertex -1.4992661476135254 49.19862365722656 5
 endloop
endfacet
facet normal 0 0 0
 outer loop
vertex -1.5705952644348145 49.34943771362305 0
vertex -1.6267986297607422 49.50651550292969 0
vertex -1.5705952644348145 49.34943771362305 5
 endloop
endfacet
facet normal 0 0 0
 outer loop
vertex -1.6267986297607422 49.50651550292969 0
vertex -1.6267986297607422 49.50651550292969 5
vertex -1.5705952644348145 49.34943771362305 5
 endloop
endfacet
facet normal 0 0 0
 outer loop
vertex -1.6267986297607422 49.50651550292969 0
vertex -1.667335033416748 49.6683464050293 0
vertex -1.6267986297607422 49.50651550292969 5
 endloop
endfacet
facet normal 0 0 0
 outer loop
vertex -1.667335033416748 49.6683464050293 0
vertex -1.667335033416748 49.6683464050293 5
vertex -1.6267986297607422 49.50651550292969 5
 endloop
endfacet
facet normal 0 0 0
 outer loop
vertex -1.667335033416748 49.6683464050293 0
vertex -1.6918140649795532 49.833370208740234 0
vertex -1.667335033416748 49.6683464050293 5
 endloop
endfacet
facet normal 0 0 0
 outer loop
vertex -1.6918140649795532 49.833370208740234 0
vertex -1.6918140649795532 49.833370208740234 5
vertex -1.667335033416748 49.6683464050293 5
 endloop
endfacet
facet normal 0 0 0
 outer loop
vertex -1.6918140649795532 49.833370208740234 0
vertex -1.7000000476837158 50 0
vertex -1.6918140649795532 49.833370208740234 5
 endloop
endfacet
facet normal 0 0 0
 outer loop
vertex -1.7000000476837158 50 0
vertex -1.7000000476837158 50 5
vertex -1.6918140649795532 49.833370208740234 5
 endloop
endfacet
facet normal 0 0 0
 outer loop
vertex -1.7000000476837158 50 0
vertex -1.6918140649795532 50.166629791259766 0
vertex -1.7000000476837158 50 5
 endloop
endfacet
facet normal 0 0 0
 outer loop
vertex -1.6918140649795532 50.166629791259766 0
vertex -1.6918140649795532 50.166629791259766 5
vertex -1.7000000476837158 50 5
 endloop
endfacet
facet normal 0 0 0
 outer loop
vertex -1.6918140649795532 50.166629791259766 0
vertex -1.667335033416748 50.3316535949707 0
vertex -1.6918140649795532 50.166629791259766 5
 endloop
endfacet
facet normal 0 0 0
 outer loop
vertex -1.667335033416748 50.3316535949707 0
vertex -1.667335033416748 50.3316535949707 5
vertex -1.6918140649795532 50.166629791259766 5
 endloop
endfacet
facet normal 0 0 0
 outer loop
vertex -1.667335033416748 50.3316535949707 0
vertex -1.6267986297607422 50.49348449707031 0
vertex -1.667335033416748 50.3316535949707 5
 endloop
endfacet
facet normal 0 0 0
 outer loop
vertex -1.6267986297607422 50.49348449707031 0
vertex -1.6267986297607422 50.49348449707031 5
vertex -1.667335033416748 50.3316535949707 5
 endloop
endfacet
facet normal 0 0 0
 outer loop
vertex -1.6267986297607422 50.49348449707031 0
vertex -1.5705952644348145 50.65056228637695 0
vertex -1.6267986297607422 50.49348449707031 5
 endloop
endfacet
facet normal 0 0 0
 outer loop
vertex -1.5705952644348145 50.65056228637695 0
vertex -1.5705952644348145 50.65056228637695 5
vertex -1.6267986297607422 50.49348449707031 5
 endloop
endfacet
facet normal 0 0 0
 outer loop
vertex -1.5705952644348145 50.65056228637695 0
vertex -1.4992661476135254 50.80137634277344 0
vertex -1.5705952644348145 50.65056228637695 5
 endloop
endfacet
facet normal 0 0 0
 outer loop
vertex -1.4992661476135254 50.80137634277344 0
vertex -1.4992661476135254 50.80137634277344 5
vertex -1.5705952644348145 50.65056228637695 5
 endloop
endfacet
facet normal 0 0 0
 outer loop
vertex -1.4992661476135254 50.80137634277344 0
vertex -1.4134982824325562 50.9444694519043 0
vertex -1.4992661476135254 50.80137634277344 5
 endloop
endfacet
facet normal 0 0 0
 outer loop
vertex -1.4134982824325562 50.9444694519043 0
vertex -1.4134982824325562 50.9444694519043 5
vertex -1.4992661476135254 50.80137634277344 5
 endloop
endfacet
facet normal 0 0 0
 outer loop
vertex -1.4134982824325562 50.9444694519043 0
vertex -1.3141177892684937 51.078468322753906 0
vertex -1.4134982824325562 50.9444694519043 5
 endloop
endfacet
facet normal 0 0 0
 outer loop
vertex -1.3141177892684937 51.078468322753906 0
vertex -1.3141177892684937 51.078468322753906 5
vertex -1.4134982824325562 50.9444694519043 5
 endloop
endfacet
facet normal 0 0 0
 outer loop
vertex -1.3141177892684937 51.078468322753906 0
vertex -1.202081561088562 51.20207977294922 0
vertex -1.3141177892684937 51.078468322753906 5
 endloop
endfacet
facet normal 0 0 0
 outer loop
vertex -1.202081561088562 51.20207977294922 0
vertex -1.202081561088562 51.20207977294922 5
vertex -1.3141177892684937 51.078468322753906 5
 endloop
endfacet
facet normal 0 0 0
 outer loop
vertex -1.202081561088562 51.20207977294922 0
vertex -1.0784685611724854 51.314117431640625 0
vertex -1.202081561088562 51.20207977294922 5
 endloop
endfacet
facet normal 0 0 0
 outer loop
vertex -1.0784685611724854 51.314117431640625 0
vertex -1.0784685611724854 51.314117431640625 5
vertex -1.202081561088562 51.20207977294922 5
 endloop
endfacet
facet normal 0 0 0
 outer loop
vertex -1.0784685611724854 51.314117431640625 0
vertex -0.9444693922996521 51.41349792480469 0
vertex -1.0784685611724854 51.314117431640625 5
 endloop
endfacet
facet normal 0 0 0
 outer loop
vertex -0.9444693922996521 51.41349792480469 0
vertex -0.9444693922996521 51.41349792480469 5
vertex -1.0784685611724854 51.314117431640625 5
 endloop
endfacet
facet normal 0 0 0
 outer loop
vertex -0.9444693922996521 51.41349792480469 0
vertex -0.8013744354248047 51.499267578125 0
vertex -0.9444693922996521 51.41349792480469 5
 endloop
endfacet
facet normal 0 0 0
 outer loop
vertex -0.8013744354248047 51.499267578125 0
vertex -0.8013744354248047 51.499267578125 5
vertex -0.9444693922996521 51.41349792480469 5
 endloop
endfacet
facet normal 0 0 0
 outer loop
vertex -0.8013744354248047 51.499267578125 0
vertex -0.6505618095397949 51.570594787597656 0
vertex -0.8013744354248047 51.499267578125 5
 endloop
endfacet
facet normal 0 0 0
 outer loop
vertex -0.6505618095397949 51.570594787597656 0
vertex -0.6505618095397949 51.570594787597656 5
vertex -0.8013744354248047 51.499267578125 5
 endloop
endfacet
facet normal 0 0 0
 outer loop
vertex -0.6505618095397949 51.570594787597656 0
vertex -0.4934839606285095 51.62679672241211 0
vertex -0.6505618095397949 51.570594787597656 5
 endloop
endfacet
facet normal 0 0 0
 outer loop
vertex -0.4934839606285095 51.62679672241211 0
vertex -0.4934839606285095 51.62679672241211 5
vertex -0.6505618095397949 51.570594787597656 5
 endloop
endfacet
facet normal 0 0 0
 outer loop
vertex -0.4934839606285095 51.62679672241211 0
vertex -0.33165353536605835 51.667335510253906 0
vertex -0.4934839606285095 51.62679672241211 5
 endloop
endfacet
facet normal 0 0 0
 outer loop
vertex -0.33165353536605835 51.667335510253906 0
vertex -0.33165353536605835 51.667335510253906 5
vertex -0.4934839606285095 51.62679672241211 5
 endloop
endfacet
facet normal 0 0 0
 outer loop
vertex -0.33165353536605835 51.667335510253906 0
vertex -0.1666291356086731 51.69181442260742 0
vertex -0.33165353536605835 51.667335510253906 5
 endloop
endfacet
facet normal 0 0 0
 outer loop
vertex -0.1666291356086731 51.69181442260742 0
vertex -0.1666291356086731 51.69181442260742 5
vertex -0.33165353536605835 51.667335510253906 5
 endloop
endfacet
facet normal 0 0 0
 outer loop
vertex -0.1666291356086731 51.69181442260742 0
vertex -3.122849275568831e-16 51.70000076293945 0
vertex -0.1666291356086731 51.69181442260742 5
 endloop
endfacet
facet normal 0 0 0
 outer loop
vertex -3.122849275568831e-16 51.70000076293945 0
vertex -3.122849275568831e-16 51.70000076293945 5
vertex -0.1666291356086731 51.69181442260742 5
 endloop
endfacet
facet normal 0 0 0
 outer loop
vertex -3.122849275568831e-16 51.70000076293945 0
vertex 0.1666291356086731 51.69181442260742 0
vertex -3.122849275568831e-16 51.70000076293945 5
 endloop
endfacet
facet normal 0 0 0
 outer loop
vertex 0.1666291356086731 51.69181442260742 0
vertex 0.1666291356086731 51.69181442260742 5
vertex -3.122849275568831e-16 51.70000076293945 5
 endloop
endfacet
facet normal 0 0 0
 outer loop
vertex 0.1666291356086731 51.69181442260742 0
vertex 0.33165353536605835 51.667335510253906 0
vertex 0.1666291356086731 51.69181442260742 5
 endloop
endfacet
facet normal 0 0 0
 outer loop
vertex 0.33165353536605835 51.667335510253906 0
vertex 0.33165353536605835 51.667335510253906 5
vertex 0.1666291356086731 51.69181442260742 5
 endloop
endfacet
facet normal 0 0 0
 outer loop
vertex 0.33165353536605835 51.667335510253906 0
vertex 0.4934839606285095 51.62679672241211 0
vertex 0.33165353536605835 51.667335510253906 5
 endloop
endfacet
facet normal 0 0 0
 outer loop
vertex 0.4934839606285095 51.62679672241211 0
vertex 0.4934839606285095 51.62679672241211 5
vertex 0.33165353536605835 51.667335510253906 5
 endloop
endfacet
facet normal 0 0 0
 outer loop
vertex 0.4934839606285095 51.62679672241211 0
vertex 0.6505618095397949 51.570594787597656 0
vertex 0.4934839606285095 51.62679672241211 5
 endloop
endfacet
facet normal 0 0 0
 outer loop
vertex 0.6505618095397949 51.570594787597656 0
vertex 0.6505618095397949 51.570594787597656 5
vertex 0.4934839606285095 51.62679672241211 5
 endloop
endfacet
facet normal 0 0 0
 outer loop
vertex 0.6505618095397949 51.570594787597656 0
vertex 0.8013744354248047 51.499267578125 0
vertex 0.6505618095397949 51.570594787597656 5
 endloop
endfacet
facet normal 0 0 0
 outer loop
vertex 0.8013744354248047 51.499267578125 0
vertex 0.8013744354248047 51.499267578125 5
vertex 0.6505618095397949 51.570594787597656 5
 endloop
endfacet
facet normal 0 0 0
 outer loop
vertex 0.8013744354248047 51.499267578125 0
vertex 0.9444693922996521 51.41349792480469 0
vertex 0.8013744354248047 51.499267578125 5
 endloop
endfacet
facet normal 0 0 0
 outer loop
vertex 0.9444693922996521 51.41349792480469 0
vertex 0.9444693922996521 51.41349792480469 5
vertex 0.8013744354248047 51.499267578125 5
 endloop
endfacet
facet normal 0 0 0
 outer loop
vertex 0.9444693922996521 51.41349792480469 0
vertex 1.0784685611724854 51.314117431640625 0
vertex 0.9444693922996521 51.41349792480469 5
 endloop
endfacet
facet normal 0 0 0
 outer loop
vertex 1.0784685611724854 51.314117431640625 0
vertex 1.0784685611724854 51.314117431640625 5
vertex 0.9444693922996521 51.41349792480469 5
 endloop
endfacet
facet normal 0 0 0
 outer loop
vertex 1.0784685611724854 51.314117431640625 0
vertex 1.202081561088562 51.20207977294922 0
vertex 1.0784685611724854 51.314117431640625 5
 endloop
endfacet
facet normal 0 0 0
 outer loop
vertex 1.202081561088562 51.20207977294922 0
vertex 1.202081561088562 51.20207977294922 5
vertex 1.0784685611724854 51.314117431640625 5
 endloop
endfacet
facet normal 0 0 0
 outer loop
vertex 1.202081561088562 51.20207977294922 0
vertex 1.3141177892684937 51.078468322753906 0
vertex 1.202081561088562 51.20207977294922 5
 endloop
endfacet
facet normal 0 0 0
 outer loop
vertex 1.3141177892684937 51.078468322753906 0
vertex 1.3141177892684937 51.078468322753906 5
vertex 1.202081561088562 51.20207977294922 5
 endloop
endfacet
facet normal 0 0 0
 outer loop
vertex 1.3141177892684937 51.078468322753906 0
vertex 1.4134982824325562 50.9444694519043 0
vertex 1.3141177892684937 51.078468322753906 5
 endloop
endfacet
facet normal 0 0 0
 outer loop
vertex 1.4134982824325562 50.9444694519043 0
vertex 1.4134982824325562 50.9444694519043 5
vertex 1.3141177892684937 51.078468322753906 5
 endloop
endfacet
facet normal 0 0 0
 outer loop
vertex 1.4134982824325562 50.9444694519043 0
vertex 1.4992661476135254 50.80137634277344 0
vertex 1.4134982824325562 50.9444694519043 5
 endloop
endfacet
facet normal 0 0 0
 outer loop
vertex 1.4992661476135254 50.80137634277344 0
vertex 1.4992661476135254 50.80137634277344 5
vertex 1.4134982824325562 50.9444694519043 5
 endloop
endfacet
facet normal 0 0 0
 outer loop
vertex 1.4992661476135254 50.80137634277344 0
vertex 1.5705952644348145 50.65056228637695 0
vertex 1.4992661476135254 50.80137634277344 5
 endloop
endfacet
facet normal 0 0 0
 outer loop
vertex 1.5705952644348145 50.65056228637695 0
vertex 1.5705952644348145 50.65056228637695 5
vertex 1.4992661476135254 50.80137634277344 5
 endloop
endfacet
facet normal 0 0 0
 outer loop
vertex 1.5705952644348145 50.65056228637695 0
vertex 1.6267986297607422 50.49348449707031 0
vertex 1.5705952644348145 50.65056228637695 5
 endloop
endfacet
facet normal 0 0 0
 outer loop
vertex 1.6267986297607422 50.49348449707031 0
vertex 1.6267986297607422 50.49348449707031 5
vertex 1.5705952644348145 50.65056228637695 5
 endloop
endfacet
facet normal 0 0 0
 outer loop
vertex 1.6267986297607422 50.49348449707031 0
vertex 1.667335033416748 50.3316535949707 0
vertex 1.6267986297607422 50.49348449707031 5
 endloop
endfacet
facet normal 0 0 0
 outer loop
vertex 1.667335033416748 50.3316535949707 0
vertex 1.667335033416748 50.3316535949707 5
vertex 1.6267986297607422 50.49348449707031 5
 endloop
endfacet
facet normal 0 0 0
 outer loop
vertex 1.667335033416748 50.3316535949707 0
vertex 1.6918140649795532 50.166629791259766 0
vertex 1.667335033416748 50.3316535949707 5
 endloop
endfacet
facet normal 0 0 0
 outer loop
vertex 1.6918140649795532 50.166629791259766 0
vertex 1.6918140649795532 50.166629791259766 5
vertex 1.667335033416748 50.3316535949707 5
 endloop
endfacet
facet normal 0 0 0
 outer loop
vertex 1.6918140649795532 50.166629791259766 0
vertex 1.7000000476837158 50 0
vertex 1.6918140649795532 50.166629791259766 5
 endloop
endfacet
facet normal 0 0 0
 outer loop
vertex 1.7000000476837158 50 0
vertex 1.7000000476837158 50 5
vertex 1.6918140649795532 50.166629791259766 5
 endloop
endfacet
endsolid systemedu
