solid systemedu
facet normal 0 0 0
 outer loop
vertex 11.308185577392578 7.166629314422607 0
vertex 11.300000190734863 7 0
vertex -11.300000190734863 7 0
 endloop
endfacet
facet normal 0 0 0
 outer loop
vertex -11.300000190734863 7 0
vertex 11.300000190734863 7 0
vertex 11.308185577392578 6.833370685577393 0
 endloop
endfacet
facet normal 0 0 0
 outer loop
vertex -22 0 0
vertex -14.699999809265137 7 0
vertex -14.691814422607422 6.833370685577393 0
 endloop
endfacet
facet normal 0 0 0
 outer loop
vertex -11.199999809265137 63 0
vertex -22 0 0
vertex -16 83 0
 endloop
endfacet
facet normal 0 0 0
 outer loop
vertex 8.800000190734863 63 0
vertex -8.800000190734863 63 0
vertex -8.805778503417969 63.11762237548828 0
 endloop
endfacet
facet normal 0 0 0
 outer loop
vertex -8.800000190734863 63 0
vertex 8.800000190734863 63 0
vertex 8.805778503417969 62.88237762451172 0
 endloop
endfacet
facet normal 0 0 0
 outer loop
vertex -22 0 0
vertex -11.199999809265137 63 0
vertex -11.194221496582031 62.88237762451172 0
 endloop
endfacet
facet normal 0 0 0
 outer loop
vertex -14.691814422607422 7.166629314422607 0
vertex -14.699999809265137 7 0
vertex -22 0 0
 endloop
endfacet
facet normal 0 0 0
 outer loop
vertex 11.308185577392578 7.166629314422607 0
vertex -11.300000190734863 7 0
vertex -11.308185577392578 7.166629314422607 0
 endloop
endfacet
facet normal 0 0 0
 outer loop
vertex -11.300000190734863 7 0
vertex 11.308185577392578 6.833370685577393 0
vertex 11.33266544342041 6.668346405029297 0
 endloop
endfacet
facet normal 0 0 0
 outer loop
vertex -22 0 0
vertex -14.691814422607422 6.833370685577393 0
vertex -14.66733455657959 6.668346405029297 0
 endloop
endfacet
facet normal 0 0 0
 outer loop
vertex -11.194221496582031 63.11762237548828 0
vertex -11.199999809265137 63 0
vertex -16 83 0
 endloop
endfacet
facet normal 0 0 0
 outer loop
vertex 8.800000190734863 63 0
vertex -8.805778503417969 63.11762237548828 0
vertex -8.823058128356934 63.234107971191406 0
 endloop
endfacet
facet normal 0 0 0
 outer loop
vertex -8.800000190734863 63 0
vertex 8.805778503417969 62.88237762451172 0
vertex 8.823058128356934 62.765892028808594 0
 endloop
endfacet
facet normal 0 0 0
 outer loop
vertex -22 0 0
vertex -11.194221496582031 62.88237762451172 0
vertex -11.176941871643066 62.765892028808594 0
 endloop
endfacet
facet normal 0 0 0
 outer loop
vertex -14.66733455657959 7.331653594970703 0
vertex -14.691814422607422 7.166629314422607 0
vertex -22 0 0
 endloop
endfacet
facet normal 0 0 0
 outer loop
vertex 11.308185577392578 7.166629314422607 0
vertex -11.308185577392578 7.166629314422607 0
vertex -11.33266544342041 7.331653594970703 0
 endloop
endfacet
facet normal 0 0 0
 outer loop
vertex -11.300000190734863 7 0
vertex 11.33266544342041 6.668346405029297 0
vertex 11.373201370239258 6.506515979766846 0
 endloop
endfacet
facet normal 0 0 0
 outer loop
vertex -22 0 0
vertex -14.66733455657959 6.668346405029297 0
vertex -14.626798629760742 6.506515979766846 0
 endloop
endfacet
facet normal 0 0 0
 outer loop
vertex -11.176941871643066 63.234107971191406 0
vertex -11.194221496582031 63.11762237548828 0
vertex -16 83 0
 endloop
endfacet
facet normal 0 0 0
 outer loop
vertex 8.800000190734863 63 0
vertex -8.823058128356934 63.234107971191406 0
vertex -8.85167121887207 63.34834289550781 0
 endloop
endfacet
facet normal 0 0 0
 outer loop
vertex -8.800000190734863 63 0
vertex 8.823058128356934 62.765892028808594 0
vertex 8.85167121887207 62.65165710449219 0
 endloop
endfacet
facet normal 0 0 0
 outer loop
vertex -22 0 0
vertex -11.176941871643066 62.765892028808594 0
vertex -11.14832878112793 62.65165710449219 0
 endloop
endfacet
facet normal 0 0 0
 outer loop
vertex -14.626798629760742 7.493484020233154 0
vertex -14.66733455657959 7.331653594970703 0
vertex -22 0 0
 endloop
endfacet
facet normal 0 0 0
 outer loop
vertex 11.308185577392578 7.166629314422607 0
vertex -11.33266544342041 7.331653594970703 0
vertex -11.373201370239258 7.493484020233154 0
 endloop
endfacet
facet normal 0 0 0
 outer loop
vertex -11.300000190734863 7 0
vertex 11.373201370239258 6.506515979766846 0
vertex 11.429405212402344 6.349438190460205 0
 endloop
endfacet
facet normal 0 0 0
 outer loop
vertex -22 0 0
vertex -14.626798629760742 6.506515979766846 0
vertex -14.570594787597656 6.349438190460205 0
 endloop
endfacet
facet normal 0 0 0
 outer loop
vertex -11.14832878112793 63.34834289550781 0
vertex -11.176941871643066 63.234107971191406 0
vertex -16 83 0
 endloop
endfacet
facet normal 0 0 0
 outer loop
vertex 8.800000190734863 63 0
vertex -8.85167121887207 63.34834289550781 0
vertex -8.891345024108887 63.45922088623047 0
 endloop
endfacet
facet normal 0 0 0
 outer loop
vertex -8.800000190734863 63 0
vertex 8.85167121887207 62.65165710449219 0
vertex 8.891345024108887 62.54077911376953 0
 endloop
endfacet
facet normal 0 0 0
 outer loop
vertex -22 0 0
vertex -11.14832878112793 62.65165710449219 0
vertex -11.108654975891113 62.54077911376953 0
 endloop
endfacet
facet normal 0 0 0
 outer loop
vertex -14.570594787597656 7.650561809539795 0
vertex -14.626798629760742 7.493484020233154 0
vertex -22 0 0
 endloop
endfacet
facet normal 0 0 0
 outer loop
vertex 11.308185577392578 7.166629314422607 0
vertex -11.373201370239258 7.493484020233154 0
vertex -11.429405212402344 7.650561809539795 0
 endloop
endfacet
facet normal 0 0 0
 outer loop
vertex -11.300000190734863 7 0
vertex 11.429405212402344 6.349438190460205 0
vertex 11.500733375549316 6.198625564575195 0
 endloop
endfacet
facet normal 0 0 0
 outer loop
vertex -22 0 0
vertex -14.570594787597656 6.349438190460205 0
vertex -14.499266624450684 6.198625564575195 0
 endloop
endfacet
facet normal 0 0 0
 outer loop
vertex -11.108654975891113 63.45922088623047 0
vertex -11.14832878112793 63.34834289550781 0
vertex -16 83 0
 endloop
endfacet
facet normal 0 0 0
 outer loop
vertex 8.800000190734863 63 0
vertex -8.891345024108887 63.45922088623047 0
vertex -8.941694259643555 63.565677642822266 0
 endloop
endfacet
facet normal 0 0 0
 outer loop
vertex -8.800000190734863 63 0
vertex 8.891345024108887 62.54077911376953 0
vertex 8.941694259643555 62.434322357177734 0
 endloop
endfacet
facet normal 0 0 0
 outer loop
vertex -22 0 0
vertex -11.108654975891113 62.54077911376953 0
vertex -11.058305740356445 62.434322357177734 0
 endloop
endfacet
facet normal 0 0 0
 outer loop
vertex -14.499266624450684 7.801374435424805 0
vertex -14.570594787597656 7.650561809539795 0
vertex -22 0 0
 endloop
endfacet
facet normal 0 0 0
 outer loop
vertex 11.308185577392578 7.166629314422607 0
vertex -11.429405212402344 7.650561809539795 0
vertex -11.500733375549316 7.801374435424805 0
 endloop
endfacet
facet normal 0 0 0
 outer loop
vertex -11.300000190734863 7 0
vertex 11.500733375549316 6.198625564575195 0
vertex 11.586502075195312 6.055530548095703 0
 endloop
endfacet
facet normal 0 0 0
 outer loop
vertex -22 0 0
vertex -14.499266624450684 6.198625564575195 0
vertex -14.413497924804688 6.055530548095703 0
 endloop
endfacet
facet normal 0 0 0
 outer loop
vertex -11.058305740356445 63.565677642822266 0
vertex -11.108654975891113 63.45922088623047 0
vertex -16 83 0
 endloop
endfacet
facet normal 0 0 0
 outer loop
vertex 8.800000190734863 63 0
vertex -8.941694259643555 63.565677642822266 0
vertex -9.002236366271973 63.666683197021484 0
 endloop
endfacet
facet normal 0 0 0
 outer loop
vertex -8.800000190734863 63 0
vertex 8.941694259643555 62.434322357177734 0
vertex 9.002236366271973 62.333316802978516 0
 endloop
endfacet
facet normal 0 0 0
 outer loop
vertex -22 0 0
vertex -11.058305740356445 62.434322357177734 0
vertex -10.997763633728027 62.333316802978516 0
 endloop
endfacet
facet normal 0 0 0
 outer loop
vertex -14.413497924804688 7.944469451904297 0
vertex -14.499266624450684 7.801374435424805 0
vertex -22 0 0
 endloop
endfacet
facet normal 0 0 0
 outer loop
vertex 11.308185577392578 7.166629314422607 0
vertex -11.500733375549316 7.801374435424805 0
vertex -11.586502075195312 7.944469451904297 0
 endloop
endfacet
facet normal 0 0 0
 outer loop
vertex -11.300000190734863 7 0
vertex 11.586502075195312 6.055530548095703 0
vertex 11.685882568359375 5.9215312004089355 0
 endloop
endfacet
facet normal 0 0 0
 outer loop
vertex -22 0 0
vertex -14.413497924804688 6.055530548095703 0
vertex -14.314117431640625 5.9215312004089355 0
 endloop
endfacet
facet normal 0 0 0
 outer loop
vertex -10.997763633728027 63.666683197021484 0
vertex -11.058305740356445 63.565677642822266 0
vertex -16 83 0
 endloop
endfacet
facet normal 0 0 0
 outer loop
vertex 8.800000190734863 63 0
vertex -9.002236366271973 63.666683197021484 0
vertex -9.0723876953125 63.76127243041992 0
 endloop
endfacet
facet normal 0 0 0
 outer loop
vertex -8.800000190734863 63 0
vertex 9.002236366271973 62.333316802978516 0
vertex 9.0723876953125 62.23872756958008 0
 endloop
endfacet
facet normal 0 0 0
 outer loop
vertex -22 0 0
vertex -10.997763633728027 62.333316802978516 0
vertex -10.9276123046875 62.23872756958008 0
 endloop
endfacet
facet normal 0 0 0
 outer loop
vertex -14.314117431640625 8.078468322753906 0
vertex -14.413497924804688 7.944469451904297 0
vertex -22 0 0
 endloop
endfacet
facet normal 0 0 0
 outer loop
vertex 11.308185577392578 7.166629314422607 0
vertex -11.586502075195312 7.944469451904297 0
vertex -11.685882568359375 8.078468322753906 0
 endloop
endfacet
facet normal 0 0 0
 outer loop
vertex -11.300000190734863 7 0
vertex 11.685882568359375 5.9215312004089355 0
vertex 11.797918319702148 5.797918319702148 0
 endloop
endfacet
facet normal 0 0 0
 outer loop
vertex -22 0 0
vertex -14.314117431640625 5.9215312004089355 0
vertex -14.202081680297852 5.797918319702148 0
 endloop
endfacet
facet normal 0 0 0
 outer loop
vertex -10.9276123046875 63.76127243041992 0
vertex -10.997763633728027 63.666683197021484 0
vertex -16 83 0
 endloop
endfacet
facet normal 0 0 0
 outer loop
vertex 8.800000190734863 63 0
vertex -9.0723876953125 63.76127243041992 0
vertex -9.151472091674805 63.84852981567383 0
 endloop
endfacet
facet normal 0 0 0
 outer loop
vertex -8.800000190734863 63 0
vertex 9.0723876953125 62.23872756958008 0
vertex 9.151472091674805 62.15147018432617 0
 endloop
endfacet
facet normal 0 0 0
 outer loop
vertex -22 0 0
vertex -10.9276123046875 62.23872756958008 0
vertex -10.848527908325195 62.15147018432617 0
 endloop
endfacet
facet normal 0 0 0
 outer loop
vertex -14.202081680297852 8.202081680297852 0
vertex -14.314117431640625 8.078468322753906 0
vertex -22 0 0
 endloop
endfacet
facet normal 0 0 0
 outer loop
vertex 11.308185577392578 7.166629314422607 0
vertex -11.685882568359375 8.078468322753906 0
vertex -11.797918319702148 8.202081680297852 0
 endloop
endfacet
facet normal 0 0 0
 outer loop
vertex -11.300000190734863 7 0
vertex 11.797918319702148 5.797918319702148 0
vertex 11.921531677246094 5.685882091522217 0
 endloop
endfacet
facet normal 0 0 0
 outer loop
vertex -22 0 0
vertex -14.202081680297852 5.797918319702148 0
vertex -14.078468322753906 5.685882091522217 0
 endloop
endfacet
facet normal 0 0 0
 outer loop
vertex -10.848527908325195 63.84852981567383 0
vertex -10.9276123046875 63.76127243041992 0
vertex -16 83 0
 endloop
endfacet
facet normal 0 0 0
 outer loop
vertex 8.800000190734863 63 0
vertex -9.151472091674805 63.84852981567383 0
vertex -9.238728523254395 63.9276123046875 0
 endloop
endfacet
facet normal 0 0 0
 outer loop
vertex -8.800000190734863 63 0
vertex 9.151472091674805 62.15147018432617 0
vertex 9.238728523254395 62.0723876953125 0
 endloop
endfacet
facet normal 0 0 0
 outer loop
vertex -22 0 0
vertex -10.848527908325195 62.15147018432617 0
vertex -10.761271476745605 62.0723876953125 0
 endloop
endfacet
facet normal 0 0 0
 outer loop
vertex 11.308185577392578 7.166629314422607 0
vertex -11.797918319702148 8.202081680297852 0
vertex -11.921531677246094 8.314117431640625 0
 endloop
endfacet
facet normal 0 0 0
 outer loop
vertex -11.300000190734863 7 0
vertex 11.921531677246094 5.685882091522217 0
vertex 12.055530548095703 5.586501598358154 0
 endloop
endfacet
facet normal 0 0 0
 outer loop
vertex -22 0 0
vertex -14.078468322753906 5.685882091522217 0
vertex -13.944469451904297 5.586501598358154 0
 endloop
endfacet
facet normal 0 0 0
 outer loop
vertex -10.761271476745605 63.9276123046875 0
vertex -10.848527908325195 63.84852981567383 0
vertex -16 83 0
 endloop
endfacet
facet normal 0 0 0
 outer loop
vertex 8.800000190734863 63 0
vertex -9.238728523254395 63.9276123046875 0
vertex -9.3333158493042 63.997764587402344 0
 endloop
endfacet
facet normal 0 0 0
 outer loop
vertex -8.800000190734863 63 0
vertex 9.238728523254395 62.0723876953125 0
vertex 9.3333158493042 62.002235412597656 0
 endloop
endfacet
facet normal 0 0 0
 outer loop
vertex -22 0 0
vertex -10.761271476745605 62.0723876953125 0
vertex -10.6666841506958 62.002235412597656 0
 endloop
endfacet
facet normal 0 0 0
 outer loop
vertex 11.308185577392578 7.166629314422607 0
vertex -11.921531677246094 8.314117431640625 0
vertex -12.055530548095703 8.413497924804688 0
 endloop
endfacet
facet normal 0 0 0
 outer loop
vertex -11.300000190734863 7 0
vertex 12.055530548095703 5.586501598358154 0
vertex 12.198625564575195 5.500733852386475 0
 endloop
endfacet
facet normal 0 0 0
 outer loop
vertex -22 0 0
vertex -13.944469451904297 5.586501598358154 0
vertex -13.801374435424805 5.500733852386475 0
 endloop
endfacet
facet normal 0 0 0
 outer loop
vertex -10.6666841506958 63.997764587402344 0
vertex -10.761271476745605 63.9276123046875 0
vertex -16 83 0
 endloop
endfacet
facet normal 0 0 0
 outer loop
vertex 8.800000190734863 63 0
vertex -9.3333158493042 63.997764587402344 0
vertex -9.434324264526367 64.05830383300781 0
 endloop
endfacet
facet normal 0 0 0
 outer loop
vertex -8.800000190734863 63 0
vertex 9.3333158493042 62.002235412597656 0
vertex 9.434324264526367 61.94169616699219 0
 endloop
endfacet
facet normal 0 0 0
 outer loop
vertex -22 0 0
vertex -10.6666841506958 62.002235412597656 0
vertex -10.565675735473633 61.94169616699219 0
 endloop
endfacet
facet normal 0 0 0
 outer loop
vertex 11.308185577392578 7.166629314422607 0
vertex -12.055530548095703 8.413497924804688 0
vertex -12.198625564575195 8.499266624450684 0
 endloop
endfacet
facet normal 0 0 0
 outer loop
vertex -11.300000190734863 7 0
vertex 12.198625564575195 5.500733852386475 0
vertex 12.349437713623047 5.4294047355651855 0
 endloop
endfacet
facet normal 0 0 0
 outer loop
vertex -22 0 0
vertex -13.801374435424805 5.500733852386475 0
vertex -13.650562286376953 5.4294047355651855 0
 endloop
endfacet
facet normal 0 0 0
 outer loop
vertex -10.6666841506958 63.997764587402344 0
vertex -16 83 0
vertex 16 83 0
 endloop
endfacet
facet normal 0 0 0
 outer loop
vertex 8.800000190734863 63 0
vertex -9.434324264526367 64.05830383300781 0
vertex -9.540780067443848 64.10865783691406 0
 endloop
endfacet
facet normal 0 0 0
 outer loop
vertex -8.800000190734863 63 0
vertex 9.434324264526367 61.94169616699219 0
vertex 9.540780067443848 61.8913459777832 0
 endloop
endfacet
facet normal 0 0 0
 outer loop
vertex -22 0 0
vertex -10.565675735473633 61.94169616699219 0
vertex -10.459219932556152 61.8913459777832 0
 endloop
endfacet
facet normal 0 0 0
 outer loop
vertex 11.308185577392578 7.166629314422607 0
vertex -12.198625564575195 8.499266624450684 0
vertex -12.349437713623047 8.570594787597656 0
 endloop
endfacet
facet normal 0 0 0
 outer loop
vertex -11.300000190734863 7 0
vertex 12.349437713623047 5.4294047355651855 0
vertex 12.506516456604004 5.373201370239258 0
 endloop
endfacet
facet normal 0 0 0
 outer loop
vertex -22 0 0
vertex -13.650562286376953 5.4294047355651855 0
vertex -13.493483543395996 5.373201370239258 0
 endloop
endfacet
facet normal 0 0 0
 outer loop
vertex -10.565675735473633 64.05830383300781 0
vertex -10.6666841506958 63.997764587402344 0
vertex 16 83 0
 endloop
endfacet
facet normal 0 0 0
 outer loop
vertex 8.800000190734863 63 0
vertex -9.540780067443848 64.10865783691406 0
vertex -9.651658058166504 64.14833068847656 0
 endloop
endfacet
facet normal 0 0 0
 outer loop
vertex -8.800000190734863 63 0
vertex 9.540780067443848 61.8913459777832 0
vertex 9.651658058166504 61.8516731262207 0
 endloop
endfacet
facet normal 0 0 0
 outer loop
vertex -22 0 0
vertex -10.459219932556152 61.8913459777832 0
vertex -10.348341941833496 61.8516731262207 0
 endloop
endfacet
facet normal 0 0 0
 outer loop
vertex 11.308185577392578 7.166629314422607 0
vertex -12.349437713623047 8.570594787597656 0
vertex -12.506516456604004 8.626798629760742 0
 endloop
endfacet
facet normal 0 0 0
 outer loop
vertex -11.300000190734863 7 0
vertex 12.506516456604004 5.373201370239258 0
vertex 12.668346405029297 5.332664966583252 0
 endloop
endfacet
facet normal 0 0 0
 outer loop
vertex -22 0 0
vertex -13.493483543395996 5.373201370239258 0
vertex -13.331653594970703 5.332664966583252 0
 endloop
endfacet
facet normal 0 0 0
 outer loop
vertex -10.459219932556152 64.10865783691406 0
vertex -10.565675735473633 64.05830383300781 0
vertex 16 83 0
 endloop
endfacet
facet normal 0 0 0
 outer loop
vertex 8.800000190734863 63 0
vertex -9.651658058166504 64.14833068847656 0
vertex -9.765892028808594 64.17694091796875 0
 endloop
endfacet
facet normal 0 0 0
 outer loop
vertex -8.800000190734863 63 0
vertex 9.651658058166504 61.8516731262207 0
vertex 9.765892028808594 61.82305908203125 0
 endloop
endfacet
facet normal 0 0 0
 outer loop
vertex -22 0 0
vertex -10.348341941833496 61.8516731262207 0
vertex -10.234107971191406 61.82305908203125 0
 endloop
endfacet
facet normal 0 0 0
 outer loop
vertex 11.308185577392578 7.166629314422607 0
vertex -12.506516456604004 8.626798629760742 0
vertex -12.668346405029297 8.66733455657959 0
 endloop
endfacet
facet normal 0 0 0
 outer loop
vertex -11.300000190734863 7 0
vertex 12.668346405029297 5.332664966583252 0
vertex 12.83337116241455 5.308186054229736 0
 endloop
endfacet
facet normal 0 0 0
 outer loop
vertex -22 0 0
vertex -13.331653594970703 5.332664966583252 0
vertex -13.16662883758545 5.308186054229736 0
 endloop
endfacet
facet normal 0 0 0
 outer loop
vertex -10.348341941833496 64.14833068847656 0
vertex -10.459219932556152 64.10865783691406 0
vertex 16 83 0
 endloop
endfacet
facet normal 0 0 0
 outer loop
vertex 8.800000190734863 63 0
vertex -9.765892028808594 64.17694091796875 0
vertex -9.882379531860352 64.19422149658203 0
 endloop
endfacet
facet normal 0 0 0
 outer loop
vertex -8.800000190734863 63 0
vertex 9.765892028808594 61.82305908203125 0
vertex 9.882379531860352 61.80577850341797 0
 endloop
endfacet
facet normal 0 0 0
 outer loop
vertex -22 0 0
vertex -10.234107971191406 61.82305908203125 0
vertex -10.117620468139648 61.80577850341797 0
 endloop
endfacet
facet normal 0 0 0
 outer loop
vertex 11.308185577392578 7.166629314422607 0
vertex -12.668346405029297 8.66733455657959 0
vertex -12.83337116241455 8.691814422607422 0
 endloop
endfacet
facet normal 0 0 0
 outer loop
vertex -11.308185577392578 6.833370685577393 0
vertex -11.300000190734863 7 0
vertex 12.83337116241455 5.308186054229736 0
 endloop
endfacet
facet normal 0 0 0
 outer loop
vertex -22 0 0
vertex -13.16662883758545 5.308186054229736 0
vertex -13 5.300000190734863 0
 endloop
endfacet
facet normal 0 0 0
 outer loop
vertex -10.234107971191406 64.17694091796875 0
vertex -10.348341941833496 64.14833068847656 0
vertex 16 83 0
 endloop
endfacet
facet normal 0 0 0
 outer loop
vertex 8.805778503417969 63.11762237548828 0
vertex 8.800000190734863 63 0
vertex -9.882379531860352 64.19422149658203 0
 endloop
endfacet
facet normal 0 0 0
 outer loop
vertex -8.805778503417969 62.88237762451172 0
vertex -8.800000190734863 63 0
vertex 9.882379531860352 61.80577850341797 0
 endloop
endfacet
facet normal 0 0 0
 outer loop
vertex -22 0 0
vertex -10.117620468139648 61.80577850341797 0
vertex -10 61.79999923706055 0
 endloop
endfacet
facet normal 0 0 0
 outer loop
vertex 11.33266544342041 7.331653594970703 0
vertex 11.308185577392578 7.166629314422607 0
vertex -12.83337116241455 8.691814422607422 0
 endloop
endfacet
facet normal 0 0 0
 outer loop
vertex -11.33266544342041 6.668346405029297 0
vertex -11.308185577392578 6.833370685577393 0
vertex 12.83337116241455 5.308186054229736 0
 endloop
endfacet
facet normal 0 0 0
 outer loop
vertex -22 0 0
vertex -13 5.300000190734863 0
vertex -12.83337116241455 5.308186054229736 0
 endloop
endfacet
facet normal 0 0 0
 outer loop
vertex -10.117620468139648 64.19422149658203 0
vertex -10.234107971191406 64.17694091796875 0
vertex 16 83 0
 endloop
endfacet
facet normal 0 0 0
 outer loop
vertex 8.823058128356934 63.234107971191406 0
vertex 8.805778503417969 63.11762237548828 0
vertex -9.882379531860352 64.19422149658203 0
 endloop
endfacet
facet normal 0 0 0
 outer loop
vertex -8.823058128356934 62.765892028808594 0
vertex -8.805778503417969 62.88237762451172 0
vertex 9.882379531860352 61.80577850341797 0
 endloop
endfacet
facet normal 0 0 0
 outer loop
vertex -22 0 0
vertex -10 61.79999923706055 0
vertex -9.882379531860352 61.80577850341797 0
 endloop
endfacet
facet normal 0 0 0
 outer loop
vertex 11.373201370239258 7.493484020233154 0
vertex 11.33266544342041 7.331653594970703 0
vertex -12.83337116241455 8.691814422607422 0
 endloop
endfacet
facet normal 0 0 0
 outer loop
vertex -11.373201370239258 6.506515979766846 0
vertex -11.33266544342041 6.668346405029297 0
vertex 12.83337116241455 5.308186054229736 0
 endloop
endfacet
facet normal 0 0 0
 outer loop
vertex -22 0 0
vertex -12.83337116241455 5.308186054229736 0
vertex -12.668346405029297 5.332664966583252 0
 endloop
endfacet
facet normal 0 0 0
 outer loop
vertex -10 64.19999694824219 0
vertex -10.117620468139648 64.19422149658203 0
vertex 16 83 0
 endloop
endfacet
facet normal 0 0 0
 outer loop
vertex 8.85167121887207 63.34834289550781 0
vertex 8.823058128356934 63.234107971191406 0
vertex -9.882379531860352 64.19422149658203 0
 endloop
endfacet
facet normal 0 0 0
 outer loop
vertex -8.85167121887207 62.65165710449219 0
vertex -8.823058128356934 62.765892028808594 0
vertex 9.882379531860352 61.80577850341797 0
 endloop
endfacet
facet normal 0 0 0
 outer loop
vertex -22 0 0
vertex -9.882379531860352 61.80577850341797 0
vertex -9.765892028808594 61.82305908203125 0
 endloop
endfacet
facet normal 0 0 0
 outer loop
vertex 11.429405212402344 7.650561809539795 0
vertex 11.373201370239258 7.493484020233154 0
vertex -12.83337116241455 8.691814422607422 0
 endloop
endfacet
facet normal 0 0 0
 outer loop
vertex -11.429405212402344 6.349438190460205 0
vertex -11.373201370239258 6.506515979766846 0
vertex 12.83337116241455 5.308186054229736 0
 endloop
endfacet
facet normal 0 0 0
 outer loop
vertex -22 0 0
vertex -12.668346405029297 5.332664966583252 0
vertex -12.506516456604004 5.373201370239258 0
 endloop
endfacet
facet normal 0 0 0
 outer loop
vertex -9.882379531860352 64.19422149658203 0
vertex -10 64.19999694824219 0
vertex 16 83 0
 endloop
endfacet
facet normal 0 0 0
 outer loop
vertex 8.891345024108887 63.45922088623047 0
vertex 8.85167121887207 63.34834289550781 0
vertex -9.882379531860352 64.19422149658203 0
 endloop
endfacet
facet normal 0 0 0
 outer loop
vertex -8.85167121887207 62.65165710449219 0
vertex 9.882379531860352 61.80577850341797 0
vertex 10 61.79999923706055 0
 endloop
endfacet
facet normal 0 0 0
 outer loop
vertex -22 0 0
vertex -9.765892028808594 61.82305908203125 0
vertex -9.651658058166504 61.8516731262207 0
 endloop
endfacet
facet normal 0 0 0
 outer loop
vertex 11.429405212402344 7.650561809539795 0
vertex -12.83337116241455 8.691814422607422 0
vertex -13 8.699999809265137 0
 endloop
endfacet
facet normal 0 0 0
 outer loop
vertex -11.429405212402344 6.349438190460205 0
vertex 12.83337116241455 5.308186054229736 0
vertex 13 5.300000190734863 0
 endloop
endfacet
facet normal 0 0 0
 outer loop
vertex -22 0 0
vertex -12.506516456604004 5.373201370239258 0
vertex -12.349437713623047 5.4294047355651855 0
 endloop
endfacet
facet normal 0 0 0
 outer loop
vertex 8.891345024108887 63.45922088623047 0
vertex -9.882379531860352 64.19422149658203 0
vertex 16 83 0
 endloop
endfacet
facet normal 0 0 0
 outer loop
vertex -8.891345024108887 62.54077911376953 0
vertex -8.85167121887207 62.65165710449219 0
vertex 10 61.79999923706055 0
 endloop
endfacet
facet normal 0 0 0
 outer loop
vertex -22 0 0
vertex -9.651658058166504 61.8516731262207 0
vertex -9.540780067443848 61.8913459777832 0
 endloop
endfacet
facet normal 0 0 0
 outer loop
vertex 11.500733375549316 7.801374435424805 0
vertex 11.429405212402344 7.650561809539795 0
vertex -13 8.699999809265137 0
 endloop
endfacet
facet normal 0 0 0
 outer loop
vertex -11.500733375549316 6.198625564575195 0
vertex -11.429405212402344 6.349438190460205 0
vertex 13 5.300000190734863 0
 endloop
endfacet
facet normal 0 0 0
 outer loop
vertex -22 0 0
vertex -12.349437713623047 5.4294047355651855 0
vertex -12.198625564575195 5.500733852386475 0
 endloop
endfacet
facet normal 0 0 0
 outer loop
vertex 8.941694259643555 63.565677642822266 0
vertex 8.891345024108887 63.45922088623047 0
vertex 16 83 0
 endloop
endfacet
facet normal 0 0 0
 outer loop
vertex -8.941694259643555 62.434322357177734 0
vertex -8.891345024108887 62.54077911376953 0
vertex 10 61.79999923706055 0
 endloop
endfacet
facet normal 0 0 0
 outer loop
vertex -22 0 0
vertex -9.540780067443848 61.8913459777832 0
vertex -9.434324264526367 61.94169616699219 0
 endloop
endfacet
facet normal 0 0 0
 outer loop
vertex 11.586502075195312 7.944469451904297 0
vertex 11.500733375549316 7.801374435424805 0
vertex -13 8.699999809265137 0
 endloop
endfacet
facet normal 0 0 0
 outer loop
vertex -11.586502075195312 6.055530548095703 0
vertex -11.500733375549316 6.198625564575195 0
vertex 13 5.300000190734863 0
 endloop
endfacet
facet normal 0 0 0
 outer loop
vertex 22 0 0
vertex -22 0 0
vertex -12.198625564575195 5.500733852386475 0
 endloop
endfacet
facet normal 0 0 0
 outer loop
vertex 9.002236366271973 63.666683197021484 0
vertex 8.941694259643555 63.565677642822266 0
vertex 16 83 0
 endloop
endfacet
facet normal 0 0 0
 outer loop
vertex -9.002236366271973 62.333316802978516 0
vertex -8.941694259643555 62.434322357177734 0
vertex 10 61.79999923706055 0
 endloop
endfacet
facet normal 0 0 0
 outer loop
vertex -22 0 0
vertex -9.434324264526367 61.94169616699219 0
vertex -9.3333158493042 62.002235412597656 0
 endloop
endfacet
facet normal 0 0 0
 outer loop
vertex 11.685882568359375 8.078468322753906 0
vertex 11.586502075195312 7.944469451904297 0
vertex -13 8.699999809265137 0
 endloop
endfacet
facet normal 0 0 0
 outer loop
vertex -11.685882568359375 5.9215312004089355 0
vertex -11.586502075195312 6.055530548095703 0
vertex 13 5.300000190734863 0
 endloop
endfacet
facet normal 0 0 0
 outer loop
vertex 22 0 0
vertex -12.198625564575195 5.500733852386475 0
vertex -12.055530548095703 5.586501598358154 0
 endloop
endfacet
facet normal 0 0 0
 outer loop
vertex 9.0723876953125 63.76127243041992 0
vertex 9.002236366271973 63.666683197021484 0
vertex 16 83 0
 endloop
endfacet
facet normal 0 0 0
 outer loop
vertex -9.0723876953125 62.23872756958008 0
vertex -9.002236366271973 62.333316802978516 0
vertex 10 61.79999923706055 0
 endloop
endfacet
facet normal 0 0 0
 outer loop
vertex -22 0 0
vertex -9.3333158493042 62.002235412597656 0
vertex -9.238728523254395 62.0723876953125 0
 endloop
endfacet
facet normal 0 0 0
 outer loop
vertex 11.797918319702148 8.202081680297852 0
vertex 11.685882568359375 8.078468322753906 0
vertex -13 8.699999809265137 0
 endloop
endfacet
facet normal 0 0 0
 outer loop
vertex -11.797918319702148 5.797918319702148 0
vertex -11.685882568359375 5.9215312004089355 0
vertex 13 5.300000190734863 0
 endloop
endfacet
facet normal 0 0 0
 outer loop
vertex 22 0 0
vertex -12.055530548095703 5.586501598358154 0
vertex -11.921531677246094 5.685882091522217 0
 endloop
endfacet
facet normal 0 0 0
 outer loop
vertex 9.151472091674805 63.84852981567383 0
vertex 9.0723876953125 63.76127243041992 0
vertex 16 83 0
 endloop
endfacet
facet normal 0 0 0
 outer loop
vertex -9.151472091674805 62.15147018432617 0
vertex -9.0723876953125 62.23872756958008 0
vertex 10 61.79999923706055 0
 endloop
endfacet
facet normal 0 0 0
 outer loop
vertex -22 0 0
vertex -9.238728523254395 62.0723876953125 0
vertex -9.151472091674805 62.15147018432617 0
 endloop
endfacet
facet normal 0 0 0
 outer loop
vertex 11.921531677246094 8.314117431640625 0
vertex 11.797918319702148 8.202081680297852 0
vertex -13 8.699999809265137 0
 endloop
endfacet
facet normal 0 0 0
 outer loop
vertex -11.921531677246094 5.685882091522217 0
vertex -11.797918319702148 5.797918319702148 0
vertex 13 5.300000190734863 0
 endloop
endfacet
facet normal 0 0 0
 outer loop
vertex 9.238728523254395 63.9276123046875 0
vertex 9.151472091674805 63.84852981567383 0
vertex 16 83 0
 endloop
endfacet
facet normal 0 0 0
 outer loop
vertex -22 0 0
vertex -9.151472091674805 62.15147018432617 0
vertex 10 61.79999923706055 0
 endloop
endfacet
facet normal 0 0 0
 outer loop
vertex 12.055530548095703 8.413497924804688 0
vertex 11.921531677246094 8.314117431640625 0
vertex -13 8.699999809265137 0
 endloop
endfacet
facet normal 0 0 0
 outer loop
vertex 22 0 0
vertex -11.921531677246094 5.685882091522217 0
vertex 13 5.300000190734863 0
 endloop
endfacet
facet normal 0 0 0
 outer loop
vertex 9.3333158493042 63.997764587402344 0
vertex 9.238728523254395 63.9276123046875 0
vertex 16 83 0
 endloop
endfacet
facet normal 0 0 0
 outer loop
vertex -22 0 0
vertex 10 61.79999923706055 0
vertex 10.117620468139648 61.80577850341797 0
 endloop
endfacet
facet normal 0 0 0
 outer loop
vertex 12.198625564575195 8.499266624450684 0
vertex 12.055530548095703 8.413497924804688 0
vertex -13 8.699999809265137 0
 endloop
endfacet
facet normal 0 0 0
 outer loop
vertex 22 0 0
vertex 13 5.300000190734863 0
vertex 13.16662883758545 5.308186054229736 0
 endloop
endfacet
facet normal 0 0 0
 outer loop
vertex 9.434324264526367 64.05830383300781 0
vertex 9.3333158493042 63.997764587402344 0
vertex 16 83 0
 endloop
endfacet
facet normal 0 0 0
 outer loop
vertex -22 0 0
vertex 10.117620468139648 61.80577850341797 0
vertex 10.234107971191406 61.82305908203125 0
 endloop
endfacet
facet normal 0 0 0
 outer loop
vertex 12.349437713623047 8.570594787597656 0
vertex 12.198625564575195 8.499266624450684 0
vertex -13 8.699999809265137 0
 endloop
endfacet
facet normal 0 0 0
 outer loop
vertex 22 0 0
vertex 13.16662883758545 5.308186054229736 0
vertex 13.331653594970703 5.332664966583252 0
 endloop
endfacet
facet normal 0 0 0
 outer loop
vertex 9.540780067443848 64.10865783691406 0
vertex 9.434324264526367 64.05830383300781 0
vertex 16 83 0
 endloop
endfacet
facet normal 0 0 0
 outer loop
vertex -22 0 0
vertex 10.234107971191406 61.82305908203125 0
vertex 10.348341941833496 61.8516731262207 0
 endloop
endfacet
facet normal 0 0 0
 outer loop
vertex 12.506516456604004 8.626798629760742 0
vertex 12.349437713623047 8.570594787597656 0
vertex -13 8.699999809265137 0
 endloop
endfacet
facet normal 0 0 0
 outer loop
vertex 22 0 0
vertex 13.331653594970703 5.332664966583252 0
vertex 13.493483543395996 5.373201370239258 0
 endloop
endfacet
facet normal 0 0 0
 outer loop
vertex 9.651658058166504 64.14833068847656 0
vertex 9.540780067443848 64.10865783691406 0
vertex 16 83 0
 endloop
endfacet
facet normal 0 0 0
 outer loop
vertex -22 0 0
vertex 10.348341941833496 61.8516731262207 0
vertex 10.459219932556152 61.8913459777832 0
 endloop
endfacet
facet normal 0 0 0
 outer loop
vertex 12.668346405029297 8.66733455657959 0
vertex 12.506516456604004 8.626798629760742 0
vertex -13 8.699999809265137 0
 endloop
endfacet
facet normal 0 0 0
 outer loop
vertex 22 0 0
vertex 13.493483543395996 5.373201370239258 0
vertex 13.650562286376953 5.4294047355651855 0
 endloop
endfacet
facet normal 0 0 0
 outer loop
vertex 9.765892028808594 64.17694091796875 0
vertex 9.651658058166504 64.14833068847656 0
vertex 16 83 0
 endloop
endfacet
facet normal 0 0 0
 outer loop
vertex -22 0 0
vertex 10.459219932556152 61.8913459777832 0
vertex 10.565675735473633 61.94169616699219 0
 endloop
endfacet
facet normal 0 0 0
 outer loop
vertex 12.83337116241455 8.691814422607422 0
vertex 12.668346405029297 8.66733455657959 0
vertex -13 8.699999809265137 0
 endloop
endfacet
facet normal 0 0 0
 outer loop
vertex 22 0 0
vertex 13.650562286376953 5.4294047355651855 0
vertex 13.801374435424805 5.500733852386475 0
 endloop
endfacet
facet normal 0 0 0
 outer loop
vertex 9.882379531860352 64.19422149658203 0
vertex 9.765892028808594 64.17694091796875 0
vertex 16 83 0
 endloop
endfacet
facet normal 0 0 0
 outer loop
vertex -22 0 0
vertex 10.565675735473633 61.94169616699219 0
vertex 10.6666841506958 62.002235412597656 0
 endloop
endfacet
facet normal 0 0 0
 outer loop
vertex 13 8.699999809265137 0
vertex 12.83337116241455 8.691814422607422 0
vertex -13 8.699999809265137 0
 endloop
endfacet
facet normal 0 0 0
 outer loop
vertex 22 0 0
vertex 13.801374435424805 5.500733852386475 0
vertex 13.944469451904297 5.586501598358154 0
 endloop
endfacet
facet normal 0 0 0
 outer loop
vertex 10 64.19999694824219 0
vertex 9.882379531860352 64.19422149658203 0
vertex 16 83 0
 endloop
endfacet
facet normal 0 0 0
 outer loop
vertex -22 0 0
vertex 10.6666841506958 62.002235412597656 0
vertex 10.761271476745605 62.0723876953125 0
 endloop
endfacet
facet normal 0 0 0
 outer loop
vertex 22 0 0
vertex 13.944469451904297 5.586501598358154 0
vertex 14.078468322753906 5.685882091522217 0
 endloop
endfacet
facet normal 0 0 0
 outer loop
vertex 10.117620468139648 64.19422149658203 0
vertex 10 64.19999694824219 0
vertex 16 83 0
 endloop
endfacet
facet normal 0 0 0
 outer loop
vertex -22 0 0
vertex 10.761271476745605 62.0723876953125 0
vertex 10.848527908325195 62.15147018432617 0
 endloop
endfacet
facet normal 0 0 0
 outer loop
vertex 22 0 0
vertex 14.078468322753906 5.685882091522217 0
vertex 14.202081680297852 5.797918319702148 0
 endloop
endfacet
facet normal 0 0 0
 outer loop
vertex 10.234107971191406 64.17694091796875 0
vertex 10.117620468139648 64.19422149658203 0
vertex 16 83 0
 endloop
endfacet
facet normal 0 0 0
 outer loop
vertex -22 0 0
vertex 10.848527908325195 62.15147018432617 0
vertex 10.9276123046875 62.23872756958008 0
 endloop
endfacet
facet normal 0 0 0
 outer loop
vertex 22 0 0
vertex 14.202081680297852 5.797918319702148 0
vertex 14.314117431640625 5.9215312004089355 0
 endloop
endfacet
facet normal 0 0 0
 outer loop
vertex 10.348341941833496 64.14833068847656 0
vertex 10.234107971191406 64.17694091796875 0
vertex 16 83 0
 endloop
endfacet
facet normal 0 0 0
 outer loop
vertex -22 0 0
vertex 10.9276123046875 62.23872756958008 0
vertex 10.997763633728027 62.333316802978516 0
 endloop
endfacet
facet normal 0 0 0
 outer loop
vertex 22 0 0
vertex 14.314117431640625 5.9215312004089355 0
vertex 14.413497924804688 6.055530548095703 0
 endloop
endfacet
facet normal 0 0 0
 outer loop
vertex 10.459219932556152 64.10865783691406 0
vertex 10.348341941833496 64.14833068847656 0
vertex 16 83 0
 endloop
endfacet
facet normal 0 0 0
 outer loop
vertex -22 0 0
vertex 10.997763633728027 62.333316802978516 0
vertex 11.058305740356445 62.434322357177734 0
 endloop
endfacet
facet normal 0 0 0
 outer loop
vertex 22 0 0
vertex 14.413497924804688 6.055530548095703 0
vertex 14.499266624450684 6.198625564575195 0
 endloop
endfacet
facet normal 0 0 0
 outer loop
vertex 10.565675735473633 64.05830383300781 0
vertex 10.459219932556152 64.10865783691406 0
vertex 16 83 0
 endloop
endfacet
facet normal 0 0 0
 outer loop
vertex -14.202081680297852 8.202081680297852 0
vertex -22 0 0
vertex 11.058305740356445 62.434322357177734 0
 endloop
endfacet
facet normal 0 0 0
 outer loop
vertex 22 0 0
vertex 14.499266624450684 6.198625564575195 0
vertex 14.570594787597656 6.349438190460205 0
 endloop
endfacet
facet normal 0 0 0
 outer loop
vertex 10.6666841506958 63.997764587402344 0
vertex 10.565675735473633 64.05830383300781 0
vertex 16 83 0
 endloop
endfacet
facet normal 0 0 0
 outer loop
vertex -14.202081680297852 8.202081680297852 0
vertex 11.058305740356445 62.434322357177734 0
vertex 11.108654975891113 62.54077911376953 0
 endloop
endfacet
facet normal 0 0 0
 outer loop
vertex 22 0 0
vertex 14.570594787597656 6.349438190460205 0
vertex 14.626798629760742 6.506515979766846 0
 endloop
endfacet
facet normal 0 0 0
 outer loop
vertex 10.761271476745605 63.9276123046875 0
vertex 10.6666841506958 63.997764587402344 0
vertex 16 83 0
 endloop
endfacet
facet normal 0 0 0
 outer loop
vertex -14.078468322753906 8.314117431640625 0
vertex -14.202081680297852 8.202081680297852 0
vertex 11.108654975891113 62.54077911376953 0
 endloop
endfacet
facet normal 0 0 0
 outer loop
vertex 22 0 0
vertex 14.626798629760742 6.506515979766846 0
vertex 14.66733455657959 6.668346405029297 0
 endloop
endfacet
facet normal 0 0 0
 outer loop
vertex 10.848527908325195 63.84852981567383 0
vertex 10.761271476745605 63.9276123046875 0
vertex 16 83 0
 endloop
endfacet
facet normal 0 0 0
 outer loop
vertex -13.944469451904297 8.413497924804688 0
vertex -14.078468322753906 8.314117431640625 0
vertex 11.108654975891113 62.54077911376953 0
 endloop
endfacet
facet normal 0 0 0
 outer loop
vertex 22 0 0
vertex 14.66733455657959 6.668346405029297 0
vertex 14.691814422607422 6.833370685577393 0
 endloop
endfacet
facet normal 0 0 0
 outer loop
vertex 10.9276123046875 63.76127243041992 0
vertex 10.848527908325195 63.84852981567383 0
vertex 16 83 0
 endloop
endfacet
facet normal 0 0 0
 outer loop
vertex -13.801374435424805 8.499266624450684 0
vertex -13.944469451904297 8.413497924804688 0
vertex 11.108654975891113 62.54077911376953 0
 endloop
endfacet
facet normal 0 0 0
 outer loop
vertex 22 0 0
vertex 14.691814422607422 6.833370685577393 0
vertex 14.699999809265137 7 0
 endloop
endfacet
facet normal 0 0 0
 outer loop
vertex 10.997763633728027 63.666683197021484 0
vertex 10.9276123046875 63.76127243041992 0
vertex 16 83 0
 endloop
endfacet
facet normal 0 0 0
 outer loop
vertex -13.650562286376953 8.570594787597656 0
vertex -13.801374435424805 8.499266624450684 0
vertex 11.108654975891113 62.54077911376953 0
 endloop
endfacet
facet normal 0 0 0
 outer loop
vertex 22 0 0
vertex 14.699999809265137 7 0
vertex 14.691814422607422 7.166629314422607 0
 endloop
endfacet
facet normal 0 0 0
 outer loop
vertex 11.058305740356445 63.565677642822266 0
vertex 10.997763633728027 63.666683197021484 0
vertex 16 83 0
 endloop
endfacet
facet normal 0 0 0
 outer loop
vertex -13.493483543395996 8.626798629760742 0
vertex -13.650562286376953 8.570594787597656 0
vertex 11.108654975891113 62.54077911376953 0
 endloop
endfacet
facet normal 0 0 0
 outer loop
vertex 22 0 0
vertex 14.691814422607422 7.166629314422607 0
vertex 14.66733455657959 7.331653594970703 0
 endloop
endfacet
facet normal 0 0 0
 outer loop
vertex 11.108654975891113 63.45922088623047 0
vertex 11.058305740356445 63.565677642822266 0
vertex 16 83 0
 endloop
endfacet
facet normal 0 0 0
 outer loop
vertex -13.331653594970703 8.66733455657959 0
vertex -13.493483543395996 8.626798629760742 0
vertex 11.108654975891113 62.54077911376953 0
 endloop
endfacet
facet normal 0 0 0
 outer loop
vertex 22 0 0
vertex 14.66733455657959 7.331653594970703 0
vertex 14.626798629760742 7.493484020233154 0
 endloop
endfacet
facet normal 0 0 0
 outer loop
vertex 11.14832878112793 63.34834289550781 0
vertex 11.108654975891113 63.45922088623047 0
vertex 16 83 0
 endloop
endfacet
facet normal 0 0 0
 outer loop
vertex -13.16662883758545 8.691814422607422 0
vertex -13.331653594970703 8.66733455657959 0
vertex 11.108654975891113 62.54077911376953 0
 endloop
endfacet
facet normal 0 0 0
 outer loop
vertex 22 0 0
vertex 14.626798629760742 7.493484020233154 0
vertex 14.570594787597656 7.650561809539795 0
 endloop
endfacet
facet normal 0 0 0
 outer loop
vertex 11.176941871643066 63.234107971191406 0
vertex 11.14832878112793 63.34834289550781 0
vertex 16 83 0
 endloop
endfacet
facet normal 0 0 0
 outer loop
vertex -13 8.699999809265137 0
vertex -13.16662883758545 8.691814422607422 0
vertex 11.108654975891113 62.54077911376953 0
 endloop
endfacet
facet normal 0 0 0
 outer loop
vertex 22 0 0
vertex 14.570594787597656 7.650561809539795 0
vertex 14.499266624450684 7.801374435424805 0
 endloop
endfacet
facet normal 0 0 0
 outer loop
vertex 11.176941871643066 63.234107971191406 0
vertex 16 83 0
vertex 22 0 0
 endloop
endfacet
facet normal 0 0 0
 outer loop
vertex 13 8.699999809265137 0
vertex -13 8.699999809265137 0
vertex 11.108654975891113 62.54077911376953 0
 endloop
endfacet
facet normal 0 0 0
 outer loop
vertex 22 0 0
vertex 14.499266624450684 7.801374435424805 0
vertex 14.413497924804688 7.944469451904297 0
 endloop
endfacet
facet normal 0 0 0
 outer loop
vertex 11.194221496582031 63.11762237548828 0
vertex 11.176941871643066 63.234107971191406 0
vertex 22 0 0
 endloop
endfacet
facet normal 0 0 0
 outer loop
vertex 13 8.699999809265137 0
vertex 11.108654975891113 62.54077911376953 0
vertex 11.14832878112793 62.65165710449219 0
 endloop
endfacet
facet normal 0 0 0
 outer loop
vertex 22 0 0
vertex 14.413497924804688 7.944469451904297 0
vertex 14.314117431640625 8.078468322753906 0
 endloop
endfacet
facet normal 0 0 0
 outer loop
vertex 11.199999809265137 63 0
vertex 11.194221496582031 63.11762237548828 0
vertex 22 0 0
 endloop
endfacet
facet normal 0 0 0
 outer loop
vertex 13 8.699999809265137 0
vertex 11.14832878112793 62.65165710449219 0
vertex 11.176941871643066 62.765892028808594 0
 endloop
endfacet
facet normal 0 0 0
 outer loop
vertex 22 0 0
vertex 14.314117431640625 8.078468322753906 0
vertex 14.202081680297852 8.202081680297852 0
 endloop
endfacet
facet normal 0 0 0
 outer loop
vertex 11.194221496582031 62.88237762451172 0
vertex 11.199999809265137 63 0
vertex 22 0 0
 endloop
endfacet
facet normal 0 0 0
 outer loop
vertex 13 8.699999809265137 0
vertex 11.176941871643066 62.765892028808594 0
vertex 11.194221496582031 62.88237762451172 0
 endloop
endfacet
facet normal 0 0 0
 outer loop
vertex 11.194221496582031 62.88237762451172 0
vertex 22 0 0
vertex 14.202081680297852 8.202081680297852 0
 endloop
endfacet
facet normal 0 0 0
 outer loop
vertex 13.16662883758545 8.691814422607422 0
vertex 13 8.699999809265137 0
vertex 11.194221496582031 62.88237762451172 0
 endloop
endfacet
facet normal 0 0 0
 outer loop
vertex 11.194221496582031 62.88237762451172 0
vertex 14.202081680297852 8.202081680297852 0
vertex 14.078468322753906 8.314117431640625 0
 endloop
endfacet
facet normal 0 0 0
 outer loop
vertex 13.331653594970703 8.66733455657959 0
vertex 13.16662883758545 8.691814422607422 0
vertex 11.194221496582031 62.88237762451172 0
 endloop
endfacet
facet normal 0 0 0
 outer loop
vertex 11.194221496582031 62.88237762451172 0
vertex 14.078468322753906 8.314117431640625 0
vertex 13.944469451904297 8.413497924804688 0
 endloop
endfacet
facet normal 0 0 0
 outer loop
vertex 13.493483543395996 8.626798629760742 0
vertex 13.331653594970703 8.66733455657959 0
vertex 11.194221496582031 62.88237762451172 0
 endloop
endfacet
facet normal 0 0 0
 outer loop
vertex 11.194221496582031 62.88237762451172 0
vertex 13.944469451904297 8.413497924804688 0
vertex 13.801374435424805 8.499266624450684 0
 endloop
endfacet
facet normal 0 0 0
 outer loop
vertex 13.650562286376953 8.570594787597656 0
vertex 13.493483543395996 8.626798629760742 0
vertex 11.194221496582031 62.88237762451172 0
 endloop
endfacet
facet normal 0 0 0
 outer loop
vertex 11.194221496582031 62.88237762451172 0
vertex 13.801374435424805 8.499266624450684 0
vertex 13.650562286376953 8.570594787597656 0
 endloop
endfacet
facet normal 0 0 0
 outer loop
vertex -11.300000190734863 7 5
vertex 11.300000190734863 7 5
vertex 11.308185577392578 7.166629314422607 5
 endloop
endfacet
facet normal 0 0 0
 outer loop
vertex 11.308185577392578 6.833370685577393 5
vertex 11.300000190734863 7 5
vertex -11.300000190734863 7 5
 endloop
endfacet
facet normal 0 0 0
 outer loop
vertex -14.691814422607422 6.833370685577393 5
vertex -14.699999809265137 7 5
vertex -22 0 5
 endloop
endfacet
facet normal 0 0 0
 outer loop
vertex -16 83 5
vertex -22 0 5
vertex -11.199999809265137 63 5
 endloop
endfacet
facet normal 0 0 0
 outer loop
vertex -8.805778503417969 63.11762237548828 5
vertex -8.800000190734863 63 5
vertex 8.800000190734863 63 5
 endloop
endfacet
facet normal 0 0 0
 outer loop
vertex 8.805778503417969 62.88237762451172 5
vertex 8.800000190734863 63 5
vertex -8.800000190734863 63 5
 endloop
endfacet
facet normal 0 0 0
 outer loop
vertex -11.194221496582031 62.88237762451172 5
vertex -11.199999809265137 63 5
vertex -22 0 5
 endloop
endfacet
facet normal 0 0 0
 outer loop
vertex -22 0 5
vertex -14.699999809265137 7 5
vertex -14.691814422607422 7.166629314422607 5
 endloop
endfacet
facet normal 0 0 0
 outer loop
vertex -11.308185577392578 7.166629314422607 5
vertex -11.300000190734863 7 5
vertex 11.308185577392578 7.166629314422607 5
 endloop
endfacet
facet normal 0 0 0
 outer loop
vertex 11.33266544342041 6.668346405029297 5
vertex 11.308185577392578 6.833370685577393 5
vertex -11.300000190734863 7 5
 endloop
endfacet
facet normal 0 0 0
 outer loop
vertex -14.66733455657959 6.668346405029297 5
vertex -14.691814422607422 6.833370685577393 5
vertex -22 0 5
 endloop
endfacet
facet normal 0 0 0
 outer loop
vertex -16 83 5
vertex -11.199999809265137 63 5
vertex -11.194221496582031 63.11762237548828 5
 endloop
endfacet
facet normal 0 0 0
 outer loop
vertex -8.823058128356934 63.234107971191406 5
vertex -8.805778503417969 63.11762237548828 5
vertex 8.800000190734863 63 5
 endloop
endfacet
facet normal 0 0 0
 outer loop
vertex 8.823058128356934 62.765892028808594 5
vertex 8.805778503417969 62.88237762451172 5
vertex -8.800000190734863 63 5
 endloop
endfacet
facet normal 0 0 0
 outer loop
vertex -11.176941871643066 62.765892028808594 5
vertex -11.194221496582031 62.88237762451172 5
vertex -22 0 5
 endloop
endfacet
facet normal 0 0 0
 outer loop
vertex -22 0 5
vertex -14.691814422607422 7.166629314422607 5
vertex -14.66733455657959 7.331653594970703 5
 endloop
endfacet
facet normal 0 0 0
 outer loop
vertex -11.33266544342041 7.331653594970703 5
vertex -11.308185577392578 7.166629314422607 5
vertex 11.308185577392578 7.166629314422607 5
 endloop
endfacet
facet normal 0 0 0
 outer loop
vertex 11.373201370239258 6.506515979766846 5
vertex 11.33266544342041 6.668346405029297 5
vertex -11.300000190734863 7 5
 endloop
endfacet
facet normal 0 0 0
 outer loop
vertex -14.626798629760742 6.506515979766846 5
vertex -14.66733455657959 6.668346405029297 5
vertex -22 0 5
 endloop
endfacet
facet normal 0 0 0
 outer loop
vertex -16 83 5
vertex -11.194221496582031 63.11762237548828 5
vertex -11.176941871643066 63.234107971191406 5
 endloop
endfacet
facet normal 0 0 0
 outer loop
vertex -8.85167121887207 63.34834289550781 5
vertex -8.823058128356934 63.234107971191406 5
vertex 8.800000190734863 63 5
 endloop
endfacet
facet normal 0 0 0
 outer loop
vertex 8.85167121887207 62.65165710449219 5
vertex 8.823058128356934 62.765892028808594 5
vertex -8.800000190734863 63 5
 endloop
endfacet
facet normal 0 0 0
 outer loop
vertex -11.14832878112793 62.65165710449219 5
vertex -11.176941871643066 62.765892028808594 5
vertex -22 0 5
 endloop
endfacet
facet normal 0 0 0
 outer loop
vertex -22 0 5
vertex -14.66733455657959 7.331653594970703 5
vertex -14.626798629760742 7.493484020233154 5
 endloop
endfacet
facet normal 0 0 0
 outer loop
vertex -11.373201370239258 7.493484020233154 5
vertex -11.33266544342041 7.331653594970703 5
vertex 11.308185577392578 7.166629314422607 5
 endloop
endfacet
facet normal 0 0 0
 outer loop
vertex 11.429405212402344 6.349438190460205 5
vertex 11.373201370239258 6.506515979766846 5
vertex -11.300000190734863 7 5
 endloop
endfacet
facet normal 0 0 0
 outer loop
vertex -14.570594787597656 6.349438190460205 5
vertex -14.626798629760742 6.506515979766846 5
vertex -22 0 5
 endloop
endfacet
facet normal 0 0 0
 outer loop
vertex -16 83 5
vertex -11.176941871643066 63.234107971191406 5
vertex -11.14832878112793 63.34834289550781 5
 endloop
endfacet
facet normal 0 0 0
 outer loop
vertex -8.891345024108887 63.45922088623047 5
vertex -8.85167121887207 63.34834289550781 5
vertex 8.800000190734863 63 5
 endloop
endfacet
facet normal 0 0 0
 outer loop
vertex 8.891345024108887 62.54077911376953 5
vertex 8.85167121887207 62.65165710449219 5
vertex -8.800000190734863 63 5
 endloop
endfacet
facet normal 0 0 0
 outer loop
vertex -11.108654975891113 62.54077911376953 5
vertex -11.14832878112793 62.65165710449219 5
vertex -22 0 5
 endloop
endfacet
facet normal 0 0 0
 outer loop
vertex -22 0 5
vertex -14.626798629760742 7.493484020233154 5
vertex -14.570594787597656 7.650561809539795 5
 endloop
endfacet
facet normal 0 0 0
 outer loop
vertex -11.429405212402344 7.650561809539795 5
vertex -11.373201370239258 7.493484020233154 5
vertex 11.308185577392578 7.166629314422607 5
 endloop
endfacet
facet normal 0 0 0
 outer loop
vertex 11.500733375549316 6.198625564575195 5
vertex 11.429405212402344 6.349438190460205 5
vertex -11.300000190734863 7 5
 endloop
endfacet
facet normal 0 0 0
 outer loop
vertex -14.499266624450684 6.198625564575195 5
vertex -14.570594787597656 6.349438190460205 5
vertex -22 0 5
 endloop
endfacet
facet normal 0 0 0
 outer loop
vertex -16 83 5
vertex -11.14832878112793 63.34834289550781 5
vertex -11.108654975891113 63.45922088623047 5
 endloop
endfacet
facet normal 0 0 0
 outer loop
vertex -8.941694259643555 63.565677642822266 5
vertex -8.891345024108887 63.45922088623047 5
vertex 8.800000190734863 63 5
 endloop
endfacet
facet normal 0 0 0
 outer loop
vertex 8.941694259643555 62.434322357177734 5
vertex 8.891345024108887 62.54077911376953 5
vertex -8.800000190734863 63 5
 endloop
endfacet
facet normal 0 0 0
 outer loop
vertex -11.058305740356445 62.434322357177734 5
vertex -11.108654975891113 62.54077911376953 5
vertex -22 0 5
 endloop
endfacet
facet normal 0 0 0
 outer loop
vertex -22 0 5
vertex -14.570594787597656 7.650561809539795 5
vertex -14.499266624450684 7.801374435424805 5
 endloop
endfacet
facet normal 0 0 0
 outer loop
vertex -11.500733375549316 7.801374435424805 5
vertex -11.429405212402344 7.650561809539795 5
vertex 11.308185577392578 7.166629314422607 5
 endloop
endfacet
facet normal 0 0 0
 outer loop
vertex 11.586502075195312 6.055530548095703 5
vertex 11.500733375549316 6.198625564575195 5
vertex -11.300000190734863 7 5
 endloop
endfacet
facet normal 0 0 0
 outer loop
vertex -14.413497924804688 6.055530548095703 5
vertex -14.499266624450684 6.198625564575195 5
vertex -22 0 5
 endloop
endfacet
facet normal 0 0 0
 outer loop
vertex -16 83 5
vertex -11.108654975891113 63.45922088623047 5
vertex -11.058305740356445 63.565677642822266 5
 endloop
endfacet
facet normal 0 0 0
 outer loop
vertex -9.002236366271973 63.666683197021484 5
vertex -8.941694259643555 63.565677642822266 5
vertex 8.800000190734863 63 5
 endloop
endfacet
facet normal 0 0 0
 outer loop
vertex 9.002236366271973 62.333316802978516 5
vertex 8.941694259643555 62.434322357177734 5
vertex -8.800000190734863 63 5
 endloop
endfacet
facet normal 0 0 0
 outer loop
vertex -10.997763633728027 62.333316802978516 5
vertex -11.058305740356445 62.434322357177734 5
vertex -22 0 5
 endloop
endfacet
facet normal 0 0 0
 outer loop
vertex -22 0 5
vertex -14.499266624450684 7.801374435424805 5
vertex -14.413497924804688 7.944469451904297 5
 endloop
endfacet
facet normal 0 0 0
 outer loop
vertex -11.586502075195312 7.944469451904297 5
vertex -11.500733375549316 7.801374435424805 5
vertex 11.308185577392578 7.166629314422607 5
 endloop
endfacet
facet normal 0 0 0
 outer loop
vertex 11.685882568359375 5.9215312004089355 5
vertex 11.586502075195312 6.055530548095703 5
vertex -11.300000190734863 7 5
 endloop
endfacet
facet normal 0 0 0
 outer loop
vertex -14.314117431640625 5.9215312004089355 5
vertex -14.413497924804688 6.055530548095703 5
vertex -22 0 5
 endloop
endfacet
facet normal 0 0 0
 outer loop
vertex -16 83 5
vertex -11.058305740356445 63.565677642822266 5
vertex -10.997763633728027 63.666683197021484 5
 endloop
endfacet
facet normal 0 0 0
 outer loop
vertex -9.0723876953125 63.76127243041992 5
vertex -9.002236366271973 63.666683197021484 5
vertex 8.800000190734863 63 5
 endloop
endfacet
facet normal 0 0 0
 outer loop
vertex 9.0723876953125 62.23872756958008 5
vertex 9.002236366271973 62.333316802978516 5
vertex -8.800000190734863 63 5
 endloop
endfacet
facet normal 0 0 0
 outer loop
vertex -10.9276123046875 62.23872756958008 5
vertex -10.997763633728027 62.333316802978516 5
vertex -22 0 5
 endloop
endfacet
facet normal 0 0 0
 outer loop
vertex -22 0 5
vertex -14.413497924804688 7.944469451904297 5
vertex -14.314117431640625 8.078468322753906 5
 endloop
endfacet
facet normal 0 0 0
 outer loop
vertex -11.685882568359375 8.078468322753906 5
vertex -11.586502075195312 7.944469451904297 5
vertex 11.308185577392578 7.166629314422607 5
 endloop
endfacet
facet normal 0 0 0
 outer loop
vertex 11.797918319702148 5.797918319702148 5
vertex 11.685882568359375 5.9215312004089355 5
vertex -11.300000190734863 7 5
 endloop
endfacet
facet normal 0 0 0
 outer loop
vertex -14.202081680297852 5.797918319702148 5
vertex -14.314117431640625 5.9215312004089355 5
vertex -22 0 5
 endloop
endfacet
facet normal 0 0 0
 outer loop
vertex -16 83 5
vertex -10.997763633728027 63.666683197021484 5
vertex -10.9276123046875 63.76127243041992 5
 endloop
endfacet
facet normal 0 0 0
 outer loop
vertex -9.151472091674805 63.84852981567383 5
vertex -9.0723876953125 63.76127243041992 5
vertex 8.800000190734863 63 5
 endloop
endfacet
facet normal 0 0 0
 outer loop
vertex 9.151472091674805 62.15147018432617 5
vertex 9.0723876953125 62.23872756958008 5
vertex -8.800000190734863 63 5
 endloop
endfacet
facet normal 0 0 0
 outer loop
vertex -10.848527908325195 62.15147018432617 5
vertex -10.9276123046875 62.23872756958008 5
vertex -22 0 5
 endloop
endfacet
facet normal 0 0 0
 outer loop
vertex -22 0 5
vertex -14.314117431640625 8.078468322753906 5
vertex -14.202081680297852 8.202081680297852 5
 endloop
endfacet
facet normal 0 0 0
 outer loop
vertex -11.797918319702148 8.202081680297852 5
vertex -11.685882568359375 8.078468322753906 5
vertex 11.308185577392578 7.166629314422607 5
 endloop
endfacet
facet normal 0 0 0
 outer loop
vertex 11.921531677246094 5.685882091522217 5
vertex 11.797918319702148 5.797918319702148 5
vertex -11.300000190734863 7 5
 endloop
endfacet
facet normal 0 0 0
 outer loop
vertex -14.078468322753906 5.685882091522217 5
vertex -14.202081680297852 5.797918319702148 5
vertex -22 0 5
 endloop
endfacet
facet normal 0 0 0
 outer loop
vertex -16 83 5
vertex -10.9276123046875 63.76127243041992 5
vertex -10.848527908325195 63.84852981567383 5
 endloop
endfacet
facet normal 0 0 0
 outer loop
vertex -9.238728523254395 63.9276123046875 5
vertex -9.151472091674805 63.84852981567383 5
vertex 8.800000190734863 63 5
 endloop
endfacet
facet normal 0 0 0
 outer loop
vertex 9.238728523254395 62.0723876953125 5
vertex 9.151472091674805 62.15147018432617 5
vertex -8.800000190734863 63 5
 endloop
endfacet
facet normal 0 0 0
 outer loop
vertex -10.761271476745605 62.0723876953125 5
vertex -10.848527908325195 62.15147018432617 5
vertex -22 0 5
 endloop
endfacet
facet normal 0 0 0
 outer loop
vertex -11.921531677246094 8.314117431640625 5
vertex -11.797918319702148 8.202081680297852 5
vertex 11.308185577392578 7.166629314422607 5
 endloop
endfacet
facet normal 0 0 0
 outer loop
vertex 12.055530548095703 5.586501598358154 5
vertex 11.921531677246094 5.685882091522217 5
vertex -11.300000190734863 7 5
 endloop
endfacet
facet normal 0 0 0
 outer loop
vertex -13.944469451904297 5.586501598358154 5
vertex -14.078468322753906 5.685882091522217 5
vertex -22 0 5
 endloop
endfacet
facet normal 0 0 0
 outer loop
vertex -16 83 5
vertex -10.848527908325195 63.84852981567383 5
vertex -10.761271476745605 63.9276123046875 5
 endloop
endfacet
facet normal 0 0 0
 outer loop
vertex -9.3333158493042 63.997764587402344 5
vertex -9.238728523254395 63.9276123046875 5
vertex 8.800000190734863 63 5
 endloop
endfacet
facet normal 0 0 0
 outer loop
vertex 9.3333158493042 62.002235412597656 5
vertex 9.238728523254395 62.0723876953125 5
vertex -8.800000190734863 63 5
 endloop
endfacet
facet normal 0 0 0
 outer loop
vertex -10.6666841506958 62.002235412597656 5
vertex -10.761271476745605 62.0723876953125 5
vertex -22 0 5
 endloop
endfacet
facet normal 0 0 0
 outer loop
vertex -12.055530548095703 8.413497924804688 5
vertex -11.921531677246094 8.314117431640625 5
vertex 11.308185577392578 7.166629314422607 5
 endloop
endfacet
facet normal 0 0 0
 outer loop
vertex 12.198625564575195 5.500733852386475 5
vertex 12.055530548095703 5.586501598358154 5
vertex -11.300000190734863 7 5
 endloop
endfacet
facet normal 0 0 0
 outer loop
vertex -13.801374435424805 5.500733852386475 5
vertex -13.944469451904297 5.586501598358154 5
vertex -22 0 5
 endloop
endfacet
facet normal 0 0 0
 outer loop
vertex -16 83 5
vertex -10.761271476745605 63.9276123046875 5
vertex -10.6666841506958 63.997764587402344 5
 endloop
endfacet
facet normal 0 0 0
 outer loop
vertex -9.434324264526367 64.05830383300781 5
vertex -9.3333158493042 63.997764587402344 5
vertex 8.800000190734863 63 5
 endloop
endfacet
facet normal 0 0 0
 outer loop
vertex 9.434324264526367 61.94169616699219 5
vertex 9.3333158493042 62.002235412597656 5
vertex -8.800000190734863 63 5
 endloop
endfacet
facet normal 0 0 0
 outer loop
vertex -10.565675735473633 61.94169616699219 5
vertex -10.6666841506958 62.002235412597656 5
vertex -22 0 5
 endloop
endfacet
facet normal 0 0 0
 outer loop
vertex -12.198625564575195 8.499266624450684 5
vertex -12.055530548095703 8.413497924804688 5
vertex 11.308185577392578 7.166629314422607 5
 endloop
endfacet
facet normal 0 0 0
 outer loop
vertex 12.349437713623047 5.4294047355651855 5
vertex 12.198625564575195 5.500733852386475 5
vertex -11.300000190734863 7 5
 endloop
endfacet
facet normal 0 0 0
 outer loop
vertex -13.650562286376953 5.4294047355651855 5
vertex -13.801374435424805 5.500733852386475 5
vertex -22 0 5
 endloop
endfacet
facet normal 0 0 0
 outer loop
vertex 16 83 5
vertex -16 83 5
vertex -10.6666841506958 63.997764587402344 5
 endloop
endfacet
facet normal 0 0 0
 outer loop
vertex -9.540780067443848 64.10865783691406 5
vertex -9.434324264526367 64.05830383300781 5
vertex 8.800000190734863 63 5
 endloop
endfacet
facet normal 0 0 0
 outer loop
vertex 9.540780067443848 61.8913459777832 5
vertex 9.434324264526367 61.94169616699219 5
vertex -8.800000190734863 63 5
 endloop
endfacet
facet normal 0 0 0
 outer loop
vertex -10.459219932556152 61.8913459777832 5
vertex -10.565675735473633 61.94169616699219 5
vertex -22 0 5
 endloop
endfacet
facet normal 0 0 0
 outer loop
vertex -12.349437713623047 8.570594787597656 5
vertex -12.198625564575195 8.499266624450684 5
vertex 11.308185577392578 7.166629314422607 5
 endloop
endfacet
facet normal 0 0 0
 outer loop
vertex 12.506516456604004 5.373201370239258 5
vertex 12.349437713623047 5.4294047355651855 5
vertex -11.300000190734863 7 5
 endloop
endfacet
facet normal 0 0 0
 outer loop
vertex -13.493483543395996 5.373201370239258 5
vertex -13.650562286376953 5.4294047355651855 5
vertex -22 0 5
 endloop
endfacet
facet normal 0 0 0
 outer loop
vertex 16 83 5
vertex -10.6666841506958 63.997764587402344 5
vertex -10.565675735473633 64.05830383300781 5
 endloop
endfacet
facet normal 0 0 0
 outer loop
vertex -9.651658058166504 64.14833068847656 5
vertex -9.540780067443848 64.10865783691406 5
vertex 8.800000190734863 63 5
 endloop
endfacet
facet normal 0 0 0
 outer loop
vertex 9.651658058166504 61.8516731262207 5
vertex 9.540780067443848 61.8913459777832 5
vertex -8.800000190734863 63 5
 endloop
endfacet
facet normal 0 0 0
 outer loop
vertex -10.348341941833496 61.8516731262207 5
vertex -10.459219932556152 61.8913459777832 5
vertex -22 0 5
 endloop
endfacet
facet normal 0 0 0
 outer loop
vertex -12.506516456604004 8.626798629760742 5
vertex -12.349437713623047 8.570594787597656 5
vertex 11.308185577392578 7.166629314422607 5
 endloop
endfacet
facet normal 0 0 0
 outer loop
vertex 12.668346405029297 5.332664966583252 5
vertex 12.506516456604004 5.373201370239258 5
vertex -11.300000190734863 7 5
 endloop
endfacet
facet normal 0 0 0
 outer loop
vertex -13.331653594970703 5.332664966583252 5
vertex -13.493483543395996 5.373201370239258 5
vertex -22 0 5
 endloop
endfacet
facet normal 0 0 0
 outer loop
vertex 16 83 5
vertex -10.565675735473633 64.05830383300781 5
vertex -10.459219932556152 64.10865783691406 5
 endloop
endfacet
facet normal 0 0 0
 outer loop
vertex -9.765892028808594 64.17694091796875 5
vertex -9.651658058166504 64.14833068847656 5
vertex 8.800000190734863 63 5
 endloop
endfacet
facet normal 0 0 0
 outer loop
vertex 9.765892028808594 61.82305908203125 5
vertex 9.651658058166504 61.8516731262207 5
vertex -8.800000190734863 63 5
 endloop
endfacet
facet normal 0 0 0
 outer loop
vertex -10.234107971191406 61.82305908203125 5
vertex -10.348341941833496 61.8516731262207 5
vertex -22 0 5
 endloop
endfacet
facet normal 0 0 0
 outer loop
vertex -12.668346405029297 8.66733455657959 5
vertex -12.506516456604004 8.626798629760742 5
vertex 11.308185577392578 7.166629314422607 5
 endloop
endfacet
facet normal 0 0 0
 outer loop
vertex 12.83337116241455 5.308186054229736 5
vertex 12.668346405029297 5.332664966583252 5
vertex -11.300000190734863 7 5
 endloop
endfacet
facet normal 0 0 0
 outer loop
vertex -13.16662883758545 5.308186054229736 5
vertex -13.331653594970703 5.332664966583252 5
vertex -22 0 5
 endloop
endfacet
facet normal 0 0 0
 outer loop
vertex 16 83 5
vertex -10.459219932556152 64.10865783691406 5
vertex -10.348341941833496 64.14833068847656 5
 endloop
endfacet
facet normal 0 0 0
 outer loop
vertex -9.882379531860352 64.19422149658203 5
vertex -9.765892028808594 64.17694091796875 5
vertex 8.800000190734863 63 5
 endloop
endfacet
facet normal 0 0 0
 outer loop
vertex 9.882379531860352 61.80577850341797 5
vertex 9.765892028808594 61.82305908203125 5
vertex -8.800000190734863 63 5
 endloop
endfacet
facet normal 0 0 0
 outer loop
vertex -10.117620468139648 61.80577850341797 5
vertex -10.234107971191406 61.82305908203125 5
vertex -22 0 5
 endloop
endfacet
facet normal 0 0 0
 outer loop
vertex -12.83337116241455 8.691814422607422 5
vertex -12.668346405029297 8.66733455657959 5
vertex 11.308185577392578 7.166629314422607 5
 endloop
endfacet
facet normal 0 0 0
 outer loop
vertex 12.83337116241455 5.308186054229736 5
vertex -11.300000190734863 7 5
vertex -11.308185577392578 6.833370685577393 5
 endloop
endfacet
facet normal 0 0 0
 outer loop
vertex -13 5.300000190734863 5
vertex -13.16662883758545 5.308186054229736 5
vertex -22 0 5
 endloop
endfacet
facet normal 0 0 0
 outer loop
vertex 16 83 5
vertex -10.348341941833496 64.14833068847656 5
vertex -10.234107971191406 64.17694091796875 5
 endloop
endfacet
facet normal 0 0 0
 outer loop
vertex -9.882379531860352 64.19422149658203 5
vertex 8.800000190734863 63 5
vertex 8.805778503417969 63.11762237548828 5
 endloop
endfacet
facet normal 0 0 0
 outer loop
vertex 9.882379531860352 61.80577850341797 5
vertex -8.800000190734863 63 5
vertex -8.805778503417969 62.88237762451172 5
 endloop
endfacet
facet normal 0 0 0
 outer loop
vertex -10 61.79999923706055 5
vertex -10.117620468139648 61.80577850341797 5
vertex -22 0 5
 endloop
endfacet
facet normal 0 0 0
 outer loop
vertex -12.83337116241455 8.691814422607422 5
vertex 11.308185577392578 7.166629314422607 5
vertex 11.33266544342041 7.331653594970703 5
 endloop
endfacet
facet normal 0 0 0
 outer loop
vertex 12.83337116241455 5.308186054229736 5
vertex -11.308185577392578 6.833370685577393 5
vertex -11.33266544342041 6.668346405029297 5
 endloop
endfacet
facet normal 0 0 0
 outer loop
vertex -12.83337116241455 5.308186054229736 5
vertex -13 5.300000190734863 5
vertex -22 0 5
 endloop
endfacet
facet normal 0 0 0
 outer loop
vertex 16 83 5
vertex -10.234107971191406 64.17694091796875 5
vertex -10.117620468139648 64.19422149658203 5
 endloop
endfacet
facet normal 0 0 0
 outer loop
vertex -9.882379531860352 64.19422149658203 5
vertex 8.805778503417969 63.11762237548828 5
vertex 8.823058128356934 63.234107971191406 5
 endloop
endfacet
facet normal 0 0 0
 outer loop
vertex 9.882379531860352 61.80577850341797 5
vertex -8.805778503417969 62.88237762451172 5
vertex -8.823058128356934 62.765892028808594 5
 endloop
endfacet
facet normal 0 0 0
 outer loop
vertex -9.882379531860352 61.80577850341797 5
vertex -10 61.79999923706055 5
vertex -22 0 5
 endloop
endfacet
facet normal 0 0 0
 outer loop
vertex -12.83337116241455 8.691814422607422 5
vertex 11.33266544342041 7.331653594970703 5
vertex 11.373201370239258 7.493484020233154 5
 endloop
endfacet
facet normal 0 0 0
 outer loop
vertex 12.83337116241455 5.308186054229736 5
vertex -11.33266544342041 6.668346405029297 5
vertex -11.373201370239258 6.506515979766846 5
 endloop
endfacet
facet normal 0 0 0
 outer loop
vertex -12.668346405029297 5.332664966583252 5
vertex -12.83337116241455 5.308186054229736 5
vertex -22 0 5
 endloop
endfacet
facet normal 0 0 0
 outer loop
vertex 16 83 5
vertex -10.117620468139648 64.19422149658203 5
vertex -10 64.19999694824219 5
 endloop
endfacet
facet normal 0 0 0
 outer loop
vertex -9.882379531860352 64.19422149658203 5
vertex 8.823058128356934 63.234107971191406 5
vertex 8.85167121887207 63.34834289550781 5
 endloop
endfacet
facet normal 0 0 0
 outer loop
vertex 9.882379531860352 61.80577850341797 5
vertex -8.823058128356934 62.765892028808594 5
vertex -8.85167121887207 62.65165710449219 5
 endloop
endfacet
facet normal 0 0 0
 outer loop
vertex -9.765892028808594 61.82305908203125 5
vertex -9.882379531860352 61.80577850341797 5
vertex -22 0 5
 endloop
endfacet
facet normal 0 0 0
 outer loop
vertex -12.83337116241455 8.691814422607422 5
vertex 11.373201370239258 7.493484020233154 5
vertex 11.429405212402344 7.650561809539795 5
 endloop
endfacet
facet normal 0 0 0
 outer loop
vertex 12.83337116241455 5.308186054229736 5
vertex -11.373201370239258 6.506515979766846 5
vertex -11.429405212402344 6.349438190460205 5
 endloop
endfacet
facet normal 0 0 0
 outer loop
vertex -12.506516456604004 5.373201370239258 5
vertex -12.668346405029297 5.332664966583252 5
vertex -22 0 5
 endloop
endfacet
facet normal 0 0 0
 outer loop
vertex 16 83 5
vertex -10 64.19999694824219 5
vertex -9.882379531860352 64.19422149658203 5
 endloop
endfacet
facet normal 0 0 0
 outer loop
vertex -9.882379531860352 64.19422149658203 5
vertex 8.85167121887207 63.34834289550781 5
vertex 8.891345024108887 63.45922088623047 5
 endloop
endfacet
facet normal 0 0 0
 outer loop
vertex 10 61.79999923706055 5
vertex 9.882379531860352 61.80577850341797 5
vertex -8.85167121887207 62.65165710449219 5
 endloop
endfacet
facet normal 0 0 0
 outer loop
vertex -9.651658058166504 61.8516731262207 5
vertex -9.765892028808594 61.82305908203125 5
vertex -22 0 5
 endloop
endfacet
facet normal 0 0 0
 outer loop
vertex -13 8.699999809265137 5
vertex -12.83337116241455 8.691814422607422 5
vertex 11.429405212402344 7.650561809539795 5
 endloop
endfacet
facet normal 0 0 0
 outer loop
vertex 13 5.300000190734863 5
vertex 12.83337116241455 5.308186054229736 5
vertex -11.429405212402344 6.349438190460205 5
 endloop
endfacet
facet normal 0 0 0
 outer loop
vertex -12.349437713623047 5.4294047355651855 5
vertex -12.506516456604004 5.373201370239258 5
vertex -22 0 5
 endloop
endfacet
facet normal 0 0 0
 outer loop
vertex 16 83 5
vertex -9.882379531860352 64.19422149658203 5
vertex 8.891345024108887 63.45922088623047 5
 endloop
endfacet
facet normal 0 0 0
 outer loop
vertex 10 61.79999923706055 5
vertex -8.85167121887207 62.65165710449219 5
vertex -8.891345024108887 62.54077911376953 5
 endloop
endfacet
facet normal 0 0 0
 outer loop
vertex -9.540780067443848 61.8913459777832 5
vertex -9.651658058166504 61.8516731262207 5
vertex -22 0 5
 endloop
endfacet
facet normal 0 0 0
 outer loop
vertex -13 8.699999809265137 5
vertex 11.429405212402344 7.650561809539795 5
vertex 11.500733375549316 7.801374435424805 5
 endloop
endfacet
facet normal 0 0 0
 outer loop
vertex 13 5.300000190734863 5
vertex -11.429405212402344 6.349438190460205 5
vertex -11.500733375549316 6.198625564575195 5
 endloop
endfacet
facet normal 0 0 0
 outer loop
vertex -12.198625564575195 5.500733852386475 5
vertex -12.349437713623047 5.4294047355651855 5
vertex -22 0 5
 endloop
endfacet
facet normal 0 0 0
 outer loop
vertex 16 83 5
vertex 8.891345024108887 63.45922088623047 5
vertex 8.941694259643555 63.565677642822266 5
 endloop
endfacet
facet normal 0 0 0
 outer loop
vertex 10 61.79999923706055 5
vertex -8.891345024108887 62.54077911376953 5
vertex -8.941694259643555 62.434322357177734 5
 endloop
endfacet
facet normal 0 0 0
 outer loop
vertex -9.434324264526367 61.94169616699219 5
vertex -9.540780067443848 61.8913459777832 5
vertex -22 0 5
 endloop
endfacet
facet normal 0 0 0
 outer loop
vertex -13 8.699999809265137 5
vertex 11.500733375549316 7.801374435424805 5
vertex 11.586502075195312 7.944469451904297 5
 endloop
endfacet
facet normal 0 0 0
 outer loop
vertex 13 5.300000190734863 5
vertex -11.500733375549316 6.198625564575195 5
vertex -11.586502075195312 6.055530548095703 5
 endloop
endfacet
facet normal 0 0 0
 outer loop
vertex -12.198625564575195 5.500733852386475 5
vertex -22 0 5
vertex 22 0 5
 endloop
endfacet
facet normal 0 0 0
 outer loop
vertex 16 83 5
vertex 8.941694259643555 63.565677642822266 5
vertex 9.002236366271973 63.666683197021484 5
 endloop
endfacet
facet normal 0 0 0
 outer loop
vertex 10 61.79999923706055 5
vertex -8.941694259643555 62.434322357177734 5
vertex -9.002236366271973 62.333316802978516 5
 endloop
endfacet
facet normal 0 0 0
 outer loop
vertex -9.3333158493042 62.002235412597656 5
vertex -9.434324264526367 61.94169616699219 5
vertex -22 0 5
 endloop
endfacet
facet normal 0 0 0
 outer loop
vertex -13 8.699999809265137 5
vertex 11.586502075195312 7.944469451904297 5
vertex 11.685882568359375 8.078468322753906 5
 endloop
endfacet
facet normal 0 0 0
 outer loop
vertex 13 5.300000190734863 5
vertex -11.586502075195312 6.055530548095703 5
vertex -11.685882568359375 5.9215312004089355 5
 endloop
endfacet
facet normal 0 0 0
 outer loop
vertex -12.055530548095703 5.586501598358154 5
vertex -12.198625564575195 5.500733852386475 5
vertex 22 0 5
 endloop
endfacet
facet normal 0 0 0
 outer loop
vertex 16 83 5
vertex 9.002236366271973 63.666683197021484 5
vertex 9.0723876953125 63.76127243041992 5
 endloop
endfacet
facet normal 0 0 0
 outer loop
vertex 10 61.79999923706055 5
vertex -9.002236366271973 62.333316802978516 5
vertex -9.0723876953125 62.23872756958008 5
 endloop
endfacet
facet normal 0 0 0
 outer loop
vertex -9.238728523254395 62.0723876953125 5
vertex -9.3333158493042 62.002235412597656 5
vertex -22 0 5
 endloop
endfacet
facet normal 0 0 0
 outer loop
vertex -13 8.699999809265137 5
vertex 11.685882568359375 8.078468322753906 5
vertex 11.797918319702148 8.202081680297852 5
 endloop
endfacet
facet normal 0 0 0
 outer loop
vertex 13 5.300000190734863 5
vertex -11.685882568359375 5.9215312004089355 5
vertex -11.797918319702148 5.797918319702148 5
 endloop
endfacet
facet normal 0 0 0
 outer loop
vertex -11.921531677246094 5.685882091522217 5
vertex -12.055530548095703 5.586501598358154 5
vertex 22 0 5
 endloop
endfacet
facet normal 0 0 0
 outer loop
vertex 16 83 5
vertex 9.0723876953125 63.76127243041992 5
vertex 9.151472091674805 63.84852981567383 5
 endloop
endfacet
facet normal 0 0 0
 outer loop
vertex 10 61.79999923706055 5
vertex -9.0723876953125 62.23872756958008 5
vertex -9.151472091674805 62.15147018432617 5
 endloop
endfacet
facet normal 0 0 0
 outer loop
vertex -9.151472091674805 62.15147018432617 5
vertex -9.238728523254395 62.0723876953125 5
vertex -22 0 5
 endloop
endfacet
facet normal 0 0 0
 outer loop
vertex -13 8.699999809265137 5
vertex 11.797918319702148 8.202081680297852 5
vertex 11.921531677246094 8.314117431640625 5
 endloop
endfacet
facet normal 0 0 0
 outer loop
vertex 13 5.300000190734863 5
vertex -11.797918319702148 5.797918319702148 5
vertex -11.921531677246094 5.685882091522217 5
 endloop
endfacet
facet normal 0 0 0
 outer loop
vertex 16 83 5
vertex 9.151472091674805 63.84852981567383 5
vertex 9.238728523254395 63.9276123046875 5
 endloop
endfacet
facet normal 0 0 0
 outer loop
vertex 10 61.79999923706055 5
vertex -9.151472091674805 62.15147018432617 5
vertex -22 0 5
 endloop
endfacet
facet normal 0 0 0
 outer loop
vertex -13 8.699999809265137 5
vertex 11.921531677246094 8.314117431640625 5
vertex 12.055530548095703 8.413497924804688 5
 endloop
endfacet
facet normal 0 0 0
 outer loop
vertex 13 5.300000190734863 5
vertex -11.921531677246094 5.685882091522217 5
vertex 22 0 5
 endloop
endfacet
facet normal 0 0 0
 outer loop
vertex 16 83 5
vertex 9.238728523254395 63.9276123046875 5
vertex 9.3333158493042 63.997764587402344 5
 endloop
endfacet
facet normal 0 0 0
 outer loop
vertex 10.117620468139648 61.80577850341797 5
vertex 10 61.79999923706055 5
vertex -22 0 5
 endloop
endfacet
facet normal 0 0 0
 outer loop
vertex -13 8.699999809265137 5
vertex 12.055530548095703 8.413497924804688 5
vertex 12.198625564575195 8.499266624450684 5
 endloop
endfacet
facet normal 0 0 0
 outer loop
vertex 13.16662883758545 5.308186054229736 5
vertex 13 5.300000190734863 5
vertex 22 0 5
 endloop
endfacet
facet normal 0 0 0
 outer loop
vertex 16 83 5
vertex 9.3333158493042 63.997764587402344 5
vertex 9.434324264526367 64.05830383300781 5
 endloop
endfacet
facet normal 0 0 0
 outer loop
vertex 10.234107971191406 61.82305908203125 5
vertex 10.117620468139648 61.80577850341797 5
vertex -22 0 5
 endloop
endfacet
facet normal 0 0 0
 outer loop
vertex -13 8.699999809265137 5
vertex 12.198625564575195 8.499266624450684 5
vertex 12.349437713623047 8.570594787597656 5
 endloop
endfacet
facet normal 0 0 0
 outer loop
vertex 13.331653594970703 5.332664966583252 5
vertex 13.16662883758545 5.308186054229736 5
vertex 22 0 5
 endloop
endfacet
facet normal 0 0 0
 outer loop
vertex 16 83 5
vertex 9.434324264526367 64.05830383300781 5
vertex 9.540780067443848 64.10865783691406 5
 endloop
endfacet
facet normal 0 0 0
 outer loop
vertex 10.348341941833496 61.8516731262207 5
vertex 10.234107971191406 61.82305908203125 5
vertex -22 0 5
 endloop
endfacet
facet normal 0 0 0
 outer loop
vertex -13 8.699999809265137 5
vertex 12.349437713623047 8.570594787597656 5
vertex 12.506516456604004 8.626798629760742 5
 endloop
endfacet
facet normal 0 0 0
 outer loop
vertex 13.493483543395996 5.373201370239258 5
vertex 13.331653594970703 5.332664966583252 5
vertex 22 0 5
 endloop
endfacet
facet normal 0 0 0
 outer loop
vertex 16 83 5
vertex 9.540780067443848 64.10865783691406 5
vertex 9.651658058166504 64.14833068847656 5
 endloop
endfacet
facet normal 0 0 0
 outer loop
vertex 10.459219932556152 61.8913459777832 5
vertex 10.348341941833496 61.8516731262207 5
vertex -22 0 5
 endloop
endfacet
facet normal 0 0 0
 outer loop
vertex -13 8.699999809265137 5
vertex 12.506516456604004 8.626798629760742 5
vertex 12.668346405029297 8.66733455657959 5
 endloop
endfacet
facet normal 0 0 0
 outer loop
vertex 13.650562286376953 5.4294047355651855 5
vertex 13.493483543395996 5.373201370239258 5
vertex 22 0 5
 endloop
endfacet
facet normal 0 0 0
 outer loop
vertex 16 83 5
vertex 9.651658058166504 64.14833068847656 5
vertex 9.765892028808594 64.17694091796875 5
 endloop
endfacet
facet normal 0 0 0
 outer loop
vertex 10.565675735473633 61.94169616699219 5
vertex 10.459219932556152 61.8913459777832 5
vertex -22 0 5
 endloop
endfacet
facet normal 0 0 0
 outer loop
vertex -13 8.699999809265137 5
vertex 12.668346405029297 8.66733455657959 5
vertex 12.83337116241455 8.691814422607422 5
 endloop
endfacet
facet normal 0 0 0
 outer loop
vertex 13.801374435424805 5.500733852386475 5
vertex 13.650562286376953 5.4294047355651855 5
vertex 22 0 5
 endloop
endfacet
facet normal 0 0 0
 outer loop
vertex 16 83 5
vertex 9.765892028808594 64.17694091796875 5
vertex 9.882379531860352 64.19422149658203 5
 endloop
endfacet
facet normal 0 0 0
 outer loop
vertex 10.6666841506958 62.002235412597656 5
vertex 10.565675735473633 61.94169616699219 5
vertex -22 0 5
 endloop
endfacet
facet normal 0 0 0
 outer loop
vertex -13 8.699999809265137 5
vertex 12.83337116241455 8.691814422607422 5
vertex 13 8.699999809265137 5
 endloop
endfacet
facet normal 0 0 0
 outer loop
vertex 13.944469451904297 5.586501598358154 5
vertex 13.801374435424805 5.500733852386475 5
vertex 22 0 5
 endloop
endfacet
facet normal 0 0 0
 outer loop
vertex 16 83 5
vertex 9.882379531860352 64.19422149658203 5
vertex 10 64.19999694824219 5
 endloop
endfacet
facet normal 0 0 0
 outer loop
vertex 10.761271476745605 62.0723876953125 5
vertex 10.6666841506958 62.002235412597656 5
vertex -22 0 5
 endloop
endfacet
facet normal 0 0 0
 outer loop
vertex 14.078468322753906 5.685882091522217 5
vertex 13.944469451904297 5.586501598358154 5
vertex 22 0 5
 endloop
endfacet
facet normal 0 0 0
 outer loop
vertex 16 83 5
vertex 10 64.19999694824219 5
vertex 10.117620468139648 64.19422149658203 5
 endloop
endfacet
facet normal 0 0 0
 outer loop
vertex 10.848527908325195 62.15147018432617 5
vertex 10.761271476745605 62.0723876953125 5
vertex -22 0 5
 endloop
endfacet
facet normal 0 0 0
 outer loop
vertex 14.202081680297852 5.797918319702148 5
vertex 14.078468322753906 5.685882091522217 5
vertex 22 0 5
 endloop
endfacet
facet normal 0 0 0
 outer loop
vertex 16 83 5
vertex 10.117620468139648 64.19422149658203 5
vertex 10.234107971191406 64.17694091796875 5
 endloop
endfacet
facet normal 0 0 0
 outer loop
vertex 10.9276123046875 62.23872756958008 5
vertex 10.848527908325195 62.15147018432617 5
vertex -22 0 5
 endloop
endfacet
facet normal 0 0 0
 outer loop
vertex 14.314117431640625 5.9215312004089355 5
vertex 14.202081680297852 5.797918319702148 5
vertex 22 0 5
 endloop
endfacet
facet normal 0 0 0
 outer loop
vertex 16 83 5
vertex 10.234107971191406 64.17694091796875 5
vertex 10.348341941833496 64.14833068847656 5
 endloop
endfacet
facet normal 0 0 0
 outer loop
vertex 10.997763633728027 62.333316802978516 5
vertex 10.9276123046875 62.23872756958008 5
vertex -22 0 5
 endloop
endfacet
facet normal 0 0 0
 outer loop
vertex 14.413497924804688 6.055530548095703 5
vertex 14.314117431640625 5.9215312004089355 5
vertex 22 0 5
 endloop
endfacet
facet normal 0 0 0
 outer loop
vertex 16 83 5
vertex 10.348341941833496 64.14833068847656 5
vertex 10.459219932556152 64.10865783691406 5
 endloop
endfacet
facet normal 0 0 0
 outer loop
vertex 11.058305740356445 62.434322357177734 5
vertex 10.997763633728027 62.333316802978516 5
vertex -22 0 5
 endloop
endfacet
facet normal 0 0 0
 outer loop
vertex 14.499266624450684 6.198625564575195 5
vertex 14.413497924804688 6.055530548095703 5
vertex 22 0 5
 endloop
endfacet
facet normal 0 0 0
 outer loop
vertex 16 83 5
vertex 10.459219932556152 64.10865783691406 5
vertex 10.565675735473633 64.05830383300781 5
 endloop
endfacet
facet normal 0 0 0
 outer loop
vertex 11.058305740356445 62.434322357177734 5
vertex -22 0 5
vertex -14.202081680297852 8.202081680297852 5
 endloop
endfacet
facet normal 0 0 0
 outer loop
vertex 14.570594787597656 6.349438190460205 5
vertex 14.499266624450684 6.198625564575195 5
vertex 22 0 5
 endloop
endfacet
facet normal 0 0 0
 outer loop
vertex 16 83 5
vertex 10.565675735473633 64.05830383300781 5
vertex 10.6666841506958 63.997764587402344 5
 endloop
endfacet
facet normal 0 0 0
 outer loop
vertex 11.108654975891113 62.54077911376953 5
vertex 11.058305740356445 62.434322357177734 5
vertex -14.202081680297852 8.202081680297852 5
 endloop
endfacet
facet normal 0 0 0
 outer loop
vertex 14.626798629760742 6.506515979766846 5
vertex 14.570594787597656 6.349438190460205 5
vertex 22 0 5
 endloop
endfacet
facet normal 0 0 0
 outer loop
vertex 16 83 5
vertex 10.6666841506958 63.997764587402344 5
vertex 10.761271476745605 63.9276123046875 5
 endloop
endfacet
facet normal 0 0 0
 outer loop
vertex 11.108654975891113 62.54077911376953 5
vertex -14.202081680297852 8.202081680297852 5
vertex -14.078468322753906 8.314117431640625 5
 endloop
endfacet
facet normal 0 0 0
 outer loop
vertex 14.66733455657959 6.668346405029297 5
vertex 14.626798629760742 6.506515979766846 5
vertex 22 0 5
 endloop
endfacet
facet normal 0 0 0
 outer loop
vertex 16 83 5
vertex 10.761271476745605 63.9276123046875 5
vertex 10.848527908325195 63.84852981567383 5
 endloop
endfacet
facet normal 0 0 0
 outer loop
vertex 11.108654975891113 62.54077911376953 5
vertex -14.078468322753906 8.314117431640625 5
vertex -13.944469451904297 8.413497924804688 5
 endloop
endfacet
facet normal 0 0 0
 outer loop
vertex 14.691814422607422 6.833370685577393 5
vertex 14.66733455657959 6.668346405029297 5
vertex 22 0 5
 endloop
endfacet
facet normal 0 0 0
 outer loop
vertex 16 83 5
vertex 10.848527908325195 63.84852981567383 5
vertex 10.9276123046875 63.76127243041992 5
 endloop
endfacet
facet normal 0 0 0
 outer loop
vertex 11.108654975891113 62.54077911376953 5
vertex -13.944469451904297 8.413497924804688 5
vertex -13.801374435424805 8.499266624450684 5
 endloop
endfacet
facet normal 0 0 0
 outer loop
vertex 14.699999809265137 7 5
vertex 14.691814422607422 6.833370685577393 5
vertex 22 0 5
 endloop
endfacet
facet normal 0 0 0
 outer loop
vertex 16 83 5
vertex 10.9276123046875 63.76127243041992 5
vertex 10.997763633728027 63.666683197021484 5
 endloop
endfacet
facet normal 0 0 0
 outer loop
vertex 11.108654975891113 62.54077911376953 5
vertex -13.801374435424805 8.499266624450684 5
vertex -13.650562286376953 8.570594787597656 5
 endloop
endfacet
facet normal 0 0 0
 outer loop
vertex 14.691814422607422 7.166629314422607 5
vertex 14.699999809265137 7 5
vertex 22 0 5
 endloop
endfacet
facet normal 0 0 0
 outer loop
vertex 16 83 5
vertex 10.997763633728027 63.666683197021484 5
vertex 11.058305740356445 63.565677642822266 5
 endloop
endfacet
facet normal 0 0 0
 outer loop
vertex 11.108654975891113 62.54077911376953 5
vertex -13.650562286376953 8.570594787597656 5
vertex -13.493483543395996 8.626798629760742 5
 endloop
endfacet
facet normal 0 0 0
 outer loop
vertex 14.66733455657959 7.331653594970703 5
vertex 14.691814422607422 7.166629314422607 5
vertex 22 0 5
 endloop
endfacet
facet normal 0 0 0
 outer loop
vertex 16 83 5
vertex 11.058305740356445 63.565677642822266 5
vertex 11.108654975891113 63.45922088623047 5
 endloop
endfacet
facet normal 0 0 0
 outer loop
vertex 11.108654975891113 62.54077911376953 5
vertex -13.493483543395996 8.626798629760742 5
vertex -13.331653594970703 8.66733455657959 5
 endloop
endfacet
facet normal 0 0 0
 outer loop
vertex 14.626798629760742 7.493484020233154 5
vertex 14.66733455657959 7.331653594970703 5
vertex 22 0 5
 endloop
endfacet
facet normal 0 0 0
 outer loop
vertex 16 83 5
vertex 11.108654975891113 63.45922088623047 5
vertex 11.14832878112793 63.34834289550781 5
 endloop
endfacet
facet normal 0 0 0
 outer loop
vertex 11.108654975891113 62.54077911376953 5
vertex -13.331653594970703 8.66733455657959 5
vertex -13.16662883758545 8.691814422607422 5
 endloop
endfacet
facet normal 0 0 0
 outer loop
vertex 14.570594787597656 7.650561809539795 5
vertex 14.626798629760742 7.493484020233154 5
vertex 22 0 5
 endloop
endfacet
facet normal 0 0 0
 outer loop
vertex 16 83 5
vertex 11.14832878112793 63.34834289550781 5
vertex 11.176941871643066 63.234107971191406 5
 endloop
endfacet
facet normal 0 0 0
 outer loop
vertex 11.108654975891113 62.54077911376953 5
vertex -13.16662883758545 8.691814422607422 5
vertex -13 8.699999809265137 5
 endloop
endfacet
facet normal 0 0 0
 outer loop
vertex 14.499266624450684 7.801374435424805 5
vertex 14.570594787597656 7.650561809539795 5
vertex 22 0 5
 endloop
endfacet
facet normal 0 0 0
 outer loop
vertex 22 0 5
vertex 16 83 5
vertex 11.176941871643066 63.234107971191406 5
 endloop
endfacet
facet normal 0 0 0
 outer loop
vertex 11.108654975891113 62.54077911376953 5
vertex -13 8.699999809265137 5
vertex 13 8.699999809265137 5
 endloop
endfacet
facet normal 0 0 0
 outer loop
vertex 14.413497924804688 7.944469451904297 5
vertex 14.499266624450684 7.801374435424805 5
vertex 22 0 5
 endloop
endfacet
facet normal 0 0 0
 outer loop
vertex 22 0 5
vertex 11.176941871643066 63.234107971191406 5
vertex 11.194221496582031 63.11762237548828 5
 endloop
endfacet
facet normal 0 0 0
 outer loop
vertex 11.14832878112793 62.65165710449219 5
vertex 11.108654975891113 62.54077911376953 5
vertex 13 8.699999809265137 5
 endloop
endfacet
facet normal 0 0 0
 outer loop
vertex 14.314117431640625 8.078468322753906 5
vertex 14.413497924804688 7.944469451904297 5
vertex 22 0 5
 endloop
endfacet
facet normal 0 0 0
 outer loop
vertex 22 0 5
vertex 11.194221496582031 63.11762237548828 5
vertex 11.199999809265137 63 5
 endloop
endfacet
facet normal 0 0 0
 outer loop
vertex 11.176941871643066 62.765892028808594 5
vertex 11.14832878112793 62.65165710449219 5
vertex 13 8.699999809265137 5
 endloop
endfacet
facet normal 0 0 0
 outer loop
vertex 14.202081680297852 8.202081680297852 5
vertex 14.314117431640625 8.078468322753906 5
vertex 22 0 5
 endloop
endfacet
facet normal 0 0 0
 outer loop
vertex 22 0 5
vertex 11.199999809265137 63 5
vertex 11.194221496582031 62.88237762451172 5
 endloop
endfacet
facet normal 0 0 0
 outer loop
vertex 11.194221496582031 62.88237762451172 5
vertex 11.176941871643066 62.765892028808594 5
vertex 13 8.699999809265137 5
 endloop
endfacet
facet normal 0 0 0
 outer loop
vertex 14.202081680297852 8.202081680297852 5
vertex 22 0 5
vertex 11.194221496582031 62.88237762451172 5
 endloop
endfacet
facet normal 0 0 0
 outer loop
vertex 11.194221496582031 62.88237762451172 5
vertex 13 8.699999809265137 5
vertex 13.16662883758545 8.691814422607422 5
 endloop
endfacet
facet normal 0 0 0
 outer loop
vertex 14.078468322753906 8.314117431640625 5
vertex 14.202081680297852 8.202081680297852 5
vertex 11.194221496582031 62.88237762451172 5
 endloop
endfacet
facet normal 0 0 0
 outer loop
vertex 11.194221496582031 62.88237762451172 5
vertex 13.16662883758545 8.691814422607422 5
vertex 13.331653594970703 8.66733455657959 5
 endloop
endfacet
facet normal 0 0 0
 outer loop
vertex 13.944469451904297 8.413497924804688 5
vertex 14.078468322753906 8.314117431640625 5
vertex 11.194221496582031 62.88237762451172 5
 endloop
endfacet
facet normal 0 0 0
 outer loop
vertex 11.194221496582031 62.88237762451172 5
vertex 13.331653594970703 8.66733455657959 5
vertex 13.493483543395996 8.626798629760742 5
 endloop
endfacet
facet normal 0 0 0
 outer loop
vertex 13.801374435424805 8.499266624450684 5
vertex 13.944469451904297 8.413497924804688 5
vertex 11.194221496582031 62.88237762451172 5
 endloop
endfacet
facet normal 0 0 0
 outer loop
vertex 11.194221496582031 62.88237762451172 5
vertex 13.493483543395996 8.626798629760742 5
vertex 13.650562286376953 8.570594787597656 5
 endloop
endfacet
facet normal 0 0 0
 outer loop
vertex 13.650562286376953 8.570594787597656 5
vertex 13.801374435424805 8.499266624450684 5
vertex 11.194221496582031 62.88237762451172 5
 endloop
endfacet
facet normal 0 0 0
 outer loop
vertex -22 0 0
vertex 22 0 0
vertex -22 0 5
 endloop
endfacet
facet normal 0 0 0
 outer loop
vertex 22 0 0
vertex 22 0 5
vertex -22 0 5
 endloop
endfacet
facet normal 0 0 0
 outer loop
vertex 22 0 0
vertex 16 83 0
vertex 22 0 5
 endloop
endfacet
facet normal 0 0 0
 outer loop
vertex 16 83 0
vertex 16 83 5
vertex 22 0 5
 endloop
endfacet
facet normal 0 0 0
 outer loop
vertex 16 83 0
vertex -16 83 0
vertex 16 83 5
 endloop
endfacet
facet normal 0 0 0
 outer loop
vertex -16 83 0
vertex -16 83 5
vertex 16 83 5
 endloop
endfacet
facet normal 0 0 0
 outer loop
vertex -16 83 0
vertex -22 0 0
vertex -16 83 5
 endloop
endfacet
facet normal 0 0 0
 outer loop
vertex -22 0 0
vertex -22 0 5
vertex -16 83 5
 endloop
endfacet
facet normal 0 0 0
 outer loop
vertex -11.300000190734863 7 0
vertex -11.308185577392578 6.833370685577393 0
vertex -11.300000190734863 7 5
 endloop
endfacet
facet normal 0 0 0
 outer loop
vertex -11.308185577392578 6.833370685577393 0
vertex -11.308185577392578 6.833370685577393 5
vertex -11.300000190734863 7 5
 endloop
endfacet
facet normal 0 0 0
 outer loop
vertex -11.308185577392578 6.833370685577393 0
vertex -11.33266544342041 6.668346405029297 0
vertex -11.308185577392578 6.833370685577393 5
 endloop
endfacet
facet normal 0 0 0
 outer loop
vertex -11.33266544342041 6.668346405029297 0
vertex -11.33266544342041 6.668346405029297 5
vertex -11.308185577392578 6.833370685577393 5
 endloop
endfacet
facet normal 0 0 0
 outer loop
vertex -11.33266544342041 6.668346405029297 0
vertex -11.373201370239258 6.506515979766846 0
vertex -11.33266544342041 6.668346405029297 5
 endloop
endfacet
facet normal 0 0 0
 outer loop
vertex -11.373201370239258 6.506515979766846 0
vertex -11.373201370239258 6.506515979766846 5
vertex -11.33266544342041 6.668346405029297 5
 endloop
endfacet
facet normal 0 0 0
 outer loop
vertex -11.373201370239258 6.506515979766846 0
vertex -11.429405212402344 6.349438190460205 0
vertex -11.373201370239258 6.506515979766846 5
 endloop
endfacet
facet normal 0 0 0
 outer loop
vertex -11.429405212402344 6.349438190460205 0
vertex -11.429405212402344 6.349438190460205 5
vertex -11.373201370239258 6.506515979766846 5
 endloop
endfacet
facet normal 0 0 0
 outer loop
vertex -11.429405212402344 6.349438190460205 0
vertex -11.500733375549316 6.198625564575195 0
vertex -11.429405212402344 6.349438190460205 5
 endloop
endfacet
facet normal 0 0 0
 outer loop
vertex -11.500733375549316 6.198625564575195 0
vertex -11.500733375549316 6.198625564575195 5
vertex -11.429405212402344 6.349438190460205 5
 endloop
endfacet
facet normal 0 0 0
 outer loop
vertex -11.500733375549316 6.198625564575195 0
vertex -11.586502075195312 6.055530548095703 0
vertex -11.500733375549316 6.198625564575195 5
 endloop
endfacet
facet normal 0 0 0
 outer loop
vertex -11.586502075195312 6.055530548095703 0
vertex -11.586502075195312 6.055530548095703 5
vertex -11.500733375549316 6.198625564575195 5
 endloop
endfacet
facet normal 0 0 0
 outer loop
vertex -11.586502075195312 6.055530548095703 0
vertex -11.685882568359375 5.9215312004089355 0
vertex -11.586502075195312 6.055530548095703 5
 endloop
endfacet
facet normal 0 0 0
 outer loop
vertex -11.685882568359375 5.9215312004089355 0
vertex -11.685882568359375 5.9215312004089355 5
vertex -11.586502075195312 6.055530548095703 5
 endloop
endfacet
facet normal 0 0 0
 outer loop
vertex -11.685882568359375 5.9215312004089355 0
vertex -11.797918319702148 5.797918319702148 0
vertex -11.685882568359375 5.9215312004089355 5
 endloop
endfacet
facet normal 0 0 0
 outer loop
vertex -11.797918319702148 5.797918319702148 0
vertex -11.797918319702148 5.797918319702148 5
vertex -11.685882568359375 5.9215312004089355 5
 endloop
endfacet
facet normal 0 0 0
 outer loop
vertex -11.797918319702148 5.797918319702148 0
vertex -11.921531677246094 5.685882091522217 0
vertex -11.797918319702148 5.797918319702148 5
 endloop
endfacet
facet normal 0 0 0
 outer loop
vertex -11.921531677246094 5.685882091522217 0
vertex -11.921531677246094 5.685882091522217 5
vertex -11.797918319702148 5.797918319702148 5
 endloop
endfacet
facet normal 0 0 0
 outer loop
vertex -11.921531677246094 5.685882091522217 0
vertex -12.055530548095703 5.586501598358154 0
vertex -11.921531677246094 5.685882091522217 5
 endloop
endfacet
facet normal 0 0 0
 outer loop
vertex -12.055530548095703 5.586501598358154 0
vertex -12.055530548095703 5.586501598358154 5
vertex -11.921531677246094 5.685882091522217 5
 endloop
endfacet
facet normal 0 0 0
 outer loop
vertex -12.055530548095703 5.586501598358154 0
vertex -12.198625564575195 5.500733852386475 0
vertex -12.055530548095703 5.586501598358154 5
 endloop
endfacet
facet normal 0 0 0
 outer loop
vertex -12.198625564575195 5.500733852386475 0
vertex -12.198625564575195 5.500733852386475 5
vertex -12.055530548095703 5.586501598358154 5
 endloop
endfacet
facet normal 0 0 0
 outer loop
vertex -12.198625564575195 5.500733852386475 0
vertex -12.349437713623047 5.4294047355651855 0
vertex -12.198625564575195 5.500733852386475 5
 endloop
endfacet
facet normal 0 0 0
 outer loop
vertex -12.349437713623047 5.4294047355651855 0
vertex -12.349437713623047 5.4294047355651855 5
vertex -12.198625564575195 5.500733852386475 5
 endloop
endfacet
facet normal 0 0 0
 outer loop
vertex -12.349437713623047 5.4294047355651855 0
vertex -12.506516456604004 5.373201370239258 0
vertex -12.349437713623047 5.4294047355651855 5
 endloop
endfacet
facet normal 0 0 0
 outer loop
vertex -12.506516456604004 5.373201370239258 0
vertex -12.506516456604004 5.373201370239258 5
vertex -12.349437713623047 5.4294047355651855 5
 endloop
endfacet
facet normal 0 0 0
 outer loop
vertex -12.506516456604004 5.373201370239258 0
vertex -12.668346405029297 5.332664966583252 0
vertex -12.506516456604004 5.373201370239258 5
 endloop
endfacet
facet normal 0 0 0
 outer loop
vertex -12.668346405029297 5.332664966583252 0
vertex -12.668346405029297 5.332664966583252 5
vertex -12.506516456604004 5.373201370239258 5
 endloop
endfacet
facet normal 0 0 0
 outer loop
vertex -12.668346405029297 5.332664966583252 0
vertex -12.83337116241455 5.308186054229736 0
vertex -12.668346405029297 5.332664966583252 5
 endloop
endfacet
facet normal 0 0 0
 outer loop
vertex -12.83337116241455 5.308186054229736 0
vertex -12.83337116241455 5.308186054229736 5
vertex -12.668346405029297 5.332664966583252 5
 endloop
endfacet
facet normal 0 0 0
 outer loop
vertex -12.83337116241455 5.308186054229736 0
vertex -13 5.300000190734863 0
vertex -12.83337116241455 5.308186054229736 5
 endloop
endfacet
facet normal 0 0 0
 outer loop
vertex -13 5.300000190734863 0
vertex -13 5.300000190734863 5
vertex -12.83337116241455 5.308186054229736 5
 endloop
endfacet
facet normal 0 0 0
 outer loop
vertex -13 5.300000190734863 0
vertex -13.16662883758545 5.308186054229736 0
vertex -13 5.300000190734863 5
 endloop
endfacet
facet normal 0 0 0
 outer loop
vertex -13.16662883758545 5.308186054229736 0
vertex -13.16662883758545 5.308186054229736 5
vertex -13 5.300000190734863 5
 endloop
endfacet
facet normal 0 0 0
 outer loop
vertex -13.16662883758545 5.308186054229736 0
vertex -13.331653594970703 5.332664966583252 0
vertex -13.16662883758545 5.308186054229736 5
 endloop
endfacet
facet normal 0 0 0
 outer loop
vertex -13.331653594970703 5.332664966583252 0
vertex -13.331653594970703 5.332664966583252 5
vertex -13.16662883758545 5.308186054229736 5
 endloop
endfacet
facet normal 0 0 0
 outer loop
vertex -13.331653594970703 5.332664966583252 0
vertex -13.493483543395996 5.373201370239258 0
vertex -13.331653594970703 5.332664966583252 5
 endloop
endfacet
facet normal 0 0 0
 outer loop
vertex -13.493483543395996 5.373201370239258 0
vertex -13.493483543395996 5.373201370239258 5
vertex -13.331653594970703 5.332664966583252 5
 endloop
endfacet
facet normal 0 0 0
 outer loop
vertex -13.493483543395996 5.373201370239258 0
vertex -13.650562286376953 5.4294047355651855 0
vertex -13.493483543395996 5.373201370239258 5
 endloop
endfacet
facet normal 0 0 0
 outer loop
vertex -13.650562286376953 5.4294047355651855 0
vertex -13.650562286376953 5.4294047355651855 5
vertex -13.493483543395996 5.373201370239258 5
 endloop
endfacet
facet normal 0 0 0
 outer loop
vertex -13.650562286376953 5.4294047355651855 0
vertex -13.801374435424805 5.500733852386475 0
vertex -13.650562286376953 5.4294047355651855 5
 endloop
endfacet
facet normal 0 0 0
 outer loop
vertex -13.801374435424805 5.500733852386475 0
vertex -13.801374435424805 5.500733852386475 5
vertex -13.650562286376953 5.4294047355651855 5
 endloop
endfacet
facet normal 0 0 0
 outer loop
vertex -13.801374435424805 5.500733852386475 0
vertex -13.944469451904297 5.586501598358154 0
vertex -13.801374435424805 5.500733852386475 5
 endloop
endfacet
facet normal 0 0 0
 outer loop
vertex -13.944469451904297 5.586501598358154 0
vertex -13.944469451904297 5.586501598358154 5
vertex -13.801374435424805 5.500733852386475 5
 endloop
endfacet
facet normal 0 0 0
 outer loop
vertex -13.944469451904297 5.586501598358154 0
vertex -14.078468322753906 5.685882091522217 0
vertex -13.944469451904297 5.586501598358154 5
 endloop
endfacet
facet normal 0 0 0
 outer loop
vertex -14.078468322753906 5.685882091522217 0
vertex -14.078468322753906 5.685882091522217 5
vertex -13.944469451904297 5.586501598358154 5
 endloop
endfacet
facet normal 0 0 0
 outer loop
vertex -14.078468322753906 5.685882091522217 0
vertex -14.202081680297852 5.797918319702148 0
vertex -14.078468322753906 5.685882091522217 5
 endloop
endfacet
facet normal 0 0 0
 outer loop
vertex -14.202081680297852 5.797918319702148 0
vertex -14.202081680297852 5.797918319702148 5
vertex -14.078468322753906 5.685882091522217 5
 endloop
endfacet
facet normal 0 0 0
 outer loop
vertex -14.202081680297852 5.797918319702148 0
vertex -14.314117431640625 5.9215312004089355 0
vertex -14.202081680297852 5.797918319702148 5
 endloop
endfacet
facet normal 0 0 0
 outer loop
vertex -14.314117431640625 5.9215312004089355 0
vertex -14.314117431640625 5.9215312004089355 5
vertex -14.202081680297852 5.797918319702148 5
 endloop
endfacet
facet normal 0 0 0
 outer loop
vertex -14.314117431640625 5.9215312004089355 0
vertex -14.413497924804688 6.055530548095703 0
vertex -14.314117431640625 5.9215312004089355 5
 endloop
endfacet
facet normal 0 0 0
 outer loop
vertex -14.413497924804688 6.055530548095703 0
vertex -14.413497924804688 6.055530548095703 5
vertex -14.314117431640625 5.9215312004089355 5
 endloop
endfacet
facet normal 0 0 0
 outer loop
vertex -14.413497924804688 6.055530548095703 0
vertex -14.499266624450684 6.198625564575195 0
vertex -14.413497924804688 6.055530548095703 5
 endloop
endfacet
facet normal 0 0 0
 outer loop
vertex -14.499266624450684 6.198625564575195 0
vertex -14.499266624450684 6.198625564575195 5
vertex -14.413497924804688 6.055530548095703 5
 endloop
endfacet
facet normal 0 0 0
 outer loop
vertex -14.499266624450684 6.198625564575195 0
vertex -14.570594787597656 6.349438190460205 0
vertex -14.499266624450684 6.198625564575195 5
 endloop
endfacet
facet normal 0 0 0
 outer loop
vertex -14.570594787597656 6.349438190460205 0
vertex -14.570594787597656 6.349438190460205 5
vertex -14.499266624450684 6.198625564575195 5
 endloop
endfacet
facet normal 0 0 0
 outer loop
vertex -14.570594787597656 6.349438190460205 0
vertex -14.626798629760742 6.506515979766846 0
vertex -14.570594787597656 6.349438190460205 5
 endloop
endfacet
facet normal 0 0 0
 outer loop
vertex -14.626798629760742 6.506515979766846 0
vertex -14.626798629760742 6.506515979766846 5
vertex -14.570594787597656 6.349438190460205 5
 endloop
endfacet
facet normal 0 0 0
 outer loop
vertex -14.626798629760742 6.506515979766846 0
vertex -14.66733455657959 6.668346405029297 0
vertex -14.626798629760742 6.506515979766846 5
 endloop
endfacet
facet normal 0 0 0
 outer loop
vertex -14.66733455657959 6.668346405029297 0
vertex -14.66733455657959 6.668346405029297 5
vertex -14.626798629760742 6.506515979766846 5
 endloop
endfacet
facet normal 0 0 0
 outer loop
vertex -14.66733455657959 6.668346405029297 0
vertex -14.691814422607422 6.833370685577393 0
vertex -14.66733455657959 6.668346405029297 5
 endloop
endfacet
facet normal 0 0 0
 outer loop
vertex -14.691814422607422 6.833370685577393 0
vertex -14.691814422607422 6.833370685577393 5
vertex -14.66733455657959 6.668346405029297 5
 endloop
endfacet
facet normal 0 0 0
 outer loop
vertex -14.691814422607422 6.833370685577393 0
vertex -14.699999809265137 7 0
vertex -14.691814422607422 6.833370685577393 5
 endloop
endfacet
facet normal 0 0 0
 outer loop
vertex -14.699999809265137 7 0
vertex -14.699999809265137 7 5
vertex -14.691814422607422 6.833370685577393 5
 endloop
endfacet
facet normal 0 0 0
 outer loop
vertex -14.699999809265137 7 0
vertex -14.691814422607422 7.166629314422607 0
vertex -14.699999809265137 7 5
 endloop
endfacet
facet normal 0 0 0
 outer loop
vertex -14.691814422607422 7.166629314422607 0
vertex -14.691814422607422 7.166629314422607 5
vertex -14.699999809265137 7 5
 endloop
endfacet
facet normal 0 0 0
 outer loop
vertex -14.691814422607422 7.166629314422607 0
vertex -14.66733455657959 7.331653594970703 0
vertex -14.691814422607422 7.166629314422607 5
 endloop
endfacet
facet normal 0 0 0
 outer loop
vertex -14.66733455657959 7.331653594970703 0
vertex -14.66733455657959 7.331653594970703 5
vertex -14.691814422607422 7.166629314422607 5
 endloop
endfacet
facet normal 0 0 0
 outer loop
vertex -14.66733455657959 7.331653594970703 0
vertex -14.626798629760742 7.493484020233154 0
vertex -14.66733455657959 7.331653594970703 5
 endloop
endfacet
facet normal 0 0 0
 outer loop
vertex -14.626798629760742 7.493484020233154 0
vertex -14.626798629760742 7.493484020233154 5
vertex -14.66733455657959 7.331653594970703 5
 endloop
endfacet
facet normal 0 0 0
 outer loop
vertex -14.626798629760742 7.493484020233154 0
vertex -14.570594787597656 7.650561809539795 0
vertex -14.626798629760742 7.493484020233154 5
 endloop
endfacet
facet normal 0 0 0
 outer loop
vertex -14.570594787597656 7.650561809539795 0
vertex -14.570594787597656 7.650561809539795 5
vertex -14.626798629760742 7.493484020233154 5
 endloop
endfacet
facet normal 0 0 0
 outer loop
vertex -14.570594787597656 7.650561809539795 0
vertex -14.499266624450684 7.801374435424805 0
vertex -14.570594787597656 7.650561809539795 5
 endloop
endfacet
facet normal 0 0 0
 outer loop
vertex -14.499266624450684 7.801374435424805 0
vertex -14.499266624450684 7.801374435424805 5
vertex -14.570594787597656 7.650561809539795 5
 endloop
endfacet
facet normal 0 0 0
 outer loop
vertex -14.499266624450684 7.801374435424805 0
vertex -14.413497924804688 7.944469451904297 0
vertex -14.499266624450684 7.801374435424805 5
 endloop
endfacet
facet normal 0 0 0
 outer loop
vertex -14.413497924804688 7.944469451904297 0
vertex -14.413497924804688 7.944469451904297 5
vertex -14.499266624450684 7.801374435424805 5
 endloop
endfacet
facet normal 0 0 0
 outer loop
vertex -14.413497924804688 7.944469451904297 0
vertex -14.314117431640625 8.078468322753906 0
vertex -14.413497924804688 7.944469451904297 5
 endloop
endfacet
facet normal 0 0 0
 outer loop
vertex -14.314117431640625 8.078468322753906 0
vertex -14.314117431640625 8.078468322753906 5
vertex -14.413497924804688 7.944469451904297 5
 endloop
endfacet
facet normal 0 0 0
 outer loop
vertex -14.314117431640625 8.078468322753906 0
vertex -14.202081680297852 8.202081680297852 0
vertex -14.314117431640625 8.078468322753906 5
 endloop
endfacet
facet normal 0 0 0
 outer loop
vertex -14.202081680297852 8.202081680297852 0
vertex -14.202081680297852 8.202081680297852 5
vertex -14.314117431640625 8.078468322753906 5
 endloop
endfacet
facet normal 0 0 0
 outer loop
vertex -14.202081680297852 8.202081680297852 0
vertex -14.078468322753906 8.314117431640625 0
vertex -14.202081680297852 8.202081680297852 5
 endloop
endfacet
facet normal 0 0 0
 outer loop
vertex -14.078468322753906 8.314117431640625 0
vertex -14.078468322753906 8.314117431640625 5
vertex -14.202081680297852 8.202081680297852 5
 endloop
endfacet
facet normal 0 0 0
 outer loop
vertex -14.078468322753906 8.314117431640625 0
vertex -13.944469451904297 8.413497924804688 0
vertex -14.078468322753906 8.314117431640625 5
 endloop
endfacet
facet normal 0 0 0
 outer loop
vertex -13.944469451904297 8.413497924804688 0
vertex -13.944469451904297 8.413497924804688 5
vertex -14.078468322753906 8.314117431640625 5
 endloop
endfacet
facet normal 0 0 0
 outer loop
vertex -13.944469451904297 8.413497924804688 0
vertex -13.801374435424805 8.499266624450684 0
vertex -13.944469451904297 8.413497924804688 5
 endloop
endfacet
facet normal 0 0 0
 outer loop
vertex -13.801374435424805 8.499266624450684 0
vertex -13.801374435424805 8.499266624450684 5
vertex -13.944469451904297 8.413497924804688 5
 endloop
endfacet
facet normal 0 0 0
 outer loop
vertex -13.801374435424805 8.499266624450684 0
vertex -13.650562286376953 8.570594787597656 0
vertex -13.801374435424805 8.499266624450684 5
 endloop
endfacet
facet normal 0 0 0
 outer loop
vertex -13.650562286376953 8.570594787597656 0
vertex -13.650562286376953 8.570594787597656 5
vertex -13.801374435424805 8.499266624450684 5
 endloop
endfacet
facet normal 0 0 0
 outer loop
vertex -13.650562286376953 8.570594787597656 0
vertex -13.493483543395996 8.626798629760742 0
vertex -13.650562286376953 8.570594787597656 5
 endloop
endfacet
facet normal 0 0 0
 outer loop
vertex -13.493483543395996 8.626798629760742 0
vertex -13.493483543395996 8.626798629760742 5
vertex -13.650562286376953 8.570594787597656 5
 endloop
endfacet
facet normal 0 0 0
 outer loop
vertex -13.493483543395996 8.626798629760742 0
vertex -13.331653594970703 8.66733455657959 0
vertex -13.493483543395996 8.626798629760742 5
 endloop
endfacet
facet normal 0 0 0
 outer loop
vertex -13.331653594970703 8.66733455657959 0
vertex -13.331653594970703 8.66733455657959 5
vertex -13.493483543395996 8.626798629760742 5
 endloop
endfacet
facet normal 0 0 0
 outer loop
vertex -13.331653594970703 8.66733455657959 0
vertex -13.16662883758545 8.691814422607422 0
vertex -13.331653594970703 8.66733455657959 5
 endloop
endfacet
facet normal 0 0 0
 outer loop
vertex -13.16662883758545 8.691814422607422 0
vertex -13.16662883758545 8.691814422607422 5
vertex -13.331653594970703 8.66733455657959 5
 endloop
endfacet
facet normal 0 0 0
 outer loop
vertex -13.16662883758545 8.691814422607422 0
vertex -13 8.699999809265137 0
vertex -13.16662883758545 8.691814422607422 5
 endloop
endfacet
facet normal 0 0 0
 outer loop
vertex -13 8.699999809265137 0
vertex -13 8.699999809265137 5
vertex -13.16662883758545 8.691814422607422 5
 endloop
endfacet
facet normal 0 0 0
 outer loop
vertex -13 8.699999809265137 0
vertex -12.83337116241455 8.691814422607422 0
vertex -13 8.699999809265137 5
 endloop
endfacet
facet normal 0 0 0
 outer loop
vertex -12.83337116241455 8.691814422607422 0
vertex -12.83337116241455 8.691814422607422 5
vertex -13 8.699999809265137 5
 endloop
endfacet
facet normal 0 0 0
 outer loop
vertex -12.83337116241455 8.691814422607422 0
vertex -12.668346405029297 8.66733455657959 0
vertex -12.83337116241455 8.691814422607422 5
 endloop
endfacet
facet normal 0 0 0
 outer loop
vertex -12.668346405029297 8.66733455657959 0
vertex -12.668346405029297 8.66733455657959 5
vertex -12.83337116241455 8.691814422607422 5
 endloop
endfacet
facet normal 0 0 0
 outer loop
vertex -12.668346405029297 8.66733455657959 0
vertex -12.506516456604004 8.626798629760742 0
vertex -12.668346405029297 8.66733455657959 5
 endloop
endfacet
facet normal 0 0 0
 outer loop
vertex -12.506516456604004 8.626798629760742 0
vertex -12.506516456604004 8.626798629760742 5
vertex -12.668346405029297 8.66733455657959 5
 endloop
endfacet
facet normal 0 0 0
 outer loop
vertex -12.506516456604004 8.626798629760742 0
vertex -12.349437713623047 8.570594787597656 0
vertex -12.506516456604004 8.626798629760742 5
 endloop
endfacet
facet normal 0 0 0
 outer loop
vertex -12.349437713623047 8.570594787597656 0
vertex -12.349437713623047 8.570594787597656 5
vertex -12.506516456604004 8.626798629760742 5
 endloop
endfacet
facet normal 0 0 0
 outer loop
vertex -12.349437713623047 8.570594787597656 0
vertex -12.198625564575195 8.499266624450684 0
vertex -12.349437713623047 8.570594787597656 5
 endloop
endfacet
facet normal 0 0 0
 outer loop
vertex -12.198625564575195 8.499266624450684 0
vertex -12.198625564575195 8.499266624450684 5
vertex -12.349437713623047 8.570594787597656 5
 endloop
endfacet
facet normal 0 0 0
 outer loop
vertex -12.198625564575195 8.499266624450684 0
vertex -12.055530548095703 8.413497924804688 0
vertex -12.198625564575195 8.499266624450684 5
 endloop
endfacet
facet normal 0 0 0
 outer loop
vertex -12.055530548095703 8.413497924804688 0
vertex -12.055530548095703 8.413497924804688 5
vertex -12.198625564575195 8.499266624450684 5
 endloop
endfacet
facet normal 0 0 0
 outer loop
vertex -12.055530548095703 8.413497924804688 0
vertex -11.921531677246094 8.314117431640625 0
vertex -12.055530548095703 8.413497924804688 5
 endloop
endfacet
facet normal 0 0 0
 outer loop
vertex -11.921531677246094 8.314117431640625 0
vertex -11.921531677246094 8.314117431640625 5
vertex -12.055530548095703 8.413497924804688 5
 endloop
endfacet
facet normal 0 0 0
 outer loop
vertex -11.921531677246094 8.314117431640625 0
vertex -11.797918319702148 8.202081680297852 0
vertex -11.921531677246094 8.314117431640625 5
 endloop
endfacet
facet normal 0 0 0
 outer loop
vertex -11.797918319702148 8.202081680297852 0
vertex -11.797918319702148 8.202081680297852 5
vertex -11.921531677246094 8.314117431640625 5
 endloop
endfacet
facet normal 0 0 0
 outer loop
vertex -11.797918319702148 8.202081680297852 0
vertex -11.685882568359375 8.078468322753906 0
vertex -11.797918319702148 8.202081680297852 5
 endloop
endfacet
facet normal 0 0 0
 outer loop
vertex -11.685882568359375 8.078468322753906 0
vertex -11.685882568359375 8.078468322753906 5
vertex -11.797918319702148 8.202081680297852 5
 endloop
endfacet
facet normal 0 0 0
 outer loop
vertex -11.685882568359375 8.078468322753906 0
vertex -11.586502075195312 7.944469451904297 0
vertex -11.685882568359375 8.078468322753906 5
 endloop
endfacet
facet normal 0 0 0
 outer loop
vertex -11.586502075195312 7.944469451904297 0
vertex -11.586502075195312 7.944469451904297 5
vertex -11.685882568359375 8.078468322753906 5
 endloop
endfacet
facet normal 0 0 0
 outer loop
vertex -11.586502075195312 7.944469451904297 0
vertex -11.500733375549316 7.801374435424805 0
vertex -11.586502075195312 7.944469451904297 5
 endloop
endfacet
facet normal 0 0 0
 outer loop
vertex -11.500733375549316 7.801374435424805 0
vertex -11.500733375549316 7.801374435424805 5
vertex -11.586502075195312 7.944469451904297 5
 endloop
endfacet
facet normal 0 0 0
 outer loop
vertex -11.500733375549316 7.801374435424805 0
vertex -11.429405212402344 7.650561809539795 0
vertex -11.500733375549316 7.801374435424805 5
 endloop
endfacet
facet normal 0 0 0
 outer loop
vertex -11.429405212402344 7.650561809539795 0
vertex -11.429405212402344 7.650561809539795 5
vertex -11.500733375549316 7.801374435424805 5
 endloop
endfacet
facet normal 0 0 0
 outer loop
vertex -11.429405212402344 7.650561809539795 0
vertex -11.373201370239258 7.493484020233154 0
vertex -11.429405212402344 7.650561809539795 5
 endloop
endfacet
facet normal 0 0 0
 outer loop
vertex -11.373201370239258 7.493484020233154 0
vertex -11.373201370239258 7.493484020233154 5
vertex -11.429405212402344 7.650561809539795 5
 endloop
endfacet
facet normal 0 0 0
 outer loop
vertex -11.373201370239258 7.493484020233154 0
vertex -11.33266544342041 7.331653594970703 0
vertex -11.373201370239258 7.493484020233154 5
 endloop
endfacet
facet normal 0 0 0
 outer loop
vertex -11.33266544342041 7.331653594970703 0
vertex -11.33266544342041 7.331653594970703 5
vertex -11.373201370239258 7.493484020233154 5
 endloop
endfacet
facet normal 0 0 0
 outer loop
vertex -11.33266544342041 7.331653594970703 0
vertex -11.308185577392578 7.166629314422607 0
vertex -11.33266544342041 7.331653594970703 5
 endloop
endfacet
facet normal 0 0 0
 outer loop
vertex -11.308185577392578 7.166629314422607 0
vertex -11.308185577392578 7.166629314422607 5
vertex -11.33266544342041 7.331653594970703 5
 endloop
endfacet
facet normal 0 0 0
 outer loop
vertex -11.308185577392578 7.166629314422607 0
vertex -11.300000190734863 7 0
vertex -11.308185577392578 7.166629314422607 5
 endloop
endfacet
facet normal 0 0 0
 outer loop
vertex -11.300000190734863 7 0
vertex -11.300000190734863 7 5
vertex -11.308185577392578 7.166629314422607 5
 endloop
endfacet
facet normal 0 0 0
 outer loop
vertex 14.699999809265137 7 0
vertex 14.691814422607422 6.833370685577393 0
vertex 14.699999809265137 7 5
 endloop
endfacet
facet normal 0 0 0
 outer loop
vertex 14.691814422607422 6.833370685577393 0
vertex 14.691814422607422 6.833370685577393 5
vertex 14.699999809265137 7 5
 endloop
endfacet
facet normal 0 0 0
 outer loop
vertex 14.691814422607422 6.833370685577393 0
vertex 14.66733455657959 6.668346405029297 0
vertex 14.691814422607422 6.833370685577393 5
 endloop
endfacet
facet normal 0 0 0
 outer loop
vertex 14.66733455657959 6.668346405029297 0
vertex 14.66733455657959 6.668346405029297 5
vertex 14.691814422607422 6.833370685577393 5
 endloop
endfacet
facet normal 0 0 0
 outer loop
vertex 14.66733455657959 6.668346405029297 0
vertex 14.626798629760742 6.506515979766846 0
vertex 14.66733455657959 6.668346405029297 5
 endloop
endfacet
facet normal 0 0 0
 outer loop
vertex 14.626798629760742 6.506515979766846 0
vertex 14.626798629760742 6.506515979766846 5
vertex 14.66733455657959 6.668346405029297 5
 endloop
endfacet
facet normal 0 0 0
 outer loop
vertex 14.626798629760742 6.506515979766846 0
vertex 14.570594787597656 6.349438190460205 0
vertex 14.626798629760742 6.506515979766846 5
 endloop
endfacet
facet normal 0 0 0
 outer loop
vertex 14.570594787597656 6.349438190460205 0
vertex 14.570594787597656 6.349438190460205 5
vertex 14.626798629760742 6.506515979766846 5
 endloop
endfacet
facet normal 0 0 0
 outer loop
vertex 14.570594787597656 6.349438190460205 0
vertex 14.499266624450684 6.198625564575195 0
vertex 14.570594787597656 6.349438190460205 5
 endloop
endfacet
facet normal 0 0 0
 outer loop
vertex 14.499266624450684 6.198625564575195 0
vertex 14.499266624450684 6.198625564575195 5
vertex 14.570594787597656 6.349438190460205 5
 endloop
endfacet
facet normal 0 0 0
 outer loop
vertex 14.499266624450684 6.198625564575195 0
vertex 14.413497924804688 6.055530548095703 0
vertex 14.499266624450684 6.198625564575195 5
 endloop
endfacet
facet normal 0 0 0
 outer loop
vertex 14.413497924804688 6.055530548095703 0
vertex 14.413497924804688 6.055530548095703 5
vertex 14.499266624450684 6.198625564575195 5
 endloop
endfacet
facet normal 0 0 0
 outer loop
vertex 14.413497924804688 6.055530548095703 0
vertex 14.314117431640625 5.9215312004089355 0
vertex 14.413497924804688 6.055530548095703 5
 endloop
endfacet
facet normal 0 0 0
 outer loop
vertex 14.314117431640625 5.9215312004089355 0
vertex 14.314117431640625 5.9215312004089355 5
vertex 14.413497924804688 6.055530548095703 5
 endloop
endfacet
facet normal 0 0 0
 outer loop
vertex 14.314117431640625 5.9215312004089355 0
vertex 14.202081680297852 5.797918319702148 0
vertex 14.314117431640625 5.9215312004089355 5
 endloop
endfacet
facet normal 0 0 0
 outer loop
vertex 14.202081680297852 5.797918319702148 0
vertex 14.202081680297852 5.797918319702148 5
vertex 14.314117431640625 5.9215312004089355 5
 endloop
endfacet
facet normal 0 0 0
 outer loop
vertex 14.202081680297852 5.797918319702148 0
vertex 14.078468322753906 5.685882091522217 0
vertex 14.202081680297852 5.797918319702148 5
 endloop
endfacet
facet normal 0 0 0
 outer loop
vertex 14.078468322753906 5.685882091522217 0
vertex 14.078468322753906 5.685882091522217 5
vertex 14.202081680297852 5.797918319702148 5
 endloop
endfacet
facet normal 0 0 0
 outer loop
vertex 14.078468322753906 5.685882091522217 0
vertex 13.944469451904297 5.586501598358154 0
vertex 14.078468322753906 5.685882091522217 5
 endloop
endfacet
facet normal 0 0 0
 outer loop
vertex 13.944469451904297 5.586501598358154 0
vertex 13.944469451904297 5.586501598358154 5
vertex 14.078468322753906 5.685882091522217 5
 endloop
endfacet
facet normal 0 0 0
 outer loop
vertex 13.944469451904297 5.586501598358154 0
vertex 13.801374435424805 5.500733852386475 0
vertex 13.944469451904297 5.586501598358154 5
 endloop
endfacet
facet normal 0 0 0
 outer loop
vertex 13.801374435424805 5.500733852386475 0
vertex 13.801374435424805 5.500733852386475 5
vertex 13.944469451904297 5.586501598358154 5
 endloop
endfacet
facet normal 0 0 0
 outer loop
vertex 13.801374435424805 5.500733852386475 0
vertex 13.650562286376953 5.4294047355651855 0
vertex 13.801374435424805 5.500733852386475 5
 endloop
endfacet
facet normal 0 0 0
 outer loop
vertex 13.650562286376953 5.4294047355651855 0
vertex 13.650562286376953 5.4294047355651855 5
vertex 13.801374435424805 5.500733852386475 5
 endloop
endfacet
facet normal 0 0 0
 outer loop
vertex 13.650562286376953 5.4294047355651855 0
vertex 13.493483543395996 5.373201370239258 0
vertex 13.650562286376953 5.4294047355651855 5
 endloop
endfacet
facet normal 0 0 0
 outer loop
vertex 13.493483543395996 5.373201370239258 0
vertex 13.493483543395996 5.373201370239258 5
vertex 13.650562286376953 5.4294047355651855 5
 endloop
endfacet
facet normal 0 0 0
 outer loop
vertex 13.493483543395996 5.373201370239258 0
vertex 13.331653594970703 5.332664966583252 0
vertex 13.493483543395996 5.373201370239258 5
 endloop
endfacet
facet normal 0 0 0
 outer loop
vertex 13.331653594970703 5.332664966583252 0
vertex 13.331653594970703 5.332664966583252 5
vertex 13.493483543395996 5.373201370239258 5
 endloop
endfacet
facet normal 0 0 0
 outer loop
vertex 13.331653594970703 5.332664966583252 0
vertex 13.16662883758545 5.308186054229736 0
vertex 13.331653594970703 5.332664966583252 5
 endloop
endfacet
facet normal 0 0 0
 outer loop
vertex 13.16662883758545 5.308186054229736 0
vertex 13.16662883758545 5.308186054229736 5
vertex 13.331653594970703 5.332664966583252 5
 endloop
endfacet
facet normal 0 0 0
 outer loop
vertex 13.16662883758545 5.308186054229736 0
vertex 13 5.300000190734863 0
vertex 13.16662883758545 5.308186054229736 5
 endloop
endfacet
facet normal 0 0 0
 outer loop
vertex 13 5.300000190734863 0
vertex 13 5.300000190734863 5
vertex 13.16662883758545 5.308186054229736 5
 endloop
endfacet
facet normal 0 0 0
 outer loop
vertex 13 5.300000190734863 0
vertex 12.83337116241455 5.308186054229736 0
vertex 13 5.300000190734863 5
 endloop
endfacet
facet normal 0 0 0
 outer loop
vertex 12.83337116241455 5.308186054229736 0
vertex 12.83337116241455 5.308186054229736 5
vertex 13 5.300000190734863 5
 endloop
endfacet
facet normal 0 0 0
 outer loop
vertex 12.83337116241455 5.308186054229736 0
vertex 12.668346405029297 5.332664966583252 0
vertex 12.83337116241455 5.308186054229736 5
 endloop
endfacet
facet normal 0 0 0
 outer loop
vertex 12.668346405029297 5.332664966583252 0
vertex 12.668346405029297 5.332664966583252 5
vertex 12.83337116241455 5.308186054229736 5
 endloop
endfacet
facet normal 0 0 0
 outer loop
vertex 12.668346405029297 5.332664966583252 0
vertex 12.506516456604004 5.373201370239258 0
vertex 12.668346405029297 5.332664966583252 5
 endloop
endfacet
facet normal 0 0 0
 outer loop
vertex 12.506516456604004 5.373201370239258 0
vertex 12.506516456604004 5.373201370239258 5
vertex 12.668346405029297 5.332664966583252 5
 endloop
endfacet
facet normal 0 0 0
 outer loop
vertex 12.506516456604004 5.373201370239258 0
vertex 12.349437713623047 5.4294047355651855 0
vertex 12.506516456604004 5.373201370239258 5
 endloop
endfacet
facet normal 0 0 0
 outer loop
vertex 12.349437713623047 5.4294047355651855 0
vertex 12.349437713623047 5.4294047355651855 5
vertex 12.506516456604004 5.373201370239258 5
 endloop
endfacet
facet normal 0 0 0
 outer loop
vertex 12.349437713623047 5.4294047355651855 0
vertex 12.198625564575195 5.500733852386475 0
vertex 12.349437713623047 5.4294047355651855 5
 endloop
endfacet
facet normal 0 0 0
 outer loop
vertex 12.198625564575195 5.500733852386475 0
vertex 12.198625564575195 5.500733852386475 5
vertex 12.349437713623047 5.4294047355651855 5
 endloop
endfacet
facet normal 0 0 0
 outer loop
vertex 12.198625564575195 5.500733852386475 0
vertex 12.055530548095703 5.586501598358154 0
vertex 12.198625564575195 5.500733852386475 5
 endloop
endfacet
facet normal 0 0 0
 outer loop
vertex 12.055530548095703 5.586501598358154 0
vertex 12.055530548095703 5.586501598358154 5
vertex 12.198625564575195 5.500733852386475 5
 endloop
endfacet
facet normal 0 0 0
 outer loop
vertex 12.055530548095703 5.586501598358154 0
vertex 11.921531677246094 5.685882091522217 0
vertex 12.055530548095703 5.586501598358154 5
 endloop
endfacet
facet normal 0 0 0
 outer loop
vertex 11.921531677246094 5.685882091522217 0
vertex 11.921531677246094 5.685882091522217 5
vertex 12.055530548095703 5.586501598358154 5
 endloop
endfacet
facet normal 0 0 0
 outer loop
vertex 11.921531677246094 5.685882091522217 0
vertex 11.797918319702148 5.797918319702148 0
vertex 11.921531677246094 5.685882091522217 5
 endloop
endfacet
facet normal 0 0 0
 outer loop
vertex 11.797918319702148 5.797918319702148 0
vertex 11.797918319702148 5.797918319702148 5
vertex 11.921531677246094 5.685882091522217 5
 endloop
endfacet
facet normal 0 0 0
 outer loop
vertex 11.797918319702148 5.797918319702148 0
vertex 11.685882568359375 5.9215312004089355 0
vertex 11.797918319702148 5.797918319702148 5
 endloop
endfacet
facet normal 0 0 0
 outer loop
vertex 11.685882568359375 5.9215312004089355 0
vertex 11.685882568359375 5.9215312004089355 5
vertex 11.797918319702148 5.797918319702148 5
 endloop
endfacet
facet normal 0 0 0
 outer loop
vertex 11.685882568359375 5.9215312004089355 0
vertex 11.586502075195312 6.055530548095703 0
vertex 11.685882568359375 5.9215312004089355 5
 endloop
endfacet
facet normal 0 0 0
 outer loop
vertex 11.586502075195312 6.055530548095703 0
vertex 11.586502075195312 6.055530548095703 5
vertex 11.685882568359375 5.9215312004089355 5
 endloop
endfacet
facet normal 0 0 0
 outer loop
vertex 11.586502075195312 6.055530548095703 0
vertex 11.500733375549316 6.198625564575195 0
vertex 11.586502075195312 6.055530548095703 5
 endloop
endfacet
facet normal 0 0 0
 outer loop
vertex 11.500733375549316 6.198625564575195 0
vertex 11.500733375549316 6.198625564575195 5
vertex 11.586502075195312 6.055530548095703 5
 endloop
endfacet
facet normal 0 0 0
 outer loop
vertex 11.500733375549316 6.198625564575195 0
vertex 11.429405212402344 6.349438190460205 0
vertex 11.500733375549316 6.198625564575195 5
 endloop
endfacet
facet normal 0 0 0
 outer loop
vertex 11.429405212402344 6.349438190460205 0
vertex 11.429405212402344 6.349438190460205 5
vertex 11.500733375549316 6.198625564575195 5
 endloop
endfacet
facet normal 0 0 0
 outer loop
vertex 11.429405212402344 6.349438190460205 0
vertex 11.373201370239258 6.506515979766846 0
vertex 11.429405212402344 6.349438190460205 5
 endloop
endfacet
facet normal 0 0 0
 outer loop
vertex 11.373201370239258 6.506515979766846 0
vertex 11.373201370239258 6.506515979766846 5
vertex 11.429405212402344 6.349438190460205 5
 endloop
endfacet
facet normal 0 0 0
 outer loop
vertex 11.373201370239258 6.506515979766846 0
vertex 11.33266544342041 6.668346405029297 0
vertex 11.373201370239258 6.506515979766846 5
 endloop
endfacet
facet normal 0 0 0
 outer loop
vertex 11.33266544342041 6.668346405029297 0
vertex 11.33266544342041 6.668346405029297 5
vertex 11.373201370239258 6.506515979766846 5
 endloop
endfacet
facet normal 0 0 0
 outer loop
vertex 11.33266544342041 6.668346405029297 0
vertex 11.308185577392578 6.833370685577393 0
vertex 11.33266544342041 6.668346405029297 5
 endloop
endfacet
facet normal 0 0 0
 outer loop
vertex 11.308185577392578 6.833370685577393 0
vertex 11.308185577392578 6.833370685577393 5
vertex 11.33266544342041 6.668346405029297 5
 endloop
endfacet
facet normal 0 0 0
 outer loop
vertex 11.308185577392578 6.833370685577393 0
vertex 11.300000190734863 7 0
vertex 11.308185577392578 6.833370685577393 5
 endloop
endfacet
facet normal 0 0 0
 outer loop
vertex 11.300000190734863 7 0
vertex 11.300000190734863 7 5
vertex 11.308185577392578 6.833370685577393 5
 endloop
endfacet
facet normal 0 0 0
 outer loop
vertex 11.300000190734863 7 0
vertex 11.308185577392578 7.166629314422607 0
vertex 11.300000190734863 7 5
 endloop
endfacet
facet normal 0 0 0
 outer loop
vertex 11.308185577392578 7.166629314422607 0
vertex 11.308185577392578 7.166629314422607 5
vertex 11.300000190734863 7 5
 endloop
endfacet
facet normal 0 0 0
 outer loop
vertex 11.308185577392578 7.166629314422607 0
vertex 11.33266544342041 7.331653594970703 0
vertex 11.308185577392578 7.166629314422607 5
 endloop
endfacet
facet normal 0 0 0
 outer loop
vertex 11.33266544342041 7.331653594970703 0
vertex 11.33266544342041 7.331653594970703 5
vertex 11.308185577392578 7.166629314422607 5
 endloop
endfacet
facet normal 0 0 0
 outer loop
vertex 11.33266544342041 7.331653594970703 0
vertex 11.373201370239258 7.493484020233154 0
vertex 11.33266544342041 7.331653594970703 5
 endloop
endfacet
facet normal 0 0 0
 outer loop
vertex 11.373201370239258 7.493484020233154 0
vertex 11.373201370239258 7.493484020233154 5
vertex 11.33266544342041 7.331653594970703 5
 endloop
endfacet
facet normal 0 0 0
 outer loop
vertex 11.373201370239258 7.493484020233154 0
vertex 11.429405212402344 7.650561809539795 0
vertex 11.373201370239258 7.493484020233154 5
 endloop
endfacet
facet normal 0 0 0
 outer loop
vertex 11.429405212402344 7.650561809539795 0
vertex 11.429405212402344 7.650561809539795 5
vertex 11.373201370239258 7.493484020233154 5
 endloop
endfacet
facet normal 0 0 0
 outer loop
vertex 11.429405212402344 7.650561809539795 0
vertex 11.500733375549316 7.801374435424805 0
vertex 11.429405212402344 7.650561809539795 5
 endloop
endfacet
facet normal 0 0 0
 outer loop
vertex 11.500733375549316 7.801374435424805 0
vertex 11.500733375549316 7.801374435424805 5
vertex 11.429405212402344 7.650561809539795 5
 endloop
endfacet
facet normal 0 0 0
 outer loop
vertex 11.500733375549316 7.801374435424805 0
vertex 11.586502075195312 7.944469451904297 0
vertex 11.500733375549316 7.801374435424805 5
 endloop
endfacet
facet normal 0 0 0
 outer loop
vertex 11.586502075195312 7.944469451904297 0
vertex 11.586502075195312 7.944469451904297 5
vertex 11.500733375549316 7.801374435424805 5
 endloop
endfacet
facet normal 0 0 0
 outer loop
vertex 11.586502075195312 7.944469451904297 0
vertex 11.685882568359375 8.078468322753906 0
vertex 11.586502075195312 7.944469451904297 5
 endloop
endfacet
facet normal 0 0 0
 outer loop
vertex 11.685882568359375 8.078468322753906 0
vertex 11.685882568359375 8.078468322753906 5
vertex 11.586502075195312 7.944469451904297 5
 endloop
endfacet
facet normal 0 0 0
 outer loop
vertex 11.685882568359375 8.078468322753906 0
vertex 11.797918319702148 8.202081680297852 0
vertex 11.685882568359375 8.078468322753906 5
 endloop
endfacet
facet normal 0 0 0
 outer loop
vertex 11.797918319702148 8.202081680297852 0
vertex 11.797918319702148 8.202081680297852 5
vertex 11.685882568359375 8.078468322753906 5
 endloop
endfacet
facet normal 0 0 0
 outer loop
vertex 11.797918319702148 8.202081680297852 0
vertex 11.921531677246094 8.314117431640625 0
vertex 11.797918319702148 8.202081680297852 5
 endloop
endfacet
facet normal 0 0 0
 outer loop
vertex 11.921531677246094 8.314117431640625 0
vertex 11.921531677246094 8.314117431640625 5
vertex 11.797918319702148 8.202081680297852 5
 endloop
endfacet
facet normal 0 0 0
 outer loop
vertex 11.921531677246094 8.314117431640625 0
vertex 12.055530548095703 8.413497924804688 0
vertex 11.921531677246094 8.314117431640625 5
 endloop
endfacet
facet normal 0 0 0
 outer loop
vertex 12.055530548095703 8.413497924804688 0
vertex 12.055530548095703 8.413497924804688 5
vertex 11.921531677246094 8.314117431640625 5
 endloop
endfacet
facet normal 0 0 0
 outer loop
vertex 12.055530548095703 8.413497924804688 0
vertex 12.198625564575195 8.499266624450684 0
vertex 12.055530548095703 8.413497924804688 5
 endloop
endfacet
facet normal 0 0 0
 outer loop
vertex 12.198625564575195 8.499266624450684 0
vertex 12.198625564575195 8.499266624450684 5
vertex 12.055530548095703 8.413497924804688 5
 endloop
endfacet
facet normal 0 0 0
 outer loop
vertex 12.198625564575195 8.499266624450684 0
vertex 12.349437713623047 8.570594787597656 0
vertex 12.198625564575195 8.499266624450684 5
 endloop
endfacet
facet normal 0 0 0
 outer loop
vertex 12.349437713623047 8.570594787597656 0
vertex 12.349437713623047 8.570594787597656 5
vertex 12.198625564575195 8.499266624450684 5
 endloop
endfacet
facet normal 0 0 0
 outer loop
vertex 12.349437713623047 8.570594787597656 0
vertex 12.506516456604004 8.626798629760742 0
vertex 12.349437713623047 8.570594787597656 5
 endloop
endfacet
facet normal 0 0 0
 outer loop
vertex 12.506516456604004 8.626798629760742 0
vertex 12.506516456604004 8.626798629760742 5
vertex 12.349437713623047 8.570594787597656 5
 endloop
endfacet
facet normal 0 0 0
 outer loop
vertex 12.506516456604004 8.626798629760742 0
vertex 12.668346405029297 8.66733455657959 0
vertex 12.506516456604004 8.626798629760742 5
 endloop
endfacet
facet normal 0 0 0
 outer loop
vertex 12.668346405029297 8.66733455657959 0
vertex 12.668346405029297 8.66733455657959 5
vertex 12.506516456604004 8.626798629760742 5
 endloop
endfacet
facet normal 0 0 0
 outer loop
vertex 12.668346405029297 8.66733455657959 0
vertex 12.83337116241455 8.691814422607422 0
vertex 12.668346405029297 8.66733455657959 5
 endloop
endfacet
facet normal 0 0 0
 outer loop
vertex 12.83337116241455 8.691814422607422 0
vertex 12.83337116241455 8.691814422607422 5
vertex 12.668346405029297 8.66733455657959 5
 endloop
endfacet
facet normal 0 0 0
 outer loop
vertex 12.83337116241455 8.691814422607422 0
vertex 13 8.699999809265137 0
vertex 12.83337116241455 8.691814422607422 5
 endloop
endfacet
facet normal 0 0 0
 outer loop
vertex 13 8.699999809265137 0
vertex 13 8.699999809265137 5
vertex 12.83337116241455 8.691814422607422 5
 endloop
endfacet
facet normal 0 0 0
 outer loop
vertex 13 8.699999809265137 0
vertex 13.16662883758545 8.691814422607422 0
vertex 13 8.699999809265137 5
 endloop
endfacet
facet normal 0 0 0
 outer loop
vertex 13.16662883758545 8.691814422607422 0
vertex 13.16662883758545 8.691814422607422 5
vertex 13 8.699999809265137 5
 endloop
endfacet
facet normal 0 0 0
 outer loop
vertex 13.16662883758545 8.691814422607422 0
vertex 13.331653594970703 8.66733455657959 0
vertex 13.16662883758545 8.691814422607422 5
 endloop
endfacet
facet normal 0 0 0
 outer loop
vertex 13.331653594970703 8.66733455657959 0
vertex 13.331653594970703 8.66733455657959 5
vertex 13.16662883758545 8.691814422607422 5
 endloop
endfacet
facet normal 0 0 0
 outer loop
vertex 13.331653594970703 8.66733455657959 0
vertex 13.493483543395996 8.626798629760742 0
vertex 13.331653594970703 8.66733455657959 5
 endloop
endfacet
facet normal 0 0 0
 outer loop
vertex 13.493483543395996 8.626798629760742 0
vertex 13.493483543395996 8.626798629760742 5
vertex 13.331653594970703 8.66733455657959 5
 endloop
endfacet
facet normal 0 0 0
 outer loop
vertex 13.493483543395996 8.626798629760742 0
vertex 13.650562286376953 8.570594787597656 0
vertex 13.493483543395996 8.626798629760742 5
 endloop
endfacet
facet normal 0 0 0
 outer loop
vertex 13.650562286376953 8.570594787597656 0
vertex 13.650562286376953 8.570594787597656 5
vertex 13.493483543395996 8.626798629760742 5
 endloop
endfacet
facet normal 0 0 0
 outer loop
vertex 13.650562286376953 8.570594787597656 0
vertex 13.801374435424805 8.499266624450684 0
vertex 13.650562286376953 8.570594787597656 5
 endloop
endfacet
facet normal 0 0 0
 outer loop
vertex 13.801374435424805 8.499266624450684 0
vertex 13.801374435424805 8.499266624450684 5
vertex 13.650562286376953 8.570594787597656 5
 endloop
endfacet
facet normal 0 0 0
 outer loop
vertex 13.801374435424805 8.499266624450684 0
vertex 13.944469451904297 8.413497924804688 0
vertex 13.801374435424805 8.499266624450684 5
 endloop
endfacet
facet normal 0 0 0
 outer loop
vertex 13.944469451904297 8.413497924804688 0
vertex 13.944469451904297 8.413497924804688 5
vertex 13.801374435424805 8.499266624450684 5
 endloop
endfacet
facet normal 0 0 0
 outer loop
vertex 13.944469451904297 8.413497924804688 0
vertex 14.078468322753906 8.314117431640625 0
vertex 13.944469451904297 8.413497924804688 5
 endloop
endfacet
facet normal 0 0 0
 outer loop
vertex 14.078468322753906 8.314117431640625 0
vertex 14.078468322753906 8.314117431640625 5
vertex 13.944469451904297 8.413497924804688 5
 endloop
endfacet
facet normal 0 0 0
 outer loop
vertex 14.078468322753906 8.314117431640625 0
vertex 14.202081680297852 8.202081680297852 0
vertex 14.078468322753906 8.314117431640625 5
 endloop
endfacet
facet normal 0 0 0
 outer loop
vertex 14.202081680297852 8.202081680297852 0
vertex 14.202081680297852 8.202081680297852 5
vertex 14.078468322753906 8.314117431640625 5
 endloop
endfacet
facet normal 0 0 0
 outer loop
vertex 14.202081680297852 8.202081680297852 0
vertex 14.314117431640625 8.078468322753906 0
vertex 14.202081680297852 8.202081680297852 5
 endloop
endfacet
facet normal 0 0 0
 outer loop
vertex 14.314117431640625 8.078468322753906 0
vertex 14.314117431640625 8.078468322753906 5
vertex 14.202081680297852 8.202081680297852 5
 endloop
endfacet
facet normal 0 0 0
 outer loop
vertex 14.314117431640625 8.078468322753906 0
vertex 14.413497924804688 7.944469451904297 0
vertex 14.314117431640625 8.078468322753906 5
 endloop
endfacet
facet normal 0 0 0
 outer loop
vertex 14.413497924804688 7.944469451904297 0
vertex 14.413497924804688 7.944469451904297 5
vertex 14.314117431640625 8.078468322753906 5
 endloop
endfacet
facet normal 0 0 0
 outer loop
vertex 14.413497924804688 7.944469451904297 0
vertex 14.499266624450684 7.801374435424805 0
vertex 14.413497924804688 7.944469451904297 5
 endloop
endfacet
facet normal 0 0 0
 outer loop
vertex 14.499266624450684 7.801374435424805 0
vertex 14.499266624450684 7.801374435424805 5
vertex 14.413497924804688 7.944469451904297 5
 endloop
endfacet
facet normal 0 0 0
 outer loop
vertex 14.499266624450684 7.801374435424805 0
vertex 14.570594787597656 7.650561809539795 0
vertex 14.499266624450684 7.801374435424805 5
 endloop
endfacet
facet normal 0 0 0
 outer loop
vertex 14.570594787597656 7.650561809539795 0
vertex 14.570594787597656 7.650561809539795 5
vertex 14.499266624450684 7.801374435424805 5
 endloop
endfacet
facet normal 0 0 0
 outer loop
vertex 14.570594787597656 7.650561809539795 0
vertex 14.626798629760742 7.493484020233154 0
vertex 14.570594787597656 7.650561809539795 5
 endloop
endfacet
facet normal 0 0 0
 outer loop
vertex 14.626798629760742 7.493484020233154 0
vertex 14.626798629760742 7.493484020233154 5
vertex 14.570594787597656 7.650561809539795 5
 endloop
endfacet
facet normal 0 0 0
 outer loop
vertex 14.626798629760742 7.493484020233154 0
vertex 14.66733455657959 7.331653594970703 0
vertex 14.626798629760742 7.493484020233154 5
 endloop
endfacet
facet normal 0 0 0
 outer loop
vertex 14.66733455657959 7.331653594970703 0
vertex 14.66733455657959 7.331653594970703 5
vertex 14.626798629760742 7.493484020233154 5
 endloop
endfacet
facet normal 0 0 0
 outer loop
vertex 14.66733455657959 7.331653594970703 0
vertex 14.691814422607422 7.166629314422607 0
vertex 14.66733455657959 7.331653594970703 5
 endloop
endfacet
facet normal 0 0 0
 outer loop
vertex 14.691814422607422 7.166629314422607 0
vertex 14.691814422607422 7.166629314422607 5
vertex 14.66733455657959 7.331653594970703 5
 endloop
endfacet
facet normal 0 0 0
 outer loop
vertex 14.691814422607422 7.166629314422607 0
vertex 14.699999809265137 7 0
vertex 14.691814422607422 7.166629314422607 5
 endloop
endfacet
facet normal 0 0 0
 outer loop
vertex 14.699999809265137 7 0
vertex 14.699999809265137 7 5
vertex 14.691814422607422 7.166629314422607 5
 endloop
endfacet
facet normal 0 0 0
 outer loop
vertex -8.800000190734863 63 0
vertex -8.805778503417969 62.88237762451172 0
vertex -8.800000190734863 63 5
 endloop
endfacet
facet normal 0 0 0
 outer loop
vertex -8.805778503417969 62.88237762451172 0
vertex -8.805778503417969 62.88237762451172 5
vertex -8.800000190734863 63 5
 endloop
endfacet
facet normal 0 0 0
 outer loop
vertex -8.805778503417969 62.88237762451172 0
vertex -8.823058128356934 62.765892028808594 0
vertex -8.805778503417969 62.88237762451172 5
 endloop
endfacet
facet normal 0 0 0
 outer loop
vertex -8.823058128356934 62.765892028808594 0
vertex -8.823058128356934 62.765892028808594 5
vertex -8.805778503417969 62.88237762451172 5
 endloop
endfacet
facet normal 0 0 0
 outer loop
vertex -8.823058128356934 62.765892028808594 0
vertex -8.85167121887207 62.65165710449219 0
vertex -8.823058128356934 62.765892028808594 5
 endloop
endfacet
facet normal 0 0 0
 outer loop
vertex -8.85167121887207 62.65165710449219 0
vertex -8.85167121887207 62.65165710449219 5
vertex -8.823058128356934 62.765892028808594 5
 endloop
endfacet
facet normal 0 0 0
 outer loop
vertex -8.85167121887207 62.65165710449219 0
vertex -8.891345024108887 62.54077911376953 0
vertex -8.85167121887207 62.65165710449219 5
 endloop
endfacet
facet normal 0 0 0
 outer loop
vertex -8.891345024108887 62.54077911376953 0
vertex -8.891345024108887 62.54077911376953 5
vertex -8.85167121887207 62.65165710449219 5
 endloop
endfacet
facet normal 0 0 0
 outer loop
vertex -8.891345024108887 62.54077911376953 0
vertex -8.941694259643555 62.434322357177734 0
vertex -8.891345024108887 62.54077911376953 5
 endloop
endfacet
facet normal 0 0 0
 outer loop
vertex -8.941694259643555 62.434322357177734 0
vertex -8.941694259643555 62.434322357177734 5
vertex -8.891345024108887 62.54077911376953 5
 endloop
endfacet
facet normal 0 0 0
 outer loop
vertex -8.941694259643555 62.434322357177734 0
vertex -9.002236366271973 62.333316802978516 0
vertex -8.941694259643555 62.434322357177734 5
 endloop
endfacet
facet normal 0 0 0
 outer loop
vertex -9.002236366271973 62.333316802978516 0
vertex -9.002236366271973 62.333316802978516 5
vertex -8.941694259643555 62.434322357177734 5
 endloop
endfacet
facet normal 0 0 0
 outer loop
vertex -9.002236366271973 62.333316802978516 0
vertex -9.0723876953125 62.23872756958008 0
vertex -9.002236366271973 62.333316802978516 5
 endloop
endfacet
facet normal 0 0 0
 outer loop
vertex -9.0723876953125 62.23872756958008 0
vertex -9.0723876953125 62.23872756958008 5
vertex -9.002236366271973 62.333316802978516 5
 endloop
endfacet
facet normal 0 0 0
 outer loop
vertex -9.0723876953125 62.23872756958008 0
vertex -9.151472091674805 62.15147018432617 0
vertex -9.0723876953125 62.23872756958008 5
 endloop
endfacet
facet normal 0 0 0
 outer loop
vertex -9.151472091674805 62.15147018432617 0
vertex -9.151472091674805 62.15147018432617 5
vertex -9.0723876953125 62.23872756958008 5
 endloop
endfacet
facet normal 0 0 0
 outer loop
vertex -9.151472091674805 62.15147018432617 0
vertex -9.238728523254395 62.0723876953125 0
vertex -9.151472091674805 62.15147018432617 5
 endloop
endfacet
facet normal 0 0 0
 outer loop
vertex -9.238728523254395 62.0723876953125 0
vertex -9.238728523254395 62.0723876953125 5
vertex -9.151472091674805 62.15147018432617 5
 endloop
endfacet
facet normal 0 0 0
 outer loop
vertex -9.238728523254395 62.0723876953125 0
vertex -9.3333158493042 62.002235412597656 0
vertex -9.238728523254395 62.0723876953125 5
 endloop
endfacet
facet normal 0 0 0
 outer loop
vertex -9.3333158493042 62.002235412597656 0
vertex -9.3333158493042 62.002235412597656 5
vertex -9.238728523254395 62.0723876953125 5
 endloop
endfacet
facet normal 0 0 0
 outer loop
vertex -9.3333158493042 62.002235412597656 0
vertex -9.434324264526367 61.94169616699219 0
vertex -9.3333158493042 62.002235412597656 5
 endloop
endfacet
facet normal 0 0 0
 outer loop
vertex -9.434324264526367 61.94169616699219 0
vertex -9.434324264526367 61.94169616699219 5
vertex -9.3333158493042 62.002235412597656 5
 endloop
endfacet
facet normal 0 0 0
 outer loop
vertex -9.434324264526367 61.94169616699219 0
vertex -9.540780067443848 61.8913459777832 0
vertex -9.434324264526367 61.94169616699219 5
 endloop
endfacet
facet normal 0 0 0
 outer loop
vertex -9.540780067443848 61.8913459777832 0
vertex -9.540780067443848 61.8913459777832 5
vertex -9.434324264526367 61.94169616699219 5
 endloop
endfacet
facet normal 0 0 0
 outer loop
vertex -9.540780067443848 61.8913459777832 0
vertex -9.651658058166504 61.8516731262207 0
vertex -9.540780067443848 61.8913459777832 5
 endloop
endfacet
facet normal 0 0 0
 outer loop
vertex -9.651658058166504 61.8516731262207 0
vertex -9.651658058166504 61.8516731262207 5
vertex -9.540780067443848 61.8913459777832 5
 endloop
endfacet
facet normal 0 0 0
 outer loop
vertex -9.651658058166504 61.8516731262207 0
vertex -9.765892028808594 61.82305908203125 0
vertex -9.651658058166504 61.8516731262207 5
 endloop
endfacet
facet normal 0 0 0
 outer loop
vertex -9.765892028808594 61.82305908203125 0
vertex -9.765892028808594 61.82305908203125 5
vertex -9.651658058166504 61.8516731262207 5
 endloop
endfacet
facet normal 0 0 0
 outer loop
vertex -9.765892028808594 61.82305908203125 0
vertex -9.882379531860352 61.80577850341797 0
vertex -9.765892028808594 61.82305908203125 5
 endloop
endfacet
facet normal 0 0 0
 outer loop
vertex -9.882379531860352 61.80577850341797 0
vertex -9.882379531860352 61.80577850341797 5
vertex -9.765892028808594 61.82305908203125 5
 endloop
endfacet
facet normal 0 0 0
 outer loop
vertex -9.882379531860352 61.80577850341797 0
vertex -10 61.79999923706055 0
vertex -9.882379531860352 61.80577850341797 5
 endloop
endfacet
facet normal 0 0 0
 outer loop
vertex -10 61.79999923706055 0
vertex -10 61.79999923706055 5
vertex -9.882379531860352 61.80577850341797 5
 endloop
endfacet
facet normal 0 0 0
 outer loop
vertex -10 61.79999923706055 0
vertex -10.117620468139648 61.80577850341797 0
vertex -10 61.79999923706055 5
 endloop
endfacet
facet normal 0 0 0
 outer loop
vertex -10.117620468139648 61.80577850341797 0
vertex -10.117620468139648 61.80577850341797 5
vertex -10 61.79999923706055 5
 endloop
endfacet
facet normal 0 0 0
 outer loop
vertex -10.117620468139648 61.80577850341797 0
vertex -10.234107971191406 61.82305908203125 0
vertex -10.117620468139648 61.80577850341797 5
 endloop
endfacet
facet normal 0 0 0
 outer loop
vertex -10.234107971191406 61.82305908203125 0
vertex -10.234107971191406 61.82305908203125 5
vertex -10.117620468139648 61.80577850341797 5
 endloop
endfacet
facet normal 0 0 0
 outer loop
vertex -10.234107971191406 61.82305908203125 0
vertex -10.348341941833496 61.8516731262207 0
vertex -10.234107971191406 61.82305908203125 5
 endloop
endfacet
facet normal 0 0 0
 outer loop
vertex -10.348341941833496 61.8516731262207 0
vertex -10.348341941833496 61.8516731262207 5
vertex -10.234107971191406 61.82305908203125 5
 endloop
endfacet
facet normal 0 0 0
 outer loop
vertex -10.348341941833496 61.8516731262207 0
vertex -10.459219932556152 61.8913459777832 0
vertex -10.348341941833496 61.8516731262207 5
 endloop
endfacet
facet normal 0 0 0
 outer loop
vertex -10.459219932556152 61.8913459777832 0
vertex -10.459219932556152 61.8913459777832 5
vertex -10.348341941833496 61.8516731262207 5
 endloop
endfacet
facet normal 0 0 0
 outer loop
vertex -10.459219932556152 61.8913459777832 0
vertex -10.565675735473633 61.94169616699219 0
vertex -10.459219932556152 61.8913459777832 5
 endloop
endfacet
facet normal 0 0 0
 outer loop
vertex -10.565675735473633 61.94169616699219 0
vertex -10.565675735473633 61.94169616699219 5
vertex -10.459219932556152 61.8913459777832 5
 endloop
endfacet
facet normal 0 0 0
 outer loop
vertex -10.565675735473633 61.94169616699219 0
vertex -10.6666841506958 62.002235412597656 0
vertex -10.565675735473633 61.94169616699219 5
 endloop
endfacet
facet normal 0 0 0
 outer loop
vertex -10.6666841506958 62.002235412597656 0
vertex -10.6666841506958 62.002235412597656 5
vertex -10.565675735473633 61.94169616699219 5
 endloop
endfacet
facet normal 0 0 0
 outer loop
vertex -10.6666841506958 62.002235412597656 0
vertex -10.761271476745605 62.0723876953125 0
vertex -10.6666841506958 62.002235412597656 5
 endloop
endfacet
facet normal 0 0 0
 outer loop
vertex -10.761271476745605 62.0723876953125 0
vertex -10.761271476745605 62.0723876953125 5
vertex -10.6666841506958 62.002235412597656 5
 endloop
endfacet
facet normal 0 0 0
 outer loop
vertex -10.761271476745605 62.0723876953125 0
vertex -10.848527908325195 62.15147018432617 0
vertex -10.761271476745605 62.0723876953125 5
 endloop
endfacet
facet normal 0 0 0
 outer loop
vertex -10.848527908325195 62.15147018432617 0
vertex -10.848527908325195 62.15147018432617 5
vertex -10.761271476745605 62.0723876953125 5
 endloop
endfacet
facet normal 0 0 0
 outer loop
vertex -10.848527908325195 62.15147018432617 0
vertex -10.9276123046875 62.23872756958008 0
vertex -10.848527908325195 62.15147018432617 5
 endloop
endfacet
facet normal 0 0 0
 outer loop
vertex -10.9276123046875 62.23872756958008 0
vertex -10.9276123046875 62.23872756958008 5
vertex -10.848527908325195 62.15147018432617 5
 endloop
endfacet
facet normal 0 0 0
 outer loop
vertex -10.9276123046875 62.23872756958008 0
vertex -10.997763633728027 62.333316802978516 0
vertex -10.9276123046875 62.23872756958008 5
 endloop
endfacet
facet normal 0 0 0
 outer loop
vertex -10.997763633728027 62.333316802978516 0
vertex -10.997763633728027 62.333316802978516 5
vertex -10.9276123046875 62.23872756958008 5
 endloop
endfacet
facet normal 0 0 0
 outer loop
vertex -10.997763633728027 62.333316802978516 0
vertex -11.058305740356445 62.434322357177734 0
vertex -10.997763633728027 62.333316802978516 5
 endloop
endfacet
facet normal 0 0 0
 outer loop
vertex -11.058305740356445 62.434322357177734 0
vertex -11.058305740356445 62.434322357177734 5
vertex -10.997763633728027 62.333316802978516 5
 endloop
endfacet
facet normal 0 0 0
 outer loop
vertex -11.058305740356445 62.434322357177734 0
vertex -11.108654975891113 62.54077911376953 0
vertex -11.058305740356445 62.434322357177734 5
 endloop
endfacet
facet normal 0 0 0
 outer loop
vertex -11.108654975891113 62.54077911376953 0
vertex -11.108654975891113 62.54077911376953 5
vertex -11.058305740356445 62.434322357177734 5
 endloop
endfacet
facet normal 0 0 0
 outer loop
vertex -11.108654975891113 62.54077911376953 0
vertex -11.14832878112793 62.65165710449219 0
vertex -11.108654975891113 62.54077911376953 5
 endloop
endfacet
facet normal 0 0 0
 outer loop
vertex -11.14832878112793 62.65165710449219 0
vertex -11.14832878112793 62.65165710449219 5
vertex -11.108654975891113 62.54077911376953 5
 endloop
endfacet
facet normal 0 0 0
 outer loop
vertex -11.14832878112793 62.65165710449219 0
vertex -11.176941871643066 62.765892028808594 0
vertex -11.14832878112793 62.65165710449219 5
 endloop
endfacet
facet normal 0 0 0
 outer loop
vertex -11.176941871643066 62.765892028808594 0
vertex -11.176941871643066 62.765892028808594 5
vertex -11.14832878112793 62.65165710449219 5
 endloop
endfacet
facet normal 0 0 0
 outer loop
vertex -11.176941871643066 62.765892028808594 0
vertex -11.194221496582031 62.88237762451172 0
vertex -11.176941871643066 62.765892028808594 5
 endloop
endfacet
facet normal 0 0 0
 outer loop
vertex -11.194221496582031 62.88237762451172 0
vertex -11.194221496582031 62.88237762451172 5
vertex -11.176941871643066 62.765892028808594 5
 endloop
endfacet
facet normal 0 0 0
 outer loop
vertex -11.194221496582031 62.88237762451172 0
vertex -11.199999809265137 63 0
vertex -11.194221496582031 62.88237762451172 5
 endloop
endfacet
facet normal 0 0 0
 outer loop
vertex -11.199999809265137 63 0
vertex -11.199999809265137 63 5
vertex -11.194221496582031 62.88237762451172 5
 endloop
endfacet
facet normal 0 0 0
 outer loop
vertex -11.199999809265137 63 0
vertex -11.194221496582031 63.11762237548828 0
vertex -11.199999809265137 63 5
 endloop
endfacet
facet normal 0 0 0
 outer loop
vertex -11.194221496582031 63.11762237548828 0
vertex -11.194221496582031 63.11762237548828 5
vertex -11.199999809265137 63 5
 endloop
endfacet
facet normal 0 0 0
 outer loop
vertex -11.194221496582031 63.11762237548828 0
vertex -11.176941871643066 63.234107971191406 0
vertex -11.194221496582031 63.11762237548828 5
 endloop
endfacet
facet normal 0 0 0
 outer loop
vertex -11.176941871643066 63.234107971191406 0
vertex -11.176941871643066 63.234107971191406 5
vertex -11.194221496582031 63.11762237548828 5
 endloop
endfacet
facet normal 0 0 0
 outer loop
vertex -11.176941871643066 63.234107971191406 0
vertex -11.14832878112793 63.34834289550781 0
vertex -11.176941871643066 63.234107971191406 5
 endloop
endfacet
facet normal 0 0 0
 outer loop
vertex -11.14832878112793 63.34834289550781 0
vertex -11.14832878112793 63.34834289550781 5
vertex -11.176941871643066 63.234107971191406 5
 endloop
endfacet
facet normal 0 0 0
 outer loop
vertex -11.14832878112793 63.34834289550781 0
vertex -11.108654975891113 63.45922088623047 0
vertex -11.14832878112793 63.34834289550781 5
 endloop
endfacet
facet normal 0 0 0
 outer loop
vertex -11.108654975891113 63.45922088623047 0
vertex -11.108654975891113 63.45922088623047 5
vertex -11.14832878112793 63.34834289550781 5
 endloop
endfacet
facet normal 0 0 0
 outer loop
vertex -11.108654975891113 63.45922088623047 0
vertex -11.058305740356445 63.565677642822266 0
vertex -11.108654975891113 63.45922088623047 5
 endloop
endfacet
facet normal 0 0 0
 outer loop
vertex -11.058305740356445 63.565677642822266 0
vertex -11.058305740356445 63.565677642822266 5
vertex -11.108654975891113 63.45922088623047 5
 endloop
endfacet
facet normal 0 0 0
 outer loop
vertex -11.058305740356445 63.565677642822266 0
vertex -10.997763633728027 63.666683197021484 0
vertex -11.058305740356445 63.565677642822266 5
 endloop
endfacet
facet normal 0 0 0
 outer loop
vertex -10.997763633728027 63.666683197021484 0
vertex -10.997763633728027 63.666683197021484 5
vertex -11.058305740356445 63.565677642822266 5
 endloop
endfacet
facet normal 0 0 0
 outer loop
vertex -10.997763633728027 63.666683197021484 0
vertex -10.9276123046875 63.76127243041992 0
vertex -10.997763633728027 63.666683197021484 5
 endloop
endfacet
facet normal 0 0 0
 outer loop
vertex -10.9276123046875 63.76127243041992 0
vertex -10.9276123046875 63.76127243041992 5
vertex -10.997763633728027 63.666683197021484 5
 endloop
endfacet
facet normal 0 0 0
 outer loop
vertex -10.9276123046875 63.76127243041992 0
vertex -10.848527908325195 63.84852981567383 0
vertex -10.9276123046875 63.76127243041992 5
 endloop
endfacet
facet normal 0 0 0
 outer loop
vertex -10.848527908325195 63.84852981567383 0
vertex -10.848527908325195 63.84852981567383 5
vertex -10.9276123046875 63.76127243041992 5
 endloop
endfacet
facet normal 0 0 0
 outer loop
vertex -10.848527908325195 63.84852981567383 0
vertex -10.761271476745605 63.9276123046875 0
vertex -10.848527908325195 63.84852981567383 5
 endloop
endfacet
facet normal 0 0 0
 outer loop
vertex -10.761271476745605 63.9276123046875 0
vertex -10.761271476745605 63.9276123046875 5
vertex -10.848527908325195 63.84852981567383 5
 endloop
endfacet
facet normal 0 0 0
 outer loop
vertex -10.761271476745605 63.9276123046875 0
vertex -10.6666841506958 63.997764587402344 0
vertex -10.761271476745605 63.9276123046875 5
 endloop
endfacet
facet normal 0 0 0
 outer loop
vertex -10.6666841506958 63.997764587402344 0
vertex -10.6666841506958 63.997764587402344 5
vertex -10.761271476745605 63.9276123046875 5
 endloop
endfacet
facet normal 0 0 0
 outer loop
vertex -10.6666841506958 63.997764587402344 0
vertex -10.565675735473633 64.05830383300781 0
vertex -10.6666841506958 63.997764587402344 5
 endloop
endfacet
facet normal 0 0 0
 outer loop
vertex -10.565675735473633 64.05830383300781 0
vertex -10.565675735473633 64.05830383300781 5
vertex -10.6666841506958 63.997764587402344 5
 endloop
endfacet
facet normal 0 0 0
 outer loop
vertex -10.565675735473633 64.05830383300781 0
vertex -10.459219932556152 64.10865783691406 0
vertex -10.565675735473633 64.05830383300781 5
 endloop
endfacet
facet normal 0 0 0
 outer loop
vertex -10.459219932556152 64.10865783691406 0
vertex -10.459219932556152 64.10865783691406 5
vertex -10.565675735473633 64.05830383300781 5
 endloop
endfacet
facet normal 0 0 0
 outer loop
vertex -10.459219932556152 64.10865783691406 0
vertex -10.348341941833496 64.14833068847656 0
vertex -10.459219932556152 64.10865783691406 5
 endloop
endfacet
facet normal 0 0 0
 outer loop
vertex -10.348341941833496 64.14833068847656 0
vertex -10.348341941833496 64.14833068847656 5
vertex -10.459219932556152 64.10865783691406 5
 endloop
endfacet
facet normal 0 0 0
 outer loop
vertex -10.348341941833496 64.14833068847656 0
vertex -10.234107971191406 64.17694091796875 0
vertex -10.348341941833496 64.14833068847656 5
 endloop
endfacet
facet normal 0 0 0
 outer loop
vertex -10.234107971191406 64.17694091796875 0
vertex -10.234107971191406 64.17694091796875 5
vertex -10.348341941833496 64.14833068847656 5
 endloop
endfacet
facet normal 0 0 0
 outer loop
vertex -10.234107971191406 64.17694091796875 0
vertex -10.117620468139648 64.19422149658203 0
vertex -10.234107971191406 64.17694091796875 5
 endloop
endfacet
facet normal 0 0 0
 outer loop
vertex -10.117620468139648 64.19422149658203 0
vertex -10.117620468139648 64.19422149658203 5
vertex -10.234107971191406 64.17694091796875 5
 endloop
endfacet
facet normal 0 0 0
 outer loop
vertex -10.117620468139648 64.19422149658203 0
vertex -10 64.19999694824219 0
vertex -10.117620468139648 64.19422149658203 5
 endloop
endfacet
facet normal 0 0 0
 outer loop
vertex -10 64.19999694824219 0
vertex -10 64.19999694824219 5
vertex -10.117620468139648 64.19422149658203 5
 endloop
endfacet
facet normal 0 0 0
 outer loop
vertex -10 64.19999694824219 0
vertex -9.882379531860352 64.19422149658203 0
vertex -10 64.19999694824219 5
 endloop
endfacet
facet normal 0 0 0
 outer loop
vertex -9.882379531860352 64.19422149658203 0
vertex -9.882379531860352 64.19422149658203 5
vertex -10 64.19999694824219 5
 endloop
endfacet
facet normal 0 0 0
 outer loop
vertex -9.882379531860352 64.19422149658203 0
vertex -9.765892028808594 64.17694091796875 0
vertex -9.882379531860352 64.19422149658203 5
 endloop
endfacet
facet normal 0 0 0
 outer loop
vertex -9.765892028808594 64.17694091796875 0
vertex -9.765892028808594 64.17694091796875 5
vertex -9.882379531860352 64.19422149658203 5
 endloop
endfacet
facet normal 0 0 0
 outer loop
vertex -9.765892028808594 64.17694091796875 0
vertex -9.651658058166504 64.14833068847656 0
vertex -9.765892028808594 64.17694091796875 5
 endloop
endfacet
facet normal 0 0 0
 outer loop
vertex -9.651658058166504 64.14833068847656 0
vertex -9.651658058166504 64.14833068847656 5
vertex -9.765892028808594 64.17694091796875 5
 endloop
endfacet
facet normal 0 0 0
 outer loop
vertex -9.651658058166504 64.14833068847656 0
vertex -9.540780067443848 64.10865783691406 0
vertex -9.651658058166504 64.14833068847656 5
 endloop
endfacet
facet normal 0 0 0
 outer loop
vertex -9.540780067443848 64.10865783691406 0
vertex -9.540780067443848 64.10865783691406 5
vertex -9.651658058166504 64.14833068847656 5
 endloop
endfacet
facet normal 0 0 0
 outer loop
vertex -9.540780067443848 64.10865783691406 0
vertex -9.434324264526367 64.05830383300781 0
vertex -9.540780067443848 64.10865783691406 5
 endloop
endfacet
facet normal 0 0 0
 outer loop
vertex -9.434324264526367 64.05830383300781 0
vertex -9.434324264526367 64.05830383300781 5
vertex -9.540780067443848 64.10865783691406 5
 endloop
endfacet
facet normal 0 0 0
 outer loop
vertex -9.434324264526367 64.05830383300781 0
vertex -9.3333158493042 63.997764587402344 0
vertex -9.434324264526367 64.05830383300781 5
 endloop
endfacet
facet normal 0 0 0
 outer loop
vertex -9.3333158493042 63.997764587402344 0
vertex -9.3333158493042 63.997764587402344 5
vertex -9.434324264526367 64.05830383300781 5
 endloop
endfacet
facet normal 0 0 0
 outer loop
vertex -9.3333158493042 63.997764587402344 0
vertex -9.238728523254395 63.9276123046875 0
vertex -9.3333158493042 63.997764587402344 5
 endloop
endfacet
facet normal 0 0 0
 outer loop
vertex -9.238728523254395 63.9276123046875 0
vertex -9.238728523254395 63.9276123046875 5
vertex -9.3333158493042 63.997764587402344 5
 endloop
endfacet
facet normal 0 0 0
 outer loop
vertex -9.238728523254395 63.9276123046875 0
vertex -9.151472091674805 63.84852981567383 0
vertex -9.238728523254395 63.9276123046875 5
 endloop
endfacet
facet normal 0 0 0
 outer loop
vertex -9.151472091674805 63.84852981567383 0
vertex -9.151472091674805 63.84852981567383 5
vertex -9.238728523254395 63.9276123046875 5
 endloop
endfacet
facet normal 0 0 0
 outer loop
vertex -9.151472091674805 63.84852981567383 0
vertex -9.0723876953125 63.76127243041992 0
vertex -9.151472091674805 63.84852981567383 5
 endloop
endfacet
facet normal 0 0 0
 outer loop
vertex -9.0723876953125 63.76127243041992 0
vertex -9.0723876953125 63.76127243041992 5
vertex -9.151472091674805 63.84852981567383 5
 endloop
endfacet
facet normal 0 0 0
 outer loop
vertex -9.0723876953125 63.76127243041992 0
vertex -9.002236366271973 63.666683197021484 0
vertex -9.0723876953125 63.76127243041992 5
 endloop
endfacet
facet normal 0 0 0
 outer loop
vertex -9.002236366271973 63.666683197021484 0
vertex -9.002236366271973 63.666683197021484 5
vertex -9.0723876953125 63.76127243041992 5
 endloop
endfacet
facet normal 0 0 0
 outer loop
vertex -9.002236366271973 63.666683197021484 0
vertex -8.941694259643555 63.565677642822266 0
vertex -9.002236366271973 63.666683197021484 5
 endloop
endfacet
facet normal 0 0 0
 outer loop
vertex -8.941694259643555 63.565677642822266 0
vertex -8.941694259643555 63.565677642822266 5
vertex -9.002236366271973 63.666683197021484 5
 endloop
endfacet
facet normal 0 0 0
 outer loop
vertex -8.941694259643555 63.565677642822266 0
vertex -8.891345024108887 63.45922088623047 0
vertex -8.941694259643555 63.565677642822266 5
 endloop
endfacet
facet normal 0 0 0
 outer loop
vertex -8.891345024108887 63.45922088623047 0
vertex -8.891345024108887 63.45922088623047 5
vertex -8.941694259643555 63.565677642822266 5
 endloop
endfacet
facet normal 0 0 0
 outer loop
vertex -8.891345024108887 63.45922088623047 0
vertex -8.85167121887207 63.34834289550781 0
vertex -8.891345024108887 63.45922088623047 5
 endloop
endfacet
facet normal 0 0 0
 outer loop
vertex -8.85167121887207 63.34834289550781 0
vertex -8.85167121887207 63.34834289550781 5
vertex -8.891345024108887 63.45922088623047 5
 endloop
endfacet
facet normal 0 0 0
 outer loop
vertex -8.85167121887207 63.34834289550781 0
vertex -8.823058128356934 63.234107971191406 0
vertex -8.85167121887207 63.34834289550781 5
 endloop
endfacet
facet normal 0 0 0
 outer loop
vertex -8.823058128356934 63.234107971191406 0
vertex -8.823058128356934 63.234107971191406 5
vertex -8.85167121887207 63.34834289550781 5
 endloop
endfacet
facet normal 0 0 0
 outer loop
vertex -8.823058128356934 63.234107971191406 0
vertex -8.805778503417969 63.11762237548828 0
vertex -8.823058128356934 63.234107971191406 5
 endloop
endfacet
facet normal 0 0 0
 outer loop
vertex -8.805778503417969 63.11762237548828 0
vertex -8.805778503417969 63.11762237548828 5
vertex -8.823058128356934 63.234107971191406 5
 endloop
endfacet
facet normal 0 0 0
 outer loop
vertex -8.805778503417969 63.11762237548828 0
vertex -8.800000190734863 63 0
vertex -8.805778503417969 63.11762237548828 5
 endloop
endfacet
facet normal 0 0 0
 outer loop
vertex -8.800000190734863 63 0
vertex -8.800000190734863 63 5
vertex -8.805778503417969 63.11762237548828 5
 endloop
endfacet
facet normal 0 0 0
 outer loop
vertex 11.199999809265137 63 0
vertex 11.194221496582031 62.88237762451172 0
vertex 11.199999809265137 63 5
 endloop
endfacet
facet normal 0 0 0
 outer loop
vertex 11.194221496582031 62.88237762451172 0
vertex 11.194221496582031 62.88237762451172 5
vertex 11.199999809265137 63 5
 endloop
endfacet
facet normal 0 0 0
 outer loop
vertex 11.194221496582031 62.88237762451172 0
vertex 11.176941871643066 62.765892028808594 0
vertex 11.194221496582031 62.88237762451172 5
 endloop
endfacet
facet normal 0 0 0
 outer loop
vertex 11.176941871643066 62.765892028808594 0
vertex 11.176941871643066 62.765892028808594 5
vertex 11.194221496582031 62.88237762451172 5
 endloop
endfacet
facet normal 0 0 0
 outer loop
vertex 11.176941871643066 62.765892028808594 0
vertex 11.14832878112793 62.65165710449219 0
vertex 11.176941871643066 62.765892028808594 5
 endloop
endfacet
facet normal 0 0 0
 outer loop
vertex 11.14832878112793 62.65165710449219 0
vertex 11.14832878112793 62.65165710449219 5
vertex 11.176941871643066 62.765892028808594 5
 endloop
endfacet
facet normal 0 0 0
 outer loop
vertex 11.14832878112793 62.65165710449219 0
vertex 11.108654975891113 62.54077911376953 0
vertex 11.14832878112793 62.65165710449219 5
 endloop
endfacet
facet normal 0 0 0
 outer loop
vertex 11.108654975891113 62.54077911376953 0
vertex 11.108654975891113 62.54077911376953 5
vertex 11.14832878112793 62.65165710449219 5
 endloop
endfacet
facet normal 0 0 0
 outer loop
vertex 11.108654975891113 62.54077911376953 0
vertex 11.058305740356445 62.434322357177734 0
vertex 11.108654975891113 62.54077911376953 5
 endloop
endfacet
facet normal 0 0 0
 outer loop
vertex 11.058305740356445 62.434322357177734 0
vertex 11.058305740356445 62.434322357177734 5
vertex 11.108654975891113 62.54077911376953 5
 endloop
endfacet
facet normal 0 0 0
 outer loop
vertex 11.058305740356445 62.434322357177734 0
vertex 10.997763633728027 62.333316802978516 0
vertex 11.058305740356445 62.434322357177734 5
 endloop
endfacet
facet normal 0 0 0
 outer loop
vertex 10.997763633728027 62.333316802978516 0
vertex 10.997763633728027 62.333316802978516 5
vertex 11.058305740356445 62.434322357177734 5
 endloop
endfacet
facet normal 0 0 0
 outer loop
vertex 10.997763633728027 62.333316802978516 0
vertex 10.9276123046875 62.23872756958008 0
vertex 10.997763633728027 62.333316802978516 5
 endloop
endfacet
facet normal 0 0 0
 outer loop
vertex 10.9276123046875 62.23872756958008 0
vertex 10.9276123046875 62.23872756958008 5
vertex 10.997763633728027 62.333316802978516 5
 endloop
endfacet
facet normal 0 0 0
 outer loop
vertex 10.9276123046875 62.23872756958008 0
vertex 10.848527908325195 62.15147018432617 0
vertex 10.9276123046875 62.23872756958008 5
 endloop
endfacet
facet normal 0 0 0
 outer loop
vertex 10.848527908325195 62.15147018432617 0
vertex 10.848527908325195 62.15147018432617 5
vertex 10.9276123046875 62.23872756958008 5
 endloop
endfacet
facet normal 0 0 0
 outer loop
vertex 10.848527908325195 62.15147018432617 0
vertex 10.761271476745605 62.0723876953125 0
vertex 10.848527908325195 62.15147018432617 5
 endloop
endfacet
facet normal 0 0 0
 outer loop
vertex 10.761271476745605 62.0723876953125 0
vertex 10.761271476745605 62.0723876953125 5
vertex 10.848527908325195 62.15147018432617 5
 endloop
endfacet
facet normal 0 0 0
 outer loop
vertex 10.761271476745605 62.0723876953125 0
vertex 10.6666841506958 62.002235412597656 0
vertex 10.761271476745605 62.0723876953125 5
 endloop
endfacet
facet normal 0 0 0
 outer loop
vertex 10.6666841506958 62.002235412597656 0
vertex 10.6666841506958 62.002235412597656 5
vertex 10.761271476745605 62.0723876953125 5
 endloop
endfacet
facet normal 0 0 0
 outer loop
vertex 10.6666841506958 62.002235412597656 0
vertex 10.565675735473633 61.94169616699219 0
vertex 10.6666841506958 62.002235412597656 5
 endloop
endfacet
facet normal 0 0 0
 outer loop
vertex 10.565675735473633 61.94169616699219 0
vertex 10.565675735473633 61.94169616699219 5
vertex 10.6666841506958 62.002235412597656 5
 endloop
endfacet
facet normal 0 0 0
 outer loop
vertex 10.565675735473633 61.94169616699219 0
vertex 10.459219932556152 61.8913459777832 0
vertex 10.565675735473633 61.94169616699219 5
 endloop
endfacet
facet normal 0 0 0
 outer loop
vertex 10.459219932556152 61.8913459777832 0
vertex 10.459219932556152 61.8913459777832 5
vertex 10.565675735473633 61.94169616699219 5
 endloop
endfacet
facet normal 0 0 0
 outer loop
vertex 10.459219932556152 61.8913459777832 0
vertex 10.348341941833496 61.8516731262207 0
vertex 10.459219932556152 61.8913459777832 5
 endloop
endfacet
facet normal 0 0 0
 outer loop
vertex 10.348341941833496 61.8516731262207 0
vertex 10.348341941833496 61.8516731262207 5
vertex 10.459219932556152 61.8913459777832 5
 endloop
endfacet
facet normal 0 0 0
 outer loop
vertex 10.348341941833496 61.8516731262207 0
vertex 10.234107971191406 61.82305908203125 0
vertex 10.348341941833496 61.8516731262207 5
 endloop
endfacet
facet normal 0 0 0
 outer loop
vertex 10.234107971191406 61.82305908203125 0
vertex 10.234107971191406 61.82305908203125 5
vertex 10.348341941833496 61.8516731262207 5
 endloop
endfacet
facet normal 0 0 0
 outer loop
vertex 10.234107971191406 61.82305908203125 0
vertex 10.117620468139648 61.80577850341797 0
vertex 10.234107971191406 61.82305908203125 5
 endloop
endfacet
facet normal 0 0 0
 outer loop
vertex 10.117620468139648 61.80577850341797 0
vertex 10.117620468139648 61.80577850341797 5
vertex 10.234107971191406 61.82305908203125 5
 endloop
endfacet
facet normal 0 0 0
 outer loop
vertex 10.117620468139648 61.80577850341797 0
vertex 10 61.79999923706055 0
vertex 10.117620468139648 61.80577850341797 5
 endloop
endfacet
facet normal 0 0 0
 outer loop
vertex 10 61.79999923706055 0
vertex 10 61.79999923706055 5
vertex 10.117620468139648 61.80577850341797 5
 endloop
endfacet
facet normal 0 0 0
 outer loop
vertex 10 61.79999923706055 0
vertex 9.882379531860352 61.80577850341797 0
vertex 10 61.79999923706055 5
 endloop
endfacet
facet normal 0 0 0
 outer loop
vertex 9.882379531860352 61.80577850341797 0
vertex 9.882379531860352 61.80577850341797 5
vertex 10 61.79999923706055 5
 endloop
endfacet
facet normal 0 0 0
 outer loop
vertex 9.882379531860352 61.80577850341797 0
vertex 9.765892028808594 61.82305908203125 0
vertex 9.882379531860352 61.80577850341797 5
 endloop
endfacet
facet normal 0 0 0
 outer loop
vertex 9.765892028808594 61.82305908203125 0
vertex 9.765892028808594 61.82305908203125 5
vertex 9.882379531860352 61.80577850341797 5
 endloop
endfacet
facet normal 0 0 0
 outer loop
vertex 9.765892028808594 61.82305908203125 0
vertex 9.651658058166504 61.8516731262207 0
vertex 9.765892028808594 61.82305908203125 5
 endloop
endfacet
facet normal 0 0 0
 outer loop
vertex 9.651658058166504 61.8516731262207 0
vertex 9.651658058166504 61.8516731262207 5
vertex 9.765892028808594 61.82305908203125 5
 endloop
endfacet
facet normal 0 0 0
 outer loop
vertex 9.651658058166504 61.8516731262207 0
vertex 9.540780067443848 61.8913459777832 0
vertex 9.651658058166504 61.8516731262207 5
 endloop
endfacet
facet normal 0 0 0
 outer loop
vertex 9.540780067443848 61.8913459777832 0
vertex 9.540780067443848 61.8913459777832 5
vertex 9.651658058166504 61.8516731262207 5
 endloop
endfacet
facet normal 0 0 0
 outer loop
vertex 9.540780067443848 61.8913459777832 0
vertex 9.434324264526367 61.94169616699219 0
vertex 9.540780067443848 61.8913459777832 5
 endloop
endfacet
facet normal 0 0 0
 outer loop
vertex 9.434324264526367 61.94169616699219 0
vertex 9.434324264526367 61.94169616699219 5
vertex 9.540780067443848 61.8913459777832 5
 endloop
endfacet
facet normal 0 0 0
 outer loop
vertex 9.434324264526367 61.94169616699219 0
vertex 9.3333158493042 62.002235412597656 0
vertex 9.434324264526367 61.94169616699219 5
 endloop
endfacet
facet normal 0 0 0
 outer loop
vertex 9.3333158493042 62.002235412597656 0
vertex 9.3333158493042 62.002235412597656 5
vertex 9.434324264526367 61.94169616699219 5
 endloop
endfacet
facet normal 0 0 0
 outer loop
vertex 9.3333158493042 62.002235412597656 0
vertex 9.238728523254395 62.0723876953125 0
vertex 9.3333158493042 62.002235412597656 5
 endloop
endfacet
facet normal 0 0 0
 outer loop
vertex 9.238728523254395 62.0723876953125 0
vertex 9.238728523254395 62.0723876953125 5
vertex 9.3333158493042 62.002235412597656 5
 endloop
endfacet
facet normal 0 0 0
 outer loop
vertex 9.238728523254395 62.0723876953125 0
vertex 9.151472091674805 62.15147018432617 0
vertex 9.238728523254395 62.0723876953125 5
 endloop
endfacet
facet normal 0 0 0
 outer loop
vertex 9.151472091674805 62.15147018432617 0
vertex 9.151472091674805 62.15147018432617 5
vertex 9.238728523254395 62.0723876953125 5
 endloop
endfacet
facet normal 0 0 0
 outer loop
vertex 9.151472091674805 62.15147018432617 0
vertex 9.0723876953125 62.23872756958008 0
vertex 9.151472091674805 62.15147018432617 5
 endloop
endfacet
facet normal 0 0 0
 outer loop
vertex 9.0723876953125 62.23872756958008 0
vertex 9.0723876953125 62.23872756958008 5
vertex 9.151472091674805 62.15147018432617 5
 endloop
endfacet
facet normal 0 0 0
 outer loop
vertex 9.0723876953125 62.23872756958008 0
vertex 9.002236366271973 62.333316802978516 0
vertex 9.0723876953125 62.23872756958008 5
 endloop
endfacet
facet normal 0 0 0
 outer loop
vertex 9.002236366271973 62.333316802978516 0
vertex 9.002236366271973 62.333316802978516 5
vertex 9.0723876953125 62.23872756958008 5
 endloop
endfacet
facet normal 0 0 0
 outer loop
vertex 9.002236366271973 62.333316802978516 0
vertex 8.941694259643555 62.434322357177734 0
vertex 9.002236366271973 62.333316802978516 5
 endloop
endfacet
facet normal 0 0 0
 outer loop
vertex 8.941694259643555 62.434322357177734 0
vertex 8.941694259643555 62.434322357177734 5
vertex 9.002236366271973 62.333316802978516 5
 endloop
endfacet
facet normal 0 0 0
 outer loop
vertex 8.941694259643555 62.434322357177734 0
vertex 8.891345024108887 62.54077911376953 0
vertex 8.941694259643555 62.434322357177734 5
 endloop
endfacet
facet normal 0 0 0
 outer loop
vertex 8.891345024108887 62.54077911376953 0
vertex 8.891345024108887 62.54077911376953 5
vertex 8.941694259643555 62.434322357177734 5
 endloop
endfacet
facet normal 0 0 0
 outer loop
vertex 8.891345024108887 62.54077911376953 0
vertex 8.85167121887207 62.65165710449219 0
vertex 8.891345024108887 62.54077911376953 5
 endloop
endfacet
facet normal 0 0 0
 outer loop
vertex 8.85167121887207 62.65165710449219 0
vertex 8.85167121887207 62.65165710449219 5
vertex 8.891345024108887 62.54077911376953 5
 endloop
endfacet
facet normal 0 0 0
 outer loop
vertex 8.85167121887207 62.65165710449219 0
vertex 8.823058128356934 62.765892028808594 0
vertex 8.85167121887207 62.65165710449219 5
 endloop
endfacet
facet normal 0 0 0
 outer loop
vertex 8.823058128356934 62.765892028808594 0
vertex 8.823058128356934 62.765892028808594 5
vertex 8.85167121887207 62.65165710449219 5
 endloop
endfacet
facet normal 0 0 0
 outer loop
vertex 8.823058128356934 62.765892028808594 0
vertex 8.805778503417969 62.88237762451172 0
vertex 8.823058128356934 62.765892028808594 5
 endloop
endfacet
facet normal 0 0 0
 outer loop
vertex 8.805778503417969 62.88237762451172 0
vertex 8.805778503417969 62.88237762451172 5
vertex 8.823058128356934 62.765892028808594 5
 endloop
endfacet
facet normal 0 0 0
 outer loop
vertex 8.805778503417969 62.88237762451172 0
vertex 8.800000190734863 63 0
vertex 8.805778503417969 62.88237762451172 5
 endloop
endfacet
facet normal 0 0 0
 outer loop
vertex 8.800000190734863 63 0
vertex 8.800000190734863 63 5
vertex 8.805778503417969 62.88237762451172 5
 endloop
endfacet
facet normal 0 0 0
 outer loop
vertex 8.800000190734863 63 0
vertex 8.805778503417969 63.11762237548828 0
vertex 8.800000190734863 63 5
 endloop
endfacet
facet normal 0 0 0
 outer loop
vertex 8.805778503417969 63.11762237548828 0
vertex 8.805778503417969 63.11762237548828 5
vertex 8.800000190734863 63 5
 endloop
endfacet
facet normal 0 0 0
 outer loop
vertex 8.805778503417969 63.11762237548828 0
vertex 8.823058128356934 63.234107971191406 0
vertex 8.805778503417969 63.11762237548828 5
 endloop
endfacet
facet normal 0 0 0
 outer loop
vertex 8.823058128356934 63.234107971191406 0
vertex 8.823058128356934 63.234107971191406 5
vertex 8.805778503417969 63.11762237548828 5
 endloop
endfacet
facet normal 0 0 0
 outer loop
vertex 8.823058128356934 63.234107971191406 0
vertex 8.85167121887207 63.34834289550781 0
vertex 8.823058128356934 63.234107971191406 5
 endloop
endfacet
facet normal 0 0 0
 outer loop
vertex 8.85167121887207 63.34834289550781 0
vertex 8.85167121887207 63.34834289550781 5
vertex 8.823058128356934 63.234107971191406 5
 endloop
endfacet
facet normal 0 0 0
 outer loop
vertex 8.85167121887207 63.34834289550781 0
vertex 8.891345024108887 63.45922088623047 0
vertex 8.85167121887207 63.34834289550781 5
 endloop
endfacet
facet normal 0 0 0
 outer loop
vertex 8.891345024108887 63.45922088623047 0
vertex 8.891345024108887 63.45922088623047 5
vertex 8.85167121887207 63.34834289550781 5
 endloop
endfacet
facet normal 0 0 0
 outer loop
vertex 8.891345024108887 63.45922088623047 0
vertex 8.941694259643555 63.565677642822266 0
vertex 8.891345024108887 63.45922088623047 5
 endloop
endfacet
facet normal 0 0 0
 outer loop
vertex 8.941694259643555 63.565677642822266 0
vertex 8.941694259643555 63.565677642822266 5
vertex 8.891345024108887 63.45922088623047 5
 endloop
endfacet
facet normal 0 0 0
 outer loop
vertex 8.941694259643555 63.565677642822266 0
vertex 9.002236366271973 63.666683197021484 0
vertex 8.941694259643555 63.565677642822266 5
 endloop
endfacet
facet normal 0 0 0
 outer loop
vertex 9.002236366271973 63.666683197021484 0
vertex 9.002236366271973 63.666683197021484 5
vertex 8.941694259643555 63.565677642822266 5
 endloop
endfacet
facet normal 0 0 0
 outer loop
vertex 9.002236366271973 63.666683197021484 0
vertex 9.0723876953125 63.76127243041992 0
vertex 9.002236366271973 63.666683197021484 5
 endloop
endfacet
facet normal 0 0 0
 outer loop
vertex 9.0723876953125 63.76127243041992 0
vertex 9.0723876953125 63.76127243041992 5
vertex 9.002236366271973 63.666683197021484 5
 endloop
endfacet
facet normal 0 0 0
 outer loop
vertex 9.0723876953125 63.76127243041992 0
vertex 9.151472091674805 63.84852981567383 0
vertex 9.0723876953125 63.76127243041992 5
 endloop
endfacet
facet normal 0 0 0
 outer loop
vertex 9.151472091674805 63.84852981567383 0
vertex 9.151472091674805 63.84852981567383 5
vertex 9.0723876953125 63.76127243041992 5
 endloop
endfacet
facet normal 0 0 0
 outer loop
vertex 9.151472091674805 63.84852981567383 0
vertex 9.238728523254395 63.9276123046875 0
vertex 9.151472091674805 63.84852981567383 5
 endloop
endfacet
facet normal 0 0 0
 outer loop
vertex 9.238728523254395 63.9276123046875 0
vertex 9.238728523254395 63.9276123046875 5
vertex 9.151472091674805 63.84852981567383 5
 endloop
endfacet
facet normal 0 0 0
 outer loop
vertex 9.238728523254395 63.9276123046875 0
vertex 9.3333158493042 63.997764587402344 0
vertex 9.238728523254395 63.9276123046875 5
 endloop
endfacet
facet normal 0 0 0
 outer loop
vertex 9.3333158493042 63.997764587402344 0
vertex 9.3333158493042 63.997764587402344 5
vertex 9.238728523254395 63.9276123046875 5
 endloop
endfacet
facet normal 0 0 0
 outer loop
vertex 9.3333158493042 63.997764587402344 0
vertex 9.434324264526367 64.05830383300781 0
vertex 9.3333158493042 63.997764587402344 5
 endloop
endfacet
facet normal 0 0 0
 outer loop
vertex 9.434324264526367 64.05830383300781 0
vertex 9.434324264526367 64.05830383300781 5
vertex 9.3333158493042 63.997764587402344 5
 endloop
endfacet
facet normal 0 0 0
 outer loop
vertex 9.434324264526367 64.05830383300781 0
vertex 9.540780067443848 64.10865783691406 0
vertex 9.434324264526367 64.05830383300781 5
 endloop
endfacet
facet normal 0 0 0
 outer loop
vertex 9.540780067443848 64.10865783691406 0
vertex 9.540780067443848 64.10865783691406 5
vertex 9.434324264526367 64.05830383300781 5
 endloop
endfacet
facet normal 0 0 0
 outer loop
vertex 9.540780067443848 64.10865783691406 0
vertex 9.651658058166504 64.14833068847656 0
vertex 9.540780067443848 64.10865783691406 5
 endloop
endfacet
facet normal 0 0 0
 outer loop
vertex 9.651658058166504 64.14833068847656 0
vertex 9.651658058166504 64.14833068847656 5
vertex 9.540780067443848 64.10865783691406 5
 endloop
endfacet
facet normal 0 0 0
 outer loop
vertex 9.651658058166504 64.14833068847656 0
vertex 9.765892028808594 64.17694091796875 0
vertex 9.651658058166504 64.14833068847656 5
 endloop
endfacet
facet normal 0 0 0
 outer loop
vertex 9.765892028808594 64.17694091796875 0
vertex 9.765892028808594 64.17694091796875 5
vertex 9.651658058166504 64.14833068847656 5
 endloop
endfacet
facet normal 0 0 0
 outer loop
vertex 9.765892028808594 64.17694091796875 0
vertex 9.882379531860352 64.19422149658203 0
vertex 9.765892028808594 64.17694091796875 5
 endloop
endfacet
facet normal 0 0 0
 outer loop
vertex 9.882379531860352 64.19422149658203 0
vertex 9.882379531860352 64.19422149658203 5
vertex 9.765892028808594 64.17694091796875 5
 endloop
endfacet
facet normal 0 0 0
 outer loop
vertex 9.882379531860352 64.19422149658203 0
vertex 10 64.19999694824219 0
vertex 9.882379531860352 64.19422149658203 5
 endloop
endfacet
facet normal 0 0 0
 outer loop
vertex 10 64.19999694824219 0
vertex 10 64.19999694824219 5
vertex 9.882379531860352 64.19422149658203 5
 endloop
endfacet
facet normal 0 0 0
 outer loop
vertex 10 64.19999694824219 0
vertex 10.117620468139648 64.19422149658203 0
vertex 10 64.19999694824219 5
 endloop
endfacet
facet normal 0 0 0
 outer loop
vertex 10.117620468139648 64.19422149658203 0
vertex 10.117620468139648 64.19422149658203 5
vertex 10 64.19999694824219 5
 endloop
endfacet
facet normal 0 0 0
 outer loop
vertex 10.117620468139648 64.19422149658203 0
vertex 10.234107971191406 64.17694091796875 0
vertex 10.117620468139648 64.19422149658203 5
 endloop
endfacet
facet normal 0 0 0
 outer loop
vertex 10.234107971191406 64.17694091796875 0
vertex 10.234107971191406 64.17694091796875 5
vertex 10.117620468139648 64.19422149658203 5
 endloop
endfacet
facet normal 0 0 0
 outer loop
vertex 10.234107971191406 64.17694091796875 0
vertex 10.348341941833496 64.14833068847656 0
vertex 10.234107971191406 64.17694091796875 5
 endloop
endfacet
facet normal 0 0 0
 outer loop
vertex 10.348341941833496 64.14833068847656 0
vertex 10.348341941833496 64.14833068847656 5
vertex 10.234107971191406 64.17694091796875 5
 endloop
endfacet
facet normal 0 0 0
 outer loop
vertex 10.348341941833496 64.14833068847656 0
vertex 10.459219932556152 64.10865783691406 0
vertex 10.348341941833496 64.14833068847656 5
 endloop
endfacet
facet normal 0 0 0
 outer loop
vertex 10.459219932556152 64.10865783691406 0
vertex 10.459219932556152 64.10865783691406 5
vertex 10.348341941833496 64.14833068847656 5
 endloop
endfacet
facet normal 0 0 0
 outer loop
vertex 10.459219932556152 64.10865783691406 0
vertex 10.565675735473633 64.05830383300781 0
vertex 10.459219932556152 64.10865783691406 5
 endloop
endfacet
facet normal 0 0 0
 outer loop
vertex 10.565675735473633 64.05830383300781 0
vertex 10.565675735473633 64.05830383300781 5
vertex 10.459219932556152 64.10865783691406 5
 endloop
endfacet
facet normal 0 0 0
 outer loop
vertex 10.565675735473633 64.05830383300781 0
vertex 10.6666841506958 63.997764587402344 0
vertex 10.565675735473633 64.05830383300781 5
 endloop
endfacet
facet normal 0 0 0
 outer loop
vertex 10.6666841506958 63.997764587402344 0
vertex 10.6666841506958 63.997764587402344 5
vertex 10.565675735473633 64.05830383300781 5
 endloop
endfacet
facet normal 0 0 0
 outer loop
vertex 10.6666841506958 63.997764587402344 0
vertex 10.761271476745605 63.9276123046875 0
vertex 10.6666841506958 63.997764587402344 5
 endloop
endfacet
facet normal 0 0 0
 outer loop
vertex 10.761271476745605 63.9276123046875 0
vertex 10.761271476745605 63.9276123046875 5
vertex 10.6666841506958 63.997764587402344 5
 endloop
endfacet
facet normal 0 0 0
 outer loop
vertex 10.761271476745605 63.9276123046875 0
vertex 10.848527908325195 63.84852981567383 0
vertex 10.761271476745605 63.9276123046875 5
 endloop
endfacet
facet normal 0 0 0
 outer loop
vertex 10.848527908325195 63.84852981567383 0
vertex 10.848527908325195 63.84852981567383 5
vertex 10.761271476745605 63.9276123046875 5
 endloop
endfacet
facet normal 0 0 0
 outer loop
vertex 10.848527908325195 63.84852981567383 0
vertex 10.9276123046875 63.76127243041992 0
vertex 10.848527908325195 63.84852981567383 5
 endloop
endfacet
facet normal 0 0 0
 outer loop
vertex 10.9276123046875 63.76127243041992 0
vertex 10.9276123046875 63.76127243041992 5
vertex 10.848527908325195 63.84852981567383 5
 endloop
endfacet
facet normal 0 0 0
 outer loop
vertex 10.9276123046875 63.76127243041992 0
vertex 10.997763633728027 63.666683197021484 0
vertex 10.9276123046875 63.76127243041992 5
 endloop
endfacet
facet normal 0 0 0
 outer loop
vertex 10.997763633728027 63.666683197021484 0
vertex 10.997763633728027 63.666683197021484 5
vertex 10.9276123046875 63.76127243041992 5
 endloop
endfacet
facet normal 0 0 0
 outer loop
vertex 10.997763633728027 63.666683197021484 0
vertex 11.058305740356445 63.565677642822266 0
vertex 10.997763633728027 63.666683197021484 5
 endloop
endfacet
facet normal 0 0 0
 outer loop
vertex 11.058305740356445 63.565677642822266 0
vertex 11.058305740356445 63.565677642822266 5
vertex 10.997763633728027 63.666683197021484 5
 endloop
endfacet
facet normal 0 0 0
 outer loop
vertex 11.058305740356445 63.565677642822266 0
vertex 11.108654975891113 63.45922088623047 0
vertex 11.058305740356445 63.565677642822266 5
 endloop
endfacet
facet normal 0 0 0
 outer loop
vertex 11.108654975891113 63.45922088623047 0
vertex 11.108654975891113 63.45922088623047 5
vertex 11.058305740356445 63.565677642822266 5
 endloop
endfacet
facet normal 0 0 0
 outer loop
vertex 11.108654975891113 63.45922088623047 0
vertex 11.14832878112793 63.34834289550781 0
vertex 11.108654975891113 63.45922088623047 5
 endloop
endfacet
facet normal 0 0 0
 outer loop
vertex 11.14832878112793 63.34834289550781 0
vertex 11.14832878112793 63.34834289550781 5
vertex 11.108654975891113 63.45922088623047 5
 endloop
endfacet
facet normal 0 0 0
 outer loop
vertex 11.14832878112793 63.34834289550781 0
vertex 11.176941871643066 63.234107971191406 0
vertex 11.14832878112793 63.34834289550781 5
 endloop
endfacet
facet normal 0 0 0
 outer loop
vertex 11.176941871643066 63.234107971191406 0
vertex 11.176941871643066 63.234107971191406 5
vertex 11.14832878112793 63.34834289550781 5
 endloop
endfacet
facet normal 0 0 0
 outer loop
vertex 11.176941871643066 63.234107971191406 0
vertex 11.194221496582031 63.11762237548828 0
vertex 11.176941871643066 63.234107971191406 5
 endloop
endfacet
facet normal 0 0 0
 outer loop
vertex 11.194221496582031 63.11762237548828 0
vertex 11.194221496582031 63.11762237548828 5
vertex 11.176941871643066 63.234107971191406 5
 endloop
endfacet
facet normal 0 0 0
 outer loop
vertex 11.194221496582031 63.11762237548828 0
vertex 11.199999809265137 63 0
vertex 11.194221496582031 63.11762237548828 5
 endloop
endfacet
facet normal 0 0 0
 outer loop
vertex 11.199999809265137 63 0
vertex 11.199999809265137 63 5
vertex 11.194221496582031 63.11762237548828 5
 endloop
endfacet
endsolid systemedu
